rdkit_smiles,pki_target,n_measurements,n_assays,n_documents,n_molecule_ids,pki_min,pki_max,pki_range,pki_overall_median
Brc1ccc2c(c1)c(OCc1ccc3ccccc3c1)nn2CCN1CCCCC1,5.7447274948966935,1,1,1,1,5.7447274948966935,5.7447274948966935,0.0,5.7447274948966935
C#CCCC1(CCNC(=O)c2nonc2Cn2nc3nc(C(C)(C)C)nc(N4CCC(F)(F)C4)c3n2)N=N1,6.030584087646019,1,1,1,1,6.030584087646019,6.030584087646019,0.0,6.030584087646019
C#CCCC1(CCNC(=O)c2nonc2Cn2nc3nc(C(C)(C)C)nc(N4CC[C@H](O)C4)c3n2)N=N1,5.543482142194737,1,1,1,1,5.543482142194737,5.543482142194737,0.0,5.543482142194737
C#CCCC1(CCNC(=O)c2nonc2Cn2nnc3c(N4CCC(F)(F)C4)nc(C(C)(C)C)nc32)N=N1,5.935167780261426,1,1,1,1,5.935167780261426,5.935167780261426,0.0,5.935167780261426
C#CCCC1(CCNC(=O)c2nonc2Cn2nnc3c(N4CC[C@H](O)C4)nc(C(C)(C)C)nc32)N=N1,6.698970004336019,1,1,1,1,6.698970004336019,6.698970004336019,0.0,6.698970004336019
C#CCCCC(=O)OCC(CO)OCCCC/C=C\C/C=C\C/C=C\C/C=C\CCCCC,7.071092309756047,1,1,1,1,7.071092309756047,7.071092309756047,0.0,7.071092309756047
C#CCCCn1c(C)c(C(=O)c2ccc3c(c2)CC(C)(C)C3)c2ccccc21,7.204119982655925,1,1,1,1,7.204119982655925,7.204119982655925,0.0,7.204119982655925
C#CCCCn1cc(C(=O)c2ccc3c(c2)CC(C)(C)C3)c2ccccc21,7.619788758288394,1,1,1,1,7.619788758288394,7.619788758288394,0.0,7.619788758288394
C#CCCn1cc(C(C)(C)C)s/c1=N\C(=O)c1cc(C(F)(F)F)ccc1ONC(C)(C)C,7.823908740944319,1,1,1,1,7.823908740944319,7.823908740944319,0.0,7.823908740944319
C#CCNC(=O)CCC/C=C\C/C=C\C/C=C\[C@@H](C)/C=C\CCCCC,7.950781977329818,1,1,1,1,7.950781977329818,7.950781977329818,0.0,7.950781977329818
C#CCn1cc(C(=O)NC23CC4CC(CC(C4)C2)C3)c(=O)c2cc(Br)ccc21,7.302770657240282,1,1,1,1,7.302770657240282,7.302770657240282,0.0,7.302770657240282
C#Cc1ccc2c(c1)c(=O)c(C(=O)NC13CC4CC(CC(C4)C1)C3)cn2CCCCC,8.05551732784983,1,1,1,1,8.05551732784983,8.05551732784983,0.0,8.05551732784983
C#Cc1cccc(C2(C(F)(F)F)N=N2)c1Cn1nc2nc(C(C)(C)C)nc(N3CCC(F)(F)C3)c2n1,7.089375595110798,1,1,1,1,7.089375595110798,7.089375595110798,0.0,7.089375595110798
C#Cc1cccc(C2(C(F)(F)F)N=N2)c1Cn1nc2nc(C(C)(C)C)nc(N3CC[C@H](O)C3)c2n1,7.0034883278458215,1,1,1,1,7.0034883278458215,7.0034883278458215,0.0,7.0034883278458215
C#Cc1cccc(C2(C(F)(F)F)N=N2)c1Cn1nc2nc(C(F)(F)c3ccccc3)nc(N3CCC(F)(F)C3)c2n1,5.968995718636464,1,1,1,1,5.968995718636464,5.968995718636464,0.0,5.968995718636464
C#Cc1cccc(C2(C(F)(F)F)N=N2)c1Cn1nc2nc(C(F)(F)c3ccccc3)nc(N3CC[C@H](O)C3)c2n1,6.446116973356125,1,1,1,1,6.446116973356125,6.446116973356125,0.0,6.446116973356125
C#Cc1cccc(C2(C(F)(F)F)N=N2)c1Cn1nnc2c(N3CCC(F)(F)C3)nc(C(C)(C)C)nc21,8.045757490560675,1,1,1,1,8.045757490560675,8.045757490560675,0.0,8.045757490560675
C#Cc1cccc(C2(C(F)(F)F)N=N2)c1Cn1nnc2c(N3CCC(F)(F)C3)nc(C(F)(F)c3ccccc3)nc21,7.508638306165727,1,1,1,1,7.508638306165727,7.508638306165727,0.0,7.508638306165727
C#Cc1cccc(C2(C(F)(F)F)N=N2)c1Cn1nnc2c(N3CC[C@H](O)C3)nc(C(C)(C)C)nc21,7.920818753952375,1,1,1,1,7.920818753952375,7.920818753952375,0.0,7.920818753952375
C#Cc1cccc(C2(C(F)(F)F)N=N2)c1Cn1nnc2c(N3CC[C@H](O)C3)nc(C(F)(F)c3ccccc3)nc21,7.236572006437063,1,1,1,1,7.236572006437063,7.236572006437063,0.0,7.236572006437063
C#Cc1cccc(S(=O)(=O)F)c1Cn1nc2nc(C(C)(C)C)nc(N3CCC(F)(F)C3)c2n1,6.375717904164332,1,1,1,1,6.375717904164332,6.375717904164332,0.0,6.375717904164332
C#Cc1cccc(S(=O)(=O)F)c1Cn1nnc2c(N3CCC(F)(F)C3)nc(C(C)(C)C)nc21,9.0,1,1,1,1,9.0,9.0,0.0,9.0
C#Cc1ccccc1Cn1nnc2c(N3CCC4(C3)N=N4)nc(C(C)(C)C)nc21,8.2518119729938,1,1,1,1,8.2518119729938,8.2518119729938,0.0,8.2518119729938
C#Cc1ccccc1Cn1nnc2c(N3CCC4(C3)N=N4)nc(C(F)(F)c3ccccc3)nc21,7.721246399047171,1,1,1,1,7.721246399047171,7.721246399047171,0.0,7.721246399047171
C/C(=C/CC[C@]1(C)[C@H]2CC3[C@H](C2)[C@]31C)CO,4.979224511806442,1,1,1,1,4.979224511806442,4.979224511806442,0.0,4.979224511806442
C/C(=C/CC[C@]1(C)[C@H]2C[C@@H]3[C@@H](C2)[C@]31C)CN1CCN(C)CC1,6.00436480540245,1,1,1,1,6.00436480540245,6.00436480540245,0.0,6.00436480540245
C/C(=N\Oc1ccc(C(F)(F)F)cc1C(=O)/N=c1\sc(C(C)(C)C)cn1C[C@H]1CCCO1)C(F)(F)F,8.356547323513812,1,1,1,1,8.356547323513812,8.356547323513812,0.0,8.356547323513812
C/C(CN1CCC[C@H]1COc1ccc(C(F)(F)F)cc1C(=O)/N=c1\sc(C(C)(C)C)cn1C[C@H]1CCCO1)=N\O,7.070581074285707,1,1,1,1,7.070581074285707,7.070581074285707,0.0,7.070581074285707
C/C(COc1ccc(C(F)(F)F)cc1C(=O)/N=c1\sc(C(C)(C)C)cn1C[C@H]1CCCO1)=N\O,8.744727494896694,1,1,1,1,8.744727494896694,8.744727494896694,0.0,8.744727494896694
C/C(N)=N\C(=N\S(=O)(=O)N1CCCCC1)N1C[C@H](c2ccccc2)C(c2ccc(Cl)cc2)=N1,7.366531544420413,1,1,1,1,7.366531544420413,7.366531544420413,0.0,7.366531544420413
C/C=C/C=C\CC/C=C/C=C/C(=O)NCC(C)C,5.043639446326678,1,1,1,1,5.043639446326678,5.043639446326678,0.0,5.043639446326678
C/C=C/c1ccc(O)c(-c2cc(/C=C/C)ccc2O)c1,5.503070351926786,1,1,1,1,5.503070351926786,5.503070351926786,0.0,5.503070351926786
C/C=C\C=C/CC/C=C/C=C/C(=O)NCC(C)C,7.2441251443275085,1,1,1,1,7.2441251443275085,7.2441251443275085,0.0,7.2441251443275085
C/C=C\C=C\CC/C=C/C=C/C(=O)NCC(C)C,5.343422708603886,1,1,1,1,5.343422708603886,5.343422708603886,0.0,5.343422708603886
C/N=C(\NS(=O)(=O)N(C)C(C)C)N1CC(c2ccccc2)C(c2ccc(Cl)cc2)=N1,5.9484616094846725,1,1,1,1,5.9484616094846725,5.9484616094846725,0.0,5.9484616094846725
C/N=C(\NS(=O)(=O)N(C)C)N1CC(c2ccccc2)C(c2ccc(Cl)cc2)=N1,5.4162346317150005,1,1,1,1,5.4162346317150005,5.4162346317150005,0.0,5.4162346317150005
C/N=C(\NS(=O)(=O)N1CCCC1)N1CC(c2ccccc2)C(c2ccc(Cl)cc2)=N1,5.7956086680807,1,1,1,1,5.7956086680807,5.7956086680807,0.0,5.7956086680807
C/N=C(\NS(=O)(=O)N1CCCCCC1)N1CC(c2ccccc2)C(c2ccc(Cl)cc2)=N1,5.986320302708807,1,1,1,1,5.986320302708807,5.986320302708807,0.0,5.986320302708807
C/N=C(\NS(=O)(=O)N1CCCCCCC1)N1CC(c2ccccc2)C(c2ccc(Cl)cc2)=N1,5.587707490676953,1,1,1,1,5.587707490676953,5.587707490676953,0.0,5.587707490676953
C/N=C(\NS(=O)(=O)N1CCOCC1)N1CC(c2ccccc2)C(c2ccc(Cl)cc2)=N1,5.2698639960033224,1,1,1,1,5.2698639960033224,5.2698639960033224,0.0,5.2698639960033224
C/N=C(\NS(=O)(=O)N1CCSCC1)N1CC(c2ccccc2)C(c2ccc(Cl)cc2)=N1,5.452717692036696,1,1,1,1,5.452717692036696,5.452717692036696,0.0,5.452717692036696
C1=C(CCN2CCOCC2)c2ccccc2/C1=C/c1ccc2c3c(cccc13)CC2,8.374687549038326,1,1,1,1,8.374687549038326,8.374687549038326,0.0,8.374687549038326
C1=C(CCN2CCOCC2)c2ccccc2/C1=C/c1cccc2ccccc12,8.250263684430939,1,1,1,1,8.250263684430939,8.250263684430939,0.0,8.250263684430939
C=C(C)C1CCC(C)=CC1O,6.426548177964515,1,1,1,1,6.426548177964515,6.426548177964515,0.0,6.426548177964515
C=C(C)[C@@H]1CCC(C)=C[C@H]1c1c(O)cc(C(C)(C)CCCCCC)cc1O,5.7447274948966935,1,1,1,1,5.7447274948966935,5.7447274948966935,0.0,5.7447274948966935
C=C(C)[C@@H]1CCC(C)=C[C@H]1c1c(O)cc(CCC)cc1O,6.241088107602026,1,1,1,1,6.241088107602026,6.241088107602026,0.0,6.241088107602026
C=C(C)[C@@H]1CCC(C)=C[C@H]1c1c(O)cc(CCCCC)c(C(=O)OC)c1O,9.096910013008056,1,1,1,1,9.096910013008056,9.096910013008056,0.0,9.096910013008056
C=C(C)[C@@H]1CCC(C)=C[C@H]1c1c(O)cc(CCCCC)c(C(=O)OCC(O)CCC)c1O,7.175874166083451,1,1,1,1,7.175874166083451,7.175874166083451,0.0,7.175874166083451
C=C(C)[C@@H]1CCC(C)=C[C@H]1c1c(O)cc([Si](C)(C)CCCC)cc1O,8.139661993429007,1,1,1,1,8.139661993429007,8.139661993429007,0.0,8.139661993429007
C=C(C)[C@@H]1CCC(C)=C[C@H]1c1c(O)cc([Si](C)(C)CCCCCC)cc1O,8.33161408331,1,1,1,1,8.33161408331,8.33161408331,0.0,8.33161408331
C=C(C)[C@@H]1CCC(CO)=C[C@H]1c1c(O)cc(C(C)(C)CCCCCC)cc1O,6.1732774798310075,1,1,1,1,6.1732774798310075,6.1732774798310075,0.0,6.1732774798310075
C=C(C)[C@H]1CCC(C(=O)O)=C[C@@H]1c1c(O)cc(C(C)(C)CCCCCC)cc1O,6.808269606637143,1,1,1,1,6.808269606637143,6.808269606637143,0.0,6.808269606637143
C=C(C)[C@H]1CCC(C(=O)O)=C[C@@H]1c1c(O)cc(CCCCC)cc1O,6.504733255612189,1,1,1,1,6.504733255612189,6.504733255612189,0.0,6.504733255612189
C=C(C)[C@H]1CCC(C)=CC1c1c(O)cc(CCC)cc1O,7.480172006224281,1,1,1,1,7.480172006224281,7.480172006224281,0.0,7.480172006224281
C=C(C)[C@H]1CCC(C)=CC1c1c(O)cc(CCCCC)c(C(=O)OC)c1O,7.392544976785332,1,1,1,1,7.392544976785332,7.392544976785332,0.0,7.392544976785332
C=C(C)[C@H]1CCC(C)=CC1c1c(O)cc(CCCCC)c(C(=O)OCC(O)CCC)c1O,9.096910013008056,1,1,1,1,9.096910013008056,9.096910013008056,0.0,9.096910013008056
C=C(C)[C@H]1CCC(C)=CC1c1c(O)cc(CCCCC)c(C(=O)OCCO)c1O,7.889410289700751,1,1,1,1,7.889410289700751,7.889410289700751,0.0,7.889410289700751
C=C(C)[C@H]1CCC(C)=CC1c1c(O)cc(CCCCC)cc1O,7.552841968657781,1,1,1,1,7.552841968657781,7.552841968657781,0.0,7.552841968657781
C=C(C)[C@H]1CCC(C)=C[C@@H]1c1c(O)cc(C(C)(C)CCCCCC)cc1O,6.675717544702307,1,1,1,1,6.675717544702307,6.675717544702307,0.0,6.675717544702307
C=C(C)[C@H]1CCC(C)=C[C@@H]1c1c(O)cc(CCC)c(C(=O)OC)c1O,7.552841968657781,1,1,1,1,7.552841968657781,7.552841968657781,0.0,7.552841968657781
C=C(C)[C@H]1CCC(C)=C[C@@H]1c1c(O)cc(CCC)cc1O,7.480172006224281,1,1,1,1,7.480172006224281,7.480172006224281,0.0,7.480172006224281
C=C(C)[C@H]1CCC(C)=C[C@@H]1c1c(O)cc(CCCCC)c(C(=O)OCC(O)CCC)c1O,9.096910013008056,1,1,1,1,9.096910013008056,9.096910013008056,0.0,9.096910013008056
C=C(C)[C@H]1CCC(C)=C[C@@H]1c1c(O)cc(CCCCC)c(C(=O)OCCO)c1O,7.889410289700751,1,1,1,1,7.889410289700751,7.889410289700751,0.0,7.889410289700751
C=C(C)[C@H]1CCC(C)=C[C@@H]1c1c(O)cc(CCCCC)cc1O,6.692503962086787,1,1,1,1,6.692503962086787,6.692503962086787,0.0,6.692503962086787
C=C(C)[C@H]1CCC(CO)=C[C@@H]1c1c(O)cc(C(C)(C)CCCCCC)cc1O,7.356547323513812,1,1,1,1,7.356547323513812,7.356547323513812,0.0,7.356547323513812
C=C(C)[C@H]1CCC(CO)=C[C@@H]1c1c(O)cc(CCCCC)cc1O,6.995678626217357,1,1,1,1,6.995678626217357,6.995678626217357,0.0,6.995678626217357
C=C(c1ccc([C@H](C)NS(C)(=O)=O)cc1)c1ccc(OC(F)(F)F)cc1S(=O)(=O)c1ccccc1F,7.0655015487564325,1,1,1,1,7.0655015487564325,7.0655015487564325,0.0,7.0655015487564325
C=C(c1ccccc1F)c1cc(Cl)ccc1S(=O)(=O)c1ccc([C@H](C)NS(C)(=O)=O)cc1,6.607303046740334,1,1,1,1,6.607303046740334,6.607303046740334,0.0,6.607303046740334
C=C1CC/C=C(\C)CC[C@@H]2[C@@H]1CC2(C)C,6.823908740944319,1,1,1,1,6.823908740944319,6.823908740944319,0.0,6.823908740944319
C=C1CC/C=C/CC[C@@H]2[C@@H]1CC2(C)C,6.107905397309519,1,1,1,1,6.107905397309519,6.107905397309519,0.0,6.107905397309519
C=C1CC[C@@H]2[C@@H](C1)c1c(OC)cc(C(C)(C)CCCCCC)cc1OC2(C)C,7.928117992693874,1,1,1,1,7.928117992693874,7.928117992693874,0.0,7.928117992693874
C=C1CC[C@@H]2[C@H](c3c(O)cc(CCCCC)cc3OC2(C)C)[C@H]1O,6.889410289700751,1,1,1,1,6.889410289700751,6.889410289700751,0.0,6.889410289700751
C=C1C[C@H]2c3c(cc(CCCCC)cc3OS(=O)(=O)c3ccc(C)cc3)OC(C)(C)[C@@H]2CC1OO,5.987162775294828,1,1,1,1,5.987162775294828,5.987162775294828,0.0,5.987162775294828
C=C1[C@@H]2CC[C@@H](C2)[C@@]1(C)CC/C=C(/C)CO,5.086716098239581,1,1,1,1,5.086716098239581,5.086716098239581,0.0,5.086716098239581
C=C=CCn1cc(C(C)(C)C)s/c1=N\C(=O)c1cc(C(F)(F)F)ccc1ONC(C)(C)C,7.769551078621726,1,1,1,1,7.769551078621726,7.769551078621726,0.0,7.769551078621726
C=CC(C=C)(NC(=O)c1ccc(N2CC(OC)C2)c(OC[C@H]2C[C@@H]2CO)n1)C(=O)OCCCF,6.279840696594043,1,1,1,1,6.279840696594043,6.279840696594043,0.0,6.279840696594043
C=CCCCn1cc(C(=O)NC23CC4CC(CC(C4)C2)C3)c(=O)c2cc(Br)ccc21,8.0268721464003,1,1,1,1,8.0268721464003,8.0268721464003,0.0,8.0268721464003
C=CCCCn1cc(C(=O)c2ccc3c(c2)CC(C)(C)C3)c2ccccc21,7.806875401645538,1,1,1,1,7.806875401645538,7.806875401645538,0.0,7.806875401645538
C=CCCn1cc(C(=O)NC23CC4CC(CC(C4)C2)C3)c(=O)c2cc(-c3ccco3)ccc21,8.356547323513812,1,1,1,1,8.356547323513812,8.356547323513812,0.0,8.356547323513812
C=CCCn1cc(C(=O)NC23CC4CC(CC(C4)C2)C3)c(=O)c2cc(Br)ccc21,7.623423042943488,1,1,1,1,7.623423042943488,7.623423042943488,0.0,7.623423042943488
C=CCCn1cc(CC(=O)NC23CC4CC(CC(C4)C2)C3)c2cc(-c3ccccc3)ccc21,7.7495799976911055,1,1,1,1,7.7495799976911055,7.7495799976911055,0.0,7.7495799976911055
C=CCN(CC=C)c1nc2n(CCCCC)cc(C(=O)NC34CC5CC(CC(C5)C3)C4)c(=O)n2n1,6.801342913045577,1,1,1,1,6.801342913045577,6.801342913045577,0.0,6.801342913045577
C=CCN(CC=C)c1nc2n(CCCCC)cc(C(=O)NC3CCCCC3)c(=O)n2n1,5.869023308394382,1,1,1,1,5.869023308394382,5.869023308394382,0.0,5.869023308394382
C=CCN(Cc1ccc(N(CC)CC)cc1)S(=O)(=O)c1ccc(C)cc1,7.180456064458131,1,1,1,1,7.180456064458131,7.180456064458131,0.0,7.180456064458131
C=CCN1Cc2c(n(S(=O)(=O)CC)c3ccc(C(=O)N4CCC(C)CC4)cc23)C1,8.193820026016112,1,1,1,1,8.193820026016112,8.193820026016112,0.0,8.193820026016112
C=CCNC(=O)CCCCCCCCCCOc1cc(CCCCC)cc(OC)c1,8.167491087293763,1,1,1,1,8.167491087293763,8.167491087293763,0.0,8.167491087293763
C=CCNC(=O)CCCCCCCCCCOc1cc(O)cc(CCCCC)c1,7.785156151952302,1,1,1,1,7.785156151952302,7.785156151952302,0.0,7.785156151952302
C=CCNC(=O)CCCCCCCOc1cc(O)cc(C(C)(C)CCCCCC)c1,8.1331221856625,1,1,1,1,8.1331221856625,8.1331221856625,0.0,8.1331221856625
C=CCNC(=O)CCCCCCCOc1cc(OC)cc(C(C)(C)CCCCCC)c1,7.505845405981557,1,1,1,1,7.505845405981557,7.505845405981557,0.0,7.505845405981557
C=CCNCCCCCCCCCCCOc1cc(O)cc(CCCCC)c1,5.732828271596986,1,1,1,1,5.732828271596986,5.732828271596986,0.0,5.732828271596986
C=CCOC(=O)NCC1(CNS(=O)(=O)C(F)(F)F)CCN(S(=O)(=O)c2ccc(Cl)cc2S(=O)(=O)c2ccccc2F)CC1,5.609064892896621,1,1,1,1,5.609064892896621,5.609064892896621,0.0,5.609064892896621
C=CCOc1cc(CCCCC)cc(OCCCCCCCCCCC(=O)NC2CC2)c1,8.327902142064282,1,1,1,1,8.327902142064282,8.327902142064282,0.0,8.327902142064282
C=CCc1ccc(CN(Cc2ccccc2)S(=O)(=O)c2ccc(C)cc2)cc1,6.886056647693163,1,1,1,1,6.886056647693163,6.886056647693163,0.0,6.886056647693163
C=CCc1ccc(O)c(-c2cc(CC=C)ccc2O)c1,5.84163750790475,1,1,1,1,5.84163750790475,5.84163750790475,0.0,5.84163750790475
C=CCc1ccc(O)c(-c2ccc(O)c(CC=C)c2)c1,5.251037138743839,1,1,1,1,5.251037138743839,5.251037138743839,0.0,5.251037138743839
C=CCc1ccc(O)c(-c2ccc(OC)c(CC=C)c2)c1,7.356547323513812,1,1,1,1,7.356547323513812,7.356547323513812,0.0,7.356547323513812
C=CCc1ccc(O)c(-c2ccc(OCCCC)c(CC=C)c2)c1,6.987162775294828,1,1,1,1,6.987162775294828,6.987162775294828,0.0,6.987162775294828
C=CCc1ccc(OC)c(-c2ccc(OC)c(CC=C)c2)c1,5.861697301833718,1,1,1,1,5.861697301833718,5.861697301833718,0.0,5.861697301833718
C=CCc1ccc(OCCCC)c(-c2ccc(OCCCC)c(CC=C)c2)c1,5.748848656824645,1,1,1,1,5.748848656824645,5.748848656824645,0.0,5.748848656824645
C=CCn1c2c(c3cc(C(=O)N4CCC(C)CC4)ccc31)CN(C1CCCC1)C2,7.632644078973981,1,1,1,1,7.632644078973981,7.632644078973981,0.0,7.632644078973981
C=CCn1c2c(c3cc(C(=O)N4CCC(C)CC4)ccc31)CN(CC1CC1)CC2,7.853871964321762,1,1,1,1,7.853871964321762,7.853871964321762,0.0,7.853871964321762
C=CCn1cc(C(=O)C(=O)NC23CC4CC(CC(C4)C2)C3)c2cc(-c3ccccc3)ccc21,7.5951662833800615,1,1,1,1,7.5951662833800615,7.5951662833800615,0.0,7.5951662833800615
C=CCn1cc(C(=O)C(=O)NC23CC4CC(CC(C4)C2)C3)c2cc(-c3ccco3)ccc21,7.987162775294828,1,1,1,1,7.987162775294828,7.987162775294828,0.0,7.987162775294828
C=CCn1cc(C(=O)NC23CC4CC(CC(C4)C2)C3)c(=O)c2c(OC)ccc(OC)c21,8.036212172654444,1,1,1,1,8.036212172654444,8.036212172654444,0.0,8.036212172654444
C=CCn1cc(C(=O)NC23CC4CC(CC(C4)C2)C3)c(=O)c2cc(-c3ccco3)ccc21,7.229147988357855,1,1,1,1,7.229147988357855,7.229147988357855,0.0,7.229147988357855
C=CCn1cc(C(=O)NC23CC4CC(CC(C4)C2)C3)c2cc(-c3ccc(O)cc3)ccc21,7.653647025549361,1,1,1,1,7.653647025549361,7.653647025549361,0.0,7.653647025549361
C=CCn1cc(C(=O)NC23CC4CC(CC(C4)C2)C3)c2cc(-c3ccccc3)ccc21,8.739928612014925,1,1,1,1,8.739928612014925,8.739928612014925,0.0,8.739928612014925
C=CCn1cc(C(=O)NC23CC4CC(CC(C4)C2)C3)c2cc(-c3ccco3)ccc21,8.24184537803261,1,1,1,1,8.24184537803261,8.24184537803261,0.0,8.24184537803261
C=CCn1cc(CC(=O)NC23CC4CC(CC(C4)C2)C3)c2cc(-c3ccccc3)ccc21,7.301029995663981,1,1,1,1,7.301029995663981,7.301029995663981,0.0,7.301029995663981
C=CCn1cc(CC(=O)NC23CC4CC(CC(C4)C2)C3)c2cc(-c3ccco3)ccc21,7.301029995663981,1,1,1,1,7.301029995663981,7.301029995663981,0.0,7.301029995663981
C=CCn1cc(CC(=O)NC23CC4CC(CC(C4)C2)C3)c2cc(Br)ccc21,5.962573502059376,1,1,1,1,5.962573502059376,5.962573502059376,0.0,5.962573502059376
C=CCn1cc(CC(=O)NC2CCCCC2)c2cc(OCc3cccc(OC)c3)ccc21,6.3979400086720375,1,1,1,1,6.3979400086720375,6.3979400086720375,0.0,6.3979400086720375
C=CCn1cc(CC(=O)NC2CCCCCC2)c2cc(-c3ccco3)ccc21,6.423658649794207,1,1,1,1,6.423658649794207,6.423658649794207,0.0,6.423658649794207
C=Cn1cc(C(=O)N[C@@H]2C(C)(C)C3CC[C@]2(C)C3)c(=O)c2ccc(F)cc21,7.818156412055227,1,1,1,1,7.818156412055227,7.818156412055227,0.0,7.818156412055227
CC#CC#CC/C=C\CCC/C=C/C=C/C(=O)NCC(C)C,4.64685345378602,1,1,1,1,4.64685345378602,4.64685345378602,0.0,4.64685345378602
CC(=O)/C(C)=N/Oc1ccc(C(F)(F)F)cc1C(=O)/N=c1\sc(C(C)(C)C)cn1C[C@H]1CCCO1,8.481486060122112,1,1,1,1,8.481486060122112,8.481486060122112,0.0,8.481486060122112
CC(=O)CCCCn1cc(C(=O)C2C(C)(C)C2(C)C)c2ccccc21,9.002182402701225,2,1,1,1,9.0,9.00436480540245,0.004364805402449434,9.002182402701225
CC(=O)Cn1nnc(Cc2ccc(-c3ccccc3)cc2)n1,5.2839966563652006,1,1,1,1,5.2839966563652006,5.2839966563652006,0.0,5.2839966563652006
CC(=O)N/C(N)=N/C(=N/S(=O)(=O)N1CCC(C(F)(F)F)CC1)N1C[C@H](c2ccccc2)C(c2ccc(Cl)cc2)=N1,7.7447274948966935,1,1,1,1,7.7447274948966935,7.7447274948966935,0.0,7.7447274948966935
CC(=O)N/C(N)=N/C(=N/S(=O)(=O)c1ccc(Cl)cc1)N1C[C@H](c2ccccc2)C(c2ccc(Cl)cc2)=N1,6.3223930472795065,1,1,1,1,6.3223930472795065,6.3223930472795065,0.0,6.3223930472795065
CC(=O)N/C(N)=N/C(=N/S(=O)(=O)c1ccc(I)cc1)N1C[C@H](c2ccccc2)C(c2ccc(Cl)cc2)=N1,6.920818753952375,1,1,1,1,6.920818753952375,6.920818753952375,0.0,6.920818753952375
CC(=O)N/C(N)=N/C(=N/S(=O)(=O)c1ccc(OC(F)(F)F)cc1)N1C[C@H](c2ccccc2)C(c2ccc(Cl)cc2)=N1,6.642065152999546,1,1,1,1,6.642065152999546,6.642065152999546,0.0,6.642065152999546
CC(=O)N/C(N)=N/C(=N/S(=O)(=O)c1ccc2ccccc2c1)N1C[C@H](c2ccccc2)C(c2ccc(Cl)cc2)=N1,6.320572103387882,1,1,1,1,6.320572103387882,6.320572103387882,0.0,6.320572103387882
CC(=O)N1CCC[C@@H]1COc1ccc(C(F)(F)F)cc1C(=O)/N=c1\sc(C(C)(C)C)cn1C[C@H]1CCCO1,6.97061622231479,1,1,1,1,6.97061622231479,6.97061622231479,0.0,6.97061622231479
CC(=O)N1CCN(c2ncnc3oc(-c4ccccc4C(F)(F)F)nc23)CC1,6.5951662833800615,1,1,1,1,6.5951662833800615,6.5951662833800615,0.0,6.5951662833800615
CC(=O)N1CCN(c2ncnc3oc(-c4ccccc4Cl)nc23)CC1,6.168770306132936,1,1,1,1,6.168770306132936,6.168770306132936,0.0,6.168770306132936
CC(=O)NC1CCCOc2c1nn(-c1ccccc1Cl)c2-c1ccc(Cl)cc1,4.686132779630847,1,1,1,1,4.686132779630847,4.686132779630847,0.0,4.686132779630847
CC(=O)NCCNC(=O)C(C)(C)NC(=O)c1cc2c(n(CC3CCCCC3)c1=O)CCCCCC2,8.602059991327963,1,1,1,1,8.602059991327963,8.602059991327963,0.0,8.602059991327963
CC(=O)NOc1ccc(C(F)(F)F)cc1C(=O)/N=c1\sc(C(C)(C)C)cn1C[C@H]1CCCO1,8.920818753952375,1,1,1,1,8.920818753952375,8.920818753952375,0.0,8.920818753952375
CC(=O)OCCCCn1c(=O)c(C(=O)NC23CC4CC(CC(C4)C2)C3)c(O)c2nn(C)cc21,7.761953896871205,1,1,1,1,7.761953896871205,7.761953896871205,0.0,7.761953896871205
CC(=O)OCCCCn1cccc1C(=O)c1ccccc1Cl,5.901356274182943,1,1,1,1,5.901356274182943,5.901356274182943,0.0,5.901356274182943
CC(=O)OCCOc1ccc(C(F)(F)F)cc1C(=O)/N=c1\sc(C(C)(C)C)cn1CC(C)C,7.795880017344075,1,1,1,1,7.795880017344075,7.795880017344075,0.0,7.795880017344075
CC(=O)Oc1cccc(Cn2cccc2C(=O)c2ccccc2Cl)c1,5.806875401645538,1,1,1,1,5.806875401645538,5.806875401645538,0.0,5.806875401645538
CC(=O)SC(CCc1ccccc1)[C@H]1C(=O)N(c2ccc(F)cc2)[C@@H]1c1ccc(O)cc1,6.549750891680639,1,1,1,1,6.549750891680639,6.549750891680639,0.0,6.549750891680639
CC(=O)n1c2c(c3cc(C(=O)N4CCC(C)CC4)ccc31)CN(C1CCCC1)C2,7.055024091587952,1,1,1,1,7.055024091587952,7.055024091587952,0.0,7.055024091587952
CC(C(=O)N1CCN(c2ncnc3c2nc(-c2ccccc2Cl)n3-c2ccc(Cl)cc2)CC1)c1ccccc1,6.251811972993799,1,1,1,1,6.251811972993799,6.251811972993799,0.0,6.251811972993799
CC(C(=O)NC1CCN(c2ncnc3c2nc(-c2ccccc2Cl)n3-c2ccc(Cl)cc2)CC1)c1ccccc1,6.823908740944319,1,1,1,1,6.823908740944319,6.823908740944319,0.0,6.823908740944319
CC(C(=O)NCCC(c1ccccc1)c1ccccc1)(c1ccccc1)c1ccccc1,6.537602002101044,1,1,1,1,6.537602002101044,6.537602002101044,0.0,6.537602002101044
CC(C)(C(=O)OCCCBr)c1cc(O)c2c(c1)OC(C)(C)[C@@H]1CC=C(CO)C[C@@H]21,9.0,1,1,1,1,9.0,9.0,0.0,9.0
CC(C)(C(=O)OCCCC#N)c1cc(O)c2c(c1)OC(C)(C)[C@@H]1CC=C(CO)C[C@@H]21,9.0,1,1,1,1,9.0,9.0,0.0,9.0
CC(C)(C(=O)OCCCCn1ccnc1)c1cc(O)c2c(c1)OC(C)(C)[C@@H]1CC=C(CO)C[C@@H]21,8.060480747381382,1,1,1,1,8.060480747381382,8.060480747381382,0.0,8.060480747381382
CC(C)(C(=O)OCCCN1CCOCC1)c1cc(O)c2c(c1)OC(C)(C)[C@@H]1CC=C(CO)C[C@@H]21,9.0,1,1,1,1,9.0,9.0,0.0,9.0
CC(C)(C(=O)OCCCn1ccnc1)c1cc(O)c2c(c1)OC(C)(C)[C@@H]1CC=C(CO)C[C@@H]21,9.0,1,1,1,1,9.0,9.0,0.0,9.0
CC(C)(C)/C(COc1ccc(C(F)(F)F)cc1C(=O)/N=c1\sc(C(C)(C)C)cn1C[C@H]1CCCO1)=N/O,7.920818753952375,1,1,1,1,7.920818753952375,7.920818753952375,0.0,7.920818753952375
CC(C)(C)/C(COc1ccc(C(F)(F)F)cc1C(=O)/N=c1\sc(C(C)(C)C)cn1C[C@H]1CCCO1)=N\O,8.267606240177031,1,1,1,1,8.267606240177031,8.267606240177031,0.0,8.267606240177031
CC(C)(C)C(=O)COc1ccc(C(F)(F)F)cc1C(=O)/N=c1\sc(C(C)(C)C)cn1C[C@H]1CCCO1,9.045757490560675,1,1,1,1,9.045757490560675,9.045757490560675,0.0,9.045757490560675
CC(C)(C)C(=O)OCC1=CC[C@@H]2[C@@H](C1)c1c(O)cc(C34CC5CC(CC(C5)C3)C4)cc1OC2(C)C,7.308034897232639,1,1,1,1,7.308034897232639,7.308034897232639,0.0,7.308034897232639
CC(C)(C)CC(=O)N1CCN(c2ncnc3c2nc(-c2ccccc2Cl)n3-c2ccc(Cl)cc2)CC1,5.301029995663981,1,1,1,1,5.301029995663981,5.301029995663981,0.0,5.301029995663981
CC(C)(C)CC(=O)NC1CCN(c2ncnc3c2nc(-c2ccccc2Cl)n3-c2ccc(Cl)cc2)CC1,7.823908740944319,1,1,1,1,7.823908740944319,7.823908740944319,0.0,7.823908740944319
CC(C)(C)CNC(=O)c1ccc(Br)c(S(=O)(=O)N2CCCC2)c1,6.3979400086720375,1,1,1,1,6.3979400086720375,6.3979400086720375,0.0,6.3979400086720375
CC(C)(C)CNC(=O)c1ccc(Br)c(S(=O)(=O)N2CCCCC2)c1,7.0,1,1,1,1,7.0,7.0,0.0,7.0
CC(C)(C)CNC(=O)c1ccc(Br)c(S(=O)(=O)N2CCOCC2)c1,6.346787486224656,1,1,1,1,6.346787486224656,6.346787486224656,0.0,6.346787486224656
CC(C)(C)CO/C=N/CCCOc1ccc(C(F)(F)F)cc1C(=O)/N=c1\sc(C(C)(C)C)cn1C[C@H]1CCCO1,8.309803919971486,1,1,1,1,8.309803919971486,8.309803919971486,0.0,8.309803919971486
CC(C)(C)NC(=O)NC1(c2ccccc2)CCN(c2ncnc3c2nc(-c2ccccc2Cl)n3-c2ccc(Cl)cc2)CC1,4.698970004336019,1,1,1,1,4.698970004336019,4.698970004336019,0.0,4.698970004336019
CC(C)(C)NC(=O)c1nn(-c2ccc(F)cc2F)c2c1[C@H]1CC[C@@H]2C1,7.928117992693874,1,1,1,1,7.928117992693874,7.928117992693874,0.0,7.928117992693874
CC(C)(C)NNc1ccc(C(F)(F)F)cc1C(=O)/N=c1\sc(C(C)(C)C)cn1C[C@H]1CCCO1,8.431798275933005,1,1,1,1,8.431798275933005,8.431798275933005,0.0,8.431798275933005
CC(C)(C)NOc1ccc(C(F)(F)F)cc1C(=O)/N=c1\sc(C(C)(C)C)nn1CC1CC1,7.795880017344075,1,1,1,1,7.795880017344075,7.795880017344075,0.0,7.795880017344075
CC(C)(C)NOc1ccc(C(F)(F)F)cc1C(=O)/N=c1\sc(C(C)(C)C)nn1CC1CCC1,8.55284196865778,1,1,1,1,8.55284196865778,8.55284196865778,0.0,8.55284196865778
CC(C)(C)NOc1ccc(C(F)(F)F)cc1C(=O)/N=c1\sc(C(C)(C)C)nn1CC1CCCCO1,8.769551078621726,1,1,1,1,8.769551078621726,8.769551078621726,0.0,8.769551078621726
CC(C)(C)NOc1ccc(C(F)(F)F)cc1C(=O)/N=c1\sc(C(C)(C)C)nn1CC1CCO1,7.823908740944319,1,1,1,1,7.823908740944319,7.823908740944319,0.0,7.823908740944319
CC(C)(C)NOc1ccc(C(F)(F)F)cc1C(=O)/N=c1\sc(C(C)(C)C)nn1CCCC#N,8.366531544420413,1,1,1,1,8.366531544420413,8.366531544420413,0.0,8.366531544420413
CC(C)(C)NOc1ccc(C(F)(F)F)cc1C(=O)/N=c1\sc(C(C)(C)C)nn1CCCC(F)(F)F,8.744727494896694,1,1,1,1,8.744727494896694,8.744727494896694,0.0,8.744727494896694
CC(C)(C)NOc1ccc(C(F)(F)F)cc1C(=O)/N=c1\sc(C(C)(C)C)nn1CCCCF,8.207608310501746,1,1,1,1,8.207608310501746,8.207608310501746,0.0,8.207608310501746
CC(C)(C)NOc1ccc(C(F)(F)F)cc1C(=O)/N=c1\sc(C(C)(C)C)nn1C[C@H]1CCCO1,8.0,1,1,1,1,8.0,8.0,0.0,8.0
CC(C)(C)OC(=O)N1CCC(Nc2ncnc3c2nc(-c2ccccc2Cl)n3-c2ccc(Cl)cc2)CC1,4.853871964321762,1,1,1,1,4.853871964321762,4.853871964321762,0.0,4.853871964321762
CC(C)(C)OC(=O)N1CCN(c2ncnc3c2nc(-c2ccccc2Cl)n3-c2ccc(Cl)cc2)CC1,5.468521082957745,1,1,1,1,5.468521082957745,5.468521082957745,0.0,5.468521082957745
CC(C)(C)OC(=O)NC1(c2ccccc2)CCN(c2ncnc3c2nc(-c2ccccc2Cl)n3-c2ccc(Cl)cc2)CC1,4.855519199097251,1,1,1,1,4.855519199097251,4.855519199097251,0.0,4.855519199097251
CC(C)(C)OC(=O)NC1CCN(c2ncnc3c2nc(-c2ccccc2Cl)n3-c2ccc(Cl)cc2)CC1,5.766242637034489,1,1,1,1,5.766242637034489,5.766242637034489,0.0,5.766242637034489
CC(C)(C)OC(=O)NCCCn1c2ccccc2c2cc(C(=O)N3CCCCC3)ccc21,5.570247719997592,1,1,1,1,5.570247719997592,5.570247719997592,0.0,5.570247719997592
CC(C)(C)OC(=O)NCCOCCOc1ccc(-c2cc(=O)c3c(OCc4ccccc4)cccc3o2)cc1,5.698970004336019,1,1,1,1,5.698970004336019,5.698970004336019,0.0,5.698970004336019
CC(C)(C)OC(=O)NCCOCCOc1ccc(-c2cc(=O)c3ccccc3o2)cc1,5.346787486224656,1,1,1,1,5.346787486224656,5.346787486224656,0.0,5.346787486224656
CC(C)(C)OC(=O)NNc1ccc(C(F)(F)F)cc1C(=O)/N=c1/sc(C(C)(C)C)cn1C[C@H]1CCCO1,9.397940008672037,1,1,1,1,9.397940008672037,9.397940008672037,0.0,9.397940008672037
CC(C)(C)OCCC(=O)NC1CCN(c2ncnc3c2nc(-c2ccccc2Cl)n3-c2ccc(Cl)cc2)CC1,5.309803919971486,1,1,1,1,5.309803919971486,5.309803919971486,0.0,5.309803919971486
CC(C)(C)[C@@H](C#N)NC(=O)n1c(=O)n(CCN2CCOCC2)c2ccccc21,8.301029995663981,1,1,1,1,8.301029995663981,8.301029995663981,0.0,8.301029995663981
CC(C)(C)[C@@H](CO)NC(=O)c1nn(-c2c[n+]([O-])ccn2)c2c1C[C@H]1C[C@@H]21,7.010105436281227,1,1,1,1,7.010105436281227,7.010105436281227,0.0,7.010105436281227
CC(C)(C)[C@@H](CO)NC(=O)n1c(=O)n(CCN2CCOCC2)c2ccccc21,7.823908740944319,1,1,1,1,7.823908740944319,7.823908740944319,0.0,7.823908740944319
CC(C)(C)[C@@H](NC(=O)c1nn(-c2c[n+]([O-])ccn2)c2c1C[C@H]1C[C@@H]21)OCC(N)=O,5.920818753952375,1,1,1,1,5.920818753952375,5.920818753952375,0.0,5.920818753952375
CC(C)(C)[C@H](CC(N)=O)NC(=O)c1nn(-c2c[n+]([O-])ccn2)c2c1C[C@@H]1C[C@H]21,6.978810700930062,1,1,1,1,6.978810700930062,6.978810700930062,0.0,6.978810700930062
CC(C)(C)[C@H](NC(=O)n1c(=O)n(CC2(O)CCOCC2)c2ccccc21)C(N)=O,7.036212172654444,1,1,1,1,7.036212172654444,7.036212172654444,0.0,7.036212172654444
CC(C)(C)[C@H](NC(=O)n1c(=O)n(CC2CCCO2)c2ccccc21)C(N)=O,8.221848749616356,1,1,1,1,8.221848749616356,8.221848749616356,0.0,8.221848749616356
CC(C)(C)[C@H](NC(=O)n1c(=O)n(CCC2(O)CCOCC2)c2ccccc21)C(N)=O,6.84163750790475,1,1,1,1,6.84163750790475,6.84163750790475,0.0,6.84163750790475
CC(C)(C)[C@H](NC(=O)n1c(=O)n(CCC2CCOCC2)c2ccccc21)C(N)=O,8.397940008672037,1,1,1,1,8.397940008672037,8.397940008672037,0.0,8.397940008672037
CC(C)(C)[C@H](NC(=O)n1c(=O)n(CCN2CCCC2)c2ccccc21)C(N)=O,6.616184634019569,1,1,1,1,6.616184634019569,6.616184634019569,0.0,6.616184634019569
CC(C)(C)[C@H](NC(=O)n1c(=O)n(CCN2CCOCC2)c2ccccc21)C(N)=O,8.301029995663981,1,1,1,1,8.301029995663981,8.301029995663981,0.0,8.301029995663981
CC(C)(C)c1cc(-c2csc(C3(N)CCOCC3)n2)cc(C(C)(C)C)c1O,5.568636235841012,1,1,1,1,5.568636235841012,5.568636235841012,0.0,5.568636235841012
CC(C)(C)c1cc(-c2csc(C3(N4CCCCC4)CCOCC3)n2)cc(C(C)(C)C)c1O,7.303643611266668,1,1,1,1,7.303643611266668,7.303643611266668,0.0,7.303643611266668
CC(C)(C)c1cc(-c2csc(C3(N4CCOCC4)CCOCC3)n2)cc(C(C)(C)C)c1O,6.752026733638194,1,1,1,1,6.752026733638194,6.752026733638194,0.0,6.752026733638194
CC(C)(C)c1cc(N2CCC(F)(F)C2)c2nnn(Cc3ccccc3SSCCO)c2n1,7.022276394711152,1,1,1,1,7.022276394711152,7.022276394711152,0.0,7.022276394711152
CC(C)(C)c1cc(N2CCC(F)(F)C2)c2nnn(Cc3ccccc3SSc3ccccn3)c2n1,6.266802734893431,1,1,1,1,6.266802734893431,6.266802734893431,0.0,6.266802734893431
CC(C)(C)c1ccc(C(=O)c2cc(O)c(-c3cc(Cl)cc(Cl)c3)c(O)c2)cc1,5.499489089473663,1,1,1,1,5.499489089473663,5.499489089473663,0.0,5.499489089473663
CC(C)(C)c1cn(CC2CCCO2)/c(=N/C(=O)c2cc(C(F)(F)F)ccc2ON=C2CCCC2)s1,9.301029995663981,1,1,1,1,9.301029995663981,9.301029995663981,0.0,9.301029995663981
CC(C)(C)c1cn(CCC(F)(F)F)/c(=N/C(=O)c2cc(C#N)ccc2OC2CCC2)s1,7.275724130399211,1,1,1,1,7.275724130399211,7.275724130399211,0.0,7.275724130399211
CC(C)(C)c1cn(C[C@@H]2CCCO2)/c(=N/C(=O)c2cc(C(F)(F)F)ccc2OC[C@H](N)CO)s1,8.130768280269024,1,1,1,1,8.130768280269024,8.130768280269024,0.0,8.130768280269024
CC(C)(C)c1cn(C[C@H]2CCCO2)/c(=N/C(=O)c2cc(C(F)(F)F)ccc2OCC(C)(C)n2cccc2)s1,7.468521082957745,1,1,1,1,7.468521082957745,7.468521082957745,0.0,7.468521082957745
CC(C)(C)c1cn(C[C@H]2CCCO2)/c(=N/C(=O)c2cc(C(F)(F)F)ccc2OCCC/N=C/OC2CCCCO2)s1,7.6020599913279625,1,1,1,1,7.6020599913279625,7.6020599913279625,0.0,7.6020599913279625
CC(C)(C)c1cn(C[C@H]2CCCO2)/c(=N/C(=O)c2cc(C(F)(F)F)ccc2OCCNCCO)s1,7.468521082957745,1,1,1,1,7.468521082957745,7.468521082957745,0.0,7.468521082957745
CC(C)(C)c1cn(C[C@H]2CCCO2)/c(=N/C(=O)c2cc(C(F)(F)F)ccc2OC[C@@H]2CCCCN2)s1,9.154901959985743,1,1,1,1,9.154901959985743,9.154901959985743,0.0,9.154901959985743
CC(C)(C)c1cn(C[C@H]2CCCO2)/c(=N/C(=O)c2cc(C(F)(F)F)ccc2OC[C@@H]2CCCN2)s1,8.337242168318426,1,1,1,1,8.337242168318426,8.337242168318426,0.0,8.337242168318426
CC(C)(C)c1cn(C[C@H]2CCCO2)/c(=N/C(=O)c2cc(C(F)(F)F)ccc2OC[C@@H]2CCCN2S(C)(=O)=O)s1,7.795880017344075,1,1,1,1,7.795880017344075,7.795880017344075,0.0,7.795880017344075
CC(C)(C)c1cn(C[C@H]2CCCO2)/c(=N/C(=O)c2cc(C(F)(F)F)ccc2OC[C@@H]2CCCO2)s1,9.301029995663981,1,1,1,1,9.301029995663981,9.301029995663981,0.0,9.301029995663981
CC(C)(C)c1cn(C[C@H]2CCCO2)/c(=N/C(=O)c2cc(C(F)(F)F)ccc2OC[C@@H]2CCN2)s1,7.823908740944319,1,1,1,1,7.823908740944319,7.823908740944319,0.0,7.823908740944319
CC(C)(C)c1cn(C[C@H]2CCCO2)/c(=N/C(=O)c2cc(C(F)(F)F)ccc2OC[C@@H]2CNCCO2)s1,7.6777807052660805,1,1,1,1,7.6777807052660805,7.6777807052660805,0.0,7.6777807052660805
CC(C)(C)c1cn(C[C@H]2CCCO2)/c(=N/C(=O)c2cc(C(F)(F)F)ccc2OC[C@H]2CCCCN2)s1,7.522878745280337,1,1,1,1,7.522878745280337,7.522878745280337,0.0,7.522878745280337
CC(C)(C)c1cn(C[C@H]2CCCO2)/c(=N/C(=O)c2cc(C(F)(F)F)ccc2OC[C@H]2CCCO2)s1,8.522878745280337,1,1,1,1,8.522878745280337,8.522878745280337,0.0,8.522878745280337
CC(C)(C)c1cn(C[C@H]2CCCO2)/c(=N/C(=O)c2cc(C(F)(F)F)ccc2OC[C@H]2CCC[N+]2(C)[O-])s1,7.619788758288394,1,1,1,1,7.619788758288394,7.619788758288394,0.0,7.619788758288394
CC(C)(C)c1cn(C[C@H]2CCCO2)/c(=N/C(=O)c2cc(C(F)(F)F)ccc2OC[C@H]2CCN2)s1,6.939302159646388,1,1,1,1,6.939302159646388,6.939302159646388,0.0,6.939302159646388
CC(C)(C)c1cn(C[C@H]2CCCO2)/c(=N/C(=O)c2cc(C(F)(F)F)ccc2OCc2cccc[n+]2[O-])s1,6.679853713888946,1,1,1,1,6.679853713888946,6.679853713888946,0.0,6.679853713888946
CC(C)(C)c1cn(C[C@H]2CCCO2)/c(=N/C(=O)c2cc(C(F)(F)F)ccc2OCc2ccccc2)s1,8.221848749616356,1,1,1,1,8.221848749616356,8.221848749616356,0.0,8.221848749616356
CC(C)(C)c1cn(C[C@H]2CCCO2)/c(=N/C(=O)c2cc(C(F)(F)F)ccc2OCc2ccccn2)s1,7.698970004336019,1,1,1,1,7.698970004336019,7.698970004336019,0.0,7.698970004336019
CC(C)(C)c1cn(C[C@H]2CCCO2)/c(=N/C(=O)c2cc(C(F)(F)F)ccc2OCc2cccnc2)s1,7.886056647693163,1,1,1,1,7.886056647693163,7.886056647693163,0.0,7.886056647693163
CC(C)(C)c1cn(C[C@H]2CCCO2)/c(=N/C(=O)c2cc(C(F)(F)F)ccc2OCc2ccn[nH]2)s1,7.958607314841775,1,1,1,1,7.958607314841775,7.958607314841775,0.0,7.958607314841775
CC(C)(C)c1cn(C[C@H]2CCCO2)/c(=N/C(=O)c2cc(C(F)(F)F)ccc2OCc2cnccn2)s1,8.301029995663981,1,1,1,1,8.301029995663981,8.301029995663981,0.0,8.301029995663981
CC(C)(C)c1cn(C[C@H]2CCCO2)/c(=N/C(=O)c2cc(C(F)(F)F)ccc2OCc2cnco2)s1,7.585026652029182,1,1,1,1,7.585026652029182,7.585026652029182,0.0,7.585026652029182
CC(C)(C)c1cn(C[C@H]2CCCO2)/c(=N/C(=O)c2cc(C(F)(F)F)ccc2OCc2nccs2)s1,8.259637310505756,1,1,1,1,8.259637310505756,8.259637310505756,0.0,8.259637310505756
CC(C)(C)c1nc(N2CC(S)C2)c2nnn(Cc3ccccc3Cl)c2n1,6.416801226031377,1,1,1,1,6.416801226031377,6.416801226031377,0.0,6.416801226031377
CC(C)(C)c1nc(N2CCC(F)(F)C2)c2nn(Cc3ccc(C4(C(F)(F)F)N=N4)cc3Cl)nc2n1,5.630042392653947,1,1,1,1,5.630042392653947,5.630042392653947,0.0,5.630042392653947
CC(C)(C)c1nc(N2CCC(F)(F)C2)c2nn(Cc3ccccc3CS(=O)(=O)F)nc2n1,6.195860567664649,1,1,1,1,6.195860567664649,6.195860567664649,0.0,6.195860567664649
CC(C)(C)c1nc(N2CCC(F)(F)C2)c2nn(Cc3ccccc3CSC#N)nc2n1,6.675717544702307,1,1,1,1,6.675717544702307,6.675717544702307,0.0,6.675717544702307
CC(C)(C)c1nc(N2CCC(F)(F)C2)c2nn(Cc3ccccc3F)nc2n1,6.442492798094342,1,1,1,1,6.442492798094342,6.442492798094342,0.0,6.442492798094342
CC(C)(C)c1nc(N2CCC(F)(F)C2)c2nn(Cc3ccccc3SC#N)nc2n1,6.343901797987169,1,1,1,1,6.343901797987169,6.343901797987169,0.0,6.343901797987169
CC(C)(C)c1nc(N2CCC(F)(F)C2)c2nnn(Cc3ccc(C4(C(F)(F)F)N=N4)cc3Cl)c2n1,7.2549252084179425,1,1,1,1,7.2549252084179425,7.2549252084179425,0.0,7.2549252084179425
CC(C)(C)c1nc(N2CCC(F)(F)C2)c2nnn(Cc3ccccc3C3(C(F)(F)F)N=N3)c2n1,8.3767507096021,1,1,1,1,8.3767507096021,8.3767507096021,0.0,8.3767507096021
CC(C)(C)c1nc(N2CCC(F)(F)C2)c2nnn(Cc3ccccc3CCS(=O)(=O)F)c2n1,7.568636235841012,1,1,1,1,7.568636235841012,7.568636235841012,0.0,7.568636235841012
CC(C)(C)c1nc(N2CCC(F)(F)C2)c2nnn(Cc3ccccc3CCS(=O)(=O)n3nnc4ccccc43)c2n1,6.609064892896621,1,1,1,1,6.609064892896621,6.609064892896621,0.0,6.609064892896621
CC(C)(C)c1nc(N2CCC(F)(F)C2)c2nnn(Cc3ccccc3CCSSCC(O)CO)c2n1,8.301029995663981,1,1,1,1,8.301029995663981,8.301029995663981,0.0,8.301029995663981
CC(C)(C)c1nc(N2CCC(F)(F)C2)c2nnn(Cc3ccccc3CCSSCCN)c2n1,7.200659450546418,1,1,1,1,7.200659450546418,7.200659450546418,0.0,7.200659450546418
CC(C)(C)c1nc(N2CCC(F)(F)C2)c2nnn(Cc3ccccc3CCSSCCO)c2n1,8.221848749616356,1,1,1,1,8.221848749616356,8.221848749616356,0.0,8.221848749616356
CC(C)(C)c1nc(N2CCC(F)(F)C2)c2nnn(Cc3ccccc3CCSSc3ccccn3)c2n1,7.142667503568731,1,1,1,1,7.142667503568731,7.142667503568731,0.0,7.142667503568731
CC(C)(C)c1nc(N2CCC(F)(F)C2)c2nnn(Cc3ccccc3CN=C=S)c2n1,7.055517327849831,1,1,1,1,7.055517327849831,7.055517327849831,0.0,7.055517327849831
CC(C)(C)c1nc(N2CCC(F)(F)C2)c2nnn(Cc3ccccc3CS(=O)(=O)F)c2n1,7.958607314841775,1,1,1,1,7.958607314841775,7.958607314841775,0.0,7.958607314841775
CC(C)(C)c1nc(N2CCC(F)(F)C2)c2nnn(Cc3ccccc3CSSCCO)c2n1,8.045757490560675,1,1,1,1,8.045757490560675,8.045757490560675,0.0,8.045757490560675
CC(C)(C)c1nc(N2CCC(F)(F)C2)c2nnn(Cc3ccccc3N=C=S)c2n1,6.522878745280337,1,1,1,1,6.522878745280337,6.522878745280337,0.0,6.522878745280337
CC(C)(C)c1nc(N2CCC(F)(F)C2)c2nnn(Cc3ccccc3S(=O)(=O)F)c2n1,8.221848749616356,1,1,1,1,8.221848749616356,8.221848749616356,0.0,8.221848749616356
CC(C)(C)c1nc(N2CCC(N=C=S)C2)c2nnn(Cc3ccccc3Cl)c2n1,5.866461091629782,1,1,1,1,5.866461091629782,5.866461091629782,0.0,5.866461091629782
CC(C)(C)c1nc(N2CCC(N=[N+]=[N-])C2)c2nnn(Cc3ccccc3Cl)c2n1,6.6777807052660805,1,1,1,1,6.6777807052660805,6.6777807052660805,0.0,6.6777807052660805
CC(C)(C)c1nc(N2CCC(S)C2)c2nnn(Cc3ccccc3Cl)c2n1,7.070581074285707,1,1,1,1,7.070581074285707,7.070581074285707,0.0,7.070581074285707
CC(C)(C)c1nc(N2CCC3(C2)N=N3)c2nnn(Cc3ccccc3Cl)c2n1,8.481486060122112,1,1,1,1,8.481486060122112,8.481486060122112,0.0,8.481486060122112
CC(C)(C)c1nc(N2CC[C@@H](S)C2)c2nnn(Cc3ccccc3Cl)c2n1,5.80576325127617,1,1,1,1,5.80576325127617,5.80576325127617,0.0,5.80576325127617
CC(C)(C)c1nc(N2CC[C@H](O)C2)c2nn(Cc3ccccc3CSC#N)nc2n1,6.276544327964814,1,1,1,1,6.276544327964814,6.276544327964814,0.0,6.276544327964814
CC(C)(C)c1nc(N2CC[C@H](O)C2)c2nn(Cc3ccccc3F)nc2n1,5.933674074637962,1,1,1,1,5.933674074637962,5.933674074637962,0.0,5.933674074637962
CC(C)(C)c1nc(N2CC[C@H](O)C2)c2nnn(Cc3ccccc3CN=C=S)c2n1,7.040958607678906,1,1,1,1,7.040958607678906,7.040958607678906,0.0,7.040958607678906
CC(C)(C)c1nc(N2CC[C@H](O)C2)c2nnn(Cc3ccccc3CS(=O)(=O)F)c2n1,6.548213564475709,1,1,1,1,6.548213564475709,6.548213564475709,0.0,6.548213564475709
CC(C)(C)c1nc(N2CC[C@H](O)C2)c2nnn(Cc3ccccc3S(=O)(=O)F)c2n1,7.795880017344075,1,1,1,1,7.795880017344075,7.795880017344075,0.0,7.795880017344075
CC(C)(C)c1nc(N2CC[C@H](S)C2)c2nnn(Cc3ccccc3Cl)c2n1,5.602581457648652,1,1,1,1,5.602581457648652,5.602581457648652,0.0,5.602581457648652
CC(C)(C)c1nc2cc(NS(C)(=O)=O)ccc2n1CC1CCC(F)(F)CC1,9.059981844992336,1,1,1,1,9.059981844992336,9.059981844992336,0.0,9.059981844992336
CC(C)(C)c1nc2ccccc2n1C(=O)c1cccc2ccccc12,7.096910013008056,1,1,1,1,7.096910013008056,7.096910013008056,0.0,7.096910013008056
CC(C)(CCCCCCC#N)c1cc(O)c2c(c1)OC(C)(C)[C@@H]1CC[C@@H](CO)C[C@@H]21,9.397940008672037,1,1,1,1,9.397940008672037,9.397940008672037,0.0,9.397940008672037
CC(C)(CCCCCCN=C=S)c1cc(O)c2c(c1)OC(C)(C)[C@@H]1CC[C@@H](CO)C[C@@H]21,8.5016894462104,1,1,1,1,8.5016894462104,8.5016894462104,0.0,8.5016894462104
CC(C)(CCCCCCN=[N+]=[N-])c1cc(O)c2c(c1)OC(C)(C)[C@@H]1CC[C@@H](CO)C[C@@H]21,8.853871964321762,1,1,1,1,8.853871964321762,8.853871964321762,0.0,8.853871964321762
CC(C)(Cc1nnc(-c2ccc(F)cc2)o1)NC(=O)c1ccc(C2CCCC2)c(OCC2CC2)n1,6.380802284207053,1,1,1,1,6.380802284207053,6.380802284207053,0.0,6.380802284207053
CC(C)(Cc1nnc(-c2ccc(F)cc2)o1)NC(=O)c1ccc(N2CC(F)(F)C2)c(OCC2CC2)n1,5.517970109530668,1,1,1,1,5.517970109530668,5.517970109530668,0.0,5.517970109530668
CC(C)(NC(=O)c1cc2c(n(CC3CCCCC3)c1=O)CCCCCC2)C(=O)N1CCC(C(=O)NS(C)(=O)=O)CC1,6.892790030352131,1,1,1,1,6.892790030352131,6.892790030352131,0.0,6.892790030352131
CC(C)(NC(=O)c1cc2c(n(CC3CCCCC3)c1=O)CCCCCC2)C(=O)N1CCC(C(=O)O)CC1,6.423658649794207,1,1,1,1,6.423658649794207,6.423658649794207,0.0,6.423658649794207
CC(C)(NC(=O)c1cc2c(n(CC3CCCCC3)c1=O)CCCCCC2)C(=O)N1CCC(C(N)=O)CC1,8.522878745280337,1,1,1,1,8.522878745280337,8.522878745280337,0.0,8.522878745280337
CC(C)(NC(=O)c1cc2c(n(CC3CCCCC3)c1=O)CCCCCC2)C(=O)N1CCC(NS(C)(=O)=O)CC1,8.356547323513812,1,1,1,1,8.356547323513812,8.356547323513812,0.0,8.356547323513812
CC(C)(NC(=O)c1cc2c(n(CC3CCCCC3)c1=O)CCCCCC2)C(=O)N1CCC(O)CC1,8.958607314841775,1,1,1,1,8.958607314841775,8.958607314841775,0.0,8.958607314841775
CC(C)(NC(=O)c1cc2c(n(CC3CCCCC3)c1=O)CCCCCC2)C(=O)NCC(=O)O,5.54928912185308,1,1,1,1,5.54928912185308,5.54928912185308,0.0,5.54928912185308
CC(C)(NC(=O)c1cc2c(n(CC3CCCCC3)c1=O)CCCCCC2)C(=O)NCC(N)=O,8.221848749616356,1,1,1,1,8.221848749616356,8.221848749616356,0.0,8.221848749616356
CC(C)(NC(=O)c1cc2c(n(CC3CCCCC3)c1=O)CCCCCC2)C(=O)NCCCCCO,8.920818753952375,1,1,1,1,8.920818753952375,8.920818753952375,0.0,8.920818753952375
CC(C)(NC(=O)c1cc2c(n(CC3CCCCC3)c1=O)CCCCCC2)C(=O)NCCCO,9.0,1,1,1,1,9.0,9.0,0.0,9.0
CC(C)(NC(=O)c1cc2c(n(CC3CCCCC3)c1=O)CCCCCC2)C(=O)NCCOCCO,9.221848749616356,1,1,1,1,9.221848749616356,9.221848749616356,0.0,9.221848749616356
CC(C)(NC(=O)c1cc2c(n(CC3CCCCC3)c1=O)CCCCCC2)C(=O)NN,8.55284196865778,1,1,1,1,8.55284196865778,8.55284196865778,0.0,8.55284196865778
CC(C)(NC(=O)c1cc2c(n(CC3CCCCC3)c1=O)CCCCCC2)C(=O)NNS(C)(=O)=O,8.136677139879545,1,1,1,1,8.136677139879545,8.136677139879545,0.0,8.136677139879545
CC(C)(NC(=O)c1cc2c(n(CC3CCCCC3)c1=O)CCCCCC2)C(=O)O,6.45717457304082,1,1,1,1,6.45717457304082,6.45717457304082,0.0,6.45717457304082
CC(C)(NC(=O)c1ccc(N2CC(F)(F)C2)c(OCC2CC2)n1)c1nnc(-c2ccccc2)o1,5.4024912936548475,1,1,1,1,5.4024912936548475,5.4024912936548475,0.0,5.4024912936548475
CC(C)(O)CCOc1ccc(C(F)(F)F)cc1C(=O)/N=c1\sc(C(C)(C)C)cn1C[C@H]1CCCO1,8.886056647693163,1,1,1,1,8.886056647693163,8.886056647693163,0.0,8.886056647693163
CC(C)(O)CCn1c(=O)n(C(=O)N[C@H](C(N)=O)C(C)(C)C)c2ccccc21,8.096910013008056,1,1,1,1,8.096910013008056,8.096910013008056,0.0,8.096910013008056
CC(C)(O)COc1ccc(C(F)(F)F)cc1-c1nnc2c(C(C)(C)C)nn(C[C@H]3CCCO3)c2n1,7.769551078621726,1,1,1,1,7.769551078621726,7.769551078621726,0.0,7.769551078621726
CC(C)(O)COc1ccc(C(F)(F)F)cc1C(=O)/N=c1\sc2ccncc2n1CC1CCC1,8.602059991327963,1,1,1,1,8.602059991327963,8.602059991327963,0.0,8.602059991327963
CC(C)(O)COc1ccc(C(F)(F)F)cc1C(=O)/N=c1\sc2ccncc2n1CCCC(F)(F)F,8.075720713938118,1,1,1,1,8.075720713938118,8.075720713938118,0.0,8.075720713938118
CC(C)(O)Cn1c(=O)n(C(=O)N[C@H](C(N)=O)C(C)(C)C)c2ccccc21,6.707743928643524,1,1,1,1,6.707743928643524,6.707743928643524,0.0,6.707743928643524
CC(C)(OC(=O)c1ccc(C2CCCC2)c(OCC2CC2)n1)c1cc(N)on1,6.4535807331648085,1,1,1,1,6.4535807331648085,6.4535807331648085,0.0,6.4535807331648085
CC(C)(c1ccccc1)c1cc(O)c(-c2cc(Cl)cc(Cl)c2)c(O)c1,8.97061622231479,1,1,1,1,8.97061622231479,8.97061622231479,0.0,8.97061622231479
CC(C)=CCC/C(C)=C/Cc1c(O)cc(CCc2ccccc2)c(C(=O)O)c1O,6.081969663215119,1,1,1,1,6.081969663215119,6.081969663215119,0.0,6.081969663215119
CC(C)=CCC[C@]1(C)[C@@H](O)CC[C@@]2(C)[C@H]1CC[C@H]1Cc3c([nH]c4ccccc34)[C@@]12C,5.649751981665837,1,1,1,1,5.649751981665837,5.649751981665837,0.0,5.649751981665837
CC(C)=CCC[C@]1(C)[C@@H](O[C@@H]2O[C@H](CO)[C@@H](O)[C@H](O)[C@@H]2O)CC[C@@]2(C)[C@H]1CC[C@H]1Cc3c([nH]c4ccccc34)[C@@]12C,4.97469413473523,1,1,1,1,4.97469413473523,4.97469413473523,0.0,4.97469413473523
CC(C)=C[C@H]1C[C@]2(C)[C@H](CC[C@@]3(C)[C@H]2CC[C@H]2Cc4c([nH]c5ccccc45)[C@@]23C)O1,5.3223930472795065,1,1,1,1,5.3223930472795065,5.3223930472795065,0.0,5.3223930472795065
CC(C)C(=O)N(C)C1CCCOc2c1nn(-c1ccccc1Cl)c2-c1ccc(Cl)cc1,5.060480747381382,1,1,1,1,5.060480747381382,5.060480747381382,0.0,5.060480747381382
CC(C)C(=O)NC1CCCOc2c1nn(-c1ccccc1Cl)c2-c1ccc(Cl)cc1,5.267606240177031,1,1,1,1,5.267606240177031,5.267606240177031,0.0,5.267606240177031
CC(C)C(=O)N[C@@H]1CCCOc2c1nn(-c1ccccc1Cl)c2-c1ccc(Cl)cc1,5.482804102050025,1,1,1,1,5.482804102050025,5.482804102050025,0.0,5.482804102050025
CC(C)C(=O)N[C@H]1CCCOc2c1nn(-c1ccccc1Cl)c2-c1ccc(Cl)cc1,4.958607314841775,1,1,1,1,4.958607314841775,4.958607314841775,0.0,4.958607314841775
CC(C)C1(CNS(=O)(=O)C(F)(F)F)CCN(S(=O)(=O)c2ccc(Cl)cc2S(=O)(=O)c2ccccc2F)CC1,7.6777807052660805,1,1,1,1,7.6777807052660805,7.6777807052660805,0.0,7.6777807052660805
CC(C)C1COc2cccc3c(=O)c(C(=O)NC45CC6CC(CC(C6)C4)C5)cn1c23,8.42712839779952,1,1,1,1,8.42712839779952,8.42712839779952,0.0,8.42712839779952
CC(C)CC(=O)NC1CCN(c2ncnc3c2nc(-c2ccccc2Cl)n3-c2ccc(Cl)cc2)CC1,7.048176964684088,1,1,1,1,7.048176964684088,7.048176964684088,0.0,7.048176964684088
CC(C)CCC(=O)NC1CCN(c2ncnc3c2nc(-c2ccccc2Cl)n3-c2ccc(Cl)cc2)CC1,6.667561540084394,1,1,1,1,6.667561540084394,6.667561540084394,0.0,6.667561540084394
CC(C)CCNS(=O)(=O)[C@@H]1CC[C@@H](c2ccc(Cl)cc2Cl)N(c2ccc(Cl)cc2)C1,5.858863909879261,1,1,1,1,5.858863909879261,5.858863909879261,0.0,5.858863909879261
CC(C)CCOc1cc(O)cc(OCCCCCCCCCCC(=O)NC2CC2)c1,6.893032707074239,2,1,1,1,6.886056647693163,6.900008766455316,0.013952118762152743,6.893032707074239
CC(C)CCOc1cc(O)cc(OCCCCCCCCCCC(=O)NCC2CC2)c1,6.699480900891103,2,1,1,1,6.698970004336019,6.699991797446187,0.0010217931101683675,6.699480900891103
CC(C)CCOc1cc(O)cc(OCCCCCCCCCCC(=O)NCCO)c1,6.22206165825477,2,1,1,1,6.199998172182031,6.2441251443275085,0.04412697214547734,6.22206165825477
CC(C)CCn1c(=O)n(C(=O)N[C@H](C(N)=O)C(C)(C)C)c2ccccc21,9.0,1,1,1,1,9.0,9.0,0.0,9.0
CC(C)CCn1c2c(cc(C(=O)NCc3ccccc3)c1=O)CCCCCC2,9.045757490560675,1,1,1,1,9.045757490560675,9.045757490560675,0.0,9.045757490560675
CC(C)CNC(=O)/C=C/C=C/CCCCCC/C=C/c1ccc2c(c1)OCO2,4.416801226031377,1,1,1,1,4.416801226031377,4.416801226031377,0.0,4.416801226031377
CC(C)CNC(=O)[C@@H]1CC[C@@H](c2ccc(Cl)cc2Cl)N(c2ccc(Cl)cc2)C1,5.801893001126599,1,1,1,1,5.801893001126599,5.801893001126599,0.0,5.801893001126599
CC(C)CNC(=O)c1ccc(Br)c(S(=O)(=O)N(C)Cc2ccccc2)c1,6.468521082957745,1,1,1,1,6.468521082957745,6.468521082957745,0.0,6.468521082957745
CC(C)CNC(=O)c1ccc(Br)c(S(=O)(=O)N2CCCCC2)c1,6.3872161432802645,1,1,1,1,6.3872161432802645,6.3872161432802645,0.0,6.3872161432802645
CC(C)CNS(=O)(=O)[C@@H]1CC[C@@H](c2ccc(Cl)cc2Cl)N(c2ccc(Cl)cc2)C1,5.801893001126599,1,1,1,1,5.801893001126599,5.801893001126599,0.0,5.801893001126599
CC(C)CS(=O)(=O)N1CCN(c2ncnc3c2nc(-c2ccccc2Cl)n3-c2ccc(Cl)cc2)CC1,5.552841968657781,1,1,1,1,5.552841968657781,5.552841968657781,0.0,5.552841968657781
CC(C)C[C@@H](COCCF)NC(=O)c1ccc(N2CCCC2)c(OCC2COC2)n1,7.6777807052660805,1,1,1,1,7.6777807052660805,7.6777807052660805,0.0,7.6777807052660805
CC(C)C[C@@H]1COc2cccc3c(=O)c(C(=O)NC45CC6CC(CC(C6)C4)C5)cn1c23,8.034328028779893,1,1,1,1,8.034328028779893,8.034328028779893,0.0,8.034328028779893
CC(C)Cc1nc2ccccc2n1C(=O)c1cccc2ccccc12,7.0,1,1,1,1,7.0,7.0,0.0,7.0
CC(C)Cc1sc2ccccc2c1C(=O)c1cccc2ccccc12,6.301029995663981,1,1,1,1,6.301029995663981,6.301029995663981,0.0,6.301029995663981
CC(C)Cn1cc(C(C)(C)C)s/c1=N\C(=O)c1cc(Br)ccc1OC[C@@H]1CCCN1C,7.568636235841012,1,1,1,1,7.568636235841012,7.568636235841012,0.0,7.568636235841012
CC(C)Cn1cc(C(C)(C)C)s/c1=N\C(=O)c1cc(C#N)ccc1OC1CCC1,7.017728766960431,1,1,1,1,7.017728766960431,7.017728766960431,0.0,7.017728766960431
CC(C)Cn1cc(C(C)(C)C)s/c1=N\C(=O)c1cc(C(F)(F)F)ccc1OCC1CCOC1,8.301029995663981,1,1,1,1,8.301029995663981,8.301029995663981,0.0,8.301029995663981
CC(C)Cn1cc(C(C)(C)C)s/c1=N\C(=O)c1cc(C(F)(F)F)ccc1OCCN1CCCC1,7.494850021680094,1,1,1,1,7.494850021680094,7.494850021680094,0.0,7.494850021680094
CC(C)Cn1cc(C(C)(C)C)s/c1=N\C(=O)c1cc(C(F)(F)F)ccc1OCCO,9.136677139879545,1,1,1,1,9.136677139879545,9.136677139879545,0.0,9.136677139879545
CC(C)Cn1cc(C(C)(C)C)s/c1=N\C(=O)c1cc(C(F)(F)F)ccc1OCCn1ccnc1,7.017728766960431,1,1,1,1,7.017728766960431,7.017728766960431,0.0,7.017728766960431
CC(C)Cn1cc(C(C)(C)C)s/c1=N\C(=O)c1cc(C(F)(F)F)ccc1OC[C@@H]1CCCN1C,7.4089353929735005,1,1,1,1,7.4089353929735005,7.4089353929735005,0.0,7.4089353929735005
CC(C)Cn1cc(C(C)(C)C)s/c1=N\C(=O)c1cc(C(F)(F)F)ccc1OC[C@@H]1CCN1,7.356547323513812,1,1,1,1,7.356547323513812,7.356547323513812,0.0,7.356547323513812
CC(C)Cn1cc(C(C)(C)C)s/c1=N\C(=O)c1cc(C(F)(F)F)ccc1OC[C@@H]1CCN1C,7.431798275933005,1,1,1,1,7.431798275933005,7.431798275933005,0.0,7.431798275933005
CC(C)Cn1cc(C(C)(C)C)s/c1=N\C(=O)c1cc(C(F)(F)F)ccc1OCc1ccco1,8.130768280269024,1,1,1,1,8.130768280269024,8.130768280269024,0.0,8.130768280269024
CC(C)Cn1cc(C(C)(C)C)s/c1=N\C(=O)c1cc(C(F)(F)F)ccc1O[C@H]1CCN(C)C1,6.954677021213342,1,1,1,1,6.954677021213342,6.954677021213342,0.0,6.954677021213342
CC(C)Cn1cc(C(C)(C)C)s/c1=N\C(=O)c1cc(Cl)ccc1OC1CC1,8.00436480540245,1,1,1,1,8.00436480540245,8.00436480540245,0.0,8.00436480540245
CC(C)Cn1cc(C(C)(C)C)s/c1=N\C(=O)c1cc(Cl)ccc1OCC1CCO1,8.045757490560675,1,1,1,1,8.045757490560675,8.045757490560675,0.0,8.045757490560675
CC(C)Cn1cc(C(C)(C)C)s/c1=N\C(=O)c1ccccc1OC[C@@H]1CCCN1C,6.528708288941061,1,1,1,1,6.528708288941061,6.528708288941061,0.0,6.528708288941061
CC(C)Cn1nc(C(C)(C)C)s/c1=N\C(=O)c1cc(C(F)(F)F)ccc1ONC(C)(C)C,7.537602002101044,1,1,1,1,7.537602002101044,7.537602002101044,0.0,7.537602002101044
CC(C)Cn1nnc(Cc2ccc(-c3ccccc3)cc2)n1,5.327902142064282,1,1,1,1,5.327902142064282,5.327902142064282,0.0,5.327902142064282
CC(C)Cn1nnnc1Cc1ccc(-c2ccccc2)cc1,5.113509274827518,1,1,1,1,5.113509274827518,5.113509274827518,0.0,5.113509274827518
CC(C)N(CCn1nc(OCc2cccc3ccccc23)c2ccccc21)C(C)C,5.267606240177031,1,1,1,1,5.267606240177031,5.267606240177031,0.0,5.267606240177031
CC(C)N1CCC[C@H]1COc1ccc(C(F)(F)F)cc1C(=O)/N=c1\sc(C(C)(C)C)cn1C[C@H]1CCCO1,6.991399828238082,1,1,1,1,6.991399828238082,6.991399828238082,0.0,6.991399828238082
CC(C)NC(=O)NC1(c2ccccc2)CCN(c2ncnc3c2nc(-c2ccccc2Cl)n3-c2ccc(Cl)cc2)CC1,5.048371106163362,1,1,1,1,5.048371106163362,5.048371106163362,0.0,5.048371106163362
CC(C)NC(=O)NC1CCN(c2ncnc3c2nc(-c2ccccc2Cl)n3-c2ccc(Cl)cc2)CC1,5.610302451793615,1,1,1,1,5.610302451793615,5.610302451793615,0.0,5.610302451793615
CC(C)NOc1ccc(C(F)(F)F)cc1C(=O)/N=c1\sc(C(C)(C)C)cn1C[C@H]1CCCO1,9.522878745280337,1,1,1,1,9.522878745280337,9.522878745280337,0.0,9.522878745280337
CC(C)Oc1ccc(C(NC(=O)Cc2ccccc2)NC(=O)Cc2ccccc2)cc1,6.504455662453552,2,1,1,1,6.504455662453552,6.504455662453552,0.0,6.504455662453552
CC(C)S(=O)(=O)N1CCN(c2ncnc3c2nc(-c2ccccc2Cl)n3-c2ccc(Cl)cc2)CC1,6.008773924307505,1,1,1,1,6.008773924307505,6.008773924307505,0.0,6.008773924307505
CC(C)SC(=S)N1CC(C)(C)CS/C1=N\c1ccccc1C(C)C,6.560667306169737,1,1,1,1,6.560667306169737,6.560667306169737,0.0,6.560667306169737
CC(C)[C@@H]1COc2cccc3c(=O)c(C(=O)NC45CC6CC(CC(C6)C4)C5)cn1c23,8.906578314837764,1,1,1,1,8.906578314837764,8.906578314837764,0.0,8.906578314837764
CC(C)[C@H](NC(=O)c1cc2c(n(CC3CCCCC3)c1=O)CCCCCC2)C(=O)O,6.935542010773082,1,1,1,1,6.935542010773082,6.935542010773082,0.0,6.935542010773082
CC(C)[C@H]1CC[C@H](C(=O)c2cn(CCN3CCOCC3)c3ccccc23)CC1,6.720618722969492,2,1,1,1,6.719991046891813,6.721246399047171,0.0012553521553577696,6.720618722969492
CC(C)[C@H]1COc2cccc3c(=O)c(C(=O)NC45CC6CC(CC(C6)C4)C5)cn1c23,7.790484985457369,1,1,1,1,7.790484985457369,7.790484985457369,0.0,7.790484985457369
CC(C)c1ccc(C(=O)c2cc(O)c(-c3cc(Cl)cc(Cl)c3)c(O)c2)cc1,6.793984123236656,1,1,1,1,6.793984123236656,6.793984123236656,0.0,6.793984123236656
CC(C)c1ccc(C(NC(=O)Cc2ccccc2)NC(=O)Cc2ccccc2)cc1,7.070581074285707,2,1,1,1,7.070581074285707,7.070581074285707,0.0,7.070581074285707
CC(C)c1ccc(Cn2c(NCCc3c[nH]c4ccccc34)nc3c2c(=O)n(C)c(=O)n3C)cc1,6.823908740944319,1,1,1,1,6.823908740944319,6.823908740944319,0.0,6.823908740944319
CC(C)c1ccccc1/N=C1\SCC(C)(C)CN1Cc1ccccc1,5.866461091629782,1,1,1,1,5.866461091629782,5.866461091629782,0.0,5.866461091629782
CC(C)c1nc2ccccc2n1C(=O)c1cccc2ccccc12,6.301029995663981,1,1,1,1,6.301029995663981,6.301029995663981,0.0,6.301029995663981
CC(C)n1c(=O)sc2cc(C(=O)C34CC5CC(CC(C5)C3)C4)ccc21,6.552067134407819,1,1,1,1,6.552067134407819,6.552067134407819,0.0,6.552067134407819
CC(Cn1c(=O)sc2cc(C(=O)C34CC5CC(CC(C5)C3)C4)ccc21)N(C)C,6.2958494831602,1,1,1,1,6.2958494831602,6.2958494831602,0.0,6.2958494831602
CC(NC(=O)n1c(=O)n(CCN2CCOCC2)c2ccccc21)c1ccc(F)cc1,6.634512015109101,1,1,1,1,6.634512015109101,6.634512015109101,0.0,6.634512015109101
CC(NS(C)(=O)=O)c1ccc(C(=O)c2ccc(Cl)cc2S(=O)(=O)c2ccc(Cl)cc2)cc1,6.3872161432802645,1,1,1,1,6.3872161432802645,6.3872161432802645,0.0,6.3872161432802645
CC(NS(C)(=O)=O)c1ccc(C(=O)c2ccc(OC(F)(F)F)cc2S(=O)(=O)c2ccccc2F)cc1,6.747146969020107,1,1,1,1,6.747146969020107,6.747146969020107,0.0,6.747146969020107
CC(O)C1(CNS(=O)(=O)C(F)(F)F)CCN(S(=O)(=O)c2ccc(Cl)cc2S(=O)(=O)c2ccccc2F)CC1,8.292429823902063,1,1,1,1,8.292429823902063,8.292429823902063,0.0,8.292429823902063
CC(c1ccccc1)N1CCN(c2ncnc3c2nc(-c2ccccc2Cl)n3-c2ccc(Cl)cc2)CC1,5.886056647693163,1,1,1,1,5.886056647693163,5.886056647693163,0.0,5.886056647693163
CC(c1ccncc1)N1CCN(c2ncnc3c2nc(-c2ccccc2Cl)n3-c2ccc(Cl)cc2)CC1,5.958607314841775,1,1,1,1,5.958607314841775,5.958607314841775,0.0,5.958607314841775
CC/C=C\C/C=C\C/C=C\CCCCCCCC(=O)NCc1ccccc1,4.356942316248547,1,1,1,1,4.356942316248547,4.356942316248547,0.0,4.356942316248547
CC/N=C(\NS(=O)(=O)N(CC)CC)N1CC(c2ccccc2)C(c2ccc(Cl)cc2)=N1,5.543026986364183,1,1,1,1,5.543026986364183,5.543026986364183,0.0,5.543026986364183
CC1(C(=O)c2cn(CC3CCOCC3)c3ccccc23)CC(F)(F)C1(F)F,7.328967386077889,2,1,1,1,7.327902142064282,7.330032630091496,0.0021304880272143834,7.328967386077889
CC1(C(=O)c2cn(CC3CCOCC3)c3ccccc23)CC1(Cl)Cl,6.741160815024465,2,1,1,1,6.740000204918113,6.7423214251308154,0.002321220212702535,6.741160815024465
CC1(C)C(C(=O)c2cn(CC3CCOC3)c3ccccc23)C1(C)C,9.581926591766532,2,1,1,1,9.309981219211304,9.853871964321762,0.543890745110458,9.581926591766532
CC1(C)C(C(=O)c2cn(CC3CCOCC3)c3c(CC4CCOCC4)c4c(cc23)OCO4)C1(C)C,8.99012436628784,1,1,1,1,8.99012436628784,8.99012436628784,0.0,8.99012436628784
CC1(C)C(C(=O)c2cn(CC3CCOCC3)c3c(COc4ccccc4)cccc23)C1(C)C,8.522878745280337,1,1,1,1,8.522878745280337,8.522878745280337,0.0,8.522878745280337
CC1(C)C(C(=O)c2cn(CC3CCOCC3)c3c(F)c(F)c(F)c(F)c23)C1(C)C,8.305505607437643,2,1,1,1,8.301029995663981,8.309981219211306,0.00895122354732436,8.305505607437643
CC1(C)C(C(=O)c2cn(CC3CCOCC3)c3c(O)cccc23)C1(C)C,8.497444078041951,2,1,1,1,8.494850021680094,8.500038134403809,0.005188112723715221,8.497444078041951
CC1(C)C(C(=O)c2cn(CC3CCOCC3)c3c(OCc4ccccc4)cccc23)C1(C)C,8.514315681604288,2,1,1,1,8.508638306165727,8.51999305704285,0.01135475087712301,8.514315681604288
CC1(C)C(C(=O)c2cn(CC3CCOCC3)c3cc(-c4ccccc4)ccc23)C1(C)C,9.38859755930806,2,1,1,1,9.387216143280265,9.389978975335854,0.0027628320555894703,9.38859755930806
CC1(C)C(C(=O)c2cn(CC3CCOCC3)c3cc(Br)ccc23)C1(C)C,9.188527928475652,2,1,1,1,9.187086643357144,9.18996921359416,0.002882570237016324,9.188527928475652
CC1(C)C(C(=O)c2cn(CC3CCOCC3)c3cc(C#N)ccc23)C1(C)C,8.300509466670935,2,1,1,1,8.299988937677888,8.301029995663981,0.001041057986093108,8.300509466670935
CC1(C)C(C(=O)c2cn(CC3CCOCC3)c3cc(C(F)(F)F)ccc23)C1(C)C,8.457989056996663,2,1,1,1,8.455931955649724,8.460046158343603,0.0041142026938789655,8.457989056996663
CC1(C)C(C(=O)c2cn(CC3CCOCC3)c3cc(CN)ccc23)C1(C)C,7.208802395055628,2,1,1,1,7.207608310501746,7.209996479609511,0.002388169107764959,7.208802395055628
CC1(C)C(C(=O)c2cn(CC3CCOCC3)c3cc(Cl)ccc23)C1(C)C,8.601020178131403,2,1,1,1,8.599980364934842,8.602059991327963,0.0020796263931206482,8.601020178131403
CC1(C)C(C(=O)c2cn(CC3CCOCC3)c3cc(O)c(O)cc23)C1(C)C,7.673886502196661,2,1,1,1,7.669992299127241,7.6777807052660805,0.0077884061388395764,7.673886502196661
CC1(C)C(C(=O)c2cn(CC3CCOCC3)c3cc(O)ccc23)C1(C)C,8.070300241885096,2,1,1,1,8.070019409484486,8.070581074285707,0.0005616648012214398,8.070300241885096
CC1(C)C(C(=O)c2cn(CC3CCOCC3)c3cc(OCc4ccccc4)ccc23)C1(C)C,9.052746710663252,2,1,1,1,9.049976093476673,9.05551732784983,0.0055412343731582325,9.052746710663252
CC1(C)C(C(=O)c2cn(CC3CCOCC3)c3cc(S(C)(=O)=O)ccc23)C1(C)C,8.52645476789019,2,1,1,1,8.522878745280337,8.53003079050004,0.00715204521970314,8.52645476789019
CC1(C)C(C(=O)c2cn(CC3CCOCC3)c3cc4c(cc23)OCO4)C1(C)C,8.99506218314392,2,1,1,1,8.99012436628784,9.0,0.00987563371215927,8.99506218314392
CC1(C)C(C(=O)c2cn(CC3CCOCC3)c3ccc(-c4ccccc4)cc23)C1(C)C,7.233302102553811,2,1,1,1,7.230032198670558,7.236572006437063,0.006539807766505312,7.233302102553811
CC1(C)C(C(=O)c2cn(CC3CCOCC3)c3ccc(Br)cc23)C1(C)C,8.180225878824906,2,1,1,1,8.179995693191682,8.18045606445813,0.00046037126644904447,8.180225878824906
CC1(C)C(C(=O)c2cn(CC3CCOCC3)c3ccc(C#N)cc23)C1(C)C,7.521435901161594,2,1,1,1,7.51999305704285,7.522878745280337,0.0028856882374874715,7.521435901161594
CC1(C)C(C(=O)c2cn(CC3CCOCC3)c3ccc(CO)cc23)C1(C)C,6.948464349798218,2,1,1,1,6.94692155651658,6.950007143079858,0.0030855865632775092,6.948464349798218
CC1(C)C(C(=O)c2cn(CC3CCOCC3)c3ccc(Cl)cc23)C1(C)C,8.521435901161594,2,1,1,1,8.51999305704285,8.522878745280337,0.0028856882374874715,8.521435901161594
CC1(C)C(C(=O)c2cn(CC3CCOCC3)c3ccc(F)cc23)C1(C)C,8.797925375395153,2,1,1,1,8.795880017344075,8.79997073344623,0.004090716102155056,8.797925375395153
CC1(C)C(C(=O)c2cn(CC3CCOCC3)c3ccc(N)cc23)C1(C)C,8.030747892808849,2,1,1,1,8.029978734171634,8.031517051446064,0.0015383172744307672,8.030747892808849
CC1(C)C(C(=O)c2cn(CC3CCOCC3)c3ccc(O)cc23)C1(C)C,8.720675709517767,2,1,1,1,8.720105019988361,8.721246399047171,0.0011413790588097328,8.720675709517767
CC1(C)C(C(=O)c2cn(CC3CCOCC3)c3ccc(OCCCCBr)cc23)C1(C)C,7.141344530963355,2,1,1,1,7.140021558357979,7.142667503568731,0.0026459452107516768,7.141344530963355
CC1(C)C(C(=O)c2cn(CC3CCOCC3)c3ccc(OCCCCO)cc23)C1(C)C,6.582510683535065,2,1,1,1,6.579994715040948,6.585026652029182,0.005031936988233454,6.582510683535065
CC1(C)C(C(=O)c2cn(CC3CCOCC3)c3ccc(OCc4ccccc4)cc23)C1(C)C,8.89301545879265,2,1,1,1,8.886056647693163,8.899974269892137,0.0139176221989743,8.89301545879265
CC1(C)C(C(=O)c2cn(CC3CCOCC3)c3cccc(O)c23)C1(C)C,8.409492895823895,2,1,1,1,8.4089353929735,8.410050398674292,0.0011150057007913716,8.409492895823895
CC1(C)C(C(=O)c2cn(CC3CCOCC3)c3cccc(OCc4ccccc4)c23)C1(C)C,8.030747892808849,2,1,1,1,8.029978734171634,8.031517051446064,0.0015383172744307672,8.030747892808849
CC1(C)C(C(=O)c2cn(CC3CCOCC3)c3ccccc23)C1(C)C,9.67388650219666,2,1,1,1,9.669992299127241,9.67778070526608,0.0077884061388395764,9.67388650219666
CC1(C)C(C(=O)c2cn(CC3OCCO3)c3ccccc23)C1(C)C,8.99506218314392,2,1,1,1,8.99012436628784,9.0,0.00987563371215927,8.99506218314392
CC1(C)C(C(=O)c2cn(CCC(N)=O)c3ccccc23)C1(C)C,6.6587848505905605,2,1,1,1,6.657577319177793,6.6599923820033275,0.0024150628255341644,6.6587848505905605
CC1(C)C(C(=O)c2cn(CCC3CCOCC3)c3ccccc23)C1(C)C,8.556439016368438,2,1,1,1,8.55284196865778,8.560036064079096,0.0071940954213154384,8.556439016368438
CC1(C)C(C(=O)c2cn(CCCC(F)(F)F)c3ccccc23)C1(C)C,9.569405178823253,3,2,2,1,9.080921907623926,10.070019409484486,0.9890975018605594,10.045757490560675
CC1(C)C(C(=O)c2cn(CCCCCO)c3ccccc23)C1(C)C,9.149384869476037,2,1,1,1,9.148741651280925,9.15002808767115,0.0012864363902238551,9.149384869476037
CC1(C)C(C(=O)c2cn(CCCCO)c3ccccc23)C1(C)C,8.658765000758201,2,1,1,1,8.657577319177793,8.659952682338607,0.0023753631608141035,8.658765000758201
CC1(C)C(C(=O)c2cn(CCCO)c3ccccc23)C1(C)C,8.67388650219666,2,1,1,1,8.669992299127241,8.67778070526608,0.0077884061388395764,8.67388650219666
CC1(C)C(C(=O)c2cn(CCN3C(=O)CCC3=O)c3ccccc23)C1(C)C,6.7697811210384575,2,1,1,1,6.769551078621726,6.770011163455189,0.0004600848334632701,6.7697811210384575
CC1(C)C(C(=O)c2cn(CCN3CCCC3)c3ccccc23)C1(C)C,8.233302102553811,2,1,1,1,8.230032198670557,8.236572006437063,0.0065398077665062004,8.233302102553811
CC1(C)C(C(=O)c2cn(CCN3CCCC3=O)c3ccccc23)C1(C)C,7.2648315124031,2,1,1,1,7.259637310505756,7.270025714300444,0.010388403794688195,7.2648315124031
CC1(C)C(C(=O)c2cn(CCN3CCCCC3)c3ccccc23)C1(C)C,8.644109035201687,2,1,1,1,8.638272163982407,8.64994590642097,0.011673742438562229,8.644109035201687
CC1(C)C(C(=O)c2cn(CCN3CCCCCC3)c3ccccc23)C1(C)C,7.587546764348944,2,1,1,1,7.585026652029182,7.590066876668706,0.005040224639524027,7.587546764348944
CC1(C)C(C(=O)c2cn(CCN3CCOC3=O)c3ccccc23)C1(C)C,9.74232805345581,2,1,1,1,9.739928612014925,9.744727494896694,0.004798882881768662,9.74232805345581
CC1(C)C(C(=O)c2cn(CCN3CCOCC3)c3cc(O)ccc23)C1(C)C,6.961282433022918,2,1,1,1,6.959991363986458,6.962573502059376,0.00258213807291785,6.961282433022918
CC1(C)C(C(=O)c2cn(CCN3CCOCC3)c3cc(OCc4ccccc4)ccc23)C1(C)C,8.533816396300542,2,1,1,1,8.53003079050004,8.537602002101044,0.007571211601003824,8.533816396300542
CC1(C)C(C(=O)c2cn(CCN3CCOCC3)c3ccc(O)cc23)C1(C)C,7.038108667163014,2,1,1,1,7.036212172654444,7.0400051616715835,0.0037929890171390923,7.038108667163014
CC1(C)C(C(=O)c2cn(CCN3CCOCC3)c3cccc(N)c23)C1(C)C,7.492420754369929,2,1,1,1,7.489991487059765,7.494850021680094,0.004858534620328925,7.492420754369929
CC1(C)C(C(=O)c2cn(CCN3CCOCC3)c3cccc([N+](=O)[O-])c23)C1(C)C,6.52862245423202,2,1,1,1,6.527243550682788,6.530001357781253,0.0027578070984652925,6.52862245423202
CC1(C)C(C(=O)c2cn(CCN3CCOCC3)c3ccccc23)C1(C)C,8.347761853027269,3,2,2,1,8.337242168318426,8.36001575195841,0.022773583639985162,8.356547323513812
CC1(C)C(C(=O)c2cn(CCO)c3ccccc23)C1(C)C,7.250921944742198,2,1,1,1,7.250031916490597,7.251811972993799,0.001780056503202232,7.250921944742198
CC1(C)C(C(=O)c2cn(CCc3ccccn3)c3ccccc23)C1(C)C,7.16375526480771,2,1,1,1,7.160019442321657,7.167491087293763,0.007471644972106617,7.16375526480771
CC1(C)C(C(=O)c2cn(CCc3cccnc3)c3ccccc23)C1(C)C,7.70446769648675,2,1,1,1,7.698970004336019,7.709965388637482,0.010995384301462963,7.70446769648675
CC1(C)C(C(=O)c2cn(CCc3cccs3)c3ccccc23)C1(C)C,8.556439016368438,2,1,1,1,8.55284196865778,8.560036064079096,0.0071940954213154384,8.556439016368438
CC1(C)C(C(=O)c2cn(CCc3ccncc3)c3ccccc23)C1(C)C,7.509339913370447,2,1,1,1,7.508638306165727,7.510041520575165,0.001403214409438469,7.509339913370447
CC1(C)C(C(=O)c2cn(CCc3ccsc3)c3ccccc23)C1(C)C,8.747397869131248,2,1,1,1,8.744727494896694,8.750068243365805,0.005340748469111034,8.747397869131248
CC1(C)C(C(=O)c2cn(CCc3nsc(Cl)n3)c3ccccc23)C1(C)C,8.080451495797504,2,1,1,1,8.079981083971084,8.080921907623926,0.0009408236528418712,8.080451495797504
CC1(C)C(C(=O)c2cn(CCn3cccc3)c3ccccc23)C1(C)C,8.747397869131248,2,1,1,1,8.744727494896694,8.750068243365805,0.005340748469111034,8.747397869131248
CC1(C)C(C(=O)c2cn(C[C@@H]3CCCO3)c3ccccc23)C1(C)C,8.480763439685022,2,1,1,1,8.480040819247932,8.481486060122112,0.0014452408741796319,8.480763439685022
CC1(C)C(C(=O)c2cn(C[C@H]3CCCO3)c3ccccc23)C1(C)C,8.420102145426883,2,1,1,1,8.419987887470576,8.42021640338319,0.00022851591261385806,8.420102145426883
CC1(C)C(C(=O)c2cn(Cc3ccccc3)c3ccccc23)C1(C)C,8.08810122633822,2,1,1,1,8.086186147616283,8.090016305060155,0.00383015744387194,8.08810122633822
CC1(C)C(C(=O)c2cn(Cc3cccnc3)c3ccccc23)C1(C)C,7.521435901161594,2,1,1,1,7.51999305704285,7.522878745280337,0.0028856882374874715,7.521435901161594
CC1(C)C(C(=O)c2cn(Cc3ccncc3)c3ccccc23)C1(C)C,8.435886013510057,2,1,1,1,8.431798275933005,8.439973751087107,0.00817547515410233,8.435886013510057
CC1(C)C2CCC(CNC(=O)c3nn(-c4ccc(Cl)cc4Cl)c4c3CCCc3cc(Cl)ccc3-4)C1C2,7.709965388637482,1,1,1,1,7.709965388637482,7.709965388637482,0.0,7.709965388637482
CC1(C)C2CCC(CNC(=O)c3nn(-c4ccc(Cl)cc4Cl)c4c3CCCc3ccc(Cl)cc3-4)C1C2,7.866461091629782,1,1,1,1,7.866461091629782,7.866461091629782,0.0,7.866461091629782
CC1(C)C2CC[C@@H](CNC(=O)c3cc4c5cccnc5cc(-c5ccc(Cl)cc5Cl)n4n3)C1C2,7.173925197299173,1,1,1,1,7.173925197299173,7.173925197299173,0.0,7.173925197299173
CC1(C)C2CC[C@@](C)(C2)C1NC(=O)c1nn(-c2ccc(Cl)cc2Cl)c2c1CCc1cc(C3CC3)ccc1-2,5.25829701604226,1,1,1,1,5.25829701604226,5.25829701604226,0.0,5.25829701604226
CC1(C)C2CC[C@@](C)(C2)C1NC(=O)c1nn(-c2ccc(Cl)cc2Cl)c2c1Cc1cc(C3CC3)ccc1-2,8.221848749616356,1,1,1,1,8.221848749616356,8.221848749616356,0.0,8.221848749616356
CC1(C)C2CC[C@](C)(C2)[C@@H]1NC(=O)c1c[nH]c2cc(F)ccc2c1=O,6.01904268377038,1,1,1,1,6.01904268377038,6.01904268377038,0.0,6.01904268377038
CC1(C)C2CC[C@](C)(C2)[C@@H]1NC(=O)c1cn(CCCCO)c2cc(F)ccc2c1=O,7.818156412055227,1,1,1,1,7.818156412055227,7.818156412055227,0.0,7.818156412055227
CC1(C)C2CC[C@](C)(C2)[C@@H]1NC(=O)c1cn(CCCCO)c2cc(Sc3ccccc3)ccc2c1=O,8.602059991327963,1,1,1,1,8.602059991327963,8.602059991327963,0.0,8.602059991327963
CC1(C)C2CC[C@](C)(C2)[C@@H]1NC(=O)c1cn(CCCCSc2ccccc2)c2cc(Sc3ccccc3)ccc2c1=O,8.187086643357144,1,1,1,1,8.187086643357144,8.187086643357144,0.0,8.187086643357144
CC1(C)CN(C(=O)C23CC4CC(CC(C4)C2)C3)c2ccccc21,6.301029995663981,1,1,1,1,6.301029995663981,6.301029995663981,0.0,6.301029995663981
CC1(C)COc2cccc3c(=O)c(C(=O)NC45CC6CC(CC(C6)C4)C5)cn1c23,7.251811972993799,1,1,1,1,7.251811972993799,7.251811972993799,0.0,7.251811972993799
CC1(C)Cc2ccc(C#N)cc2[C@@H]1NC(=O)c1cc2cc(Cl)ccc2[nH]1,9.148741651280925,1,1,1,1,9.148741651280925,9.148741651280925,0.0,9.148741651280925
CC1(C)Oc2cc(C(=O)N3C4CC5CC3CC(C4)O5)cc(O)c2[C@@H]2C[C@@H](O)CC[C@H]21,4.6020599913279625,1,1,1,1,4.6020599913279625,4.6020599913279625,0.0,4.6020599913279625
CC1(C)Oc2cc(C(=O)N3C4CC5CC3CC(C4)O5)cc(O)c2[C@@H]2C[C@H](O)CC[C@H]21,4.698970004336019,1,1,1,1,4.698970004336019,4.698970004336019,0.0,4.698970004336019
CC1(C)Oc2cc(C(=O)NC34CC5CC(CC(C5)C3)C4)cc(O)c2[C@@H]2C[C@@H](O)CC[C@H]21,4.455931955649724,1,1,1,1,4.455931955649724,4.455931955649724,0.0,4.455931955649724
CC1(C)Oc2cc(C(=O)NC34CC5CC(CC(C5)C3)C4)cc(O)c2[C@@H]2C[C@H](O)CC[C@H]21,5.060480747381382,1,1,1,1,5.060480747381382,5.060480747381382,0.0,5.060480747381382
CC1(C)Oc2cc(C(=O)NC3C4CC5CC(C4)CC3C5)cc(O)c2[C@@H]2C[C@@H](O)CC[C@H]21,4.823908740944319,1,1,1,1,4.823908740944319,4.823908740944319,0.0,4.823908740944319
CC1(C)Oc2cc(C(=O)NC3C4CC5CC(C4)CC3C5)cc(O)c2[C@@H]2C[C@H](O)CC[C@H]21,5.568636235841012,1,1,1,1,5.568636235841012,5.568636235841012,0.0,5.568636235841012
CC1(C)Oc2cc(C(=O)c3c[nH]c4ccccc34)cc(O)c2[C@@H]2C[C@H](O)CC[C@H]21,6.799696817018415,1,1,1,1,6.799696817018415,6.799696817018415,0.0,6.799696817018415
CC1(C)Oc2cc(C(=O)c3cc4ccccc4o3)cc(O)c2[C@@H]2C[C@H](O)CC[C@H]21,6.6790233226571765,1,1,1,1,6.6790233226571765,6.6790233226571765,0.0,6.6790233226571765
CC1(C)Oc2cc(C(=O)c3cc4ccccc4s3)cc(O)c2[C@@H]2C[C@H](O)CC[C@H]21,6.946537395074545,1,1,1,1,6.946537395074545,6.946537395074545,0.0,6.946537395074545
CC1(C)Oc2cc(C(=O)c3cccc(C(F)(F)F)c3)cc(O)c2[C@@H]2C[C@H](O)CC[C@H]21,7.428291168191312,1,1,1,1,7.428291168191312,7.428291168191312,0.0,7.428291168191312
CC1(C)Oc2cc(C(=O)c3ccccc3)cc(O)c2[C@@H]2C[C@H](O)CC[C@H]21,6.231361898752386,1,1,1,1,6.231361898752386,6.231361898752386,0.0,6.231361898752386
CC1(C)Oc2cc(C(=O)c3ccsc3)cc(O)c2[C@@H]2C[C@H](O)CC[C@H]21,5.809388202186395,1,1,1,1,5.809388202186395,5.809388202186395,0.0,5.809388202186395
CC1(C)Oc2cc(C(=O)c3coc4ccccc34)cc(O)c2[C@@H]2C[C@H](O)CC[C@H]21,6.927382523454764,1,1,1,1,6.927382523454764,6.927382523454764,0.0,6.927382523454764
CC1(C)Oc2cc(C(=O)c3csc4ccccc34)cc(O)c2[C@@H]2C[C@H](O)CC[C@H]21,6.903785414653594,1,1,1,1,6.903785414653594,6.903785414653594,0.0,6.903785414653594
CC1(C)Oc2cc(C3(CCCCCBr)CCC3)cc(O)c2[C@@H]2CC(=O)CC[C@H]21,8.230622673923861,1,1,1,1,8.230622673923861,8.230622673923861,0.0,8.230622673923861
CC1(C)Oc2cc(C3(CCCCCBr)CCC3)cc(O)c2[C@@H]2C[C@@H](O)CC[C@H]21,8.787812395596042,1,1,1,1,8.787812395596042,8.787812395596042,0.0,8.787812395596042
CC1(C)Oc2cc(C3(CCCCCBr)CCC3)cc(O)c2[C@@H]2C[C@H](O)CC[C@H]21,8.790484985457368,1,1,1,1,8.790484985457368,8.790484985457368,0.0,8.790484985457368
CC1(C)Oc2cc(C3(CCCCCBr)CCCC3)cc(O)c2[C@@H]2CC(=O)CC[C@H]21,8.87942606879415,1,1,1,1,8.87942606879415,8.87942606879415,0.0,8.87942606879415
CC1(C)Oc2cc(C3(CCCCCCBr)CCCC3)cc(O)c2[C@@H]2CC(=O)CC[C@H]21,8.51999305704285,1,1,1,1,8.51999305704285,8.51999305704285,0.0,8.51999305704285
CC1(C)Oc2cc(C3(CCCCCCC#N)CCCC3)cc(O)c2[C@@H]2C[C@H](CO)CC[C@H]21,8.853871964321762,1,1,1,1,8.853871964321762,8.853871964321762,0.0,8.853871964321762
CC1(C)Oc2cc(C3(CCCCCCCC#N)CCCC3)cc(O)c2[C@@H]2C[C@H](CN=C=S)CC[C@H]21,9.221848749616356,1,1,1,1,9.221848749616356,9.221848749616356,0.0,9.221848749616356
CC1(C)Oc2cc(C3(CCCCCCCC#N)CCCC3)cc(O)c2[C@@H]2C[C@H](CN=[N+]=[N-])CC[C@H]21,9.522878745280337,1,1,1,1,9.522878745280337,9.522878745280337,0.0,9.522878745280337
CC1(C)Oc2cc(C3(CCCCCCCC#N)CCCC3)cc(O)c2[C@@H]2C[C@H](CO)CC[C@H]21,9.397940008672037,1,1,1,1,9.397940008672037,9.397940008672037,0.0,9.397940008672037
CC1(C)Oc2cc(C3(CCCCCCCN=C=S)CCCC3)cc(O)c2[C@@H]2C[C@H](CN=C=S)CC[C@H]21,8.3767507096021,1,1,1,1,8.3767507096021,8.3767507096021,0.0,8.3767507096021
CC1(C)Oc2cc(C3(CCCCCCCN=C=S)CCCC3)cc(O)c2[C@@H]2C[C@H](CO)CC[C@H]21,9.0,1,1,1,1,9.0,9.0,0.0,9.0
CC1(C)Oc2cc(C3(CCCCCCCN=[N+]=[N-])CCCC3)cc(O)c2[C@@H]2C[C@H](CN=[N+]=[N-])CC[C@H]21,8.823908740944319,1,1,1,1,8.823908740944319,8.823908740944319,0.0,8.823908740944319
CC1(C)Oc2cc(C3(CCCCCCCN=[N+]=[N-])CCCC3)cc(O)c2[C@@H]2C[C@H](CO)CC[C@H]21,8.823908740944319,1,1,1,1,8.823908740944319,8.823908740944319,0.0,8.823908740944319
CC1(C)Oc2cc(C3(CCCCCCN=C=S)CCCC3)cc(O)c2[C@@H]2C[C@H](CO)CC[C@H]21,8.886056647693163,1,1,1,1,8.886056647693163,8.886056647693163,0.0,8.886056647693163
CC1(C)Oc2cc(C3(CCCCCCN=[N+]=[N-])CCCC3)cc(O)c2[C@@H]2C[C@H](CO)CC[C@H]21,9.096910013008056,1,1,1,1,9.096910013008056,9.096910013008056,0.0,9.096910013008056
CC1(C)Oc2cc(C34CC5CC(CC(C#N)(C5)O3)C4)cc(O)c2[C@@H]2C[C@H](O)CC[C@H]21,7.498940737782249,1,1,1,1,7.498940737782249,7.498940737782249,0.0,7.498940737782249
CC1(C)Oc2cc(C34CC5CC(CC(C(N)=O)(C5)O3)C4)cc(O)c2[C@@H]2C[C@H](CO)CC[C@H]21,7.037157318798758,1,1,1,1,7.037157318798758,7.037157318798758,0.0,7.037157318798758
CC1(C)Oc2cc(C34CC5CC(CC(C(N)=O)(C5)O3)C4)cc(O)c2[C@@H]2C[C@H](O)CC[C@H]21,6.432973633840939,1,1,1,1,6.432973633840939,6.432973633840939,0.0,6.432973633840939
CC1(C)Oc2cc(C34CC5CC(CC(C5)C3)C4)cc(O)c2-c2cc(CO)ccc21,7.330683119433887,1,1,1,1,7.330683119433887,7.330683119433887,0.0,7.330683119433887
CC1(C)Oc2cc(C34CC5CC(CC(C5)C3)C4)cc(O)c2-c2cc(O)ccc21,6.2588484011482155,1,1,1,1,6.2588484011482155,6.2588484011482155,0.0,6.2588484011482155
CC1(C)Oc2cc(C34CC5CC(CC(C5)C3)C4)cc(O)c2[C@@H]2CC(=O)CC[C@H]21,6.471083299722345,1,1,1,1,6.471083299722345,6.471083299722345,0.0,6.471083299722345
CC1(C)Oc2cc(C34CC5CC(CC(C5)C3)C4)cc(O)c2[C@@H]2CC(CO)=CC[C@H]21,7.853871964321762,1,1,1,1,7.853871964321762,7.853871964321762,0.0,7.853871964321762
CC1(C)Oc2cc(C34CC5CC(CC(C5)C3)C4)cc(O)c2[C@@H]2C[C@@H](C=O)CC[C@H]21,8.045757490560675,1,1,1,1,8.045757490560675,8.045757490560675,0.0,8.045757490560675
CC1(C)Oc2cc(C34CC5CC(CC(C5)C3)C4)cc(O)c2[C@@H]2C[C@@H](CC=O)CC[C@H]21,8.10790539730952,1,1,1,1,8.10790539730952,8.10790539730952,0.0,8.10790539730952
CC1(C)Oc2cc(C34CC5CC(CC(C5)C3)C4)cc(O)c2[C@@H]2C[C@@H](CCO)CC[C@H]21,6.437350327788083,1,1,1,1,6.437350327788083,6.437350327788083,0.0,6.437350327788083
CC1(C)Oc2cc(C34CC5CC(CC(C5)C3)C4)cc(O)c2[C@@H]2C[C@@H](CO)CC[C@H]21,6.916497380169733,1,1,1,1,6.916497380169733,6.916497380169733,0.0,6.916497380169733
CC1(C)Oc2cc(C34CC5CC(CC(C5)C3)C4)cc(O)c2[C@@H]2C[C@@H](O)CC[C@H]21,6.172760000494355,1,1,1,1,6.172760000494355,6.172760000494355,0.0,6.172760000494355
CC1(C)Oc2cc(C34CC5CC(CC(C5)C3)C4)cc(O)c2[C@@H]2C[C@H](C=O)CC[C@H]21,8.259637310505756,1,1,1,1,8.259637310505756,8.259637310505756,0.0,8.259637310505756
CC1(C)Oc2cc(C34CC5CC(CC(C5)C3)C4)cc(O)c2[C@@H]2C[C@H](CC#N)CC[C@H]21,6.998699066979582,1,1,1,1,6.998699066979582,6.998699066979582,0.0,6.998699066979582
CC1(C)Oc2cc(C34CC5CC(CC(C5)C3)C4)cc(O)c2[C@@H]2C[C@H](CC=O)CC[C@H]21,7.950781977329818,1,1,1,1,7.950781977329818,7.950781977329818,0.0,7.950781977329818
CC1(C)Oc2cc(C34CC5CC(CC(C5)C3)C4)cc(O)c2[C@@H]2C[C@H](CCO)CC[C@H]21,7.47755576649368,1,1,1,1,7.47755576649368,7.47755576649368,0.0,7.47755576649368
CC1(C)Oc2cc(C34CC5CC(CC(C5)C3)C4)cc(O)c2[C@@H]2C[C@H](CI)CC[C@H]21,6.582196277360119,1,1,1,1,6.582196277360119,6.582196277360119,0.0,6.582196277360119
CC1(C)Oc2cc(C34CC5CC(CC(C5)C3)C4)cc(O)c2[C@@H]2C[C@H](CO)CC[C@H]21,7.94692155651658,1,1,1,1,7.94692155651658,7.94692155651658,0.0,7.94692155651658
CC1(C)Oc2cc(C34CC5CC(CC(C5)C3)C4)cc(O)c2[C@@H]2C[C@H](O)CC[C@H]21,7.392544976785332,1,1,1,1,7.392544976785332,7.392544976785332,0.0,7.392544976785332
CC1(C)Oc2cc(C34CC5CC(CC(C5)O3)C4)cc(O)c2[C@@H]2C[C@@H](O)CC[C@H]21,5.886056647693163,1,1,1,1,5.886056647693163,5.886056647693163,0.0,5.886056647693163
CC1(C)Oc2cc(C34CC5CC(CC(C5)O3)C4)cc(O)c2[C@@H]2C[C@H](O)CC[C@H]21,7.721246399047171,1,1,1,1,7.721246399047171,7.721246399047171,0.0,7.721246399047171
CC1(C)Oc2cc(C34CC5CC(CC(CN=C=S)(C5)O3)C4)cc(O)c2[C@@H]2C[C@H](CO)CC[C@H]21,8.327902142064282,1,1,1,1,8.327902142064282,8.327902142064282,0.0,8.327902142064282
CC1(C)Oc2cc(C34CC5CC(CC(CN=C=S)(C5)O3)C4)cc(O)c2[C@@H]2C[C@H](O)CC[C@H]21,8.443697499232712,1,1,1,1,8.443697499232712,8.443697499232712,0.0,8.443697499232712
CC1(C)Oc2cc(C34CC5CC(CC(CN=[N+]=[N-])(C5)O3)C4)cc(O)c2[C@@H]2C[C@H](CO)CC[C@H]21,8.657577319177793,1,1,1,1,8.657577319177793,8.657577319177793,0.0,8.657577319177793
CC1(C)Oc2cc(C34CC5CC(CC(CN=[N+]=[N-])(C5)O3)C4)cc(O)c2[C@@H]2C[C@H](O)CC[C@H]21,8.508638306165727,1,1,1,1,8.508638306165727,8.508638306165727,0.0,8.508638306165727
CC1(C)Oc2cc(CN3C4CC5CC3CC(C4)O5)cc(O)c2[C@@H]2C[C@@H](O)CC[C@H]21,5.301029995663981,1,1,1,1,5.301029995663981,5.301029995663981,0.0,5.301029995663981
CC1(C)Oc2cc(CN3C4CC5CC3CC(C4)O5)cc(O)c2[C@@H]2C[C@H](O)CC[C@H]21,4.823908740944319,1,1,1,1,4.823908740944319,4.823908740944319,0.0,4.823908740944319
CC1(C)Oc2cc(CNC34CC5CC(CC(C5)C3)C4)cc(O)c2[C@@H]2C[C@@H](O)CC[C@H]21,4.6020599913279625,1,1,1,1,4.6020599913279625,4.6020599913279625,0.0,4.6020599913279625
CC1(C)Oc2cc(CNC34CC5CC(CC(C5)C3)C4)cc(O)c2[C@@H]2C[C@H](O)CC[C@H]21,5.0,1,1,1,1,5.0,5.0,0.0,5.0
CC1(C)Oc2cc(CNC3C4CC5CC(C4)CC3C5)cc(O)c2[C@@H]2C[C@@H](O)CC[C@H]21,4.6020599913279625,1,1,1,1,4.6020599913279625,4.6020599913279625,0.0,4.6020599913279625
CC1(C)Oc2cc(CNC3C4CC5CC(C4)CC3C5)cc(O)c2[C@@H]2C[C@H](O)CC[C@H]21,4.698970004336019,1,1,1,1,4.698970004336019,4.698970004336019,0.0,4.698970004336019
CC1(C)Oc2cc(N3C4CC5CC3CC(C4)O5)cc(O)c2[C@@H]2C[C@@H](O)CC[C@H]21,4.826813731587726,1,1,1,1,4.826813731587726,4.826813731587726,0.0,4.826813731587726
CC1(C)Oc2cc(N3C4CC5CC3CC(C4)O5)cc(O)c2[C@@H]2C[C@H](O)CC[C@H]21,5.7447274948966935,1,1,1,1,5.7447274948966935,5.7447274948966935,0.0,5.7447274948966935
CC1(C)Oc2cc([C@]34CC5CC(C[C@@](C#N)(C5)C3)C4)cc(O)c2[C@@H]2C[C@H](O)CC[C@H]21,8.3767507096021,1,1,1,1,8.3767507096021,8.3767507096021,0.0,8.3767507096021
CC1(C)Oc2cc([C@]34CC5CC(C[C@@](C(N)=O)(C5)C3)C4)cc(O)c2[C@@H]2C[C@H](O)CC[C@H]21,6.4723700991286615,1,1,1,1,6.4723700991286615,6.4723700991286615,0.0,6.4723700991286615
CC1(C)Oc2cc([C@]34CC5CC(C[C@@](CC#N)(C5)C3)C4)cc(O)c2[C@@H]2C[C@H](O)CC[C@H]21,8.337242168318426,1,1,1,1,8.337242168318426,8.337242168318426,0.0,8.337242168318426
CC1(C)Oc2cc([C@]34CC5CC(C[C@@](CN=C=S)(C5)C3)C4)cc(O)c2[C@@H]2C[C@H](O)CC[C@H]21,7.987162775294828,1,1,1,1,7.987162775294828,7.987162775294828,0.0,7.987162775294828
CC1(C)Oc2cc([C@]34CC5CC(C[C@@](CN=[N+]=[N-])(C5)C3)C4)cc(O)c2[C@@H]2C[C@H](O)CC[C@H]21,8.017728766960431,1,1,1,1,8.017728766960431,8.017728766960431,0.0,8.017728766960431
CC1(C)Oc2cc([C@]34CC5CC(C[C@@](N=C=S)(C5)C3)C4)cc(O)c2[C@@H]2C[C@H](O)CC[C@H]21,7.882728704344236,1,1,1,1,7.882728704344236,7.882728704344236,0.0,7.882728704344236
CC1(C)Oc2cc([C@]34CC5CC(C[C@@](N=[N+]=[N-])(C5)C3)C4)cc(O)c2[C@@H]2C[C@H](O)CC[C@H]21,7.605548319173783,1,1,1,1,7.605548319173783,7.605548319173783,0.0,7.605548319173783
CC1(C)[C@@H]2CC[C@]1(C)[C@H](NC(=O)c1nn(-c3ccc(Cl)cc3Cl)c3c1Cc1cc(C4CC4)ccc1-3)C2,7.42021640338319,1,1,1,1,7.42021640338319,7.42021640338319,0.0,7.42021640338319
CC1(C)[C@H]2CC[C@](C)(C2)[C@@H]1NC(=O)c1ccc(Br)c(S(=O)(=O)N2CCCC2)c1,8.0268721464003,1,1,1,1,8.0268721464003,8.0268721464003,0.0,8.0268721464003
CC1(C)[C@H]2CC[C@](C)(C2)[C@@H]1NC(=O)c1ccc(Br)c(S(=O)(=O)N2CCCCC2)c1,7.886056647693163,1,1,1,1,7.886056647693163,7.886056647693163,0.0,7.886056647693163
CC1(C)[C@H]2CC[C@](C)(C2)[C@@H]1NC(=O)c1ccc(Br)c(S(=O)(=O)N2CCOCC2)c1,8.455931955649724,1,1,1,1,8.455931955649724,8.455931955649724,0.0,8.455931955649724
CC1(CNS(=O)(=O)C(F)(F)F)CCN(S(=O)(=O)c2ccc(Cl)cc2S(=O)(=O)c2ccccc2F)CC1,9.4089353929735,1,1,1,1,9.4089353929735,9.4089353929735,0.0,9.4089353929735
CC1(Cc2ccccc2)COc2cc(C(=O)N3CCCCC3)ccc21,6.374687549038326,1,1,1,1,6.374687549038326,6.374687549038326,0.0,6.374687549038326
CC12CC3CC(C)(C1)CC(NC(=O)c1cn(CCCc4ccccc4)c4ccccc4c1=O)(C3)C2,6.795880017344075,1,1,1,1,6.795880017344075,6.795880017344075,0.0,6.795880017344075
CC12CC3CC(C)(C1)CC(NC(=O)c1cn(CCN4CCOCC4)c4ccccc4c1=O)(C3)C2,6.655607726314889,1,1,1,1,6.655607726314889,6.655607726314889,0.0,6.655607726314889
CC12CC3CC(C)(C1)CC(NC(=O)c1cn(CCc4ccccc4)c4ccccc4c1=O)(C3)C2,6.47755576649368,1,1,1,1,6.47755576649368,6.47755576649368,0.0,6.47755576649368
CC12CC3CC(C)(C1)CC(NC(=O)c1cn(Cc4ccc(F)cc4)c4ccccc4c1=O)(C3)C2,7.078833949362261,1,1,1,1,7.078833949362261,7.078833949362261,0.0,7.078833949362261
CC12CC3CC(C)(C1)CC(NC(=O)c1cn(Cc4ccccc4)c4ccccc4c1=O)(C3)C2,6.1778319206319825,1,1,1,1,6.1778319206319825,6.1778319206319825,0.0,6.1778319206319825
CC12CC3CC(C)(C1)CC(NC(=O)c1cn4c5c(cccc5c1=O)OCC4c1ccccc1)(C3)C2,8.462180904926726,1,1,1,1,8.462180904926726,8.462180904926726,0.0,8.462180904926726
CC1=C(C(=O)c2cccc3ccccc23)C2C=CC=C3OC[C@@H](CN4CCOCC4)N1C32,8.602059991327963,1,1,1,1,8.602059991327963,8.602059991327963,0.0,8.602059991327963
CC1=CC[C@@H]2[C@@H](C1)c1c(O)cc(C(C)(C)C(=O)CCCCBr)cc1OC2(C)C,9.096910013008056,1,1,1,1,9.096910013008056,9.096910013008056,0.0,9.096910013008056
CC1=CC[C@@H]2[C@@H](C1)c1c(O)cc(C(C)(C)C(=O)OCCBr)cc1OC2(C)C,8.32555563846428,2,2,2,1,8.113509274827518,8.537602002101044,0.42409272727352665,8.32555563846428
CC1=CC[C@@H]2[C@@H](C1)c1c(O)cc(C(C)(C)C(=O)OCCCBr)cc1OC2(C)C,9.18837535480105,2,2,2,1,9.154901959985743,9.221848749616356,0.06694678963061307,9.18837535480105
CC1=CC[C@@H]2[C@@H](C1)c1c(O)cc(C(C)(C)C(=O)OCCCC#N)cc1OC2(C)C,8.853871964321762,1,1,1,1,8.853871964321762,8.853871964321762,0.0,8.853871964321762
CC1=CC[C@@H]2[C@@H](C1)c1c(O)cc(C(C)(C)C(=O)OCCCCBr)cc1OC2(C)C,9.096910013008056,1,1,1,1,9.096910013008056,9.096910013008056,0.0,9.096910013008056
CC1=CC[C@@H]2[C@@H](C1)c1c(O)cc(C(C)(C)C(=O)OCCCCC#N)cc1OC2(C)C,9.045757490560675,1,1,1,1,9.045757490560675,9.045757490560675,0.0,9.045757490560675
CC1=CC[C@@H]2[C@@H](C1)c1c(O)cc(C(C)(C)C(=O)OCCCCCBr)cc1OC2(C)C,9.221848749616356,1,1,1,1,9.221848749616356,9.221848749616356,0.0,9.221848749616356
CC1=CC[C@@H]2[C@@H](C1)c1c(O)cc(C(C)(C)C(=O)OCCCCN3CCOCC3)cc1OC2(C)C,7.399027104313252,1,1,1,1,7.399027104313252,7.399027104313252,0.0,7.399027104313252
CC1=CC[C@@H]2[C@@H](C1)c1c(O)cc(C(C)(C)C(=O)OCCCCn3ccnc3)cc1OC2(C)C,8.086995011104449,2,2,2,1,8.060480747381382,8.113509274827518,0.053028527446135953,8.086995011104449
CC1=CC[C@@H]2[C@@H](C1)c1c(O)cc(C(C)(C)C(=O)OCCCN=[N+]=[N-])cc1OC2(C)C,9.096910013008056,1,1,1,1,9.096910013008056,9.096910013008056,0.0,9.096910013008056
CC1=CC[C@@H]2[C@@H](C1)c1c(O)cc(C(C)(C)C(=O)OCCCn3ccnc3)cc1OC2(C)C,8.903437700822769,2,2,2,1,8.886056647693163,8.920818753952375,0.034762106259211834,8.903437700822769
CC1=CC[C@@H]2[C@@H](C1)c1c(O)cc(C(C)(C)c3cc(C)cc(C)c3)cc1OC2(C)C,8.127843727251708,1,1,1,1,8.127843727251708,8.127843727251708,0.0,8.127843727251708
CC1=CC[C@@H]2[C@@H](C1)c1c(O)cc(C(C)(C)c3ccc(Br)cc3)cc1OC2(C)C,8.812479279163536,1,1,1,1,8.812479279163536,8.812479279163536,0.0,8.812479279163536
CC1=CC[C@@H]2[C@@H](C1)c1c(O)cc(C(C)(C)c3ccc(C#N)cc3)cc1OC2(C)C,8.596879478824182,1,1,1,1,8.596879478824182,8.596879478824182,0.0,8.596879478824182
CC1=CC[C@@H]2[C@@H](C1)c1c(O)cc(C(C)(C)c3ccc(C(N)=O)cc3)cc1OC2(C)C,7.866461091629782,1,1,1,1,7.866461091629782,7.866461091629782,0.0,7.866461091629782
CC1=CC[C@@H]2[C@@H](C1)c1c(O)cc(C(C)(C)c3ccc(C)cc3)cc1OC2(C)C,9.05551732784983,1,1,1,1,9.05551732784983,9.05551732784983,0.0,9.05551732784983
CC1=CC[C@@H]2[C@@H](C1)c1c(O)cc(C(C)(C)c3ccc(Cl)cc3)cc1OC2(C)C,8.774690718274137,1,1,1,1,8.774690718274137,8.774690718274137,0.0,8.774690718274137
CC1=CC[C@@H]2[C@@H](C1)c1c(O)cc(C(C)(C)c3ccc(F)cc3)cc1OC2(C)C,7.906578314837764,1,1,1,1,7.906578314837764,7.906578314837764,0.0,7.906578314837764
CC1=CC[C@@H]2[C@@H](C1)c1c(O)cc(C(C)(C)c3cccc(Br)c3)cc1OC2(C)C,9.267606240177031,1,1,1,1,9.267606240177031,9.267606240177031,0.0,9.267606240177031
CC1=CC[C@@H]2[C@@H](C1)c1c(O)cc(C(C)(C)c3cccc(C#N)c3)cc1OC2(C)C,9.040958607678906,1,1,1,1,9.040958607678906,9.040958607678906,0.0,9.040958607678906
CC1=CC[C@@H]2[C@@H](C1)c1c(O)cc(C(C)(C)c3cccc(C)c3)cc1OC2(C)C,8.94692155651658,1,1,1,1,8.94692155651658,8.94692155651658,0.0,8.94692155651658
CC1=CC[C@@H]2[C@@H](C1)c1c(O)cc(C(C)(C)c3cccc(Cl)c3)cc1OC2(C)C,8.450996737974211,1,1,1,1,8.450996737974211,8.450996737974211,0.0,8.450996737974211
CC1=CC[C@@H]2[C@@H](C1)c1c(O)cc(C(C)(C)c3cccc(F)c3)cc1OC2(C)C,9.045757490560675,1,1,1,1,9.045757490560675,9.045757490560675,0.0,9.045757490560675
CC1=CC[C@@H]2[C@@H](C1)c1c(O)cc(C(C)(C)c3ccccc3C)cc1OC2(C)C,7.972650392225243,1,1,1,1,7.972650392225243,7.972650392225243,0.0,7.972650392225243
CC1=CC[C@@H]2[C@@H](C1)c1c(O)cc(C(C)(C)c3cccs3)cc1OC2(C)C,9.30479742175996,2,2,2,1,9.040958607678906,9.568636235841012,0.5276776281621061,9.30479742175996
CC1=CC[C@@H]2[C@@H](C1)c1c(O)cc(C3(C(=O)OCCCCBr)CCC3)cc1OC2(C)C,9.154901959985743,1,1,1,1,9.154901959985743,9.154901959985743,0.0,9.154901959985743
CC1=CC[C@@H]2[C@@H](C1)c1c(O)cc(C3(C(=O)OCCCCC#N)CCC3)cc1OC2(C)C,8.744727494896694,1,1,1,1,8.744727494896694,8.744727494896694,0.0,8.744727494896694
CC1=CC[C@@H]2[C@@H](C1)c1c(O)cc(C3(C(=O)OCCCCN=[N+]=[N-])CCC3)cc1OC2(C)C,8.568636235841012,1,1,1,1,8.568636235841012,8.568636235841012,0.0,8.568636235841012
CC1=CC[C@@H]2[C@@H](C1)c1c(O)cc(CC(=O)OCCCCBr)cc1OC2(C)C,8.148741651280925,1,1,1,1,8.148741651280925,8.148741651280925,0.0,8.148741651280925
CC1=CC[C@@H]2[C@@H](C1)c1c(O)cc(CC(=O)OCCCCC#N)cc1OC2(C)C,8.920818753952375,1,1,1,1,8.920818753952375,8.920818753952375,0.0,8.920818753952375
CC1=CC[C@@H]2[C@@H](C1)c1c(OC(=O)CCCN3CCOCC3)cc(C(C)(C)CCCCC#N)cc1OC2(C)C,8.096910013008056,1,1,1,1,8.096910013008056,8.096910013008056,0.0,8.096910013008056
CC1=CC[C@@H]2[C@@H](C1)c1ccc(C(C)(C)C(=O)OCCCN3CCOCC3)cc1OC2(C)C,8.060480747381382,1,1,1,1,8.060480747381382,8.060480747381382,0.0,8.060480747381382
CC1=CC[C@H]2[C@@H](C1)c1c(O)cc(C(C)(C)C(=O)OCCCCC#N)cc1OC2(C)C,9.096910013008056,1,1,1,1,9.096910013008056,9.096910013008056,0.0,9.096910013008056
CC1=CC[C@H]2[C@@H](C1)c1c(O)cc(C(C)(C)C(=O)OCCCCCBr)cc1OC2(C)C,9.221848749616356,1,1,1,1,9.221848749616356,9.221848749616356,0.0,9.221848749616356
CC1=CC[C@H]2[C@H](C1)c1c(O)cc(/C(C)=N/OCCCC#N)cc1OC2(C)C,8.886056647693163,1,1,1,1,8.886056647693163,8.886056647693163,0.0,8.886056647693163
CC1=CC[C@H]2[C@H](C1)c1c(O)cc(/C(C)=N/OCCCC(F)(F)F)cc1OC2(C)C,8.522878745280337,1,1,1,1,8.522878745280337,8.522878745280337,0.0,8.522878745280337
CC1=CC[C@H]2[C@H](C1)c1c(O)cc(/C(C)=N/OCCCCF)cc1OC2(C)C,8.013228265733755,1,1,1,1,8.013228265733755,8.013228265733755,0.0,8.013228265733755
CC1=CC[C@H]2[C@H](C1)c1c(O)cc(/C(C)=N/OCCCc3ccccc3)cc1OC2(C)C,8.568636235841012,1,1,1,1,8.568636235841012,8.568636235841012,0.0,8.568636235841012
CC1=CC[C@H]2[C@H](C1)c1c(O)cc(/C(C)=N/OCCCn3ccnc3)cc1OC2(C)C,8.431798275933005,1,1,1,1,8.431798275933005,8.431798275933005,0.0,8.431798275933005
CC1=CC[C@H]2[C@H](C1)c1c(O)cc(/C(C)=N/OCCN3CCCC3)cc1OC2(C)C,8.075720713938118,1,1,1,1,8.075720713938118,8.075720713938118,0.0,8.075720713938118
CC1=CC[C@H]2[C@H](C1)c1c(O)cc(/C(C)=N/OCCN3CCCCC3)cc1OC2(C)C,8.602059991327963,1,1,1,1,8.602059991327963,8.602059991327963,0.0,8.602059991327963
CC1=CC[C@H]2[C@H](C1)c1c(O)cc(/C(C)=N/OCCN3CCOCC3)cc1OC2(C)C,9.154901959985743,1,1,1,1,9.154901959985743,9.154901959985743,0.0,9.154901959985743
CC1=CC[C@H]2[C@H](C1)c1c(O)cc(/C(C)=N/OCCOc3ccccc3)cc1OC2(C)C,8.207608310501746,1,1,1,1,8.207608310501746,8.207608310501746,0.0,8.207608310501746
CC1=CC[C@H]2[C@H](C1)c1c(O)cc(/C(C)=N\OCCCC#N)cc1OC2(C)C,9.397940008672037,1,1,1,1,9.397940008672037,9.397940008672037,0.0,9.397940008672037
CC1=CC[C@H]2[C@H](C1)c1c(O)cc(/C(C)=N\OCCCc3ccccc3)cc1OC2(C)C,8.537602002101044,1,1,1,1,8.537602002101044,8.537602002101044,0.0,8.537602002101044
CC1CC(C)CN(S(=O)(=O)c2ccc(F)c(C(=O)NC(c3ccccc3)c3ccccc3)c2)C1,5.0,1,1,1,1,5.0,5.0,0.0,5.0
CC1CCC(NC(=O)c2c(O)c3cccnc3n(CCCO)c2=O)CC1,6.667561540084394,1,1,1,1,6.667561540084394,6.667561540084394,0.0,6.667561540084394
CC1CCC(NC(=O)c2c(O)c3cccnc3n(CCN3CCOCC3)c2=O)CC1,8.12842706445412,1,1,1,1,8.12842706445412,8.12842706445412,0.0,8.12842706445412
CC1CCC(NC(=O)c2c(O)c3cccnc3n(Cc3ccc(F)cc3)c2=O)CC1,9.1249387366083,1,1,1,1,9.1249387366083,9.1249387366083,0.0,9.1249387366083
CC1CCC(NC(=O)c2cc3cc(-c4ccc(F)cc4)cnc3n(CCN3CCOCC3)c2=O)CC1,9.167491087293763,1,1,1,1,9.167491087293763,9.167491087293763,0.0,9.167491087293763
CC1CCC(NC(=O)c2cc3cc(-c4ccc(F)cc4)cnc3n(Cc3ccc(F)cc3)c2=O)CC1,8.66354026615147,1,1,1,1,8.66354026615147,8.66354026615147,0.0,8.66354026615147
CC1CCC(NC(=O)c2cc3cc(-c4ccco4)cnc3n(CCN3CCOCC3)c2=O)CC1,9.455931955649724,1,1,1,1,9.455931955649724,9.455931955649724,0.0,9.455931955649724
CC1CCC(NC(=O)c2cc3cc(-c4ccco4)cnc3n(Cc3ccc(F)cc3)c2=O)CC1,9.173925197299173,1,1,1,1,9.173925197299173,9.173925197299173,0.0,9.173925197299173
CC1CCC(NC(=O)c2cc3cc(-c4cccs4)cnc3n(CCN3CCOCC3)c2=O)CC1,9.769551078621726,1,1,1,1,9.769551078621726,9.769551078621726,0.0,9.769551078621726
CC1CCC(NC(=O)c2cc3cc(-c4cccs4)cnc3n(Cc3ccc(F)cc3)c2=O)CC1,8.732828271596986,1,1,1,1,8.732828271596986,8.732828271596986,0.0,8.732828271596986
CC1CCC(NC(=O)c2cc3cc(Br)cnc3n(CCN3CCOCC3)c2=O)CC1,8.899629454882437,1,1,1,1,8.899629454882437,8.899629454882437,0.0,8.899629454882437
CC1CCC(NC(=O)c2cc3cc(Br)cnc3n(Cc3ccc(F)cc3)c2=O)CC1,9.744727494896694,1,1,1,1,9.744727494896694,9.744727494896694,0.0,9.744727494896694
CC1CCC(NC(=O)c2cc3ccccc3n(CCCO)c2=O)CC1,7.443697499232712,1,1,1,1,7.443697499232712,7.443697499232712,0.0,7.443697499232712
CC1CCC(NC(=O)c2cc3ccccc3n(CCN3CCOCC3)c2=O)CC1,8.3767507096021,1,1,1,1,8.3767507096021,8.3767507096021,0.0,8.3767507096021
CC1CCC(NC(=O)c2cc3ccccc3n(Cc3ccc(F)cc3)c2=O)CC1,9.1249387366083,1,1,1,1,9.1249387366083,9.1249387366083,0.0,9.1249387366083
CC1CCC(NC(=O)c2cc3cccnc3n(CCC(=O)O)c2=O)CC1,5.855737226238009,1,1,1,1,5.855737226238009,5.855737226238009,0.0,5.855737226238009
CC1CCC(NC(=O)c2cc3cccnc3n(CCCC(=O)O)c2=O)CC1,5.608006927740288,1,1,1,1,5.608006927740288,5.608006927740288,0.0,5.608006927740288
CC1CCC(NC(=O)c2cc3cccnc3n(CCCCC(=O)O)c2=O)CC1,5.872571222148402,1,1,1,1,5.872571222148402,5.872571222148402,0.0,5.872571222148402
CC1CCC(NC(=O)c2cc3cccnc3n(CCCCCCF)c2=O)CC1,8.835647144215564,1,1,1,1,8.835647144215564,8.835647144215564,0.0,8.835647144215564
CC1CCC(NC(=O)c2cc3cccnc3n(CCCCCCO)c2=O)CC1,7.7447274948966935,1,1,1,1,7.7447274948966935,7.7447274948966935,0.0,7.7447274948966935
CC1CCC(NC(=O)c2cc3cccnc3n(CCCCCF)c2=O)CC1,9.2518119729938,1,1,1,1,9.2518119729938,9.2518119729938,0.0,9.2518119729938
CC1CCC(NC(=O)c2cc3cccnc3n(CCCCCO)c2=O)CC1,8.443697499232712,1,1,1,1,8.443697499232712,8.443697499232712,0.0,8.443697499232712
CC1CCC(NC(=O)c2cc3cccnc3n(CCCCF)c2=O)CC1,8.866461091629782,1,1,1,1,8.866461091629782,8.866461091629782,0.0,8.866461091629782
CC1CCC(NC(=O)c2cc3cccnc3n(CCCCO)c2=O)CC1,7.273272790973428,1,1,1,1,7.273272790973428,7.273272790973428,0.0,7.273272790973428
CC1CCC(NC(=O)c2cc3cccnc3n(CCCO)c2=O)CC1,6.889410289700751,1,1,1,1,6.889410289700751,6.889410289700751,0.0,6.889410289700751
CC1CCC(NC(=O)c2cc3cccnc3n(CCN3CCOCC3)c2=O)CC1,8.721246399047171,1,1,1,1,8.721246399047171,8.721246399047171,0.0,8.721246399047171
CC1CCC(NC(=O)c2cc3cccnc3n(CCO)c2=O)CC1,5.678608721688311,1,1,1,1,5.678608721688311,5.678608721688311,0.0,5.678608721688311
CC1CCC(NC(=O)c2cc3cccnc3n(Cc3ccc(F)cc3)c2=O)CC1,9.045757490560675,1,1,1,1,9.045757490560675,9.045757490560675,0.0,9.045757490560675
CC1CCC(NC(=O)c2cc3cccnc3n(Cc3ccccc3)c2=O)CC1,8.10790539730952,1,1,1,1,8.10790539730952,8.10790539730952,0.0,8.10790539730952
CC1CCC(NC(=O)c2cccn(Cc3ccc(F)cc3)c2=O)CC1,8.318758762624412,1,1,1,1,8.318758762624412,8.318758762624412,0.0,8.318758762624412
CC1CCC(NC(=O)c2cccn(Cc3ccccc3)c2=O)CC1,7.275724130399211,1,1,1,1,7.275724130399211,7.275724130399211,0.0,7.275724130399211
CC1CCC(NC(=O)c2cccnc2OCc2ccc(F)cc2)CC1,7.096910013008056,1,1,1,1,7.096910013008056,7.096910013008056,0.0,7.096910013008056
CC1CCC(NC(=O)c2cccnc2OCc2ccccc2)CC1,6.2262135550188065,1,1,1,1,6.2262135550188065,6.2262135550188065,0.0,6.2262135550188065
CC1CCN(C(=O)c2ccc3[nH]c4c(c3c2)CN(C2CCCC2)C4)CC1,5.325690111058522,1,1,1,1,5.325690111058522,5.325690111058522,0.0,5.325690111058522
CC1CCN(C(=O)c2ccc3c(c2)c2c(n3C)CN(C3CCCC3)C2)CC1,7.072116589669293,1,1,1,1,7.072116589669293,7.072116589669293,0.0,7.072116589669293
CC1CCN(C(=O)c2ccc3c(c2)c2c(n3Cc3ccccc3)CN(C3CCCC3)C2)CC1,6.97469413473523,1,1,1,1,6.97469413473523,6.97469413473523,0.0,6.97469413473523
CC1CCN(C(=O)c2ccc3c(c2)c2c(n3S(=O)(=O)C(C)C)CN(C3CCCC3)C2)CC1,8.3767507096021,1,1,1,1,8.3767507096021,8.3767507096021,0.0,8.3767507096021
CC1CCN(C(=O)c2ccc3c(c2)c2c(n3S(=O)(=O)C3CC3)CN(C3CCCC3)C2)CC1,8.0268721464003,1,1,1,1,8.0268721464003,8.0268721464003,0.0,8.0268721464003
CC1CCN(C(=O)c2ccc3c(c2)c2c(n3S(=O)(=O)c3ccccc3)CN(C3CCCC3)C2)CC1,7.747146969020107,1,1,1,1,7.747146969020107,7.747146969020107,0.0,7.747146969020107
CC1CCN(C(=O)c2ccc3c(c2)c2c(n3S(C)(=O)=O)CN(C3CCCC3)C2)CC1,8.102372908709558,1,1,1,1,8.102372908709558,8.102372908709558,0.0,8.102372908709558
CC1COc2cccc3c(=O)c(C(=O)NC45CC6CC(CC(C6)C4)C5)cn1c23,7.327902142064282,1,1,1,1,7.327902142064282,7.327902142064282,0.0,7.327902142064282
CC1COc2cccc3c(=O)c(C(=O)NC4CCCCC4)cn1c23,7.221848749616356,1,1,1,1,7.221848749616356,7.221848749616356,0.0,7.221848749616356
CC1COc2cccc3c(=O)c(C(=O)NC4CCCCCC4)cn1c23,7.42021640338319,1,1,1,1,7.42021640338319,7.42021640338319,0.0,7.42021640338319
CC1Oc2cccc3c(=O)c(C(=O)NC45CC6CC(CC(C6)C4)C5)cn(c23)C1c1ccccc1,6.478861916295964,1,1,1,1,6.478861916295964,6.478861916295964,0.0,6.478861916295964
CC1Oc2cccc3c(=O)c(C(=O)NC4CCCCC4)cn(c23)C1c1ccccc1,6.270835210307229,1,1,1,1,6.270835210307229,6.270835210307229,0.0,6.270835210307229
CCC(=O)N1CC(C)(C)CS/C1=N\c1ccccc1C(C)C,5.679853713888946,1,1,1,1,5.679853713888946,5.679853713888946,0.0,5.679853713888946
CCC(=O)NC1CCCOc2c1nn(-c1ccccc1Cl)c2-c1ccc(Cl)cc1,4.779891911959945,1,1,1,1,4.779891911959945,4.779891911959945,0.0,4.779891911959945
CCC(C)(C)C(=O)Cc1cc(C)c(C)c(S(=O)(=O)N2CCCCC2)c1,8.568636235841012,1,1,1,1,8.568636235841012,8.568636235841012,0.0,8.568636235841012
CCC(C)(C)C(=O)Cc1cc(C)c(C)c(S(=O)(=O)N2CCCCCC2)c1,8.045757490560675,1,1,1,1,8.045757490560675,8.045757490560675,0.0,8.045757490560675
CCC(C)(C)C(=O)Nc1cc(C)c(C)c(S(=O)(=O)N2CCCCC2)c1,8.568636235841012,1,1,1,1,8.568636235841012,8.568636235841012,0.0,8.568636235841012
CCC(C)(C)C(=O)Nc1cc(C)c(C)c(S(=O)(=O)N2CCCCCC2)c1,8.045757490560675,1,1,1,1,8.045757490560675,8.045757490560675,0.0,8.045757490560675
CCC(C)(C)C(=O)Nc1cc(C)c(C)c(S(=O)(=O)N2CCC[C@@H]2CO)c1,7.366531544420413,1,1,1,1,7.366531544420413,7.366531544420413,0.0,7.366531544420413
CCC(C)(C)C(=O)Nc1cc(C)c(C)c(S(=O)(=O)N2CCOCC2)c1,7.769551078621726,1,1,1,1,7.769551078621726,7.769551078621726,0.0,7.769551078621726
CCC(C)(C)C(=O)Nc1cc(C)c(C)c(S(=O)(=O)N2CCS(=O)(=O)CC2)c1,8.075720713938118,1,1,1,1,8.075720713938118,8.075720713938118,0.0,8.075720713938118
CCC(C)(C)C(=O)Nc1cc(C)c(C)c(S(=O)(=O)N2CCSC2)c1,8.161150909262744,1,1,1,1,8.161150909262744,8.161150909262744,0.0,8.161150909262744
CCC(C)(C)C(=O)Nc1cc(C)c(C)c(S(=O)(=O)N2CC[C@H](O)C2)c1,7.045757490560675,1,1,1,1,7.045757490560675,7.045757490560675,0.0,7.045757490560675
CCC(C)(C)C(=O)Nc1cc(C)c(C)c(S(=O)(=O)NC2CCCC2)c1,7.026872146400302,1,1,1,1,7.026872146400302,7.026872146400302,0.0,7.026872146400302
CCC(C)(C)C(=O)Nc1cc(C)c(C)c(S(=O)(=O)NCC2CC2)c1,7.180456064458131,1,1,1,1,7.180456064458131,7.180456064458131,0.0,7.180456064458131
CCC(C)(C)C(=O)Nc1cc(CN2CCOCC2)c(C#N)cn1,7.0,1,1,1,1,7.0,7.0,0.0,7.0
CCC(C)(C)C(=O)Nc1cc(CN2CCOCC2)c(C)cc1C,6.275724130399211,1,1,1,1,6.275724130399211,6.275724130399211,0.0,6.275724130399211
CCC(C)(C)C(=O)Nc1cc(CN2CCOCC2)c(C)cc1F,6.920818753952375,1,1,1,1,6.920818753952375,6.920818753952375,0.0,6.920818753952375
CCC(C)(C)C(=O)Nc1cc(CN2CCOCC2)c(C)cn1,7.619788758288394,1,1,1,1,7.619788758288394,7.619788758288394,0.0,7.619788758288394
CCC(C)(C)C(=O)Nc1cc(CN2CCOCC2)c(N)cn1,6.060480747381382,1,1,1,1,6.060480747381382,6.060480747381382,0.0,6.060480747381382
CCC(C)(C)C(=O)Nc1cc(CN2CCOCC2)cc(C)n1,7.173925197299173,1,1,1,1,7.173925197299173,7.173925197299173,0.0,7.173925197299173
CCC(C)(C)C(=O)Nc1cc(S(=O)(=O)N2CCOCC2)c(C)c(C)c1C,6.3872161432802645,1,1,1,1,6.3872161432802645,6.3872161432802645,0.0,6.3872161432802645
CCC(C)(C)C(=O)Nc1cc(S(=O)(=O)N2CCOCC2)c(C)cc1C,6.119186407719209,1,1,1,1,6.119186407719209,6.119186407719209,0.0,6.119186407719209
CCC(C)(C)C(=O)Nc1cc2c(c(S(=O)(=O)N3CCOCC3)c1)CCC2,7.920818753952375,1,1,1,1,7.920818753952375,7.920818753952375,0.0,7.920818753952375
CCC(C)(C)C(=O)Nc1cc2c(c(S(=O)(=O)N3CCOCC3)c1)CCCC2,7.853871964321762,1,1,1,1,7.853871964321762,7.853871964321762,0.0,7.853871964321762
CCC(C)(C)C(=O)Nc1ccc(C)c(CN2CCOCC2)c1,6.920818753952375,1,1,1,1,6.920818753952375,6.920818753952375,0.0,6.920818753952375
CCC(C)(C)C(=O)Nc1ccc(C)c(CN2CCOCC2)n1,5.7447274948966935,1,1,1,1,5.7447274948966935,5.7447274948966935,0.0,5.7447274948966935
CCC(C)(C)C(=O)Nc1ccc(C)c(S(=O)(=O)N2CCOCC2)c1,6.537602002101044,1,1,1,1,6.537602002101044,6.537602002101044,0.0,6.537602002101044
CCC(C)(C)NC(=O)c1nn(-c2ccc(Cl)cc2Cl)c(-n2c(C)ccc2C)c1C,6.915423722065669,1,1,1,1,6.915423722065669,6.915423722065669,0.0,6.915423722065669
CCC(C)(C)NC(=O)c1nn(-c2ccc(Cl)cc2Cl)c(-n2cccc2)c1C,8.244125144327509,1,1,1,1,8.244125144327509,8.244125144327509,0.0,8.244125144327509
CCC(C)(C)c1ccc([C@@H]2CCC[C@@H](O)C2)cc1,5.424927674286188,1,1,1,1,5.424927674286188,5.424927674286188,0.0,5.424927674286188
CCC(C)(C)c1ccc([C@@H]2C[C@H](O)CC[C@H]2CCCO)cc1,5.865822892423234,1,1,1,1,5.865822892423234,5.865822892423234,0.0,5.865822892423234
CCC(C)(C)c1ccc([C@H]2CCC[C@@H](O)C2)cc1,5.400990760176656,1,1,1,1,5.400990760176656,5.400990760176656,0.0,5.400990760176656
CCC(C)(C)c1ccc2c(c1)OC(C)(C)C1CC=C(C)CC21,7.853871964321762,1,1,1,1,7.853871964321762,7.853871964321762,0.0,7.853871964321762
CCC(CC)(CC)c1cc(/N=C2\OCC3(CCCCC3)CN2C(=S)SC)on1,9.0,1,1,1,1,9.0,9.0,0.0,9.0
CCC(CC)(NC(=O)c1ccc(N2CC(F)(F)C2)c(OCC2CC2)n1)C(=O)NC,6.746177561291926,1,1,1,1,6.746177561291926,6.746177561291926,0.0,6.746177561291926
CCC(CC)(NC(=O)c1ccc(N2CC(F)(F)C2)c(OCC2CC2)n1)C(=O)NCCF,6.111315153340302,1,1,1,1,6.111315153340302,6.111315153340302,0.0,6.111315153340302
CCC(CC)(NC(=O)c1ccc(N2CC(F)C2)c(OC[C@@H]2C[C@H]2CO)n1)C(=O)N[C@H](CO)CC(C)C,5.381638068890122,1,1,1,1,5.381638068890122,5.381638068890122,0.0,5.381638068890122
CCC(CC)(NC(=O)c1ccc(N2CC(F)C2)c(OC[C@@H]2C[C@H]2CO)n1)C(=O)OCCCF,7.962573502059376,1,1,1,1,7.962573502059376,7.962573502059376,0.0,7.962573502059376
CCC(CC)(NC(=O)c1ccc(N2CC(F)C2)c(OC[C@H]2C[C@@H]2CO)n1)C(=O)N[C@H](CO)CC(C)C,5.4039529924545615,1,1,1,1,5.4039529924545615,5.4039529924545615,0.0,5.4039529924545615
CCC(CC)(NC(=O)c1ccc(N2CC(F)C2)c(OC[C@H]2C[C@@H]2CO)n1)C(=O)OCCCF,8.769551078621726,1,1,1,1,8.769551078621726,8.769551078621726,0.0,8.769551078621726
CCC(CC)(NC(=O)c1ccc(N2CC(O)C2)c(OC[C@H]2C[C@@H]2COCc2ccccc2)n1)C(=O)OCCCF,6.1220530483708115,1,1,1,1,6.1220530483708115,6.1220530483708115,0.0,6.1220530483708115
CCC(CC)(NC(=O)c1ccc(N2CC(OC)C2)c(OCC2CC2)n1)C(=O)N1CC(F)C1,7.73754891026957,1,1,1,1,7.73754891026957,7.73754891026957,0.0,7.73754891026957
CCC(CC)(NC(=O)c1ccc(N2CC(OC)C2)c(OCC2CC2)n1)C(=O)NC,6.7700623140920655,1,1,1,1,6.7700623140920655,6.7700623140920655,0.0,6.7700623140920655
CCC(CC)(NC(=O)c1ccc(N2CC(OC)C2)c(OCC2CC2)n1)C(=O)NCCCF,5.685122008464187,1,1,1,1,5.685122008464187,5.685122008464187,0.0,5.685122008464187
CCC(CC)(NC(=O)c1ccc(N2CC(OC)C2)c(OCC2CC2)n1)C(=O)NCCF,6.04464904263234,1,1,1,1,6.04464904263234,6.04464904263234,0.0,6.04464904263234
CCC(CC)(NC(=O)c1ccc(N2CC(OC)C2)c(OC[C@@H]2C[C@H]2CO)n1)C(=O)OCCCF,7.72584215073632,1,1,1,1,7.72584215073632,7.72584215073632,0.0,7.72584215073632
CCC(CC)(NC(=O)c1ccc(N2CC(OC)C2)c(OC[C@@H]2C[C@H]2CO)n1)C(=O)OCCF,7.943095148663527,1,1,1,1,7.943095148663527,7.943095148663527,0.0,7.943095148663527
CCC(CC)(NC(=O)c1ccc(N2CC(OC)C2)c(OC[C@H]2C[C@@H]2CO)n1)C(=O)N[C@H](CO)CC(C)C,6.886056647693163,1,1,1,1,6.886056647693163,6.886056647693163,0.0,6.886056647693163
CCC(CC)(NC(=O)c1ccc(N2CC(OC)C2)c(OC[C@H]2C[C@@H]2CO)n1)C(=O)OCCCCF,8.744727494896694,1,1,1,1,8.744727494896694,8.744727494896694,0.0,8.744727494896694
CCC(CC)(NC(=O)c1ccc(N2CC(OC)C2)c(OC[C@H]2C[C@@H]2CO)n1)C(=O)OCCCF,9.1259059864969,2,1,1,1,9.096910013008056,9.154901959985743,0.05799194697768684,9.1259059864969
CCC(CC)(NC(=O)c1ccc(N2CC(OC)C2)c(OC[C@H]2C[C@@H]2CO)n1)C(=O)OCCCOS(=O)(=O)c1ccc(C)cc1,7.424652474428643,2,1,1,1,7.183758700008217,7.665546248849069,0.4817875488408525,7.424652474428643
CCC(CC)(NC(=O)c1ccc(N2CC(OC)C2)c(OC[C@H]2C[C@@H]2CO)n1)C(=O)OCCF,9.522878745280337,1,1,1,1,9.522878745280337,9.522878745280337,0.0,9.522878745280337
CCC(CC)(NC(=O)c1ccc(N2CC(OC)C2)c(OC[C@H]2C[C@@H]2COCc2ccccc2)n1)C(=O)OCCCF,6.609064892896621,1,1,1,1,6.609064892896621,6.609064892896621,0.0,6.609064892896621
CCC(CC)(NC(=O)c1ccc(N2CC(OS(=O)(=O)c3ccc(C)cc3)C2)c(OC[C@H]2C[C@@H]2CO)n1)C(=O)OCCCF,7.931814138253838,1,1,1,1,7.931814138253838,7.931814138253838,0.0,7.931814138253838
CCC(CC)(NC(=O)c1ccc(N2CCCC2)c(OCC2(CO)COC2)n1)C(=O)OCCCF,5.857610533881164,1,1,1,1,5.857610533881164,5.857610533881164,0.0,5.857610533881164
CCC(CC)(NC(=O)c1ccc(N2CCCC2)c(OCC2(CO)COC2)n1)C(=O)OCCF,6.2168113089247425,1,1,1,1,6.2168113089247425,6.2168113089247425,0.0,6.2168113089247425
CCC(CC)(NC(=O)c1ccc(N2CCCC2)c(OCC2(CO)COC2)n1)C(=O)OCF,6.458420756053419,1,1,1,1,6.458420756053419,6.458420756053419,0.0,6.458420756053419
CCC(c1ccc([C@H](C)NS(C)(=O)=O)cc1)c1ccc(Cl)cc1S(=O)(=O)c1ccc(Cl)cc1,7.119186407719209,1,1,1,1,7.119186407719209,7.119186407719209,0.0,7.119186407719209
CCC/C=C/C/C=C/CCC/C=C/C=C/C(=O)NCC(C)CC,5.917214629683549,1,1,1,1,5.917214629683549,5.917214629683549,0.0,5.917214629683549
CCC/C=C\C#C/C=C\C=C\CC/C=C/C=C/C(=O)NCC(C)C,5.037157318798758,1,1,1,1,5.037157318798758,5.037157318798758,0.0,5.037157318798758
CCC1(C(=O)Nc2cc(CN3CCOCC3)c(C)cn2)CC1,7.200659450546418,1,1,1,1,7.200659450546418,7.200659450546418,0.0,7.200659450546418
CCC1(C(=O)Nc2cc(CN3CCOCC3)c(C)cn2)CCC1,7.346787486224656,1,1,1,1,7.346787486224656,7.346787486224656,0.0,7.346787486224656
CCC1(C(=O)Nc2cc(CN3CCOCC3)c(C)cn2)CCCC1,7.886056647693163,1,1,1,1,7.886056647693163,7.886056647693163,0.0,7.886056647693163
CCC1(C(=O)Nc2cc(CN3CCOCC3)c(C)cn2)CCCCC1,8.154901959985743,1,1,1,1,8.154901959985743,8.154901959985743,0.0,8.154901959985743
CCC1(CC)CS/C(=N\c2ccccc2C(C)C)N(C(=S)SC)C1,8.045757490560675,1,1,1,1,8.045757490560675,8.045757490560675,0.0,8.045757490560675
CCC1(CNS(=O)(=O)C(F)(F)F)CCN(S(=O)(=O)c2ccc(Cl)cc2S(=O)(=O)c2ccccc2F)CC1,9.698970004336019,1,1,1,1,9.698970004336019,9.698970004336019,0.0,9.698970004336019
CCC1CCC(C(=O)c2cn(CCN3CCOCC3)c3ccccc23)CC1,7.795880017344075,1,1,1,1,7.795880017344075,7.795880017344075,0.0,7.795880017344075
CCC1COc2c(F)c(F)cc3c(=O)c(C(=O)NC45CC6CC(CC(C6)C4)C5)cn1c23,7.481486060122112,1,1,1,1,7.481486060122112,7.481486060122112,0.0,7.481486060122112
CCC1COc2c(F)ccc3c(=O)c(C(=O)NC45CC6CC(CC(C6)C4)C5)cn1c23,8.13430394008393,1,1,1,1,8.13430394008393,8.13430394008393,0.0,8.13430394008393
CCC1COc2c(N3CCCC3)ccc3c(=O)c(C(=O)NC45CC6CC(CC(C6)C4)C5)cn1c23,8.090443970758825,1,1,1,1,8.090443970758825,8.090443970758825,0.0,8.090443970758825
CCC1COc2c(OC)ccc3c(=O)c(C(=O)NC45CC6CC(CC(C6)C4)C5)cn1c23,8.168770306132936,1,1,1,1,8.168770306132936,8.168770306132936,0.0,8.168770306132936
CCC1COc2cccc3c(=O)c(C(=O)N(C(C)C)C(C)C)cn1c23,7.070581074285707,1,1,1,1,7.070581074285707,7.070581074285707,0.0,7.070581074285707
CCC1COc2cccc3c(=O)c(C(=O)NC(C)CCC(C)C)cn1c23,7.801342913045577,1,1,1,1,7.801342913045577,7.801342913045577,0.0,7.801342913045577
CCC1COc2cccc3c(=O)c(C(=O)NC45CC6CC(CC(C6)C4)C5)cn1c23,8.133694573602401,2,2,2,1,8.106238237942057,8.161150909262744,0.05491267132068778,8.133694573602401
CCC1COc2cccc3c(=O)c(C(=O)NC4C5CC6CC(C5)CC4C6)cn1c23,7.87942606879415,1,1,1,1,7.87942606879415,7.87942606879415,0.0,7.87942606879415
CCC1COc2cccc3c(=O)c(C(=O)NC4CCCCC4)cn1c23,7.657577319177793,1,1,1,1,7.657577319177793,7.657577319177793,0.0,7.657577319177793
CCC1COc2cccc3c(=O)c(C(=O)NC4CCCCCC4)cn1c23,8.034328028779893,1,1,1,1,8.034328028779893,8.034328028779893,0.0,8.034328028779893
CCC1COc2cccc3c(=O)c(C(=O)Nc4ccncc4)cn1c23,6.818156412055227,1,1,1,1,6.818156412055227,6.818156412055227,0.0,6.818156412055227
CCC1COc2cccc3c(=O)c(C(=O)Nc4nccs4)cn1c23,6.576754126063192,1,1,1,1,6.576754126063192,6.576754126063192,0.0,6.576754126063192
CCCC(C)(C)C(=O)Nc1cc(C)c(C)c(S(=O)(=O)N2CCOCC2)c1,8.013228265733755,1,1,1,1,8.013228265733755,8.013228265733755,0.0,8.013228265733755
CCCC(C)(C)C(=O)Nc1cc(CN2CCOCC2)c(C)cn1,8.275724130399212,1,1,1,1,8.275724130399212,8.275724130399212,0.0,8.275724130399212
CCCC(C)(C)c1cc(Br)c2c(c1)OC(C)(C)[C@@H]1CC=C(C)C[C@@H]21,6.576754126063192,1,1,1,1,6.576754126063192,6.576754126063192,0.0,6.576754126063192
CCCC(C)(C)c1ccc([C@@H]2CCC[C@@H](O)C2)cc1,5.822175028135318,1,1,1,1,5.822175028135318,5.822175028135318,0.0,5.822175028135318
CCCC(C)(C)c1ccc([C@@H]2C[C@H](O)CC[C@H]2CCCO)cc1,5.749092300299144,1,1,1,1,5.749092300299144,5.749092300299144,0.0,5.749092300299144
CCCC(C)(C)c1ccc([C@H]2CCC[C@@H](O)C2)cc1,5.686132779630847,1,1,1,1,5.686132779630847,5.686132779630847,0.0,5.686132779630847
CCCC(C)(C)c1ccc2c(c1)OC(C)(C)C1CC=C(C)CC21,8.468521082957745,1,1,1,1,8.468521082957745,8.468521082957745,0.0,8.468521082957745
CCCC(C)(C)c1ccc2c(c1)OC(C)(C)[C@@H]1CC=C(O)C[C@@H]21,7.692503962086787,1,1,1,1,7.692503962086787,7.692503962086787,0.0,7.692503962086787
CCCC(C)O/N=C(/C)c1cc(O)c2c(c1)OC(C)(C)[C@H]1CC=C(C)C[C@H]21,8.214670164989233,1,1,1,1,8.214670164989233,8.214670164989233,0.0,8.214670164989233
CCCC(C)O/N=C(\C)c1cc(O)c2c(c1)OC(C)(C)[C@H]1CC=C(C)C[C@H]21,7.619788758288394,1,1,1,1,7.619788758288394,7.619788758288394,0.0,7.619788758288394
CCCC/C=C\C1(c2cc(O)c3c(c2)OC(C)(C)[C@@H]2CCC(=O)C[C@@H]32)CCC1,7.82102305270683,1,1,1,1,7.82102305270683,7.82102305270683,0.0,7.82102305270683
CCCC/C=C\C1(c2cc(O)c3c(c2)OC(C)(C)[C@@H]2CCC(=O)C[C@@H]32)CCCC1,8.153662887870194,1,1,1,1,8.153662887870194,8.153662887870194,0.0,8.153662887870194
CCCC1(CNS(=O)(=O)C(F)(F)F)CCN(S(=O)(=O)c2ccc(Cl)cc2S(=O)(=O)c2ccccc2F)CC1,8.267606240177031,1,1,1,1,8.267606240177031,8.267606240177031,0.0,8.267606240177031
CCCC1COc2ccc(C)c3c(=O)c(C(=O)NC45CC6CC(CC(C6)C4)C5)cn1c23,7.982966660701219,1,1,1,1,7.982966660701219,7.982966660701219,0.0,7.982966660701219
CCCC1COc2ccc(C)c3c(=O)c(C(=O)NC4CCCCC4)cn1c23,7.42021640338319,1,1,1,1,7.42021640338319,7.42021640338319,0.0,7.42021640338319
CCCC1COc2cccc3c(=O)c(C(=O)NC45CC6CC(C)(CC(C)(C6)C4)C5)cn1c23,8.441291429466835,1,1,1,1,8.441291429466835,8.441291429466835,0.0,8.441291429466835
CCCC1COc2cccc3c(=O)c(C(=O)NC45CC6CC(CC(C6)C4)C5)cn1c23,8.630784142589857,1,1,1,1,8.630784142589857,8.630784142589857,0.0,8.630784142589857
CCCC1COc2cccc3c(=O)c(C(=O)NC4CCCCC4)cn1c23,9.494850021680094,1,1,1,1,9.494850021680094,9.494850021680094,0.0,9.494850021680094
CCCCC(=O)N1CCC(NC(=O)c2nn(-c3ccc(Cl)cc3Cl)c(-c3ccc(Cl)cc3)c2C)CC1,5.748361779551788,1,1,1,1,5.748361779551788,5.748361779551788,0.0,5.748361779551788
CCCCC(=O)N1CCN(c2ncnc3c2nc(-c2ccccc2Cl)n3-c2ccc(Cl)cc2)CC1,6.3979400086720375,1,1,1,1,6.3979400086720375,6.3979400086720375,0.0,6.3979400086720375
CCCCC(=O)NC(NC(=O)CCCC)c1ccc(N(CC)CC)cc1,6.739928612014925,2,1,1,1,6.739928612014925,6.739928612014925,0.0,6.739928612014925
CCCCC(=O)NC1CCN(c2ncnc3c2nc(-c2ccccc2Cl)n3-c2ccc(C(F)(F)F)nc2)CC1,6.376750709602099,1,1,1,1,6.376750709602099,6.376750709602099,0.0,6.376750709602099
CCCCC(=O)NC1CCN(c2ncnc3c2nc(-c2ccccc2Cl)n3-c2ccc(Cl)cc2)CC1,5.980468315468745,1,1,1,1,5.980468315468745,5.980468315468745,0.0,5.980468315468745
CCCCC(=O)OCC(C)(C)c1cc(O)c2c(c1)OC(C)(C)[C@@H]1CC=C(C)C[C@@H]21,9.0,1,1,1,1,9.0,9.0,0.0,9.0
CCCCC(C)(C)C(=O)Nc1cc(C)c(C)c(S(=O)(=O)N2CCOCC2)c1,8.958607314841775,1,1,1,1,8.958607314841775,8.958607314841775,0.0,8.958607314841775
CCCCC(C)(C)c1cc(Br)c2c(c1)OC(C)(C)[C@@H]1CC=C(C)C[C@@H]21,7.1487416512809245,1,1,1,1,7.1487416512809245,7.1487416512809245,0.0,7.1487416512809245
CCCCC(C)(C)c1cc(OC)c(C2C=C(CO)C3CC2C3(C)C)c(OC)c1,7.6439741428068775,1,1,1,1,7.6439741428068775,7.6439741428068775,0.0,7.6439741428068775
CCCCC(C)(C)c1cc(OC)c2cc(Cc3ccccc3OC)c(=O)oc2c1,6.638190943939378,2,1,1,1,6.636388020107855,6.639993867770901,0.003605847663045836,6.638190943939378
CCCCC(C)(C)c1ccc([C@@H]2CCC[C@@H](O)C2)cc1,6.262807357295262,1,1,1,1,6.262807357295262,6.262807357295262,0.0,6.262807357295262
CCCCC(C)(C)c1ccc([C@@H]2C[C@H](O)CC[C@H]2CCCO)cc1,6.154901959985743,1,1,1,1,6.154901959985743,6.154901959985743,0.0,6.154901959985743
CCCCC(C)(C)c1ccc([C@H]2CCC[C@@H](O)C2)cc1,6.1944991418416,1,1,1,1,6.1944991418416,6.1944991418416,0.0,6.1944991418416
CCCCC(NC(=O)Cc1ccccc1)NC(=O)Cc1ccccc1,4.444059803657566,2,1,1,1,4.444059562181489,4.444060045133642,4.829521529359226e-07,4.444059803657566
CCCCC/C=C\C/C=C\C/C=C\C/C=C\CCCC(=O)N(C)c1c(C)n(C)n(-c2ccccc2)c1=O,5.522878745280337,1,1,1,1,5.522878745280337,5.522878745280337,0.0,5.522878745280337
CCCCC/C=C\C/C=C\C/C=C\C/C=C\CCCC(=O)N(O)CCO,5.721246399047171,1,1,1,1,5.721246399047171,5.721246399047171,0.0,5.721246399047171
CCCCC/C=C\C/C=C\C/C=C\C/C=C\CCCC(=O)N1CCN(c2ccc(C)c(C)c2)CC1,5.376750709602099,1,1,1,1,5.376750709602099,5.376750709602099,0.0,5.376750709602099
CCCCC/C=C\C/C=C\C/C=C\C/C=C\CCCC(=O)N1CCN(c2ccc(F)cc2)CC1,5.292429823902063,1,1,1,1,5.292429823902063,5.292429823902063,0.0,5.292429823902063
CCCCC/C=C\C/C=C\C/C=C\C/C=C\CCCC(=O)NCCCl,7.022276394711152,1,1,1,1,7.022276394711152,7.022276394711152,0.0,7.022276394711152
CCCCC/C=C\C/C=C\C/C=C\C/C=C\CCCC(=O)NCCO,6.759709106585415,4,4,4,1,6.430626090384954,6.795880017344075,0.36525392695912107,6.759709106585415
CCCCC/C=C\C/C=C\C/C=C\C/C=C\CCCC(=O)NCCc1ccc(OC)cc1OC,5.3979400086720375,1,1,1,1,5.3979400086720375,5.3979400086720375,0.0,5.3979400086720375
CCCCC/C=C\C/C=C\C/C=C\C/C=C\CCCC(=O)NCc1cc(OC)ccc1OC,5.3872161432802645,1,1,1,1,5.3872161432802645,5.3872161432802645,0.0,5.3872161432802645
CCCCC/C=C\C/C=C\C/C=C\C/C=C\CCCC(=O)NCc1ccc(O)cc1,7.0,1,1,1,1,7.0,7.0,0.0,7.0
CCCCC/C=C\C/C=C\C/C=C\C/C=C\CCCC(=O)NCc1ccc(OC)cc1,5.346787486224656,1,1,1,1,5.346787486224656,5.346787486224656,0.0,5.346787486224656
CCCCC/C=C\C/C=C\C/C=C\C/C=C\CCCC(=O)NCc1ccc(OC)cc1OC,5.3979400086720375,1,1,1,1,5.3979400086720375,5.3979400086720375,0.0,5.3979400086720375
CCCCC/C=C\C/C=C\C/C=C\C/C=C\CCCC(=O)NOCCO,7.0915149811213505,1,1,1,1,7.0915149811213505,7.0915149811213505,0.0,7.0915149811213505
CCCCC/C=C\C/C=C\C/C=C\C/C=C\CCCC(=O)N[C@@H]1C[C@@H]1O,6.761439372640169,2,1,1,1,6.698970004336019,6.823908740944319,0.1249387366082999,6.761439372640169
CCCCC/C=C\C/C=C\C/C=C\C/C=C\CCCC(=O)N[C@@H]1C[C@H]1O,6.670517578667782,2,1,1,1,6.619788758288394,6.721246399047171,0.1014576407587775,6.670517578667782
CCCCC/C=C\C/C=C\C/C=C\C/C=C\CCCC(=O)N[C@H](C)CO,6.657577319177793,1,1,1,1,6.657577319177793,6.657577319177793,0.0,6.657577319177793
CCCCC/C=C\C/C=C\C/C=C\C/C=C\CCCC(=O)N[C@H]1C[C@@H]1O,6.628796524496429,2,2,2,1,6.537602002101044,6.719991046891813,0.182389044790769,6.628796524496429
CCCCC/C=C\C/C=C\C/C=C\C/C=C\CCCC(=O)N[C@H]1C[C@H]1O,6.721246399047171,1,1,1,1,6.721246399047171,6.721246399047171,0.0,6.721246399047171
CCCCC/C=C\C/C=C\C/C=C\C/C=C\CCCC(=O)Nc1c(C)n(C)n(-c2ccccc2)c1=O,5.267606240177031,1,1,1,1,5.267606240177031,5.267606240177031,0.0,5.267606240177031
CCCCC/C=C\C/C=C\C/C=C\C/C=C\CCCC(=O)Nc1ccc(N2CCOCC2)cc1,5.366531544420413,1,1,1,1,5.366531544420413,5.366531544420413,0.0,5.366531544420413
CCCCC/C=C\C/C=C\C/C=C\C/C=C\CCCC(=O)Nc1ccc(O)c(OC)c1,6.0,1,1,1,1,6.0,6.0,0.0,6.0
CCCCC/C=C\C/C=C\C/C=C\C/C=C\CCCC(=O)Nc1ccc(O)cc1,5.886056647693163,1,1,1,1,5.886056647693163,5.886056647693163,0.0,5.886056647693163
CCCCC/C=C\C/C=C\C/C=C\C/C=C\CCCC(=O)Nc1ccc(OC)cc1,5.3979400086720375,1,1,1,1,5.3979400086720375,5.3979400086720375,0.0,5.3979400086720375
CCCCC/C=C\C/C=C\C/C=C\C/C=C\CCCC(=O)Nc1ccc2[nH]ncc2c1,6.0,1,1,1,1,6.0,6.0,0.0,6.0
CCCCC/C=C\C/C=C\C/C=C\C/C=C\CCCC(=O)OC(CO)CO,5.869964306007462,2,2,2,1,5.853871964321762,5.886056647693163,0.032184683371401235,5.869964306007462
CCCCC/C=C\C/C=C\C/C=C\C/C=C\CCCC(=O)OC(CO)COC(=O)CCCCCNC(=O)CCCC[C@@H]1SC[C@@H]2NC(=O)N[C@@H]21,6.421360790031928,1,1,1,1,6.421360790031928,6.421360790031928,0.0,6.421360790031928
CCCCC/C=C\C/C=C\C/C=C\C/C=C\CCCC(=O)ONCCO,5.619788758288394,1,1,1,1,5.619788758288394,5.619788758288394,0.0,5.619788758288394
CCCCC/C=C\C/C=C\C/C=C\C/C=C\CCCCOC(CO)CO,5.522878745280337,1,1,1,1,5.522878745280337,5.522878745280337,0.0,5.522878745280337
CCCCC/C=C\C/C=C\C/C=C\C/C=C\CCCCOC(CO)COC(=O)CCCCCNC(=O)CCCC[C@@H]1SC[C@@H]2NC(=O)N[C@@H]21,6.346787486224656,1,1,1,1,6.346787486224656,6.346787486224656,0.0,6.346787486224656
CCCCC/C=C\C/C=C\C/C=C\[C@@H](C)/C=C\CCCC(=O)NCCO,6.7258421507363195,1,1,1,1,6.7258421507363195,6.7258421507363195,0.0,6.7258421507363195
CCCCC/C=C\C/C=C\C/C=C\[C@@H](C)/C=C\CCCC(=O)N[C@H](C)CO,6.920818753952375,1,1,1,1,6.920818753952375,6.920818753952375,0.0,6.920818753952375
CCCCC/C=C\C/C=C\C/C=C\[C@H](C)/C=C\CCCC(=O)NCCO,7.607303046740334,1,1,1,1,7.607303046740334,7.607303046740334,0.0,7.607303046740334
CCCCC/C=C\C/C=C\C/C=C\[C@H](C)/C=C\CCCC(=O)N[C@H](C)CO,7.892790030352131,1,1,1,1,7.892790030352131,7.892790030352131,0.0,7.892790030352131
CCCCC/C=C\C/C=C\CCCCCCCC(=O)NCc1ccccc1,5.386158178123931,1,1,1,1,5.386158178123931,5.386158178123931,0.0,5.386158178123931
CCCCC/C=C\[C@H](C)/C=C\C/C=C\C/C=C\CCCC(=O)NC1CC1,8.366531544420413,1,1,1,1,8.366531544420413,8.366531544420413,0.0,8.366531544420413
CCCCC/C=C\[C@H](C)/C=C\C/C=C\C/C=C\CCCC(=O)NC1CCC1,8.167491087293763,1,1,1,1,8.167491087293763,8.167491087293763,0.0,8.167491087293763
CCCCC/C=C\[C@H](C)/C=C\C/C=C\C/C=C\CCCC(=O)NC1CCCC1,6.856985199745905,1,1,1,1,6.856985199745905,6.856985199745905,0.0,6.856985199745905
CCCCC/C=C\[C@H](C)/C=C\C/C=C\C/C=C\CCCC(=O)NCCCl,7.982966660701219,1,1,1,1,7.982966660701219,7.982966660701219,0.0,7.982966660701219
CCCCC/C=C\[C@H](C)/C=C\C/C=C\C/C=C\CCCC(=O)NCCO,7.296708621881338,1,1,1,1,7.296708621881338,7.296708621881338,0.0,7.296708621881338
CCCCC/C=C\[C@H](C)/C=C\C/C=C\C/C=C\CCCC(=O)N[C@H](C)CO,6.75448733218585,1,1,1,1,6.75448733218585,6.75448733218585,0.0,6.75448733218585
CCCCC1(c2cc(O)c3cc(C)c(=O)oc3c2)CCCC1,6.0,1,1,1,1,6.0,6.0,0.0,6.0
CCCCC1(c2cc(O)c3cc(C)c(=O)oc3c2)CCCCC1,6.977352987571972,2,1,1,1,6.97469413473523,6.980011840408714,0.005317705673484774,6.977352987571972
CCCCC1(c2cc(O)c3cc(CC)c(=O)oc3c2)CCCC1,7.218749124248188,2,1,1,1,7.217527375833714,7.219970872662662,0.0024434968289481773,7.218749124248188
CCCCC1(c2cc(O)c3cc(CC)c(=O)oc3c2)CCCCC1,7.408936820639212,2,1,1,1,7.407823242604133,7.410050398674292,0.0022271560701589976,7.408936820639212
CCCCC1(c2cc(O)c3cc(CCC)c(=O)oc3c2)CCCC1,7.73025368956838,2,1,1,1,7.730020323354676,7.730487055782084,0.0004667324274079121,7.73025368956838
CCCCC1(c2cc(O)c3cc(CCC)c(=O)oc3c2)CCCCC1,8.188527928475652,2,1,1,1,8.187086643357144,8.18996921359416,0.002882570237016324,8.188527928475652
CCCCC1(c2cc(O)c3cc(Cc4ccccc4O)c(=O)oc3c2)CCCC1,7.167491087293763,1,1,1,1,7.167491087293763,7.167491087293763,0.0,7.167491087293763
CCCCC1(c2cc(O)c3cc(Cc4ccccc4O)c(=O)oc3c2)CCCCC1,7.309803919971486,1,1,1,1,7.309803919971486,7.309803919971486,0.0,7.309803919971486
CCCCC1(c2cc(O)c3cc(Cc4ccccn4)c(=O)oc3c2)CCCCC1,7.1416463339875484,2,1,1,1,7.140021558357979,7.1432711096171175,0.0032495512591381726,7.1416463339875484
CCCCC1(c2cc(O)c3cc(Cc4cccnc4)c(=O)oc3c2)CCCC1,6.509318832137387,2,1,1,1,6.508638306165727,6.509999358109048,0.0013610519433209234,6.509318832137387
CCCCC1(c2cc(OC)c3cc(Cc4ccccc4OC)c(=O)oc3c2)CCCC1,5.943095148663527,1,1,1,1,5.943095148663527,5.943095148663527,0.0,5.943095148663527
CCCCC1=NN(C(=O)NC(C)(C)c2ccc(F)cc2)CC1c1cccc(F)c1,7.130768280269024,1,1,1,1,7.130768280269024,7.130768280269024,0.0,7.130768280269024
CCCCC1=NN(C(=O)NC(C)(C)c2ccc(F)cc2)CC1c1ccccc1F,7.050609993355087,1,1,1,1,7.050609993355087,7.050609993355087,0.0,7.050609993355087
CCCCC1=NN(C(=O)NC(C)(C)c2ccccc2)C(C)(C)C1c1ccccc1,7.924453038607469,1,1,1,1,7.924453038607469,7.924453038607469,0.0,7.924453038607469
CCCCC1=NN(C(=O)NC(C)(C)c2ccccc2)CC1c1ccccc1,7.448550002027124,1,1,1,1,7.448550002027124,7.448550002027124,0.0,7.448550002027124
CCCCC1=NN(C(=O)NC(C)(C)c2ccccc2)CC1c1ccsc1,7.207608310501746,1,1,1,1,7.207608310501746,7.207608310501746,0.0,7.207608310501746
CCCCC1=NN(C(=O)N[C@H]2C[C@H]3CC[C@]2(C)C3(C)C)C(C)(C)C1c1ccccc1,8.468521082957745,1,1,1,1,8.468521082957745,8.468521082957745,0.0,8.468521082957745
CCCCCC(=O)NC(NC(=O)CCCCC)c1ccc(N(CC)CC)cc1,7.6020599913279625,2,1,1,1,7.6020599913279625,7.6020599913279625,0.0,7.6020599913279625
CCCCCC(C)(C)c1cc(Br)c2c(c1)OC(C)(C)[C@@H]1CC=C(C)C[C@@H]21,7.552841968657781,1,1,1,1,7.552841968657781,7.552841968657781,0.0,7.552841968657781
CCCCCC(C)(C)c1cc(OC)c2c(c1)OC(C)(C)[C@@H]1CCC(C)=C[C@@H]21,7.7447274948966935,1,1,1,1,7.7447274948966935,7.7447274948966935,0.0,7.7447274948966935
CCCCCC(C)(C)c1ccc([C@@H]2CCC[C@@H](O)C2)cc1,6.667561540084394,1,1,1,1,6.667561540084394,6.667561540084394,0.0,6.667561540084394
CCCCCC(C)(C)c1ccc([C@@H]2C[C@H](O)CC[C@H]2CCCO)cc1,6.655607726314889,1,1,1,1,6.655607726314889,6.655607726314889,0.0,6.655607726314889
CCCCCC(C)(C)c1ccc([C@H]2CCC[C@@H](O)C2)c(OC)c1,6.257274868695301,1,1,1,1,6.257274868695301,6.257274868695301,0.0,6.257274868695301
CCCCCC(C)(C)c1ccc([C@H]2CCC[C@@H](O)C2)cc1,6.337242168318426,1,1,1,1,6.337242168318426,6.337242168318426,0.0,6.337242168318426
CCCCCC(C)(C)c1ccc([C@H]2CCC[C@H](O)C2)c(OC)c1,6.159266765388193,1,1,1,1,6.159266765388193,6.159266765388193,0.0,6.159266765388193
CCCCCC(NC(=O)Cc1ccccc1)NC(=O)Cc1ccccc1,4.739928850638398,2,1,1,1,4.739928612014925,4.739929089261871,4.772469459624062e-07,4.739928850638398
CCCCCC1(c2cc(O)c3c(c2)OC(C)(C)[C@@H]2CC=C(C)C[C@@H]32)CC(=O)O1,7.255707016877324,1,1,1,1,7.255707016877324,7.255707016877324,0.0,7.255707016877324
CCCCCC1=CC(=O)C2=C(OC(C)(C)[C@@H]3CC[C@](C)(OCC)C=C23)C1=O,5.6916490514132745,1,1,1,1,5.6916490514132745,5.6916490514132745,0.0,5.6916490514132745
CCCCCC1=NN(C(=O)NC(C)(C)c2ccccc2)CC1c1ccccc1,7.75448733218585,1,1,1,1,7.75448733218585,7.75448733218585,0.0,7.75448733218585
CCCCCC1=NN(C(=O)NC23CC4CC(CC(C4)C2)C3)CC1c1ccccc1,7.826813731587726,1,1,1,1,7.826813731587726,7.826813731587726,0.0,7.826813731587726
CCCCCC1=NN(C(=O)NC2C3CC4CC(C3)CC2C4)CC1c1ccccc1,8.200659450546418,1,1,1,1,8.200659450546418,8.200659450546418,0.0,8.200659450546418
CCCCCC1=NN(C(=O)NC2CCCCC2)CC1c1ccccc1,7.102372908709558,1,1,1,1,7.102372908709558,7.102372908709558,0.0,7.102372908709558
CCCCCC1=NN(C(=O)NC2CCCCCC2)CC1c1ccccc1,7.703334809738469,1,1,1,1,7.703334809738469,7.703334809738469,0.0,7.703334809738469
CCCCCC1=NN(C(=O)NC2CCCCCCC2)CC1c1ccccc1,7.575118363368933,1,1,1,1,7.575118363368933,7.575118363368933,0.0,7.575118363368933
CCCCCC1=NN(C(=O)NC2CCCc3ccccc32)CC1c1ccccc1,7.647817481888637,1,1,1,1,7.647817481888637,7.647817481888637,0.0,7.647817481888637
CCCCCC1=NN(C(=O)NCC23CC4CC(CC(C4)C2)C3)CC1c1ccccc1,8.096910013008056,1,1,1,1,8.096910013008056,8.096910013008056,0.0,8.096910013008056
CCCCCC1=NN(C(=O)NCC2CCCCC2)CC1c1ccccc1,7.275724130399211,1,1,1,1,7.275724130399211,7.275724130399211,0.0,7.275724130399211
CCCCCC1=NN(C(=O)NC[C@@H]2CC[C@H]3C[C@@H]2C3(C)C)CC1c1ccccc1,7.876148359032914,1,1,1,1,7.876148359032914,7.876148359032914,0.0,7.876148359032914
CCCCCC1=NN(C(=O)NCc2ccccc2)CC1c1ccccc1,6.585026652029182,1,1,1,1,6.585026652029182,6.585026652029182,0.0,6.585026652029182
CCCCCC1=NN(C(=O)N[C@H]2C[C@H]3CC[C@]2(C)C3(C)C)CC1c1ccccc1,8.130768280269024,3,1,1,1,7.443697499232712,8.275724130399212,0.8320266311664994,8.130768280269024
CCCCCC1=NN(C(=O)Nc2cccc3ccccc23)CC1c1ccccc1,7.436518914605589,1,1,1,1,7.436518914605589,7.436518914605589,0.0,7.436518914605589
CCCCCC1=NN(C(=O)Nc2ccccc2C(F)(F)F)CC1c1ccccc1,7.823908740944319,1,1,1,1,7.823908740944319,7.823908740944319,0.0,7.823908740944319
CCCCCC1=NN(C(=O)c2cccc3ccccc23)CC1c1ccccc1,6.987162775294828,1,1,1,1,6.987162775294828,6.987162775294828,0.0,6.987162775294828
CCCCCCC(C)(C)C1=CC(=O)C2=C(OC(C)(C)c3c[nH]nc32)C1=O,6.872895201635192,1,1,1,1,6.872895201635192,6.872895201635192,0.0,6.872895201635192
CCCCCCC(C)(C)C1=CC(=O)C2=C(OC(C)(C)c3cn(C)nc32)C1=O,6.172630726946174,1,1,1,1,6.172630726946174,6.172630726946174,0.0,6.172630726946174
CCCCCCC(C)(C)C1=CC(=O)C2=C(OC(C)(C)c3cn(CC)nc32)C1=O,5.435926021022853,1,1,1,1,5.435926021022853,5.435926021022853,0.0,5.435926021022853
CCCCCCC(C)(C)C1=CC2=C(C(=O)C1=O)c1[nH]ncc1C(C)(C)O2,6.400116927926312,1,1,1,1,6.400116927926312,6.400116927926312,0.0,6.400116927926312
CCCCCCC(C)(C)C1=CC2=C(C(=O)C1=O)c1c(cnn1CC)C(C)(C)O2,6.276544327964814,1,1,1,1,6.276544327964814,6.276544327964814,0.0,6.276544327964814
CCCCCCC(C)(C)C1=CC2=C(C(=O)C1=O)c1nn(C)cc1C(C)(C)O2,6.224025668870631,1,1,1,1,6.224025668870631,6.224025668870631,0.0,6.224025668870631
CCCCCCC(C)(C)c1cc(Br)c2c(c1)OC(C)(C)[C@@H]1CC=C(C)C[C@@H]21,7.468521082957745,1,1,1,1,7.468521082957745,7.468521082957745,0.0,7.468521082957745
CCCCCCC(C)(C)c1cc(O)c(-c2c(CO)cccc2C(C)C)c(OC)c1,9.373330997336947,2,1,1,1,9.193820026016112,9.55284196865778,0.3590219426416681,9.373330997336947
CCCCCCC(C)(C)c1cc(O)c([C@H]2CC(=O)[C@H]3C[C@@H]2C3(C)C)c(OC(=O)/C=C/C(=O)O)c1,8.045757490560675,1,1,1,1,8.045757490560675,8.045757490560675,0.0,8.045757490560675
CCCCCCC(C)(C)c1cc(O)c2c(c1)OC(C)(C)C1CCC(=O)CC21,7.977228986470857,2,2,2,1,7.75448733218585,8.199970640755865,0.44548330857001517,7.977228986470857
CCCCCCC(C)(C)c1cc(O)c2c(c1)OC(C)(C)[C@@H]1CC=C(C(=O)O)C[C@@H]21,6.768275616671484,1,1,1,1,6.768275616671484,6.768275616671484,0.0,6.768275616671484
CCCCCCC(C)(C)c1cc(O)c2c(c1)OC(C)(C)[C@@H]1CC=C(OO)C[C@@H]21,10.494850021680094,1,1,1,1,10.494850021680094,10.494850021680094,0.0,10.494850021680094
CCCCCCC(C)(C)c1cc(O)c2c(c1)OC(C)(C)[C@@H]1CCC(=O)OC[C@@H]21,7.2839966563652006,1,1,1,1,7.2839966563652006,7.2839966563652006,0.0,7.2839966563652006
CCCCCCC(C)(C)c1cc(O)c2c(c1)OC(C)(C)[C@@H]1CCOC(=O)C[C@@H]21,7.026872146400302,1,1,1,1,7.026872146400302,7.026872146400302,0.0,7.026872146400302
CCCCCCC(C)(C)c1cc(O)c2c(c1)OC(C)(C)[C@@H]1CC[C@@H](CO)C[C@@H]21,8.67778070526608,1,1,1,1,8.67778070526608,8.67778070526608,0.0,8.67778070526608
CCCCCCC(C)(C)c1cc(O)c2c(c1)OC(C)(C)[C@H]1CC=C(C)C[C@H]21,8.045757490560675,1,1,1,1,8.045757490560675,8.045757490560675,0.0,8.045757490560675
CCCCCCC(C)(C)c1cc(O)c2c(c1)OC(C)(C)[C@H]1CC=C(CO)C[C@H]21,6.823908740944319,1,1,1,1,6.823908740944319,6.823908740944319,0.0,6.823908740944319
CCCCCCC(C)(C)c1cc(O)c2c(c1)OC(C)(C)c1ccc(C)c(CO)c1-2,7.017728766960431,1,1,1,1,7.017728766960431,7.017728766960431,0.0,7.017728766960431
CCCCCCC(C)(C)c1cc(O)c2c(c1)OC(C)(C)c1cn(CCO)nc1-2,7.402304814074488,1,1,1,1,7.402304814074488,7.402304814074488,0.0,7.402304814074488
CCCCCCC(C)(C)c1cc(O)c2c(c1)OC(C)(C)c1cn(CO)nc1-2,7.2262135550188065,1,1,1,1,7.2262135550188065,7.2262135550188065,0.0,7.2262135550188065
CCCCCCC(C)(C)c1cc(O)c2c(c1)OC(C)(C)c1cnn(-c3ccc(Cl)c(Cl)c3)c1-2,6.568636235841012,1,1,1,1,6.568636235841012,6.568636235841012,0.0,6.568636235841012
CCCCCCC(C)(C)c1cc(O)c2c(c1)OC(C)(C)c1cnn(-c3cccc(OC)c3)c1-2,6.250263684430939,1,1,1,1,6.250263684430939,6.250263684430939,0.0,6.250263684430939
CCCCCCC(C)(C)c1cc(O)c2c(c1)OC(C)(C)c1cnn(C3CCCCC3)c1-2,7.270025714300444,1,1,1,1,7.270025714300444,7.270025714300444,0.0,7.270025714300444
CCCCCCC(C)(C)c1cc(O)c2c(c1)OC(C)(C)c1cnn(CCO)c1-2,6.436518914605589,1,1,1,1,6.436518914605589,6.436518914605589,0.0,6.436518914605589
CCCCCCC(C)(C)c1cc(O)c2c(c1)OC(C)(C)c1cnoc1-2,8.275724130399212,1,1,1,1,8.275724130399212,8.275724130399212,0.0,8.275724130399212
CCCCCCC(C)(C)c1cc(O)c2c(c1)oc(=O)c1ccc(C)cc12,8.508638306165727,1,1,1,1,8.508638306165727,8.508638306165727,0.0,8.508638306165727
CCCCCCC(C)(C)c1cc(O)c2c(c1)oc(=O)c1ccc(O)cc12,9.086186147616283,1,1,1,1,9.086186147616283,9.086186147616283,0.0,9.086186147616283
CCCCCCC(C)(C)c1cc(O)c2c(c1)oc(=O)c1ccc(OC)cc12,8.173925197299173,1,1,1,1,8.173925197299173,8.173925197299173,0.0,8.173925197299173
CCCCCCC(C)(C)c1cc(O)c2cc(Cc3ccccc3)c(=O)oc2c1,6.332547047110046,1,1,1,1,6.332547047110046,6.332547047110046,0.0,6.332547047110046
CCCCCCC(C)(C)c1cc(O)c2cc(Cc3ccccc3C)c(=O)oc2c1,6.651825563143253,2,1,1,1,6.650004100737144,6.653647025549361,0.0036429248122171742,6.651825563143253
CCCCCCC(C)(C)c1cc(O)c2cc(Cc3ccccc3O)c(=O)oc2c1,6.6777807052660805,1,1,1,1,6.6777807052660805,6.6777807052660805,0.0,6.6777807052660805
CCCCCCC(C)(C)c1cc(O)cc(OCCCCCCCC(=O)NC(CO)CO)c1,6.088948979671874,1,1,1,1,6.088948979671874,6.088948979671874,0.0,6.088948979671874
CCCCCCC(C)(C)c1cc(O)cc(OCCCCCCCC(=O)NC2CC2)c1,8.101194173080083,2,1,1,1,8.100015437450608,8.102372908709558,0.002357471258950028,8.101194173080083
CCCCCCC(C)(C)c1cc(O)cc(OCCCCCCCC(=O)NCC(F)(F)F)c1,7.554395796726403,1,1,1,1,7.554395796726403,7.554395796726403,0.0,7.554395796726403
CCCCCCC(C)(C)c1cc(O)cc(OCCCCCCCC(=O)NCC2CC2)c1,7.484279608680778,2,1,1,1,7.468521082957745,7.50003813440381,0.0315170514460652,7.484279608680778
CCCCCCC(C)(C)c1cc(O)cc(OCCCCCCCC(=O)NCCO)c1,6.797939075968737,2,1,1,1,6.795880017344075,6.799998134593398,0.0041181172493232054,6.797939075968737
CCCCCCC(C)(C)c1cc(O)cc(OCCCCCCCC(=O)N[C@H](C)CO)c1,7.29929628285498,1,1,1,1,7.29929628285498,7.29929628285498,0.0,7.29929628285498
CCCCCCC(C)(C)c1cc(O)cc(OCCCCCCCC(=O)OC(CO)CO)c1,6.102372908709558,1,1,1,1,6.102372908709558,6.102372908709558,0.0,6.102372908709558
CCCCCCC(C)(C)c1cc(O)cc(OCCCCCCCCCCC(=O)NC(CO)CO)c1,6.638272163982407,1,1,1,1,6.638272163982407,6.638272163982407,0.0,6.638272163982407
CCCCCCC(C)(C)c1cc(O)cc(OCCCCCCCCCCC(=O)NC2CC2)c1,8.101194173080083,2,1,1,1,8.100015437450608,8.102372908709558,0.002357471258950028,8.101194173080083
CCCCCCC(C)(C)c1cc(O)cc(OCCCCCCCCCCC(=O)NCC2CC2)c1,7.477985045026767,2,1,1,1,7.455931955649724,7.50003813440381,0.04410617875408551,7.477985045026767
CCCCCCC(C)(C)c1cc(O)cc(OCCCCCCCCCCC(=O)NCCO)c1,7.511458439842073,2,1,1,1,7.50003813440381,7.522878745280337,0.022840610876527556,7.511458439842073
CCCCCCC(C)(C)c1cc(O)cc(OCCCCCCCCCCC(=O)NCCc2ccc(O)c(O)c2)c1,5.301029995663981,1,1,1,1,5.301029995663981,5.301029995663981,0.0,5.301029995663981
CCCCCCC(C)(C)c1cc(O)cc(OCCCCCCCCCCC(=O)NCc2ccc(O)c(OC)c2)c1,6.292429823902063,1,1,1,1,6.292429823902063,6.292429823902063,0.0,6.292429823902063
CCCCCCC(C)(C)c1cc(O)cc(OCCCCCCCCCCC(=O)N[C@H](C)CO)c1,7.673664139071248,1,1,1,1,7.673664139071248,7.673664139071248,0.0,7.673664139071248
CCCCCCC(C)(C)c1cc(O)cc(OCCCCCCCCCCC(=O)OC(CO)CO)c1,6.102372908709558,1,1,1,1,6.102372908709558,6.102372908709558,0.0,6.102372908709558
CCCCCCC(C)(C)c1cc(O)cc(OCCCCCCCCCCC(=O)OCC(O)CO)c1,6.508638306165727,1,1,1,1,6.508638306165727,6.508638306165727,0.0,6.508638306165727
CCCCCCC(C)(C)c1cc(O)cc(OCCCCCCCCCCCC(=O)NC2CC2)c1,7.699513552156626,2,1,1,1,7.698970004336019,7.700057099977233,0.0010870956412141197,7.699513552156626
CCCCCCC(C)(C)c1cc(O)cc(OCCCCCCCCCCCC(=O)NCC2CC2)c1,6.210923460899194,2,1,1,1,6.199998172182031,6.221848749616356,0.021850577434324947,6.210923460899194
CCCCCCC(C)(C)c1cc(O)cc(OCCCCCCCCCCCC(=O)NCCO)c1,7.098462725229332,2,1,1,1,7.096910013008056,7.100015437450609,0.0031054244425527955,7.098462725229332
CCCCCCC(C)(C)c1cc(O)cc(OCCCCCCCCCCCC(=O)OC(CO)CO)c1,6.096910013008056,1,1,1,1,6.096910013008056,6.096910013008056,0.0,6.096910013008056
CCCCCCC(C)(C)c1cc(O)cc(OCCCCCCCCCCCCOC(CO)CO)c1,5.777283528852417,1,1,1,1,5.777283528852417,5.777283528852417,0.0,5.777283528852417
CCCCCCC(C)(C)c1cc(O)cc(OCCCCCCCCCCCNC(=O)C2CC2)c1,6.187086643357144,1,1,1,1,6.187086643357144,6.187086643357144,0.0,6.187086643357144
CCCCCCC(C)(C)c1cc(O)cc(OCCCCCCCCCCOC(CO)CO)c1,6.42021640338319,1,1,1,1,6.42021640338319,6.42021640338319,0.0,6.42021640338319
CCCCCCC(C)(C)c1cc(O)cc(OCCCCCCCCOC(CO)CO)c1,6.958607314841775,1,1,1,1,6.958607314841775,6.958607314841775,0.0,6.958607314841775
CCCCCCC(C)(C)c1cc(O)cc(OCCCCCCOC(CO)CO)c1,6.721246399047171,1,1,1,1,6.721246399047171,6.721246399047171,0.0,6.721246399047171
CCCCCCC(C)(C)c1cc(OC(C)=O)c2c(c1)OC(C)(C)[C@@H]1CC=C(C(=O)O)C[C@@H]21,7.292429823902063,1,1,1,1,7.292429823902063,7.292429823902063,0.0,7.292429823902063
CCCCCCC(C)(C)c1cc(OC)c(C2(O)CCOCC2)c(OC)c1,6.465973893943865,1,1,1,1,6.465973893943865,6.465973893943865,0.0,6.465973893943865
CCCCCCC(C)(C)c1cc(OC)c([C@@H]2C=C(CO)[C@@H]3C[C@H]2C3(C)C)c(OC)c1,7.950781977329818,1,1,1,1,7.950781977329818,7.950781977329818,0.0,7.950781977329818
CCCCCCC(C)(C)c1cc(OC)c([C@@]2(O)CCC[C@@H](C)C2)c(OC)c1,7.638272163982407,1,1,1,1,7.638272163982407,7.638272163982407,0.0,7.638272163982407
CCCCCCC(C)(C)c1cc(OC)c([C@H]2C=C(CO)[C@H]3C[C@@H]2C3(C)C)c(OC)c1,7.6439741428068775,3,3,3,1,7.360015751958412,7.950781977329818,0.5907662253714063,7.6439741428068775
CCCCCCC(C)(C)c1cc(OC)c([C@]2(O)CCC[C@@H](C)C2)c(OC)c1,7.636388020107855,1,1,1,1,7.636388020107855,7.636388020107855,0.0,7.636388020107855
CCCCCCC(C)(C)c1cc(OC)c2c(c1)OC(C)(C)[C@@H]1CC=C(C)C[C@@H]21,8.193820026016112,1,1,1,1,8.193820026016112,8.193820026016112,0.0,8.193820026016112
CCCCCCC(C)(C)c1cc(OC)c2c(c1)OC(C)(C)c1cn(C)nc1-2,7.1778319206319825,1,1,1,1,7.1778319206319825,7.1778319206319825,0.0,7.1778319206319825
CCCCCCC(C)(C)c1cc(OC)c2c(c1)OC(C)(C)c1cn(CC)nc1-2,7.033389013318065,1,1,1,1,7.033389013318065,7.033389013318065,0.0,7.033389013318065
CCCCCCC(C)(C)c1cc(OC)c2c(c1)OC(C)(C)c1cn[nH]c1-2,7.059981844992337,1,1,1,1,7.059981844992337,7.059981844992337,0.0,7.059981844992337
CCCCCCC(C)(C)c1cc(OC)c2c(c1)OC(C)(C)c1cnn(-c3ccc(Cl)c(Cl)c3)c1-2,5.646660904688695,1,1,1,1,5.646660904688695,5.646660904688695,0.0,5.646660904688695
CCCCCCC(C)(C)c1cc(OC)c2c(c1)OC(C)(C)c1cnn(-c3ccc(Cl)cc3Cl)c1-2,5.825940192274975,1,1,1,1,5.825940192274975,5.825940192274975,0.0,5.825940192274975
CCCCCCC(C)(C)c1cc(OC)c2c(c1)OC(C)(C)c1cnn(CC)c1-2,6.7972393126068,1,1,1,1,6.7972393126068,6.7972393126068,0.0,6.7972393126068
CCCCCCC(C)(C)c1cc(OC)c2c(c1)OC(C)(C)c1cnoc1-2,7.892790030352131,1,1,1,1,7.892790030352131,7.892790030352131,0.0,7.892790030352131
CCCCCCC(C)(C)c1cc(OC)c2cc(Cc3ccccc3)c(=O)oc2c1,5.3851027839668655,1,1,1,1,5.3851027839668655,5.3851027839668655,0.0,5.3851027839668655
CCCCCCC(C)(C)c1cc(OC)c2cc(Cc3ccccc3OC)c(=O)oc2c1,5.521433504406156,1,1,1,1,5.521433504406156,5.521433504406156,0.0,5.521433504406156
CCCCCCC(C)(C)c1cc(OC)cc(OCCCCCCCC(=O)NC2CC2)c1,8.3767507096021,1,1,1,1,8.3767507096021,8.3767507096021,0.0,8.3767507096021
CCCCCCC(C)(C)c1cc(OC)cc(OCCCCCCCC(=O)NCC(F)(F)F)c1,7.032452023781138,1,1,1,1,7.032452023781138,7.032452023781138,0.0,7.032452023781138
CCCCCCC(C)(C)c1cc(OC)cc(OCCCCCCCC(=O)NCCO)c1,6.888065723667319,1,1,1,1,6.888065723667319,6.888065723667319,0.0,6.888065723667319
CCCCCCC(C)(C)c1cc(OC)cc(OCCCCCCCCCCC(=O)NC(CO)CO)c1,5.8628991954208765,1,1,1,1,5.8628991954208765,5.8628991954208765,0.0,5.8628991954208765
CCCCCCC(C)(C)c1cc(OC)cc(OCCCCCCCCCCC(=O)NC2CC2)c1,7.583359492661719,1,1,1,1,7.583359492661719,7.583359492661719,0.0,7.583359492661719
CCCCCCC(C)(C)c1cc(OC)cc(OCCCCCCCCCCC(=O)NCC2CC2)c1,6.4917396944876655,1,1,1,1,6.4917396944876655,6.4917396944876655,0.0,6.4917396944876655
CCCCCCC(C)(C)c1cc(OC)cc(OCCCCCCCCCCC(=O)NCCO)c1,6.981299501333757,1,1,1,1,6.981299501333757,6.981299501333757,0.0,6.981299501333757
CCCCCCC(C)(C)c1cc(OCC)c2c(c1)OC(C)(C)c1cnn(-c3ccc(Cl)c(Cl)c3)c1-2,5.450383760480914,1,1,1,1,5.450383760480914,5.450383760480914,0.0,5.450383760480914
CCCCCCC(C)(C)c1cc(OCCBr)c2c(c1)OC(C)(C)c1cn(CC)nc1-2,7.104025267640935,1,1,1,1,7.104025267640935,7.104025267640935,0.0,7.104025267640935
CCCCCCC(C)(C)c1cc(OCCCBr)c2c(c1)OC(C)(C)c1cn(C)nc1-2,7.111820506081675,1,1,1,1,7.111820506081675,7.111820506081675,0.0,7.111820506081675
CCCCCCC(C)(C)c1cc(OCCCBr)c2c(c1)OC(C)(C)c1cn(CC)nc1-2,7.059981844992337,1,1,1,1,7.059981844992337,7.059981844992337,0.0,7.059981844992337
CCCCCCC(C)(C)c1cc(OCCCO)c2c(c1)OC(C)(C)c1cn(C)nc1-2,6.438898616350944,1,1,1,1,6.438898616350944,6.438898616350944,0.0,6.438898616350944
CCCCCCC(C)(C)c1cc(OCCCO)c2c(c1)OC(C)(C)c1cn(CC)nc1-2,7.011441043121384,1,1,1,1,7.011441043121384,7.011441043121384,0.0,7.011441043121384
CCCCCCC(C)(C)c1cc(OCCCO)c2c(c1)OC(C)(C)c1cn[nH]c1-2,7.585026652029182,1,1,1,1,7.585026652029182,7.585026652029182,0.0,7.585026652029182
CCCCCCC(C)(C)c1cc(OCCCO)c2c(c1)OC(C)(C)c1cnn(CC)c1-2,6.356547323513812,1,1,1,1,6.356547323513812,6.356547323513812,0.0,6.356547323513812
CCCCCCC(C)(C)c1cc(OCCCO)c2c(c1)OC(C)(C)c1cnoc1-2,7.183758700008217,1,1,1,1,7.183758700008217,7.183758700008217,0.0,7.183758700008217
CCCCCCC(C)(C)c1cc(OCCO)c2c(c1)OC(C)(C)c1cn(C)nc1-2,7.400116927926312,1,1,1,1,7.400116927926312,7.400116927926312,0.0,7.400116927926312
CCCCCCC(C)(C)c1cc(OCCO)c2c(c1)OC(C)(C)c1cn(CC)nc1-2,6.676541633150532,1,1,1,1,6.676541633150532,6.676541633150532,0.0,6.676541633150532
CCCCCCC(C)(C)c1cc(OCCO)c2c(c1)OC(C)(C)c1cn[nH]c1-2,8.443697499232712,1,1,1,1,8.443697499232712,8.443697499232712,0.0,8.443697499232712
CCCCCCC(C)(C)c1cc(OCc2ccccc2)c2c(c1)OC(C)(C)c1cn(C)nc1-2,6.680269505669775,1,1,1,1,6.680269505669775,6.680269505669775,0.0,6.680269505669775
CCCCCCC(C)(C)c1cc(OCc2ccccc2)c2c(c1)OC(C)(C)c1cn(CC)nc1-2,6.673254620434678,1,1,1,1,6.673254620434678,6.673254620434678,0.0,6.673254620434678
CCCCCCC(C)(C)c1cc(OCc2ccccc2)c2c(c1)OC(C)(C)c1cn[nH]c1-2,7.0301183562535,1,1,1,1,7.0301183562535,7.0301183562535,0.0,7.0301183562535
CCCCCCC(C)(C)c1cc(OCc2ccccc2)c2c(c1)OC(C)(C)c1cnn(-c3ccc(Cl)c(Cl)c3)c1-2,5.427128397799519,1,1,1,1,5.427128397799519,5.427128397799519,0.0,5.427128397799519
CCCCCCC(C)(C)c1cc(OCc2ccccc2)c2c(c1)OC(C)(C)c1cnn(CC)c1-2,6.528855034839367,1,1,1,1,6.528855034839367,6.528855034839367,0.0,6.528855034839367
CCCCCCC(C)(C)c1cc2c(c3c1CCCO3)-c1c(cnn1CC)C(C)(C)O2,6.248874928464417,1,1,1,1,6.248874928464417,6.248874928464417,0.0,6.248874928464417
CCCCCCC(C)(C)c1cc2c(c3c1CCCO3)-c1nn(CC)cc1C(C)(C)O2,6.915066425063284,1,1,1,1,6.915066425063284,6.915066425063284,0.0,6.915066425063284
CCCCCCC(C)(C)c1ccc(-c2c(C)cccc2C)c(O)c1,7.7447274948966935,1,1,1,1,7.7447274948966935,7.7447274948966935,0.0,7.7447274948966935
CCCCCCC(C)(C)c1ccc(-c2cc(C)cc(C)c2)c(C(N)=O)c1,6.494850021680094,1,1,1,1,6.494850021680094,6.494850021680094,0.0,6.494850021680094
CCCCCCC(C)(C)c1ccc(-c2cc(C)cc(C)c2)c(CN)c1,6.42021640338319,1,1,1,1,6.42021640338319,6.42021640338319,0.0,6.42021640338319
CCCCCCC(C)(C)c1ccc(-c2cc(C)cc(C)c2)c(CN2CCOCC2)c1,6.180456064458131,1,1,1,1,6.180456064458131,6.180456064458131,0.0,6.180456064458131
CCCCCCC(C)(C)c1ccc(-c2cc(C)cc(C)c2)c(CO)c1,6.318758762624412,1,1,1,1,6.318758762624412,6.318758762624412,0.0,6.318758762624412
CCCCCCC(C)(C)c1ccc(-c2cc(C)cc(C)c2)c(COC(=O)CN2CCOCC2)c1,9.09151498112135,1,1,1,1,9.09151498112135,9.09151498112135,0.0,9.09151498112135
CCCCCCC(C)(C)c1ccc(-c2cc(C)cc(C)c2)c(N)c1,7.292429823902063,1,1,1,1,7.292429823902063,7.292429823902063,0.0,7.292429823902063
CCCCCCC(C)(C)c1ccc(-c2cc(C)cc(C)c2)c(O)c1,8.638272163982407,1,1,1,1,8.638272163982407,8.638272163982407,0.0,8.638272163982407
CCCCCCC(C)(C)c1ccc(-c2cc(C)cc(C)c2)c(OC)c1,7.468521082957745,1,1,1,1,7.468521082957745,7.468521082957745,0.0,7.468521082957745
CCCCCCC(C)(C)c1ccc(-c2cc(C)ccc2C)c(O)c1,8.18045606445813,1,1,1,1,8.18045606445813,8.18045606445813,0.0,8.18045606445813
CCCCCCC(C)(C)c1ccc(-c2ccc(C)c(C)c2)c(O)c1,6.080921907623926,1,1,1,1,6.080921907623926,6.080921907623926,0.0,6.080921907623926
CCCCCCC(C)(C)c1ccc(-c2ccc(N)cc2)c(O)c1,6.0,1,1,1,1,6.0,6.0,0.0,6.0
CCCCCCC(C)(C)c1ccc(-c2ccc(OC)c(OC)c2)c(O)c1,5.769551078621726,1,1,1,1,5.769551078621726,5.769551078621726,0.0,5.769551078621726
CCCCCCC(C)(C)c1ccc(-c2cccc(C#N)c2)c(O)c1,7.346787486224656,1,1,1,1,7.346787486224656,7.346787486224656,0.0,7.346787486224656
CCCCCCC(C)(C)c1ccc(-c2cccc(C)c2C)c(O)c1,7.698970004336019,1,1,1,1,7.698970004336019,7.698970004336019,0.0,7.698970004336019
CCCCCCC(C)(C)c1ccc(-c2cccc(N)c2)c(O)c1,7.356547323513812,1,1,1,1,7.356547323513812,7.356547323513812,0.0,7.356547323513812
CCCCCCC(C)(C)c1ccc(-c2cccc(OC)c2)c(O)c1,6.236572006437063,1,1,1,1,6.236572006437063,6.236572006437063,0.0,6.236572006437063
CCCCCCC(C)(C)c1ccc(-c2cccc(OC)c2OC)c(O)c1,8.10790539730952,1,1,1,1,8.10790539730952,8.10790539730952,0.0,8.10790539730952
CCCCCCC(C)(C)c1ccc(-c2ccccc2N)c(O)c1,7.769551078621726,1,1,1,1,7.769551078621726,7.769551078621726,0.0,7.769551078621726
CCCCCCC(C)(C)c1ccc(-c2ccccc2OC)c(O)c1,9.0,1,1,1,1,9.0,9.0,0.0,9.0
CCCCCCC(C)(C)c1ccc(-c2cccnc2)c(O)c1,7.698970004336019,1,1,1,1,7.698970004336019,7.698970004336019,0.0,7.698970004336019
CCCCCCC(C)(C)c1ccc(OCC/C=C\C/C=C\CCCC(=O)N[C@H](C)CO)cc1,7.106682188383888,1,1,1,1,7.106682188383888,7.106682188383888,0.0,7.106682188383888
CCCCCCC(C)(C)c1ccc([C@@H]2CCC[C@@H](O)C2)cc1,6.7495799976911055,1,1,1,1,6.7495799976911055,6.7495799976911055,0.0,6.7495799976911055
CCCCCCC(C)(C)c1ccc([C@@H]2C[C@H](O)CC[C@H]2CCCO)cc1,6.623423042943488,1,1,1,1,6.623423042943488,6.623423042943488,0.0,6.623423042943488
CCCCCCC(C)(C)c1ccc([C@H]2CCC[C@@H](O)C2)c(OC)c1,6.092588639225414,1,1,1,1,6.092588639225414,6.092588639225414,0.0,6.092588639225414
CCCCCCC(C)(C)c1ccc([C@H]2CCC[C@@H](O)C2)cc1,6.636388020107855,1,1,1,1,6.636388020107855,6.636388020107855,0.0,6.636388020107855
CCCCCCC(C)(C)c1ccc([C@H]2CCC[C@H](O)C2)cc1,6.7495799976911055,1,1,1,1,6.7495799976911055,6.7495799976911055,0.0,6.7495799976911055
CCCCCCC(C)(C)c1cccc(OCC/C=C\C/C=C\C/C=C\CCCC(=O)N[C@H](C)CO)c1,6.723538195826755,1,1,1,1,6.723538195826755,6.723538195826755,0.0,6.723538195826755
CCCCCCC(C)(C)c1cccc(OCC/C=C\C/C=C\CCCC(=O)N[C@H](C)CO)c1,7.6679657229724825,1,1,1,1,7.6679657229724825,7.6679657229724825,0.0,7.6679657229724825
CCCCCCC(C)(C)c1ccccc1/C=C\C/C=C\C/C=C\CCCC(=O)N[C@H](C)CO,6.589509579996552,1,1,1,1,6.589509579996552,6.589509579996552,0.0,6.589509579996552
CCCCCCC(C)NC(=O)c1nn(-c2ccc(Cl)cc2Cl)c(-n2c(C)ccc2C)c1C,6.868060704789576,1,1,1,1,6.868060704789576,6.868060704789576,0.0,6.868060704789576
CCCCCCC(C)NC(=O)c1nn(-c2ccc(Cl)cc2Cl)c(-n2cccc2)c1C,6.6247022617826605,1,1,1,1,6.6247022617826605,6.6247022617826605,0.0,6.6247022617826605
CCCCCCC(O)(CC(=O)O)c1cc(O)c2c(c1)OC(C)(C)[C@@H]1CC=C(C)C[C@@H]21,6.0,1,1,1,1,6.0,6.0,0.0,6.0
CCCCCCC/C=C/C=C/C(=O)NCC(C)C,7.252922702990778,2,2,2,1,7.221848749616356,7.2839966563652006,0.062147906748844406,7.252922702990778
CCCCCCC1(c2cc(O)c3c(c2)OC(C)(C)[C@@H]2CC=C(C)C[C@@H]32)CC1,9.045757490560675,1,1,1,1,9.045757490560675,9.045757490560675,0.0,9.045757490560675
CCCCCCC1(c2cc(O)c3c(c2)OC(C)(C)[C@@H]2CC=C(C)C[C@@H]32)CC1(Cl)Cl,8.886056647693163,1,1,1,1,8.886056647693163,8.886056647693163,0.0,8.886056647693163
CCCCCCC1(c2cc(O)c3c(c2)OC(C)(C)[C@@H]2CC=C(C)C[C@@H]32)OCCO1,9.698970004336019,1,1,1,1,9.698970004336019,9.698970004336019,0.0,9.698970004336019
CCCCCCC1(c2cc(O)c3c(c2)OC(C)(C)[C@@H]2CCC(=O)C[C@@H]32)CCC1,7.924453038607469,1,1,1,1,7.924453038607469,7.924453038607469,0.0,7.924453038607469
CCCCCCC1(c2cc(O)c3c(c2)OC(C)(C)[C@@H]2CCC(=O)C[C@@H]32)CCCC1,8.476253533188435,1,1,1,1,8.476253533188435,8.476253533188435,0.0,8.476253533188435
CCCCCCC1(c2cc(O)c3c(c2)OC(C)(C)[C@@H]2CCC(=O)C[C@@H]32)SCCS1,7.486782399932061,1,1,1,1,7.486782399932061,7.486782399932061,0.0,7.486782399932061
CCCCCCC1(c2cc(O)c3c(c2)OC(C)(C)[C@@H]2CC[C@@H](O)C[C@@H]32)CCC1,8.289882634888183,1,1,1,1,8.289882634888183,8.289882634888183,0.0,8.289882634888183
CCCCCCC1(c2ccc(-c3cc(C)cc(C)c3)c(O)c2)CC1,7.259637310505756,1,1,1,1,7.259637310505756,7.259637310505756,0.0,7.259637310505756
CCCCCCC1(c2ccc(-c3cc(C)cc(C)c3)c(O)c2)CCCC1,8.259637310505756,1,1,1,1,8.259637310505756,8.259637310505756,0.0,8.259637310505756
CCCCCCC1(c2ccc(-c3cc(C)cc(C)c3)c(O)c2)CCCCC1,8.769551078621726,1,1,1,1,8.769551078621726,8.769551078621726,0.0,8.769551078621726
CCCCCCC1CCCc2c1cc1c(c2O)[C@@H]2CC(C)=CC[C@H]2C(C)(C)O1,8.267606240177031,1,1,1,1,8.267606240177031,8.267606240177031,0.0,8.267606240177031
CCCCCCCC(=O)N(Cc1ccc(N(CC)CC)cc1)[C@]12C[C@H]3C[C@H](C[C@H](C3)C1)C2,6.195090846699319,2,1,1,1,6.1950023721197995,6.195179321278838,0.00017694915903820885,6.195090846699319
CCCCCCCC(=O)NC(NC(=O)CCCCCCC)c1ccc(N(CC)CC)cc1,6.835647144215563,2,1,1,1,6.835647144215563,6.835647144215563,0.0,6.835647144215563
CCCCCCCC(C)(C)c1cc(O)c2cc(Cc3ccccc3O)c(=O)oc2c1,6.534617148551582,1,1,1,1,6.534617148551582,6.534617148551582,0.0,6.534617148551582
CCCCCCCC(C)(C)c1cc(OC)c2cc(Cc3ccccc3OC)c(=O)oc2c1,5.0,1,1,1,1,5.0,5.0,0.0,5.0
CCCCCCCC(C)(C)c1ccc([C@@H]2CCC[C@@H](O)C2)cc1,6.8124792791635365,1,1,1,1,6.8124792791635365,6.8124792791635365,0.0,6.8124792791635365
CCCCCCCC(C)(C)c1ccc([C@@H]2C[C@H](O)CC[C@H]2CCCO)cc1,6.761953896871205,1,1,1,1,6.761953896871205,6.761953896871205,0.0,6.761953896871205
CCCCCCCC(C)(C)c1ccc([C@H]2CCC[C@@H](O)C2)cc1,6.172630726946174,1,1,1,1,6.172630726946174,6.172630726946174,0.0,6.172630726946174
CCCCCCCC/C=C/C(=O)NCCc1cc(OC)cc(OC)c1,5.2839966563652006,1,1,1,1,5.2839966563652006,5.2839966563652006,0.0,5.2839966563652006
CCCCCCCC/C=C/C(=O)NCCc1ccc(OC)cc1,5.292429823902063,1,1,1,1,5.292429823902063,5.292429823902063,0.0,5.292429823902063
CCCCCCCC/C=C/C(=O)Nc1ccc(OC)cc1,5.6020599913279625,1,1,1,1,5.6020599913279625,5.6020599913279625,0.0,5.6020599913279625
CCCCCCCC/C=C\CCCCCCCC(=O)N(O)CCO,5.267606240177031,1,1,1,1,5.267606240177031,5.267606240177031,0.0,5.267606240177031
CCCCCCCC/C=C\CCCCCCCC(=O)NOCCO,5.42021640338319,1,1,1,1,5.42021640338319,5.42021640338319,0.0,5.42021640338319
CCCCCCCC/C=C\CCCCCCCC(=O)N[C@@H]1C[C@@H]1O,6.079445457765923,2,1,1,1,5.690369832574101,6.468521082957745,0.7781512503836439,6.079445457765923
CCCCCCCC/C=C\CCCCCCCC(=O)ONCCO,5.065501548756432,1,1,1,1,5.065501548756432,5.065501548756432,0.0,5.065501548756432
CCCCCCCCC(C)(C)c1ccc([C@@H]2CCC[C@@H](O)C2)cc1,5.9677842967020185,1,1,1,1,5.9677842967020185,5.9677842967020185,0.0,5.9677842967020185
CCCCCCCCC(C)(C)c1ccc([C@@H]2C[C@H](O)CC[C@H]2CCCO)cc1,6.375717904164332,1,1,1,1,6.375717904164332,6.375717904164332,0.0,6.375717904164332
CCCCCCCCC(C)(C)c1ccc([C@H]2CCC[C@@H](O)C2)cc1,5.950781977329818,1,1,1,1,5.950781977329818,5.950781977329818,0.0,5.950781977329818
CCCCCCCCCC(=O)NC(NC(=O)CCCCCCCCC)c1ccc(N(CC)CC)cc1,6.795880017344075,2,1,1,1,6.795880017344075,6.795880017344075,0.0,6.795880017344075
CCCCCCCCCCCCCCCC(=O)N[C@H]1C[C@@H]1O,5.616184634019569,1,1,1,1,5.616184634019569,5.616184634019569,0.0,5.616184634019569
CCCCCCCCCCCCCCCC(=O)N[C@H]1C[C@H]1O,5.787812395596042,1,1,1,1,5.787812395596042,5.787812395596042,0.0,5.787812395596042
CCCCCCCCCCC[C@@H](C[C@@H]1OC(=O)[C@H]1CCCCCC)OC(=O)CCNC=O,5.1938200260161125,1,1,1,1,5.1938200260161125,5.1938200260161125,0.0,5.1938200260161125
CCCCCCCCCCC[C@@H](C[C@@H]1OC(=O)[C@H]1CCCCCC)OC(=O)[C@@H]1CCCN1C=O,5.130768280269024,1,1,1,1,5.130768280269024,5.130768280269024,0.0,5.130768280269024
CCCCCCCCN1C(=O)C2C3c4ccccc4C(c4ccccc43)C2C1=O,5.653647025549361,1,1,1,1,5.653647025549361,5.653647025549361,0.0,5.653647025549361
CCCCCCCN(Cc1ccc(N(CC)CC)cc1)C(=O)C1CCCCC1,6.6738280856558205,2,1,1,1,6.673664139071248,6.673992032240394,0.0003278931691452769,6.6738280856558205
CCCCCCCN(Cc1ccc(N(CC)CC)cc1)C(=O)Cc1ccc(Cl)cc1,6.157194293601947,2,1,1,1,6.156997826814456,6.157390760389438,0.00039293357498237924,6.157194293601947
CCCCCCCN(Cc1ccc(N(CC)CC)cc1)C(=O)Cc1ccccc1,5.882033065769539,2,1,1,1,5.88199996657872,5.882066164960358,6.619838163857139e-05,5.882033065769539
CCCCCCCN(Cc1ccc(N(CC)CC)cc1)C(=O)c1ccc(N(C)C)cc1,5.892895236528646,2,1,1,1,5.892790030352131,5.89300044270516,0.0002104123530290991,5.892895236528646
CCCCCCCN(Cc1ccc(N(CC)CC)cc1)S(=O)(=O)CCCC,6.1622444570541095,2,1,1,1,6.156997826814456,6.167491087293763,0.010493260479307764,6.1622444570541095
CCCCCCCN(Cc1ccc(N(CC)CC)cc1)S(=O)(=O)Cc1ccccc1,6.563916908644673,2,1,1,1,6.5638373529592435,6.563996464330104,0.00015911137086010996,6.563916908644673
CCCCCCCN(Cc1ccc(N(CC)CC)cc1)S(=O)(=O)c1ccc(C(C)C)cc1,4.886028253372011,2,1,1,1,4.88599985905086,4.886056647693163,5.6788642303295944e-05,4.886028253372011
CCCCCCCN(Cc1ccc(N(CC)CC)cc1)S(=O)(=O)c1ccc(C)cc1,5.5612291537984095,2,1,1,1,5.56100065638293,5.561457651213889,0.0004569948309587346,5.5612291537984095
CCCCCCCN(Cc1ccc(N(CC)CC)cc1)S(=O)(=O)c1ccc(Cl)cc1,5.171170060648986,2,1,1,1,5.1710000178332916,5.17134010346468,0.00034008563138865355,5.171170060648986
CCCCCCCN(Cc1ccc(N(CC)CC)cc1)S(=O)(=O)c1ccc(F)cc1,5.958106204403567,2,1,1,1,5.957999727778885,5.9582126810282485,0.0002129532493633235,5.958106204403567
CCCCCCCN(Cc1ccc(N(CC)CC)cc1)S(=O)(=O)c1ccc(OC)cc1,5.284790854996451,2,1,1,1,5.284581677404944,5.285000032587957,0.00041835518301347463,5.284790854996451
CCCCCCCN(Cc1ccc(N(CC)CC)cc1)S(=O)(=O)c1cccc(C)c1,5.637853202495345,2,1,1,1,5.637706062035769,5.638000342954921,0.0002942809191521789,5.637853202495345
CCCCCCCN1C(=O)C2C3c4ccccc4C(C)(c4ccccc43)C2C1=O,6.008773924307505,1,1,1,1,6.008773924307505,6.008773924307505,0.0,6.008773924307505
CCCCCCCN1C(=O)C2C3c4ccccc4C(Cl)(c4ccccc43)C2C1=O,5.600326278518962,1,1,1,1,5.600326278518962,5.600326278518962,0.0,5.600326278518962
CCCCCCCN1C(=O)C2C3c4ccccc4C(c4cc(Cl)ccc43)C2C1=O,5.7594507517174005,1,1,1,1,5.7594507517174005,5.7594507517174005,0.0,5.7594507517174005
CCCCCCCN1C(=O)C2C3c4ccccc4C(c4ccccc43)C2C1=O,5.696803942579511,1,1,1,1,5.696803942579511,5.696803942579511,0.0,5.696803942579511
CCCCCCCNC(=O)c1nn(-c2ccc(Cl)cc2Cl)c(-n2c(C)ccc2C)c1C,6.688670047696206,1,1,1,1,6.688670047696206,6.688670047696206,0.0,6.688670047696206
CCCCCCCNC(=O)c1nn(-c2ccc(Cl)cc2Cl)c(-n2cccc2)c1C,6.5932895413902095,1,1,1,1,6.5932895413902095,6.5932895413902095,0.0,6.5932895413902095
CCCCCCCNC(=O)c1nn(-c2ccc(F)cc2F)c(-n2c(C)ccc2C)c1C,6.437112618706121,1,1,1,1,6.437112618706121,6.437112618706121,0.0,6.437112618706121
CCCCCCCNCC12c3ccccc3C(c3ccccc31)C1C(=O)NC(=O)C12,5.995678626217357,1,1,1,1,5.995678626217357,5.995678626217357,0.0,5.995678626217357
CCCCCCCNc1ccc(-c2ccccc2)cc1C(=O)NC12CC3CC(CC(C3)C1)C2,5.928117992693874,1,1,1,1,5.928117992693874,5.928117992693874,0.0,5.928117992693874
CCCCCCCNc1ccc(-c2cccs2)cc1C(=O)NC12CC3CC(CC(C3)C1)C2,6.795880017344075,1,1,1,1,6.795880017344075,6.795880017344075,0.0,6.795880017344075
CCCCCCCNc1ccc(C(=O)c2c(-c3ccc(OC)cc3)oc3ccccc23)cc1,6.3872161432802645,1,1,1,1,6.3872161432802645,6.3872161432802645,0.0,6.3872161432802645
CCCCCCCNc1ccccc1C(=O)NC12CC3CC(CC(C3)C1)C2,6.035033625168902,1,1,1,1,6.035033625168902,6.035033625168902,0.0,6.035033625168902
CCCCCCCOCC12c3ccccc3C(c3ccccc31)C1C(=O)NC(=O)C12,6.638272163982407,1,1,1,1,6.638272163982407,6.638272163982407,0.0,6.638272163982407
CCCCCCCOc1cc(O)cc(OCCCCCCCCCCC(=O)NC2CC2)c1,6.688886251356134,2,1,1,1,6.6777807052660805,6.699991797446187,0.02221109218010664,6.688886251356134
CCCCCCCOc1cc(O)cc(OCCCCCCCCCCC(=O)NCCO)c1,5.608092008521595,2,1,1,1,5.59999938302362,5.616184634019569,0.016185250995948586,5.608092008521595
CCCCCCCc1cc(O)c2c(c1)OC(C)(C)[C@@H]1CCC(C)=C[C@@H]21,8.161150909262744,1,1,1,1,8.161150909262744,8.161150909262744,0.0,8.161150909262744
CCCCCCCn1c2ccccc2c2cc(C(=O)N3CCCCC3)ccc21,6.082494490447454,1,1,1,1,6.082494490447454,6.082494490447454,0.0,6.082494490447454
CCCCCCCn1cc(C(=O)c2cccc3ccccc23)cc1-c1ccccc1,7.207608310501746,1,1,1,1,7.207608310501746,7.207608310501746,0.0,7.207608310501746
CCCCCCN1C(=O)/C(=N\NC(=O)OC(C)(C)C)c2ccccc21,7.856985199745905,1,1,1,1,7.856985199745905,7.856985199745905,0.0,7.856985199745905
CCCCCCN1C(=O)/C(=N\NC(=O)c2ccccc2)c2ccc(OC)cc21,7.046240308266771,1,1,1,1,7.046240308266771,7.046240308266771,0.0,7.046240308266771
CCCCCCN1C(=O)/C(=N\NC(=O)c2ccccc2)c2ccccc21,7.3535962737769305,1,1,1,1,7.3535962737769305,7.3535962737769305,0.0,7.3535962737769305
CCCCCCN1C(=O)C2C3c4ccccc4C(C)(c4ccccc43)C2C1=O,5.995678626217357,1,1,1,1,5.995678626217357,5.995678626217357,0.0,5.995678626217357
CCCCCCN1C(=O)C2C3c4ccccc4C(c4ccccc43)C2C1=O,5.686132779630847,1,1,1,1,5.686132779630847,5.686132779630847,0.0,5.686132779630847
CCCCCCNC(=O)c1ccc2c(c1)nc(Cc1ccc(OCC)cc1)n2CCC(C)C,5.721246399047171,1,1,1,1,5.721246399047171,5.721246399047171,0.0,5.721246399047171
CCCCCCNC(=O)c1cn(CCCCC)c2ccc(Br)cc2c1=O,6.050000457140078,1,1,1,1,6.050000457140078,6.050000457140078,0.0,6.050000457140078
CCCCCCNC(=O)c1nn(-c2ccc(Cl)cc2Cl)c(-n2cccc2)c1C,6.416461180745648,1,1,1,1,6.416461180745648,6.416461180745648,0.0,6.416461180745648
CCCCCCNC(=O)c1nn(-c2ccc(F)cc2F)c(-n2c(C)ccc2C)c1C,6.312203588618706,1,1,1,1,6.312203588618706,6.312203588618706,0.0,6.312203588618706
CCCCCCNc1ccc(-c2ccccc2)cc1C(=O)NC12CC3CC(CC(C3)C1)C2,6.6790233226571765,1,1,1,1,6.6790233226571765,6.6790233226571765,0.0,6.6790233226571765
CCCCCCNc1ccc(-c2cccnc2)cc1C(=O)NC12CC3CC(CC(C3)C1)C2,5.187086643357144,1,1,1,1,5.187086643357144,5.187086643357144,0.0,5.187086643357144
CCCCCCNc1ccc(-c2cccs2)cc1C(=O)NC12CC3CC(CC(C3)C1)C2,6.332547047110046,1,1,1,1,6.332547047110046,6.332547047110046,0.0,6.332547047110046
CCCCCCNc1ccccc1C(=O)NC12CC3CC(CC(C3)C1)C2,6.314079207805465,1,1,1,1,6.314079207805465,6.314079207805465,0.0,6.314079207805465
CCCCCCOc1ccccc1-c1cc(C(=O)NC23CC4CC(CC(C4)C2)C3)no1,7.515700160653214,1,1,1,1,7.515700160653214,7.515700160653214,0.0,7.515700160653214
CCCCCC[Si](C)(C)c1cc(O)c(C2CCCC2)c(O)c1,7.374070507283705,1,1,1,1,7.374070507283705,7.374070507283705,0.0,7.374070507283705
CCCCCC[Si](C)(C)c1cc(O)c(C2CCCC2)c(OC)c1,6.777751883141068,1,1,1,1,6.777751883141068,6.777751883141068,0.0,6.777751883141068
CCCCCC[Si](C)(C)c1cc(O)c(C2CCCCC2)c(O)c1,8.041914151478915,1,1,1,1,8.041914151478915,8.041914151478915,0.0,8.041914151478915
CCCCCC[Si](C)(C)c1cc(O)c(C2CCCCC2)c(OC)c1,6.782858362061719,1,1,1,1,6.782858362061719,6.782858362061719,0.0,6.782858362061719
CCCCCC[Si](C)(C)c1cc(O)c(C2CCCCCC2)c(O)c1,8.185086818724926,1,1,1,1,8.185086818724926,8.185086818724926,0.0,8.185086818724926
CCCCCC[Si](C)(C)c1cc(O)c(C2CCCCCC2)c(OC)c1,7.172630726946174,1,1,1,1,7.172630726946174,7.172630726946174,0.0,7.172630726946174
CCCCCC[Si](C)(C)c1cc(O)c([C@H]2C=C(CO)[C@H]3C[C@@H]2C3(C)C)c(O)c1,7.941953769604718,1,1,1,1,7.941953769604718,7.941953769604718,0.0,7.941953769604718
CCCCCC[Si](C)(C)c1cc(O)c2c(c1)OC(C)(C)[C@@H]1CC=C(CO)C[C@@H]21,9.013228265733755,1,1,1,1,9.013228265733755,9.013228265733755,0.0,9.013228265733755
CCCCCC[Si](C)(C)c1cc(O)c2c(c1)OC(C)(C)[C@@H]1CCC(C)=C[C@@H]21,8.130181792020672,1,1,1,1,8.130181792020672,8.130181792020672,0.0,8.130181792020672
CCCCCC[Si](C)(C)c1cc(O)c2c(c1)OC(C)(C)c1ccc(C)cc1-2,8.655607726314889,1,1,1,1,8.655607726314889,8.655607726314889,0.0,8.655607726314889
CCCCCC[Si](C)(C)c1cc(O)c2c(c1)OC(C)(C)c1ccc(CO)cc1-2,8.903089986991944,1,1,1,1,8.903089986991944,8.903089986991944,0.0,8.903089986991944
CCCCCC[Si](C)(C)c1cc(OC)c([C@H]2C=C(CO)[C@H]3C[C@@H]2C3(C)C)c(OC)c1,5.306800854846283,1,1,1,1,5.306800854846283,5.306800854846283,0.0,5.306800854846283
CCCCCCc1c(O)cccc1OCCCCCCCC(=O)NC1CC1,5.7447274948966935,1,1,1,1,5.7447274948966935,5.7447274948966935,0.0,5.7447274948966935
CCCCCCc1c(O)cccc1OCCCCCCCC(=O)NCCO,5.404503778174426,1,1,1,1,5.404503778174426,5.404503778174426,0.0,5.404503778174426
CCCCCCc1c(O)cccc1OCCCCCCCCCCC(=O)NCC1CC1,6.327902142064282,1,1,1,1,6.327902142064282,6.327902142064282,0.0,6.327902142064282
CCCCCCc1c(O)cccc1OCCCCCCCCCCC(=O)NCCc1ccc(O)c(O)c1,5.102372908709558,1,1,1,1,5.102372908709558,5.102372908709558,0.0,5.102372908709558
CCCCCCc1c(O)cccc1OCCCCCCCCCCC(=O)NCc1ccc(OC)c(O)c1,5.6777807052660805,1,1,1,1,5.6777807052660805,5.6777807052660805,0.0,5.6777807052660805
CCCCCCc1c(O)cccc1OCCCCCCCCCCCC(=O)NC1CC1,7.4089353929735005,1,1,1,1,7.4089353929735005,7.4089353929735005,0.0,7.4089353929735005
CCCCCCc1c(O)cccc1OCCCCCCCCCCCC(=O)NCCO,5.847711655616943,1,1,1,1,5.847711655616943,5.847711655616943,0.0,5.847711655616943
CCCCCCc1cc(O)c2c(c1)OC(C)(C)C1=C2CCN(C)C1,8.749579997691106,1,1,1,1,8.749579997691106,8.749579997691106,0.0,8.749579997691106
CCCCCCc1ccc(O)cc1OCCCCCC(=O)NC1CC1,5.447331783887806,1,1,1,1,5.447331783887806,5.447331783887806,0.0,5.447331783887806
CCCCCCc1ccc(O)cc1OCCCCCCCC(=O)OC(CO)CO,5.7447274948966935,1,1,1,1,5.7447274948966935,5.7447274948966935,0.0,5.7447274948966935
CCCCCCc1ccc(O)cc1OCCCCCCCCCCC(=O)NC(CO)CO,5.625251653989896,1,1,1,1,5.625251653989896,5.625251653989896,0.0,5.625251653989896
CCCCCCc1ccc(O)cc1OCCCCCCCCCCC(=O)NC1CC1,7.522878745280337,1,1,1,1,7.522878745280337,7.522878745280337,0.0,7.522878745280337
CCCCCCc1ccc(O)cc1OCCCCCCCCCCC(=O)NCCO,6.376750709602099,1,1,1,1,6.376750709602099,6.376750709602099,0.0,6.376750709602099
CCCCCCc1ccc(O)cc1OCCCCCCCCCCC(=O)Nc1ccc(O)cc1,5.675717544702307,1,1,1,1,5.675717544702307,5.675717544702307,0.0,5.675717544702307
CCCCCCc1ccc(O)cc1OCCCCCCCCCCC(=O)OC(CO)CO,5.7447274948966935,1,1,1,1,5.7447274948966935,5.7447274948966935,0.0,5.7447274948966935
CCCCCCc1ccc(O)cc1OCCCCCCCCCCC(=O)OCC(O)CO,5.31695296176115,1,1,1,1,5.31695296176115,5.31695296176115,0.0,5.31695296176115
CCCCCCc1ccc(O)cc1OCCCCCCCCCCCCCCCC(=O)NC1CC1,5.603800652904264,1,1,1,1,5.603800652904264,5.603800652904264,0.0,5.603800652904264
CCCCCCc1ccc(O)cc1OCCCCCCCCCCCNC(=O)C1CC1,6.6020599913279625,1,1,1,1,6.6020599913279625,6.6020599913279625,0.0,6.6020599913279625
CCCCCCc1ccc(OC)cc1OCCCCCCCCCCC(=O)NCC1CC1,7.20342566678957,1,1,1,1,7.20342566678957,7.20342566678957,0.0,7.20342566678957
CCCCCCc1ccc(OCCCCCC(=O)NC2CC2)cc1O,6.267606240177031,1,1,1,1,6.267606240177031,6.267606240177031,0.0,6.267606240177031
CCCCCCc1ccc(OCCCCCC(=O)NCCO)cc1O,5.191789027075778,1,1,1,1,5.191789027075778,5.191789027075778,0.0,5.191789027075778
CCCCCCc1ccc(OCCCCCCCC(=O)NC2CC2)cc1O,6.552841968657781,1,1,1,1,6.552841968657781,6.552841968657781,0.0,6.552841968657781
CCCCCCc1ccc(OCCCCCCCC(=O)NCCO)cc1O,5.619788758288394,1,1,1,1,5.619788758288394,5.619788758288394,0.0,5.619788758288394
CCCCCCc1ccc(OCCCCCCCC(=O)OC(CO)CO)cc1O,5.104025267640935,1,1,1,1,5.104025267640935,5.104025267640935,0.0,5.104025267640935
CCCCCCc1ccc(OCCCCCCCCCCC(=O)NC2CC2)cc1O,6.455931955649724,1,1,1,1,6.455931955649724,6.455931955649724,0.0,6.455931955649724
CCCCCCc1ccc(OCCCCCCCCCCC(=O)NCC2CC2)cc1O,5.537602002101044,1,1,1,1,5.537602002101044,5.537602002101044,0.0,5.537602002101044
CCCCCCc1ccc(OCCCCCCCCCCC(=O)NCC2CC2)cc1OC,7.311580177997289,1,1,1,1,7.311580177997289,7.311580177997289,0.0,7.311580177997289
CCCCCCc1ccc(OCCCCCCCCCCC(=O)NCCO)cc1O,5.568636235841012,1,1,1,1,5.568636235841012,5.568636235841012,0.0,5.568636235841012
CCCCCCc1ccc(OCCCCCCCCCCC(=O)OC(CO)CO)cc1O,5.104025267640935,1,1,1,1,5.104025267640935,5.104025267640935,0.0,5.104025267640935
CCCCCCc1ccc(OCCCCCCCCCCC(=O)OCC(O)CO)cc1O,4.981299501333757,1,1,1,1,4.981299501333757,4.981299501333757,0.0,4.981299501333757
CCCCCCc1ccc(OCCCCCCCCCCCC(=O)NC2CC2)cc1O,5.404503778174426,1,1,1,1,5.404503778174426,5.404503778174426,0.0,5.404503778174426
CCCCCCc1ccc(OCCCCCCCCCCOC(CO)CO)cc1O,5.621602099051863,1,1,1,1,5.621602099051863,5.621602099051863,0.0,5.621602099051863
CCCCCCc1ccc(OCCCCCCOC(CO)CO)cc1O,5.94692155651658,1,1,1,1,5.94692155651658,5.94692155651658,0.0,5.94692155651658
CCCCCCc1nc(-c2ccc(Cl)cc2)n(-c2ccc(Cl)cc2Cl)n1,5.5111673656176,1,1,1,1,5.5111673656176,5.5111673656176,0.0,5.5111673656176
CCCCCCn1c(=O)sc2cc(C(=O)C34CC5CC(CC(C5)C3)C4)ccc21,7.4089353929735005,1,1,1,1,7.4089353929735005,7.4089353929735005,0.0,7.4089353929735005
CCCCCCn1c(C)c(C)cc(Oc2nc3ccccc3o2)c1=S,6.215382707367125,1,1,1,1,6.215382707367125,6.215382707367125,0.0,6.215382707367125
CCCCCCn1c2ccccc2c2cc(C(=O)N3CCCCC3)ccc21,7.017728766960431,1,1,1,1,7.017728766960431,7.017728766960431,0.0,7.017728766960431
CCCCCCn1cc(C(=O)NC23CC4CC(CC(C4)C2)C3)c(=O)cc1-c1ccccc1,7.8696662315049934,1,1,1,1,7.8696662315049934,7.8696662315049934,0.0,7.8696662315049934
CCCCCCn1cc(C(=O)NC2CCCCC2)c(=O)c2c(C)nn(C)c21,6.488116639021126,1,1,1,1,6.488116639021126,6.488116639021126,0.0,6.488116639021126
CCCCCCn1cc(C(=O)NC2CCCCC2)c(=O)c2ccc(C)nc21,8.096910013008056,1,1,1,1,8.096910013008056,8.096910013008056,0.0,8.096910013008056
CCCCCCn1cc(C(=O)Nc2cccc3ccccc23)c(=O)c2ccccc21,6.073657553374344,1,1,1,1,6.073657553374344,6.073657553374344,0.0,6.073657553374344
CCCCCCn1cc(C(=O)c2cccc3ccccc23)c(=O)c2ccccc21,6.235077015350111,1,1,1,1,6.235077015350111,6.235077015350111,0.0,6.235077015350111
CCCCCCn1cc(C(=O)c2cccc3ccccc23)cc1-c1ccccc1,8.148741651280925,1,1,1,1,8.148741651280925,8.148741651280925,0.0,8.148741651280925
CCCCCCn1nc2c3ccccc3n(CCCCC)cc-2c1=O,8.113509274827518,1,1,1,1,8.113509274827518,8.113509274827518,0.0,8.113509274827518
CCCCCN1C(=O)/C(=N\NC(=O)CN(C)c2ccc([N+](=O)[O-])c3nonc23)c2ccc(OC)cc21,6.412289034981089,1,1,1,1,6.412289034981089,6.412289034981089,0.0,6.412289034981089
CCCCCN1C(=O)C(C(=O)NC23CC4CC(CC(C4)C2)C3)=C(O)C2C1C=NN2C,9.045757490560675,1,1,1,1,9.045757490560675,9.045757490560675,0.0,9.045757490560675
CCCCCN1N=C(C(=O)NC(C)(C)c2ccc(F)cc2)CC1c1ccccc1,6.91721462968355,1,1,1,1,6.91721462968355,6.91721462968355,0.0,6.91721462968355
CCCCCN1N=C(C(=O)NC2C3CC4CC(C3)CC2C4)CC1c1ccccc1,8.148741651280925,1,1,1,1,8.148741651280925,8.148741651280925,0.0,8.148741651280925
CCCCCN1N=C(C(=O)N[C@H]2C[C@H]3CC[C@]2(C)C3(C)C)CC1c1ccccc1,7.696803942579511,1,1,1,1,7.696803942579511,7.696803942579511,0.0,7.696803942579511
CCCCCN1N=C(C(=O)N[C@H]2C[C@H]3CC[C@]2(C)C3(C)C)CC1c1ccccc1F,8.040958607678906,1,1,1,1,8.040958607678906,8.040958607678906,0.0,8.040958607678906
CCCCCNC(=O)C(C)(C)c1cc(O)c2c(c1)OC(C)(C)[C@@H]1CC=C(C)C[C@@H]21,8.55284196865778,1,1,1,1,8.55284196865778,8.55284196865778,0.0,8.55284196865778
CCCCCNC(=O)c1nn(-c2ccc(Cl)cc2Cl)c(-n2c(C)ccc2C)c1C,6.305131672017544,1,1,1,1,6.305131672017544,6.305131672017544,0.0,6.305131672017544
CCCCCNC(=O)c1nn(-c2ccc(Cl)cc2Cl)c(-n2cccc2)c1C,6.686343653381968,1,1,1,1,6.686343653381968,6.686343653381968,0.0,6.686343653381968
CCCCCNc1c(OC)ccc2c1CN(CCc1ccc(O)cc1)C2=O,10.055764226388028,2,1,1,1,10.05551732784983,10.056011124926227,0.0004937970763965183,10.055764226388028
CCCCCNc1ccc(-c2ccc(C)cc2)cc1C(=O)NC12CC3CC(CC(C3)C1)C2,6.890759031411797,1,1,1,1,6.890759031411797,6.890759031411797,0.0,6.890759031411797
CCCCCNc1ccc(-c2ccc(F)cc2)cc1C(=O)NC12CC3CC(CC(C3)C1)C2,7.048176964684088,1,1,1,1,7.048176964684088,7.048176964684088,0.0,7.048176964684088
CCCCCNc1ccc(-c2ccc(OC)cc2)cc1C(=O)NC12CC3CC(CC(C3)C1)C2,6.829444941478791,1,1,1,1,6.829444941478791,6.829444941478791,0.0,6.829444941478791
CCCCCNc1ccc(-c2cccc(F)c2)cc1C(=O)NC12CC3CC(CC(C3)C1)C2,7.1487416512809245,1,1,1,1,7.1487416512809245,7.1487416512809245,0.0,7.1487416512809245
CCCCCNc1ccc(-c2ccccc2)cc1C(=O)NC12CC3CC(CC(C3)C1)C2,7.320572103387882,1,1,1,1,7.320572103387882,7.320572103387882,0.0,7.320572103387882
CCCCCNc1ccc(-c2cccnc2)cc1C(=O)NC12CC3CC(CC(C3)C1)C2,6.481486060122112,1,1,1,1,6.481486060122112,6.481486060122112,0.0,6.481486060122112
CCCCCNc1ccc(-c2cccs2)cc1C(=O)NC12CC3CC(CC(C3)C1)C2,5.585026652029182,1,1,1,1,5.585026652029182,5.585026652029182,0.0,5.585026652029182
CCCCCNc1ccc(Br)cc1C(=O)NC12CC3CC(CC(C3)C1)C2,6.341320971417551,1,1,1,1,6.341320971417551,6.341320971417551,0.0,6.341320971417551
CCCCCNc1ccc(C(=O)c2c(-c3ccc(OC)cc3)oc3ccccc23)cc1,7.154901959985743,1,1,1,1,7.154901959985743,7.154901959985743,0.0,7.154901959985743
CCCCCNc1ccccc1C(=O)NC12CC3CC(CC(C3)C1)C2,7.2541448048262716,1,1,1,1,7.2541448048262716,7.2541448048262716,0.0,7.2541448048262716
CCCCCOC(=O)c1cc(O)c(-c2cc(C)cc(C)c2)c(O)c1,5.958607314841775,1,1,1,1,5.958607314841775,5.958607314841775,0.0,5.958607314841775
CCCCCOC(=O)c1cc(O)c(-c2cc(C)cc(C)c2)c(OC)c1,6.568636235841012,1,1,1,1,6.568636235841012,6.568636235841012,0.0,6.568636235841012
CCCCCOC(=O)c1cc(O)c(-c2ccccc2)c(O)c1,5.3979400086720375,1,1,1,1,5.3979400086720375,5.3979400086720375,0.0,5.3979400086720375
CCCCCOc1c(OC)ccc2c(=O)n(CCc3ccc(O)cc3)ccc12,8.431915684554927,2,1,1,1,8.431798275933005,8.432033093176846,0.0002348172438413343,8.431915684554927
CCCCCOc1c(OC)ccc2c(=O)n(CCc3ccncc3)ccc12,8.075850006732026,2,1,1,1,8.075720713938118,8.075979299525933,0.0002585855878152188,8.075850006732026
CCCCCOc1c(OC)ccc2c1C(=O)N(CCc1ccc(O)cc1)C2=O,8.136825921825038,2,1,1,1,8.136677139879545,8.13697470377053,0.00029756389098523073,8.136825921825038
CCCCCOc1c(OC)ccc2c1CCN(CCc1ccc(O)cc1)C2=O,8.744848165775572,2,1,1,1,8.744727494896694,8.744968836654449,0.00024134175775536448,8.744848165775572
CCCCCOc1c(OC)ccc2c1CN(CCc1ccc(N)cc1)C2=O,7.853871964321762,2,1,1,1,7.853871964321762,7.853871964321762,0.0,7.853871964321762
CCCCCOc1c(OC)ccc2c1CN(CCc1ccc(O)cc1)C2=O,7.958804811209142,2,1,1,1,7.958607314841775,7.95900230757651,0.00039499273473531105,7.958804811209142
CCCCCOc1c(OC)ccc2cc(C(=O)N3CCCC(C(=O)OCC)C3)c(=O)[nH]c12,7.0,2,1,1,1,7.0,7.0,0.0,7.0
CCCCCOc1c(OC)ccc2cc(C(=O)N3CCCc4ccccc4C3)c(=O)[nH]c12,6.927015255372069,2,1,1,1,6.927015255372069,6.927015255372069,0.0,6.927015255372069
CCCCCOc1c(OC)ccc2cc(C(=O)NCCc3ccc(F)cc3)c(=O)[nH]c12,10.721132141090864,2,1,1,1,10.721017883134557,10.721246399047171,0.00022851591261385806,10.721132141090864
CCCCCOc1c(OC)ccc2cc(C(=O)NCCc3ccc(F)cc3)c(=O)n(C)c12,10.67788413334184,2,1,1,1,10.67778070526608,10.677987561417599,0.00020685615151805337,10.67788413334184
CCCCCOc1c(OC)ccc2cc(C(=O)NCCc3ccc(O)c(OC)c3)c(=O)[nH]c12,9.013116363004688,2,1,1,1,9.013004460275619,9.013228265733755,0.00022380545813582842,9.013116363004688
CCCCCOc1c(OC)ccc2cc(C(=O)NCCc3ccc(O)cc3)c(O)nc12,9.318894522079258,2,1,1,1,9.318758762624412,9.319030281534102,0.00027151890969001613,9.318894522079258
CCCCCOc1c(OC)ccc2cc(C(=O)NCCc3ccccc3F)c(=O)[nH]c12,9.744848165775572,2,1,1,1,9.744727494896694,9.744968836654449,0.00024134175775536448,9.744848165775572
CCCCCOc1c(OC)ccc2cc(C(=O)NCCc3ccncc3)c(=O)[nH]c12,9.886056647693163,2,1,1,1,9.886056647693163,9.886056647693163,0.0,9.886056647693163
CCCCCOc1c(OC)ccc2cc(C(=O)NCCc3ccncc3)c(=O)n(C)c12,9.124967691504128,2,1,1,1,9.1249387366083,9.124996646399959,5.790979165887222e-05,9.124967691504128
CCCCCOc1c(OC)ccc2cc(C(=O)NCc3ccc4c(c3)OCO4)c(=O)n(C)c12,9.65777481554516,2,1,1,1,9.657577319177793,9.657972311912529,0.00039499273473531105,9.65777481554516
CCCCCOc1c(OC)ccc2cc(C(=O)NCc3ccc4c(c3)OCO4)c(=O)oc12,10.060730485466358,2,1,1,1,10.060480747381382,10.060980223551333,0.0004994761699510519,10.060730485466358
CCCCCOc1cc(/C=C/C(=O)NCCc2ccc(O)cc2)ccc1OC,8.318894522079258,2,1,1,1,8.318758762624412,8.319030281534102,0.00027151890969001613,8.318894522079258
CCCCCOc1cc(/C=C/C(=O)NCCc2ccncc2)ccc1OC,7.356794222052011,2,1,1,1,7.356547323513812,7.3570411205902095,0.0004937970763974064,7.356794222052011
CCCCCOc1cc(C(=O)NC2CCc3cc(O)c(O)cc3C2)ccc1OC,7.744848165775571,2,1,1,1,7.7447274948966935,7.744968836654449,0.00024134175775536448,7.744848165775571
CCCCCOc1cc(C(=O)NCCc2ccc(O)cc2)ccc1OC,8.602059991327963,2,1,1,1,8.602059991327963,8.602059991327963,0.0,8.602059991327963
CCCCCOc1cc(C(=O)NCCc2ccncc2)ccc1OC,7.136825921825037,2,1,1,1,7.136677139879544,7.136974703770529,0.00029756389098523073,7.136825921825037
CCCCCOc1ccc(C(=O)NCCc2ccc(N)cc2)cc1SCCCCC,8.721132141090864,2,1,1,1,8.721017883134557,8.721246399047171,0.00022851591261385806,8.721132141090864
CCCCCOc1ccc(C(=O)NCCc2ccc(O)cc2)cc1OCCCCC,9.35679422205201,2,1,1,1,9.356547323513812,9.357041120590209,0.0004937970763965183,9.35679422205201
CCCCCOc1ccc(C(=O)c2cccc3ccccc23)c2ccccc12,7.721246399047171,1,1,1,1,7.721246399047171,7.721246399047171,0.0,7.721246399047171
CCCCCOc1ccc2c(c1OCCCCC)CN(CCc1ccc(N)cc1)C2=O,9.958804811209141,2,1,1,1,9.958607314841775,9.95900230757651,0.00039499273473531105,9.958804811209141
CCCCCOc1ccc2cc(C(=O)NCCc3ccc(F)cc3)c(=O)[nH]c2c1OCCCCC,10.585026652029182,2,1,1,1,10.585026652029182,10.585026652029182,0.0,10.585026652029182
CCCCCOc1cccc2c(=O)c(C(=O)NC34CC5CC(CC(C5)C3)C4)c[nH]c12,7.221848749616356,1,1,1,1,7.221848749616356,7.221848749616356,0.0,7.221848749616356
CCCCCOc1ccccc1-c1cc(C(=O)N(CC(C)C)CC(C)C)no1,7.5685468932185005,2,2,1,1,7.481486060122112,7.655607726314889,0.1741216661927769,7.5685468932185005
CCCCCOc1ccccc1-c1cc(C(=O)NC23CC4CC(CC(C4)C2)C3)no1,7.443697499232712,1,1,1,1,7.443697499232712,7.443697499232712,0.0,7.443697499232712
CCCCCOc1ccccc1-c1cc(C(=O)NC23CC4CC(CC2C4)C3)no1,8.045757490560675,1,1,1,1,8.045757490560675,8.045757490560675,0.0,8.045757490560675
CCCCCOc1ccccc1-c1cc(C(=O)NC2C3CC4CC(C3)CC2C4)no1,7.221125527997261,1,1,1,1,7.221125527997261,7.221125527997261,0.0,7.221125527997261
CCCCCOc1ccccc1-c1cc(C(=O)NC2CCC2)no1,6.3851027839668655,1,1,1,1,6.3851027839668655,6.3851027839668655,0.0,6.3851027839668655
CCCCCOc1ccccc1-c1cc(C(=O)NC2CCCC2)no1,7.215382707367125,1,1,1,1,7.215382707367125,7.215382707367125,0.0,7.215382707367125
CCCCCOc1ccccc1-c1cc(C(=O)NC2CCCCC2)no1,7.642065152999546,1,1,1,1,7.642065152999546,7.642065152999546,0.0,7.642065152999546
CCCCCOc1ccccc1-c1cc(C(=O)NC2CCCCCC2)no1,7.216096420727265,1,1,1,1,7.216096420727265,7.216096420727265,0.0,7.216096420727265
CCCCCOc1ccccc1-c1cc(C(=O)NC2CCCCCCC2)no1,7.133712660915805,1,1,1,1,7.133712660915805,7.133712660915805,0.0,7.133712660915805
CCCCCOc1ccccc1-c1cc(C(=O)NN2CCCCC2)no1,6.221848749616356,1,1,1,1,6.221848749616356,6.221848749616356,0.0,6.221848749616356
CCCCCOc1ccccc1C(=O)NC12CC3CC(CC(C3)C1)C2,7.966576244513051,1,1,1,1,7.966576244513051,7.966576244513051,0.0,7.966576244513051
CCCCCOc1nn(CCCCC)c2ccc([N+](=O)[O-])cc12,6.167491087293763,1,1,1,1,6.167491087293763,6.167491087293763,0.0,6.167491087293763
CCCCCS(=O)(=O)NC1CCN(c2ncnc3c2nc(-c2ccccc2Cl)n3-c2ccc(Cl)cc2)CC1,6.2441251443275085,1,1,1,1,6.2441251443275085,6.2441251443275085,0.0,6.2441251443275085
CCCCCSc1cc(/C=C/C(=O)NCCc2ccc(O)cc2)ccc1OC,8.958804811209141,2,1,1,1,8.958607314841775,8.95900230757651,0.00039499273473531105,8.958804811209141
CCCCCc1cc(-c2ccc(Cl)cc2)n(-c2ccc(Cl)cc2Cl)n1,6.338944915146621,1,1,1,1,6.338944915146621,6.338944915146621,0.0,6.338944915146621
CCCCCc1cc(-c2ccccc2)n(-c2ccccc2)n1,5.531209737900389,1,1,1,1,5.531209737900389,5.531209737900389,0.0,5.531209737900389
CCCCCc1cc(Br)c2c(c1)OC(C)(C)[C@@H]1CC=C(C)C[C@@H]21,6.255707016877324,1,1,1,1,6.255707016877324,6.255707016877324,0.0,6.255707016877324
CCCCCc1cc(O)c(C/C=C(\C)CC/C=C(\C)CCC=C(C)C)c(O)c1,6.7447274948966935,1,1,1,1,6.7447274948966935,6.7447274948966935,0.0,6.7447274948966935
CCCCCc1cc(O)c([C@H]2C=C(CO)CC[C@@H]2C(C)C)c(O)c1,7.91721462968355,1,1,1,1,7.91721462968355,7.91721462968355,0.0,7.91721462968355
CCCCCc1cc(O)c2c(c1)CC(C)(C)[C@@H]1CCC(C)=C[C@@H]21,6.853871964321762,1,1,1,1,6.853871964321762,6.853871964321762,0.0,6.853871964321762
CCCCCc1cc(O)c2c(c1)OC(C)(C)C1=C2C(O)C(C)(OC)CC1,6.522878745280337,1,1,1,1,6.522878745280337,6.522878745280337,0.0,6.522878745280337
CCCCCc1cc(O)c2c(c1)OC(C)(C)C1=C2C(OC(C)=O)C(C)(OC)CC1,6.00436480540245,1,1,1,1,6.00436480540245,6.00436480540245,0.0,6.00436480540245
CCCCCc1cc(O)c2c(c1)OC(C)(C)C1=C2C[C@@H](C)CC1,7.769551078621726,1,1,1,1,7.769551078621726,7.769551078621726,0.0,7.769551078621726
CCCCCc1cc(O)c2c(c1)OC(C)(C)C1=C2C[C@H](C)CC1,7.7447274948966935,1,1,1,1,7.7447274948966935,7.7447274948966935,0.0,7.7447274948966935
CCCCCc1cc(O)c2c(c1)OC(C)(C)[C@@H]1C=C[C@@](C)(O)C[C@@H]21,8.022276394711152,1,1,1,1,8.022276394711152,8.022276394711152,0.0,8.022276394711152
CCCCCc1cc(O)c2c(c1)OC(C)(C)[C@@H]1CC=C(C)C[C@@H]21,7.761439372640169,2,2,2,1,7.6020599913279625,7.920818753952375,0.3187587626244124,7.761439372640169
CCCCCc1cc(O)c2c(c1)OC(C)(C)[C@@H]1CC=C(C)[C@@H](O)[C@@H]21,5.484921324924077,1,1,1,1,5.484921324924077,5.484921324924077,0.0,5.484921324924077
CCCCCc1cc(O)c2c(c1)OC(C)(C)[C@@H]1CC=C(C)[C@H](O)[C@@H]21,7.522878745280337,1,1,1,1,7.522878745280337,7.522878745280337,0.0,7.522878745280337
CCCCCc1cc(O)c2c(c1)OC(C)(C)[C@@H]1CCC(C)=C[C@H]21,5.323306390375134,1,1,1,1,5.323306390375134,5.323306390375134,0.0,5.323306390375134
CCCCCc1cc(O)c2c(c1)OC(C)(C)[C@@H]1CC[C@@]3(C)O[C@H]3[C@@H]21,6.474955192963154,1,1,1,1,6.474955192963154,6.474955192963154,0.0,6.474955192963154
CCCCCc1cc(O)c2c(c1)OC(C)(C)[C@@H]1CC[C@](C)(O)[C@@H](O)[C@@H]21,5.668977828958171,1,1,1,1,5.668977828958171,5.668977828958171,0.0,5.668977828958171
CCCCCc1cc(O)c2c(c1)OC(C)(C)[C@@H]1C[C@@H](O)C(C)=C[C@@H]21,7.055517327849831,1,1,1,1,7.055517327849831,7.055517327849831,0.0,7.055517327849831
CCCCCc1cc(O)c2c(c1)OC(C)(C)[C@@H]1C[C@H](O)C(C)=C[C@@H]21,5.492279023314387,1,1,1,1,5.492279023314387,5.492279023314387,0.0,5.492279023314387
CCCCCc1cc(O)c2c(c1)OC(C)(C)[C@H]1CC=C(C)C[C@H]21,7.288192770958809,1,1,1,1,7.288192770958809,7.288192770958809,0.0,7.288192770958809
CCCCCc1cc(O)c2c(c1)OC(C)(C)[C@H]1CCC(C)=C[C@@H]21,7.00436480540245,1,1,1,1,7.00436480540245,7.00436480540245,0.0,7.00436480540245
CCCCCc1cc(O)c2c(c1)OC(C)(CCC=C(C)C)C=C2,6.644518440502362,2,2,2,1,6.590066876668706,6.698970004336019,0.10890312766731292,6.644518440502362
CCCCCc1cc(O)c2c(c1)OC1=C(CC[C@@H](C)C1)C2(C)C,6.327902142064282,1,1,1,1,6.327902142064282,6.327902142064282,0.0,6.327902142064282
CCCCCc1cc(O)c2c(c1)OC1=C(CC[C@H](C)C1)C2(C)C,6.7447274948966935,1,1,1,1,6.7447274948966935,6.7447274948966935,0.0,6.7447274948966935
CCCCCc1cc(O)c2cc(Cc3cccc(C)c3)c(=O)oc2c1,5.75448733218585,1,1,1,1,5.75448733218585,5.75448733218585,0.0,5.75448733218585
CCCCCc1cc(O)c2cc(Cc3cccc(Cl)c3)c(=O)oc2c1,5.657577319177793,1,1,1,1,5.657577319177793,5.657577319177793,0.0,5.657577319177793
CCCCCc1cc(O)c2cc(Cc3cccc(O)c3)c(=O)oc2c1,5.288192770958808,1,1,1,1,5.288192770958808,5.288192770958808,0.0,5.288192770958808
CCCCCc1cc(O)c2cc(Cc3ccccc3)c(=O)oc2c1,5.774690718274137,1,1,1,1,5.774690718274137,5.774690718274137,0.0,5.774690718274137
CCCCCc1cc(O)c2cc(Cc3ccccc3C)c(=O)oc2c1,5.447331783887806,1,1,1,1,5.447331783887806,5.447331783887806,0.0,5.447331783887806
CCCCCc1cc(O)c2cc(Cc3ccccc3Cl)c(=O)oc2c1,5.7121982700697735,1,1,1,1,5.7121982700697735,5.7121982700697735,0.0,5.7121982700697735
CCCCCc1cc(O)c2cc(Cc3ccccc3O)c(=O)oc2c1,5.318758762624412,1,1,1,1,5.318758762624412,5.318758762624412,0.0,5.318758762624412
CCCCCc1cc(O)cc(OCCCCCC(=O)NC2CC2)c1,6.017728766960431,1,1,1,1,6.017728766960431,6.017728766960431,0.0,6.017728766960431
CCCCCc1cc(O)cc(OCCCCCCCC(=O)NC2CC2)c1,7.4089353929735005,1,1,1,1,7.4089353929735005,7.4089353929735005,0.0,7.4089353929735005
CCCCCc1cc(O)cc(OCCCCCCCC(=O)NCCO)c1,6.4089353929735005,1,1,1,1,6.4089353929735005,6.4089353929735005,0.0,6.4089353929735005
CCCCCc1cc(O)cc(OCCCCCCCC(=O)N[C@H](C)CO)c1,6.9233595563296575,1,1,1,1,6.9233595563296575,6.9233595563296575,0.0,6.9233595563296575
CCCCCc1cc(O)cc(OCCCCCCCC(=O)OC(CO)CO)c1,5.104025267640935,1,1,1,1,5.104025267640935,5.104025267640935,0.0,5.104025267640935
CCCCCc1cc(O)cc(OCCCCCCCCCCC(=O)NC(CO)CO)c1,6.267606240177031,1,1,1,1,6.267606240177031,6.267606240177031,0.0,6.267606240177031
CCCCCc1cc(O)cc(OCCCCCCCCCCC(=O)NC2CC2)c1,7.886056647693163,1,1,1,1,7.886056647693163,7.886056647693163,0.0,7.886056647693163
CCCCCc1cc(O)cc(OCCCCCCCCCCC(=O)NCC(F)(F)F)c1,7.016373712875465,1,1,1,1,7.016373712875465,7.016373712875465,0.0,7.016373712875465
CCCCCc1cc(O)cc(OCCCCCCCCCCC(=O)NCC2CC2)c1,7.096910013008056,1,1,1,1,7.096910013008056,7.096910013008056,0.0,7.096910013008056
CCCCCc1cc(O)cc(OCCCCCCCCCCC(=O)NCCO)c1,6.795880017344075,1,1,1,1,6.795880017344075,6.795880017344075,0.0,6.795880017344075
CCCCCc1cc(O)cc(OCCCCCCCCCCC(=O)NCc2ccc(OC)c(O)c2)c1,5.782516055786093,1,1,1,1,5.782516055786093,5.782516055786093,0.0,5.782516055786093
CCCCCc1cc(O)cc(OCCCCCCCCCCC(=O)NCc2ccccc2)c1,6.694004117229195,1,1,1,1,6.694004117229195,6.694004117229195,0.0,6.694004117229195
CCCCCc1cc(O)cc(OCCCCCCCCCCC(=O)NN(C)C)c1,6.73849922680172,1,1,1,1,6.73849922680172,6.73849922680172,0.0,6.73849922680172
CCCCCc1cc(O)cc(OCCCCCCCCCCC(=O)NN2CCCCC2)c1,6.16889843549864,1,1,1,1,6.16889843549864,6.16889843549864,0.0,6.16889843549864
CCCCCc1cc(O)cc(OCCCCCCCCCCC(=O)N[C@H](C)CO)c1,7.012333735073725,1,1,1,1,7.012333735073725,7.012333735073725,0.0,7.012333735073725
CCCCCc1cc(O)cc(OCCCCCCCCCCC(=O)Nc2ccc(O)cc2)c1,5.853871964321762,1,1,1,1,5.853871964321762,5.853871964321762,0.0,5.853871964321762
CCCCCc1cc(O)cc(OCCCCCCCCCCC(=O)Nc2ccccc2)c1,6.893469146177619,1,1,1,1,6.893469146177619,6.893469146177619,0.0,6.893469146177619
CCCCCc1cc(O)cc(OCCCCCCCCCCC(=O)OC(CO)CO)c1,6.060480747381382,1,1,1,1,6.060480747381382,6.060480747381382,0.0,6.060480747381382
CCCCCc1cc(O)cc(OCCCCCCCCCCC(=O)OCC(O)CO)c1,5.101823516502323,1,1,1,1,5.101823516502323,5.101823516502323,0.0,5.101823516502323
CCCCCc1cc(O)cc(OCCCCCCCCCCCC(=O)NC2CC2)c1,6.508638306165727,1,1,1,1,6.508638306165727,6.508638306165727,0.0,6.508638306165727
CCCCCc1cc(O)cc(OCCCCCCCCCCCC(=O)NCCO)c1,7.4089353929735005,1,1,1,1,7.4089353929735005,7.4089353929735005,0.0,7.4089353929735005
CCCCCc1cc(O)cc(OCCCCCCCCCCCNC(=O)C2CC2)c1,6.337242168318426,1,1,1,1,6.337242168318426,6.337242168318426,0.0,6.337242168318426
CCCCCc1cc(O)cc(OCCCCCCCCCCCNC2CC2)c1,5.723538195826755,1,1,1,1,5.723538195826755,5.723538195826755,0.0,5.723538195826755
CCCCCc1cc(O)cc(OCCCCCCCCCCCNCc2ccccc2)c1,6.080921907623926,1,1,1,1,6.080921907623926,6.080921907623926,0.0,6.080921907623926
CCCCCc1cc(O)cc(OCCCCCCCCCN[C@H](C)CO)c1,5.818156412055227,1,1,1,1,5.818156412055227,5.818156412055227,0.0,5.818156412055227
CCCCCc1cc(O)cc(OCCCCCCCCOC(CO)CO)c1,5.935542010773082,1,1,1,1,5.935542010773082,5.935542010773082,0.0,5.935542010773082
CCCCCc1cc(O)cc(OCCCCCCOC(CO)CO)c1,6.040958607678906,1,1,1,1,6.040958607678906,6.040958607678906,0.0,6.040958607678906
CCCCCc1cc(OC(C)=O)c2c(c1)OC(C)(C)C1=C2C2OC2(C)CC1,6.333482019445119,1,1,1,1,6.333482019445119,6.333482019445119,0.0,6.333482019445119
CCCCCc1cc(OC(C)=O)c2c(c1)OC(C)(C)[C@@H]1CC=C(C)C[C@@H]21,6.801342913045577,1,1,1,1,6.801342913045577,6.801342913045577,0.0,6.801342913045577
CCCCCc1cc(OC)c2cc(Cc3ccc(Br)cc3)c(=O)oc2c1,6.2380721615794705,1,1,1,1,6.2380721615794705,6.2380721615794705,0.0,6.2380721615794705
CCCCCc1cc(OC)c2cc(Cc3ccc(Cl)cc3)c(=O)oc2c1,6.2380721615794705,1,1,1,1,6.2380721615794705,6.2380721615794705,0.0,6.2380721615794705
CCCCCc1cc(OC)c2cc(Cc3cccc(C)c3)c(=O)oc2c1,6.406713932979542,1,1,1,1,6.406713932979542,6.406713932979542,0.0,6.406713932979542
CCCCCc1cc(OC)c2cc(Cc3cccc(Cl)c3)c(=O)oc2c1,6.455931955649724,1,1,1,1,6.455931955649724,6.455931955649724,0.0,6.455931955649724
CCCCCc1cc(OC)c2cc(Cc3cccc(OC)c3)c(=O)oc2c1,6.844663962534938,1,1,1,1,6.844663962534938,6.844663962534938,0.0,6.844663962534938
CCCCCc1cc(OC)c2cc(Cc3ccccc3)c(=O)oc2c1,6.573488738635424,1,1,1,1,6.573488738635424,6.573488738635424,0.0,6.573488738635424
CCCCCc1cc(OC)c2cc(Cc3ccccc3C)c(=O)oc2c1,6.392544976785331,1,1,1,1,6.392544976785331,6.392544976785331,0.0,6.392544976785331
CCCCCc1cc(OC)c2cc(Cc3ccccc3Cl)c(=O)oc2c1,6.732828271596986,1,1,1,1,6.732828271596986,6.732828271596986,0.0,6.732828271596986
CCCCCc1cc(OC)c2cc(Cc3ccccc3OC)c(=O)oc2c1,7.309803919971486,1,1,1,1,7.309803919971486,7.309803919971486,0.0,7.309803919971486
CCCCCc1cc(OC)c2cc(Cc3ccccn3)c(=O)oc2c1,7.082026936136985,2,1,1,1,7.079981083971085,7.084072788302884,0.004091704331798951,7.082026936136985
CCCCCc1cc(OC)c2cc(Cc3cccnc3)c(=O)oc2c1,7.248991734335579,2,1,1,1,7.247951552180561,7.250031916490597,0.002080364310035776,7.248991734335579
CCCCCc1cc(OC)cc(OCCCCCCCC(=O)NCCO)c1,7.377785977033705,1,1,1,1,7.377785977033705,7.377785977033705,0.0,7.377785977033705
CCCCCc1cc(OC)cc(OCCCCCCCCCCC(=O)NC(CO)CO)c1,6.223589411192657,1,1,1,1,6.223589411192657,6.223589411192657,0.0,6.223589411192657
CCCCCc1cc(OC)cc(OCCCCCCCCCCC(=O)NC2CC2)c1,8.920818753952375,1,1,1,1,8.920818753952375,8.920818753952375,0.0,8.920818753952375
CCCCCc1cc(OC)cc(OCCCCCCCCCCC(=O)NCC(F)(F)F)c1,7.6401645176601125,1,1,1,1,7.6401645176601125,7.6401645176601125,0.0,7.6401645176601125
CCCCCc1cc(OC)cc(OCCCCCCCCCCC(=O)NCC2CC2)c1,7.987162775294828,1,1,1,1,7.987162775294828,7.987162775294828,0.0,7.987162775294828
CCCCCc1cc(OC)cc(OCCCCCCCCCCC(=O)NCCO)c1,7.478861916295964,1,1,1,1,7.478861916295964,7.478861916295964,0.0,7.478861916295964
CCCCCc1cc(OC)cc(OCCCCCCCCCCC(=O)Nc2ccccc2)c1,6.5101820916985496,1,1,1,1,6.5101820916985496,6.5101820916985496,0.0,6.5101820916985496
CCCCCc1cc(OCC)cc(OCCCCCCCCCCC(=O)NC2CC2)c1,8.173925197299173,1,1,1,1,8.173925197299173,8.173925197299173,0.0,8.173925197299173
CCCCCc1cc(OCCCC)cc(OCCCCCCCCCCC(=O)NC2CC2)c1,7.667561540084394,1,1,1,1,7.667561540084394,7.667561540084394,0.0,7.667561540084394
CCCCCc1cc(OCCCCCCCCCCC(=O)NC2CC2)cc(OC(C)C)c1,8.568636235841012,1,1,1,1,8.568636235841012,8.568636235841012,0.0,8.568636235841012
CCCCCc1cc2c(c(O)c1C(=O)O)[C@@H]1C=C(C)CC[C@H]1C(C)(C)O2,7.251811972993799,1,1,1,1,7.251811972993799,7.251811972993799,0.0,7.251811972993799
CCCCCc1cc2c(c(O)c1C(=O)O)[C@@H]1C=C(COC(C)=O)CC[C@H]1C(C)(C)O2,6.0400051616715835,1,1,1,1,6.0400051616715835,6.0400051616715835,0.0,6.0400051616715835
CCCCCc1cc2c(c(OS(=O)(=O)c3ccc(C)cc3)c1)[C@@H]1CC(C)(OO)C=C[C@H]1C(C)(C)O2,6.675717544702307,1,1,1,1,6.675717544702307,6.675717544702307,0.0,6.675717544702307
CCCCCc1cc2c(c(OS(=O)(=O)c3ccc(C)cc3)c1)[C@@H]1[C@H](O)C(C)=CC[C@H]1C(C)(C)O2,6.258060922270801,1,1,1,1,6.258060922270801,6.258060922270801,0.0,6.258060922270801
CCCCCc1cc2c(c(OS(=O)(=O)c3ccc(C)cc3)c1)[C@H]1[C@@H](CC=C(C)[C@@H]1OO)C(C)(C)O2,6.370590400897282,1,1,1,1,6.370590400897282,6.370590400897282,0.0,6.370590400897282
CCCCCc1ccc(OCCCCCCCCCCC(=O)NC2CC2)cc1O,7.886056647693163,1,1,1,1,7.886056647693163,7.886056647693163,0.0,7.886056647693163
CCCCCc1ccc2c(c1)OC(C)(C)[C@@H]1CC=C(C)C[C@@H]21,7.494850021680094,1,1,1,1,7.494850021680094,7.494850021680094,0.0,7.494850021680094
CCCCCc1cccc(OCCCCCCCCCCC(=O)NC2CC2)c1,8.455931955649724,1,1,1,1,8.455931955649724,8.455931955649724,0.0,8.455931955649724
CCCCCc1sc(NC(=O)C23CC4CC(CC(C4)C2)C3)c(C(=O)OC)c1-c1ccccc1,8.09528445472132,1,1,1,1,8.09528445472132,8.09528445472132,0.0,8.09528445472132
CCCCCc1sc2ccccc2c1C(=O)c1ccc(OC)cc1,6.522878745280337,1,1,1,1,6.522878745280337,6.522878745280337,0.0,6.522878745280337
CCCCCc1sc2ccccc2c1C(=O)c1cccc2ccccc12,6.522878745280337,1,1,1,1,6.522878745280337,6.522878745280337,0.0,6.522878745280337
CCCCCn1/c(=N/C(=O)c2cccc(C(F)(F)F)c2)sc2ccccc21,6.337242168318426,1,1,1,1,6.337242168318426,6.337242168318426,0.0,6.337242168318426
CCCCCn1/c(=N/C(=O)c2cccc3ccccc23)sc2ccccc21,8.698970004336019,1,1,1,1,8.698970004336019,8.698970004336019,0.0,8.698970004336019
CCCCCn1/c(=N\C(=O)C23CC4CC(CC(C4)C2)C3)sc2ccccc21,7.920818753952375,1,1,1,1,7.920818753952375,7.920818753952375,0.0,7.920818753952375
CCCCCn1c(-c2ccccc2)c(C(=O)NC23CC4CC(C)(CC(C)(C4)C2)C3)c(=O)c2ccccc21,6.924453038607469,1,1,1,1,6.924453038607469,6.924453038607469,0.0,6.924453038607469
CCCCCn1c(-c2ccccc2)c(C(=O)NC23CC4CC(CC(C4)C2)C3)c(=O)c2ccccc21,6.471083299722345,1,1,1,1,6.471083299722345,6.471083299722345,0.0,6.471083299722345
CCCCCn1c(=O)c(C(=O)NC23CC4CC(CC(C4)C2)C3)c(O)c2cc(-c3ccco3)ccc21,7.823908740944319,1,1,1,1,7.823908740944319,7.823908740944319,0.0,7.823908740944319
CCCCCn1c(=O)c(C(=O)NC23CC4CC(CC(C4)C2)C3)c(O)c2cc(Br)ccc21,7.531652669587842,1,1,1,1,7.531652669587842,7.531652669587842,0.0,7.531652669587842
CCCCCn1c(=O)c(C(=O)NC23CC4CC(CC(C4)C2)C3)c(O)c2ccc(F)cc21,9.096910013008056,1,1,1,1,9.096910013008056,9.096910013008056,0.0,9.096910013008056
CCCCCn1c(=O)c(C(=O)NC23CC4CC(CC(C4)C2)C3)c(O)c2nn(C)cc21,9.744727494896694,1,1,1,1,9.744727494896694,9.744727494896694,0.0,9.744727494896694
CCCCCn1c(=O)c(C(=O)NC23CC4CC(CC(C4)C2)C3)c(O)c2nn(CCO)cc21,8.318758762624412,1,1,1,1,8.318758762624412,8.318758762624412,0.0,8.318758762624412
CCCCCn1c(=O)c(C(=O)NC23CC4CC(CC(C4)C2)C3)cc2ccccc21,9.698970004336019,1,1,1,1,9.698970004336019,9.698970004336019,0.0,9.698970004336019
CCCCCn1c(=O)c(C(=O)NC23CC4CC(CC(O)(C4)C2)C3)c(O)c2nn(CCO)cc21,7.243363891754152,1,1,1,1,7.243363891754152,7.243363891754152,0.0,7.243363891754152
CCCCCn1c(=O)c(C(=O)NC2CCC(C)CC2)cc2ccccc21,8.823908740944319,1,1,1,1,8.823908740944319,8.823908740944319,0.0,8.823908740944319
CCCCCn1c(=O)c(C(=O)NC2CCC(C)CC2)cc2cccnc21,8.549750891680638,1,1,1,1,8.549750891680638,8.549750891680638,0.0,8.549750891680638
CCCCCn1c(=O)sc2cc(/C(=N\O)C34CC5CC(CC(C5)C3)C4)ccc21,6.600326278518962,1,1,1,1,6.600326278518962,6.600326278518962,0.0,6.600326278518962
CCCCCn1c(=O)sc2cc(/C(=N\OC)C34CC5CC(CC(C5)C3)C4)ccc21,6.358525889495901,1,1,1,1,6.358525889495901,6.358525889495901,0.0,6.358525889495901
CCCCCn1c(=O)sc2cc(C(=O)C34CC5CC(CC(C5)C3)C4)ccc21,7.8696662315049934,1,1,1,1,7.8696662315049934,7.8696662315049934,0.0,7.8696662315049934
CCCCCn1c(=O)sc2cc(C(=O)C3CCCC3)ccc21,6.6777807052660805,1,1,1,1,6.6777807052660805,6.6777807052660805,0.0,6.6777807052660805
CCCCCn1c(=O)sc2cc(C(=O)C3CCCCC3)ccc21,7.305394801066432,1,1,1,1,7.305394801066432,7.305394801066432,0.0,7.305394801066432
CCCCCn1c(=O)sc2cc(C(O)C34CC5CC(CC(C5)C3)C4)ccc21,6.565431095965801,1,1,1,1,6.565431095965801,6.565431095965801,0.0,6.565431095965801
CCCCCn1c(=O)sc2cc(C(OC)C34CC5CC(CC(C5)C3)C4)ccc21,6.46344155742847,1,1,1,1,6.46344155742847,6.46344155742847,0.0,6.46344155742847
CCCCCn1c(=O)sc2cc(CC34CC5CC(CC(C5)C3)C4)ccc21,6.84163750790475,1,1,1,1,6.84163750790475,6.84163750790475,0.0,6.84163750790475
CCCCCn1c(=O)sc2ccc(C(=O)C34CC5CC(CC(C5)C3)C4)cc21,6.279179418229656,1,1,1,1,6.279179418229656,6.279179418229656,0.0,6.279179418229656
CCCCCn1c(C)c(C(=O)Cc2ccc(Br)cc2)c2ccccc21,5.572027286391791,1,1,1,1,5.572027286391791,5.572027286391791,0.0,5.572027286391791
CCCCCn1c(C)c(C(=O)Cc2ccc(C)cc2)c2ccccc21,5.868702203402377,1,1,1,1,5.868702203402377,5.868702203402377,0.0,5.868702203402377
CCCCCn1c(C)c(C(=O)Cc2ccc(Cl)cc2)c2ccccc21,5.429106963781608,1,1,1,1,5.429106963781608,5.429106963781608,0.0,5.429106963781608
CCCCCn1c(C)c(C(=O)Cc2ccc(F)cc2)c2ccccc21,6.1073489661227,1,1,1,1,6.1073489661227,6.1073489661227,0.0,6.1073489661227
CCCCCn1c(C)c(C(=O)Cc2ccc(OC)cc2)c2ccccc21,6.1904402853647325,1,1,1,1,6.1904402853647325,6.1904402853647325,0.0,6.1904402853647325
CCCCCn1c(C)c(C(=O)Cc2cccc(Cl)c2)c2ccccc21,6.860120913598763,1,1,1,1,6.860120913598763,6.860120913598763,0.0,6.860120913598763
CCCCCn1c(C)c(C(=O)Cc2cccc(F)c2)c2ccccc21,6.739928612014925,1,1,1,1,6.739928612014925,6.739928612014925,0.0,6.739928612014925
CCCCCn1c(C)c(C(=O)Cc2cccc(OC)c2)c2ccccc21,7.075720713938118,1,1,1,1,7.075720713938118,7.075720713938118,0.0,7.075720713938118
CCCCCn1c(C)c(C(=O)Cc2ccccc2)c2ccccc21,6.7447274948966935,1,1,1,1,6.7447274948966935,6.7447274948966935,0.0,6.7447274948966935
CCCCCn1c(C)c(C(=O)Cc2ccccc2Br)c2ccccc21,7.537602002101044,1,1,1,1,7.537602002101044,7.537602002101044,0.0,7.537602002101044
CCCCCn1c(C)c(C(=O)Cc2ccccc2C)c2ccccc21,7.721246399047171,1,1,1,1,7.721246399047171,7.721246399047171,0.0,7.721246399047171
CCCCCn1c(C)c(C(=O)Cc2ccccc2Cl)c2ccccc21,7.6020599913279625,1,1,1,1,7.6020599913279625,7.6020599913279625,0.0,7.6020599913279625
CCCCCn1c(C)c(C(=O)Cc2ccccc2F)c2ccccc21,7.119186407719209,1,1,1,1,7.119186407719209,7.119186407719209,0.0,7.119186407719209
CCCCCn1c(C)c(C(=O)Cc2ccccc2OC)c2ccccc21,7.086186147616283,1,1,1,1,7.086186147616283,7.086186147616283,0.0,7.086186147616283
CCCCCn1c(C)c(C(=O)NC(C)c2ccccc2)c(=O)c2ccccc21,6.178486471595226,1,1,1,1,6.178486471595226,6.178486471595226,0.0,6.178486471595226
CCCCCn1c(C)c(C(=O)NC23CC4CC(C)(CC(C)(C4)C2)C3)c(=O)c2ccccc21,6.698970004336019,1,1,1,1,6.698970004336019,6.698970004336019,0.0,6.698970004336019
CCCCCn1c(C)c(C(=O)c2c(OC)ccc3ccccc23)c2ccccc21,7.3979400086720375,1,1,1,1,7.3979400086720375,7.3979400086720375,0.0,7.3979400086720375
CCCCCn1c(C)c(C(=O)c2ccc(Br)c3ccccc23)c2ccccc21,8.55284196865778,1,1,1,1,8.55284196865778,8.55284196865778,0.0,8.55284196865778
CCCCCn1c(C)c(C(=O)c2ccc(C)c3ccccc23)c2ccccc21,9.13697470377053,1,1,1,1,9.13697470377053,9.13697470377053,0.0,9.13697470377053
CCCCCn1c(C)c(C(=O)c2ccc(CC)c3ccccc23)c2ccccc21,9.376957565753619,1,1,1,1,9.376957565753619,9.376957565753619,0.0,9.376957565753619
CCCCCn1c(C)c(C(=O)c2ccc(CCC)c3ccccc23)c2ccccc21,9.208028798979232,1,1,1,1,9.208028798979232,9.208028798979232,0.0,9.208028798979232
CCCCCn1c(C)c(C(=O)c2ccc(CCCC)c3ccc(C)cc23)c2ccccc21,8.187086643357144,1,1,1,1,8.187086643357144,8.187086643357144,0.0,8.187086643357144
CCCCCn1c(C)c(C(=O)c2ccc(CCCC)c3ccccc23)c2ccccc21,8.18701983396052,1,1,1,1,8.18701983396052,8.18701983396052,0.0,8.18701983396052
CCCCCn1c(C)c(C(=O)c2ccc(Cl)c3ccccc23)c2ccccc21,8.638272163982407,1,1,1,1,8.638272163982407,8.638272163982407,0.0,8.638272163982407
CCCCCn1c(C)c(C(=O)c2ccc(F)c3ccccc23)c2ccccc21,8.657577319177793,1,1,1,1,8.657577319177793,8.657577319177793,0.0,8.657577319177793
CCCCCn1c(C)c(C(=O)c2ccc(I)c3ccccc23)c2ccccc21,8.67778070526608,1,1,1,1,8.67778070526608,8.67778070526608,0.0,8.67778070526608
CCCCCn1c(C)c(C(=O)c2ccc(OC)c3ccccc23)c2ccccc21,8.721017883134557,1,1,1,1,8.721017883134557,8.721017883134557,0.0,8.721017883134557
CCCCCn1c(C)c(C(=O)c2ccc(OCC)c3ccccc23)c2ccccc21,7.6020599913279625,1,1,1,1,7.6020599913279625,7.6020599913279625,0.0,7.6020599913279625
CCCCCn1c(C)c(C(=O)c2cccc3cc(OC)ccc23)c2ccccc21,7.95900230757651,1,1,1,1,7.95900230757651,7.95900230757651,0.0,7.95900230757651
CCCCCn1c(C)c(C(=O)c2cccc3ccc(C)cc23)c2ccccc21,9.309981219211304,1,1,1,1,9.309981219211304,9.309981219211304,0.0,9.309981219211304
CCCCCn1c(C)c(C(=O)c2cccc3ccc(CC)cc23)c2ccccc21,8.251967105869856,1,1,1,1,8.251967105869856,8.251967105869856,0.0,8.251967105869856
CCCCCn1c(C)c(C(=O)c2cccc3ccc(OC)cc23)c2ccccc21,7.982966660701219,1,1,1,1,7.982966660701219,7.982966660701219,0.0,7.982966660701219
CCCCCn1c(C)c(C(=O)c2cccc3cccc(Br)c23)c2ccccc21,8.0,1,1,1,1,8.0,8.0,0.0,8.0
CCCCCn1c(C)c(C(=O)c2cccc3cccc(Cl)c23)c2ccccc21,7.721246399047171,1,1,1,1,7.721246399047171,7.721246399047171,0.0,7.721246399047171
CCCCCn1c(C)c(C(=O)c2cccc3cccc(I)c23)c2ccccc21,7.886056647693163,1,1,1,1,7.886056647693163,7.886056647693163,0.0,7.886056647693163
CCCCCn1c(C)c(C(=O)c2cccc3ccccc23)c2ccccc21,8.538051504796238,1,1,1,1,8.538051504796238,8.538051504796238,0.0,8.538051504796238
CCCCCn1c(C)c(C)cc(Oc2nc3ccccc3o2)c1=S,6.669586226650809,1,1,1,1,6.669586226650809,6.669586226650809,0.0,6.669586226650809
CCCCCn1c2ccc(C(=O)N3CCCCC3)cc2c2ccc(OC)cc21,8.1249387366083,1,1,1,1,8.1249387366083,8.1249387366083,0.0,8.1249387366083
CCCCCn1c2ccccc2c2cc(C(=O)CN3CCCCC3)ccc21,5.961379838050297,1,1,1,1,5.961379838050297,5.961379838050297,0.0,5.961379838050297
CCCCCn1c2ccccc2c2cc(C(=O)CN3CCN(C)CC3)ccc21,6.400116927926312,1,1,1,1,6.400116927926312,6.400116927926312,0.0,6.400116927926312
CCCCCn1c2ccccc2c2cc(C(=O)CN3CCS(=O)(=O)CC3)ccc21,6.29929628285498,1,1,1,1,6.29929628285498,6.29929628285498,0.0,6.29929628285498
CCCCCn1c2ccccc2c2cc(C(=O)N(CC)CC)ccc21,7.285670240254767,1,1,1,1,7.285670240254767,7.285670240254767,0.0,7.285670240254767
CCCCCn1c2ccccc2c2cc(C(=O)N3CCCCC3)ccc21,7.136677139879544,1,1,1,1,7.136677139879544,7.136677139879544,0.0,7.136677139879544
CCCCCn1c2ccccc2c2cc(C(=O)N3CCCCC3)ncc21,7.452225294612178,1,1,1,1,7.452225294612178,7.452225294612178,0.0,7.452225294612178
CCCCCn1c2ccccc2c2cc(C(=O)N3CCN(C(=O)OC(C)(C)C)CC3)ccc21,5.529148675473882,1,1,1,1,5.529148675473882,5.529148675473882,0.0,5.529148675473882
CCCCCn1c2ccccc2c2cc(C(=O)N3CCN(C)CC3)ccc21,7.450996737974212,1,1,1,1,7.450996737974212,7.450996737974212,0.0,7.450996737974212
CCCCCn1c2ccccc2c2cc(C(=O)N3CCN(CC(=O)NC(C)(C)C)CC3)ccc21,5.705974905904677,1,1,1,1,5.705974905904677,5.705974905904677,0.0,5.705974905904677
CCCCCn1c2ccccc2c2cc(C(=O)N3CCNCC3)ccc21,5.547753425479563,1,1,1,1,5.547753425479563,5.547753425479563,0.0,5.547753425479563
CCCCCn1c2ccccc2c2cc(C(=O)N3CCOCC3)ccc21,7.073143291050307,1,1,1,1,7.073143291050307,7.073143291050307,0.0,7.073143291050307
CCCCCn1c2ccccc2c2cc(C(=O)N3CCS(=O)(=O)CC3)ccc21,6.647817481888637,1,1,1,1,6.647817481888637,6.647817481888637,0.0,6.647817481888637
CCCCCn1c2ccccc2c2cc(C(=O)NC34CC5CC(CC(C5)C3)C4)ccc21,6.53985418250825,1,1,1,1,6.53985418250825,6.53985418250825,0.0,6.53985418250825
CCCCCn1c2ccccc2c2cc(C(=O)NCC(C)(C)C)ncc21,7.576754126063192,1,1,1,1,7.576754126063192,7.576754126063192,0.0,7.576754126063192
CCCCCn1c2ccccc2c2cc(C(=O)NCCc3ccc(Cl)cc3)ccc21,5.4444219272270455,1,1,1,1,5.4444219272270455,5.4444219272270455,0.0,5.4444219272270455
CCCCCn1c2ccccc2c2cc(C(=O)NN3CCCCC3)ccc21,5.793443955900971,1,1,1,1,5.793443955900971,5.793443955900971,0.0,5.793443955900971
CCCCCn1c2ccccc2c2cc(C(=O)NN3CCCCC3)ncc21,6.7667499904589,1,1,1,1,6.7667499904589,6.7667499904589,0.0,6.7667499904589
CCCCCn1c2ccccc2c2cc(C(=O)OCC)ncc21,5.864231485432178,1,1,1,1,5.864231485432178,5.864231485432178,0.0,5.864231485432178
CCCCCn1c2ccccc2c2cc(C(=O)OCc3ccccn3)ccc21,5.715118285344547,1,1,1,1,5.715118285344547,5.715118285344547,0.0,5.715118285344547
CCCCCn1c2ccccc2c2cc(C(=O)OCc3ccncc3)ccc21,5.856360764725457,1,1,1,1,5.856360764725457,5.856360764725457,0.0,5.856360764725457
CCCCCn1c2ccccc2c2cc(C(=O)c3ccccc3)ccc21,6.995678626217357,1,1,1,1,6.995678626217357,6.995678626217357,0.0,6.995678626217357
CCCCCn1c2ccccc2c2cc(C(=S)N3CCCCC3)ccc21,7.304518323509803,1,1,1,1,7.304518323509803,7.304518323509803,0.0,7.304518323509803
CCCCCn1c2ccccc2c2cc(CN3CCCCC3)ccc21,6.431798275933005,1,1,1,1,6.431798275933005,6.431798275933005,0.0,6.431798275933005
CCCCCn1c2ccccc2c2cc(CN3CCN(C)CC3)ccc21,6.130768280269024,1,1,1,1,6.130768280269024,6.130768280269024,0.0,6.130768280269024
CCCCCn1cc(-c2cn(C34CC5CC(CC(C5)C3)C4)nn2)c(=O)c2cc(-c3ccco3)ccc21,8.920818753952375,1,1,1,1,8.920818753952375,8.920818753952375,0.0,8.920818753952375
CCCCCn1cc(-c2nc(C34CC5CC(CC(C5)C3)C4)no2)c(=O)c2cc(-c3ccco3)ccc21,9.397940008672037,1,1,1,1,9.397940008672037,9.397940008672037,0.0,9.397940008672037
CCCCCn1cc(-c2nnc(C34CC5CC(CC(C5)C3)C4)o2)c(=O)c2cc(-c3ccco3)ccc21,8.187086643357144,1,1,1,1,8.187086643357144,8.187086643357144,0.0,8.187086643357144
CCCCCn1cc(C(=O)C(=O)NC23CC4CC(CC(C4)C2)C3)c2cc(-c3ccccc3)ccc21,7.896196279044043,1,1,1,1,7.896196279044043,7.896196279044043,0.0,7.896196279044043
CCCCCn1cc(C(=O)C(=O)NC23CC4CC(CC(C4)C2)C3)c2cc(-c3ccco3)ccc21,9.431798275933005,1,1,1,1,9.431798275933005,9.431798275933005,0.0,9.431798275933005
CCCCCn1cc(C(=O)C(=O)NC2CCCCC2)c2cc(-c3ccccc3)ccc21,7.950781977329818,1,1,1,1,7.950781977329818,7.950781977329818,0.0,7.950781977329818
CCCCCn1cc(C(=O)C2C(C)(C)C2(C)C)c2ccccc21,8.74232805345581,2,1,1,1,8.739928612014925,8.744727494896694,0.004798882881768662,8.74232805345581
CCCCCn1cc(C(=O)Cc2ccc(Br)cc2)c2ccccc21,6.18243463044022,1,1,1,1,6.18243463044022,6.18243463044022,0.0,6.18243463044022
CCCCCn1cc(C(=O)Cc2ccc(C)cc2)c2ccccc21,6.2441251443275085,1,1,1,1,6.2441251443275085,6.2441251443275085,0.0,6.2441251443275085
CCCCCn1cc(C(=O)Cc2ccc(Cl)cc2)c2ccccc21,6.302770657240282,1,1,1,1,6.302770657240282,6.302770657240282,0.0,6.302770657240282
CCCCCn1cc(C(=O)Cc2ccc(F)cc2)c2ccccc21,6.437707135543525,1,1,1,1,6.437707135543525,6.437707135543525,0.0,6.437707135543525
CCCCCn1cc(C(=O)Cc2ccc(OC)cc2)c2ccccc21,6.35261702988538,1,1,1,1,6.35261702988538,6.35261702988538,0.0,6.35261702988538
CCCCCn1cc(C(=O)Cc2cccc(Cl)c2)c2ccccc21,6.97469413473523,1,1,1,1,6.97469413473523,6.97469413473523,0.0,6.97469413473523
CCCCCn1cc(C(=O)Cc2cccc(F)c2)c2ccccc21,7.040958607678906,1,1,1,1,7.040958607678906,7.040958607678906,0.0,7.040958607678906
CCCCCn1cc(C(=O)Cc2cccc(OC)c2)c2ccccc21,7.050609993355087,1,1,1,1,7.050609993355087,7.050609993355087,0.0,7.050609993355087
CCCCCn1cc(C(=O)Cc2ccccc2)c2ccccc21,6.798602875679549,1,1,1,1,6.798602875679549,6.798602875679549,0.0,6.798602875679549
CCCCCn1cc(C(=O)Cc2ccccc2Br)c2ccccc21,7.698970004336019,1,1,1,1,7.698970004336019,7.698970004336019,0.0,7.698970004336019
CCCCCn1cc(C(=O)Cc2ccccc2C)c2ccccc21,6.835647144215563,1,1,1,1,6.835647144215563,6.835647144215563,0.0,6.835647144215563
CCCCCn1cc(C(=O)Cc2ccccc2Cl)c2ccccc21,8.154901959985743,1,1,1,1,8.154901959985743,8.154901959985743,0.0,8.154901959985743
CCCCCn1cc(C(=O)Cc2ccccc2F)c2ccccc21,7.4089353929735005,1,1,1,1,7.4089353929735005,7.4089353929735005,0.0,7.4089353929735005
CCCCCn1cc(C(=O)Cc2ccccc2OC)c2ccccc21,7.481486060122112,1,1,1,1,7.481486060122112,7.481486060122112,0.0,7.481486060122112
CCCCCn1cc(C(=O)N2CCC[C@H]2C(N)=O)c(=O)c2ccc(Sc3ccccc3)cc21,6.638272163982407,1,1,1,1,6.638272163982407,6.638272163982407,0.0,6.638272163982407
CCCCCn1cc(C(=O)NC(C)C)c(=O)c2ccc(Sc3ccccc3)cc21,7.8297382846050425,1,1,1,1,7.8297382846050425,7.8297382846050425,0.0,7.8297382846050425
CCCCCn1cc(C(=O)NC(C)C23CC4CC(CC(C4)C2)C3)c(=O)c2cc(Cl)ccc21,6.653647025549361,3,1,1,1,6.628932137728263,6.84163750790475,0.2127053701764865,6.653647025549361
CCCCCn1cc(C(=O)NC(C)C23CC4CC(CC(C4)C2)C3)c(=O)cc1-c1ccccc1,7.844663962534938,1,1,1,1,7.844663962534938,7.844663962534938,0.0,7.844663962534938
CCCCCn1cc(C(=O)NC(C)C23CC4CC(CC(C4)C2)C3)c(=O)cc1C,8.193820026016112,1,1,1,1,8.193820026016112,8.193820026016112,0.0,8.193820026016112
CCCCCn1cc(C(=O)NC(C)C23CC4CC(CC(C4)C2)C3)c(=O)cc1C(C)(C)C,8.045757490560675,1,1,1,1,8.045757490560675,8.045757490560675,0.0,8.045757490560675
CCCCCn1cc(C(=O)NC(C)CCC(C)C)c(=O)c2c(C)nn(C)c21,6.673664139071248,1,1,1,1,6.673664139071248,6.673664139071248,0.0,6.673664139071248
CCCCCn1cc(C(=O)NC(C)c2cccc3ccccc23)c(=O)c2ccccc21,6.7594507517174005,1,1,1,1,6.7594507517174005,6.7594507517174005,0.0,6.7594507517174005
CCCCCn1cc(C(=O)NC(C)c2ccccc2)c(=O)c2ccccc21,7.149966742310231,1,1,1,1,7.149966742310231,7.149966742310231,0.0,7.149966742310231
CCCCCn1cc(C(=O)NC(CC)CO)c(=O)c2ccc(Sc3ccccc3)cc21,7.701146923590294,1,1,1,1,7.701146923590294,7.701146923590294,0.0,7.701146923590294
CCCCCn1cc(C(=O)NC23CC4CC(C)(CC(C)(C4)C2)C3)c(=O)c2c(C)nn(C)c21,8.007446482167865,1,1,1,1,8.007446482167865,8.007446482167865,0.0,8.007446482167865
CCCCCn1cc(C(=O)NC23CC4CC(C)(CC(C)(C4)C2)C3)c(=O)c2cc(Cl)ccc21,7.262807357295262,1,1,1,1,7.262807357295262,7.262807357295262,0.0,7.262807357295262
CCCCCn1cc(C(=O)NC23CC4CC(C)(CC(C)(C4)C2)C3)c(=O)c2ccc(Cl)cc21,8.275724130399212,1,1,1,1,8.275724130399212,8.275724130399212,0.0,8.275724130399212
CCCCCn1cc(C(=O)NC23CC4CC(C)(CC(C)(C4)C2)C3)c(=O)c2cccc(Cl)c21,7.562249437179612,1,1,1,1,7.562249437179612,7.562249437179612,0.0,7.562249437179612
CCCCCn1cc(C(=O)NC23CC4CC(C)(CC(C)(C4)C2)C3)c(=O)c2ccccc21,7.801342913045577,1,1,1,1,7.801342913045577,7.801342913045577,0.0,7.801342913045577
CCCCCn1cc(C(=O)NC23CC4CC(C)(CC(C)(C4)C2)C3)c(=O)c2cccnc21,7.628932137728263,1,1,1,1,7.628932137728263,7.628932137728263,0.0,7.628932137728263
CCCCCn1cc(C(=O)NC23CC4CC(C)(CC(C)(C4)C2)C3)c(=O)c2cnccc21,7.510041520575165,1,1,1,1,7.510041520575165,7.510041520575165,0.0,7.510041520575165
CCCCCn1cc(C(=O)NC23CC4CC(C)(CC(C)(C4)C2)C3)c(=O)c2ncccc21,6.586700235918748,1,1,1,1,6.586700235918748,6.586700235918748,0.0,6.586700235918748
CCCCCn1cc(C(=O)NC23CC4CC(C)(CC(C)(C4)C2)C3)c(=O)n2nc(-c3ccccc3)nc12,8.075720713938118,1,1,1,1,8.075720713938118,8.075720713938118,0.0,8.075720713938118
CCCCCn1cc(C(=O)NC23CC4CC(C)(CC(C)(C4)C2)C3)c(=O)n2ncnc12,7.6020599913279625,1,1,1,1,7.6020599913279625,7.6020599913279625,0.0,7.6020599913279625
CCCCCn1cc(C(=O)NC23CC4CC(C)(CC(C)(C4)C2)C3)c(=S)c2ccccc21,7.739928612014925,1,1,1,1,7.739928612014925,7.739928612014925,0.0,7.739928612014925
CCCCCn1cc(C(=O)NC23CC4CC(CC(C4)C2)C3)c(=O)c(-c2ccc(CC)cc2)c1C,7.265200170411153,1,1,1,1,7.265200170411153,7.265200170411153,0.0,7.265200170411153
CCCCCn1cc(C(=O)NC23CC4CC(CC(C4)C2)C3)c(=O)c(-c2ccccc2)c1C,6.722620025332745,1,1,1,1,6.722620025332745,6.722620025332745,0.0,6.722620025332745
CCCCCn1cc(C(=O)NC23CC4CC(CC(C4)C2)C3)c(=O)c(-c2ccncc2)c1C,7.437707135543525,1,1,1,1,7.437707135543525,7.437707135543525,0.0,7.437707135543525
CCCCCn1cc(C(=O)NC23CC4CC(CC(C4)C2)C3)c(=O)c(C2CC2)c1C,7.872895201635192,1,1,1,1,7.872895201635192,7.872895201635192,0.0,7.872895201635192
CCCCCn1cc(C(=O)NC23CC4CC(CC(C4)C2)C3)c(=O)c(I)c1C,7.681936665037238,1,1,1,1,7.681936665037238,7.681936665037238,0.0,7.681936665037238
CCCCCn1cc(C(=O)NC23CC4CC(CC(C4)C2)C3)c(=O)c2c(C(C)(C)C)nn(C)c21,6.440093374963888,1,1,1,1,6.440093374963888,6.440093374963888,0.0,6.440093374963888
CCCCCn1cc(C(=O)NC23CC4CC(CC(C4)C2)C3)c(=O)c2c(C)c(C)sc21,8.485452247339714,1,1,1,1,8.485452247339714,8.485452247339714,0.0,8.485452247339714
CCCCCn1cc(C(=O)NC23CC4CC(CC(C4)C2)C3)c(=O)c2c(C)csc21,8.950781977329818,1,1,1,1,8.950781977329818,8.950781977329818,0.0,8.950781977329818
CCCCCn1cc(C(=O)NC23CC4CC(CC(C4)C2)C3)c(=O)c2c(C)nn(C)c21,8.021819483062586,1,1,1,1,8.021819483062586,8.021819483062586,0.0,8.021819483062586
CCCCCn1cc(C(=O)NC23CC4CC(CC(C4)C2)C3)c(=O)c2c(C)noc21,7.6777807052660805,1,1,1,1,7.6777807052660805,7.6777807052660805,0.0,7.6777807052660805
CCCCCn1cc(C(=O)NC23CC4CC(CC(C4)C2)C3)c(=O)c2c(CC)nn(C)c21,7.431798275933005,1,1,1,1,7.431798275933005,7.431798275933005,0.0,7.431798275933005
CCCCCn1cc(C(=O)NC23CC4CC(CC(C4)C2)C3)c(=O)c2c(OC)ccc(OC)c21,7.279014255846261,1,1,1,1,7.279014255846261,7.279014255846261,0.0,7.279014255846261
CCCCCn1cc(C(=O)NC23CC4CC(CC(C4)C2)C3)c(=O)c2cc(-c3c(C)noc3C)ccc21,6.945330874093491,2,2,2,1,6.900664722314042,6.98999702587294,0.08933230355889776,6.945330874093491
CCCCCn1cc(C(=O)NC23CC4CC(CC(C4)C2)C3)c(=O)c2cc(-c3cc(C)c(OC)c(C)c3)ccc21,7.667561540084394,1,1,1,1,7.667561540084394,7.667561540084394,0.0,7.667561540084394
CCCCCn1cc(C(=O)NC23CC4CC(CC(C4)C2)C3)c(=O)c2cc(-c3ccc(-c4ccccc4)cc3)ccc21,6.7423214251308154,1,1,1,1,6.7423214251308154,6.7423214251308154,0.0,6.7423214251308154
CCCCCn1cc(C(=O)NC23CC4CC(CC(C4)C2)C3)c(=O)c2cc(-c3ccc(C#N)cc3)ccc21,7.377785977033705,1,1,1,1,7.377785977033705,7.377785977033705,0.0,7.377785977033705
CCCCCn1cc(C(=O)NC23CC4CC(CC(C4)C2)C3)c(=O)c2cc(-c3ccc(Cl)cc3)ccc21,7.958607314841775,1,1,1,1,7.958607314841775,7.958607314841775,0.0,7.958607314841775
CCCCCn1cc(C(=O)NC23CC4CC(CC(C4)C2)C3)c(=O)c2cc(-c3ccc(Cl)s3)ccc21,7.3487219860018556,1,1,1,1,7.3487219860018556,7.3487219860018556,0.0,7.3487219860018556
CCCCCn1cc(C(=O)NC23CC4CC(CC(C4)C2)C3)c(=O)c2cc(-c3ccc(F)cc3F)ccc21,7.795880017344075,1,1,1,1,7.795880017344075,7.795880017344075,0.0,7.795880017344075
CCCCCn1cc(C(=O)NC23CC4CC(CC(C4)C2)C3)c(=O)c2cc(-c3ccc(O)cc3)ccc21,8.3767507096021,1,1,1,1,8.3767507096021,8.3767507096021,0.0,8.3767507096021
CCCCCn1cc(C(=O)NC23CC4CC(CC(C4)C2)C3)c(=O)c2cc(-c3ccc(OC)nc3)ccc21,7.226945306635738,1,1,1,1,7.226945306635738,7.226945306635738,0.0,7.226945306635738
CCCCCn1cc(C(=O)NC23CC4CC(CC(C4)C2)C3)c(=O)c2cc(-c3ccc4cc(OC)ccc4c3)ccc21,7.279014255846261,1,1,1,1,7.279014255846261,7.279014255846261,0.0,7.279014255846261
CCCCCn1cc(C(=O)NC23CC4CC(CC(C4)C2)C3)c(=O)c2cc(-c3ccccc3)cc(OC)c21,6.366531544420413,1,1,1,1,6.366531544420413,6.366531544420413,0.0,6.366531544420413
CCCCCn1cc(C(=O)NC23CC4CC(CC(C4)C2)C3)c(=O)c2cc(-c3ccccc3)ccc21,8.42021640338319,1,1,1,1,8.42021640338319,8.42021640338319,0.0,8.42021640338319
CCCCCn1cc(C(=O)NC23CC4CC(CC(C4)C2)C3)c(=O)c2cc(-c3ccco3)cc(OC)c21,8.070581074285707,1,1,1,1,8.070581074285707,8.070581074285707,0.0,8.070581074285707
CCCCCn1cc(C(=O)NC23CC4CC(CC(C4)C2)C3)c(=O)c2cc(-c3ccco3)ccc21,9.154901959985743,1,1,1,1,9.154901959985743,9.154901959985743,0.0,9.154901959985743
CCCCCn1cc(C(=O)NC23CC4CC(CC(C4)C2)C3)c(=O)c2cc(-c3cccs3)ccc21,8.638272163982407,1,1,1,1,8.638272163982407,8.638272163982407,0.0,8.638272163982407
CCCCCn1cc(C(=O)NC23CC4CC(CC(C4)C2)C3)c(=O)c2cc(-c3cnn(CC(C)C)c3)ccc21,7.292429823902063,1,1,1,1,7.292429823902063,7.292429823902063,0.0,7.292429823902063
CCCCCn1cc(C(=O)NC23CC4CC(CC(C4)C2)C3)c(=O)c2cc(-n3cccc3)ccc21,9.154901959985743,1,1,1,1,9.154901959985743,9.154901959985743,0.0,9.154901959985743
CCCCCn1cc(C(=O)NC23CC4CC(CC(C4)C2)C3)c(=O)c2cc(-n3ccnc3)ccc21,8.096910013008056,1,1,1,1,8.096910013008056,8.096910013008056,0.0,8.096910013008056
CCCCCn1cc(C(=O)NC23CC4CC(CC(C4)C2)C3)c(=O)c2cc(/C=C/C(C)(C)C)ccc21,7.145086977692144,1,1,1,1,7.145086977692144,7.145086977692144,0.0,7.145086977692144
CCCCCn1cc(C(=O)NC23CC4CC(CC(C4)C2)C3)c(=O)c2cc(/C=C/c3ccc(OC)cc3)ccc21,7.252588192113577,1,1,1,1,7.252588192113577,7.252588192113577,0.0,7.252588192113577
CCCCCn1cc(C(=O)NC23CC4CC(CC(C4)C2)C3)c(=O)c2cc(/C=C/c3ccccc3)ccc21,7.184422251675732,1,1,1,1,7.184422251675732,7.184422251675732,0.0,7.184422251675732
CCCCCn1cc(C(=O)NC23CC4CC(CC(C4)C2)C3)c(=O)c2cc(Br)cc(OC)c21,7.6401645176601125,1,1,1,1,7.6401645176601125,7.6401645176601125,0.0,7.6401645176601125
CCCCCn1cc(C(=O)NC23CC4CC(CC(C4)C2)C3)c(=O)c2cc(Br)ccc21,7.844663962534938,1,1,1,1,7.844663962534938,7.844663962534938,0.0,7.844663962534938
CCCCCn1cc(C(=O)NC23CC4CC(CC(C4)C2)C3)c(=O)c2cc(C#Cc3ccccc3)ccc21,6.464705879957229,1,1,1,1,6.464705879957229,6.464705879957229,0.0,6.464705879957229
CCCCCn1cc(C(=O)NC23CC4CC(CC(C4)C2)C3)c(=O)c2cc(C(C)C)ccc21,8.200659450546418,1,1,1,1,8.200659450546418,8.200659450546418,0.0,8.200659450546418
CCCCCn1cc(C(=O)NC23CC4CC(CC(C4)C2)C3)c(=O)c2cc(C(F)(F)F)ccc21,7.935542010773082,1,1,1,1,7.935542010773082,7.935542010773082,0.0,7.935542010773082
CCCCCn1cc(C(=O)NC23CC4CC(CC(C4)C2)C3)c(=O)c2cc(C3=CCCCC3)ccc21,8.080921907623926,1,1,1,1,8.080921907623926,8.080921907623926,0.0,8.080921907623926
CCCCCn1cc(C(=O)NC23CC4CC(CC(C4)C2)C3)c(=O)c2cc(C3CCCCC3)ccc21,8.136677139879545,1,1,1,1,8.136677139879545,8.136677139879545,0.0,8.136677139879545
CCCCCn1cc(C(=O)NC23CC4CC(CC(C4)C2)C3)c(=O)c2cc(CC)ccc21,7.772113295386326,1,1,1,1,7.772113295386326,7.772113295386326,0.0,7.772113295386326
CCCCCn1cc(C(=O)NC23CC4CC(CC(C4)C2)C3)c(=O)c2cc(CCc3ccccc3)ccc21,7.247183568811728,1,1,1,1,7.247183568811728,7.247183568811728,0.0,7.247183568811728
CCCCCn1cc(C(=O)NC23CC4CC(CC(C4)C2)C3)c(=O)c2cc(Cc3ccc(Cl)cc3Cl)ccc21,5.4110563572599855,1,1,1,1,5.4110563572599855,5.4110563572599855,0.0,5.4110563572599855
CCCCCn1cc(C(=O)NC23CC4CC(CC(C4)C2)C3)c(=O)c2cc(F)c(-n3cccc3)cc21,8.443697499232712,1,1,1,1,8.443697499232712,8.443697499232712,0.0,8.443697499232712
CCCCCn1cc(C(=O)NC23CC4CC(CC(C4)C2)C3)c(=O)c2cc(I)ccc21,7.686132779630847,1,1,1,1,7.686132779630847,7.686132779630847,0.0,7.686132779630847
CCCCCn1cc(C(=O)NC23CC4CC(CC(C4)C2)C3)c(=O)c2cc(Oc3ccc(F)c(Cl)c3)ccc21,7.79317412396815,1,1,1,1,7.79317412396815,7.79317412396815,0.0,7.79317412396815
CCCCCn1cc(C(=O)NC23CC4CC(CC(C4)C2)C3)c(=O)c2cc(S(=O)(=O)c3ccccc3)ccc21,7.18111458540599,1,1,1,1,7.18111458540599,7.18111458540599,0.0,7.18111458540599
CCCCCn1cc(C(=O)NC23CC4CC(CC(C4)C2)C3)c(=O)c2cc(Sc3ccccc3)ccc21,8.468521082957745,1,1,1,1,8.468521082957745,8.468521082957745,0.0,8.468521082957745
CCCCCn1cc(C(=O)NC23CC4CC(CC(C4)C2)C3)c(=O)c2cc([S+]([O-])c3ccccc3)ccc21,7.135488918941608,1,1,1,1,7.135488918941608,7.135488918941608,0.0,7.135488918941608
CCCCCn1cc(C(=O)NC23CC4CC(CC(C4)C2)C3)c(=O)c2ccc(Cl)c(C)c21,7.5934598195660445,1,1,1,1,7.5934598195660445,7.5934598195660445,0.0,7.5934598195660445
CCCCCn1cc(C(=O)NC23CC4CC(CC(C4)C2)C3)c(=O)c2ccc(F)cc21,9.096910013008056,1,1,1,1,9.096910013008056,9.096910013008056,0.0,9.096910013008056
CCCCCn1cc(C(=O)NC23CC4CC(CC(C4)C2)C3)c(=O)c2ccc(S(=O)(=O)c3ccccc3)cc21,9.045757490560675,1,1,1,1,9.045757490560675,9.045757490560675,0.0,9.045757490560675
CCCCCn1cc(C(=O)NC23CC4CC(CC(C4)C2)C3)c(=O)c2ccc(Sc3ccccc3)cc21,8.795880017344075,1,1,1,1,8.795880017344075,8.795880017344075,0.0,8.795880017344075
CCCCCn1cc(C(=O)NC23CC4CC(CC(C4)C2)C3)c(=O)c2ccc([S+]([O-])c3ccccc3)cc21,8.455931955649724,1,1,1,1,8.455931955649724,8.455931955649724,0.0,8.455931955649724
CCCCCn1cc(C(=O)NC23CC4CC(CC(C4)C2)C3)c(=O)c2cccc(C)c21,8.732352939978615,2,2,2,1,8.309803919971486,9.154901959985743,0.8450980400142569,8.732352939978615
CCCCCn1cc(C(=O)NC23CC4CC(CC(C4)C2)C3)c(=O)c2cccc(OC)c21,8.99569991411904,2,2,2,1,8.769551078621726,9.221848749616356,0.45229767099463025,8.99569991411904
CCCCCn1cc(C(=O)NC23CC4CC(CC(C4)C2)C3)c(=O)c2cccc([N+](=O)[O-])c21,9.0,1,1,1,1,9.0,9.0,0.0,9.0
CCCCCn1cc(C(=O)NC23CC4CC(CC(C4)C2)C3)c(=O)c2ccccc21,8.056529147008291,2,2,2,1,7.785156151952302,8.327902142064282,0.54274599011198,8.056529147008291
CCCCCn1cc(C(=O)NC23CC4CC(CC(C4)C2)C3)c(=O)c2cnn(C)c21,7.935542010773082,1,1,1,1,7.935542010773082,7.935542010773082,0.0,7.935542010773082
CCCCCn1cc(C(=O)NC23CC4CC(CC(C4)C2)C3)c(=O)cc1-c1ccc(C)cc1,7.87942606879415,1,1,1,1,7.87942606879415,7.87942606879415,0.0,7.87942606879415
CCCCCn1cc(C(=O)NC23CC4CC(CC(C4)C2)C3)c(=O)cc1-c1ccc(Cl)cc1,7.102372908709558,1,1,1,1,7.102372908709558,7.102372908709558,0.0,7.102372908709558
CCCCCn1cc(C(=O)NC23CC4CC(CC(C4)C2)C3)c(=O)cc1-c1ccc(OC)cc1,7.040481623027002,1,1,1,1,7.040481623027002,7.040481623027002,0.0,7.040481623027002
CCCCCn1cc(C(=O)NC23CC4CC(CC(C4)C2)C3)c(=O)cc1-c1cccc(Cl)c1,8.744727494896694,1,1,1,1,8.744727494896694,8.744727494896694,0.0,8.744727494896694
CCCCCn1cc(C(=O)NC23CC4CC(CC(C4)C2)C3)c(=O)cc1-c1ccccc1,8.397940008672037,1,1,1,1,8.397940008672037,8.397940008672037,0.0,8.397940008672037
CCCCCn1cc(C(=O)NC23CC4CC(CC(C4)C2)C3)c(=O)cc1-c1ccccc1Cl,9.154901959985743,1,1,1,1,9.154901959985743,9.154901959985743,0.0,9.154901959985743
CCCCCn1cc(C(=O)NC23CC4CC(CC(C4)C2)C3)c(=O)cc1C,7.698970004336019,1,1,1,1,7.698970004336019,7.698970004336019,0.0,7.698970004336019
CCCCCn1cc(C(=O)NC23CC4CC(CC(C4)C2)C3)c(=O)cc1C(C)(C)C,7.537602002101044,1,1,1,1,7.537602002101044,7.537602002101044,0.0,7.537602002101044
CCCCCn1cc(C(=O)NC23CC4CC(CC(C4)C2)C3)c(=O)n2nc(-c3c(Cl)cccc3Cl)cc12,7.008773924307505,1,1,1,1,7.008773924307505,7.008773924307505,0.0,7.008773924307505
CCCCCn1cc(C(=O)NC23CC4CC(CC(C4)C2)C3)c(=O)n2nc(-c3cc(C)cs3)cc12,7.823908740944319,1,1,1,1,7.823908740944319,7.823908740944319,0.0,7.823908740944319
CCCCCn1cc(C(=O)NC23CC4CC(CC(C4)C2)C3)c(=O)n2nc(-c3ccc(C)cc3)cc12,8.467245621007502,1,1,1,1,8.467245621007502,8.467245621007502,0.0,8.467245621007502
CCCCCn1cc(C(=O)NC23CC4CC(CC(C4)C2)C3)c(=O)n2nc(-c3ccc(C)cc3)nc12,8.167491087293763,1,1,1,1,8.167491087293763,8.167491087293763,0.0,8.167491087293763
CCCCCn1cc(C(=O)NC23CC4CC(CC(C4)C2)C3)c(=O)n2nc(-c3ccc(C)s3)cc12,7.935542010773082,1,1,1,1,7.935542010773082,7.935542010773082,0.0,7.935542010773082
CCCCCn1cc(C(=O)NC23CC4CC(CC(C4)C2)C3)c(=O)n2nc(-c3ccc(Cl)cc3)cc12,8.411168274405792,1,1,1,1,8.411168274405792,8.411168274405792,0.0,8.411168274405792
CCCCCn1cc(C(=O)NC23CC4CC(CC(C4)C2)C3)c(=O)n2nc(-c3ccc(Cl)cc3)nc12,7.94692155651658,1,1,1,1,7.94692155651658,7.94692155651658,0.0,7.94692155651658
CCCCCn1cc(C(=O)NC23CC4CC(CC(C4)C2)C3)c(=O)n2nc(-c3ccc(Cl)cc3Cl)cc12,7.522878745280337,1,1,1,1,7.522878745280337,7.522878745280337,0.0,7.522878745280337
CCCCCn1cc(C(=O)NC23CC4CC(CC(C4)C2)C3)c(=O)n2nc(-c3ccc(OC)cc3)nc12,7.327902142064282,1,1,1,1,7.327902142064282,7.327902142064282,0.0,7.327902142064282
CCCCCn1cc(C(=O)NC23CC4CC(CC(C4)C2)C3)c(=O)n2nc(-c3ccccc3)cc12,8.59176003468815,1,1,1,1,8.59176003468815,8.59176003468815,0.0,8.59176003468815
CCCCCn1cc(C(=O)NC23CC4CC(CC(C4)C2)C3)c(=O)n2nc(-c3ccccc3)nc12,8.446116973356126,1,1,1,1,8.446116973356126,8.446116973356126,0.0,8.446116973356126
CCCCCn1cc(C(=O)NC23CC4CC(CC(C4)C2)C3)c(=O)n2nc(-c3ccccc3C)cc12,8.543633966870956,1,1,1,1,8.543633966870956,8.543633966870956,0.0,8.543633966870956
CCCCCn1cc(C(=O)NC23CC4CC(CC(C4)C2)C3)c(=O)n2nc(-c3ccccc3Cl)cc12,8.20690839982342,1,1,1,1,8.20690839982342,8.20690839982342,0.0,8.20690839982342
CCCCCn1cc(C(=O)NC23CC4CC(CC(C4)C2)C3)c(=O)n2nc(-c3cccnc3)nc12,6.642065152999546,1,1,1,1,6.642065152999546,6.642065152999546,0.0,6.642065152999546
CCCCCn1cc(C(=O)NC23CC4CC(CC(C4)C2)C3)c(=O)n2nc(-c3ccco3)cc12,8.30803489723264,1,1,1,1,8.30803489723264,8.30803489723264,0.0,8.30803489723264
CCCCCn1cc(C(=O)NC23CC4CC(CC(C4)C2)C3)c(=O)n2nc(-c3ccco3)nc12,7.346787486224656,1,1,1,1,7.346787486224656,7.346787486224656,0.0,7.346787486224656
CCCCCn1cc(C(=O)NC23CC4CC(CC(C4)C2)C3)c(=O)n2nc(-c3cccs3)cc12,8.204815410317575,1,1,1,1,8.204815410317575,8.204815410317575,0.0,8.204815410317575
CCCCCn1cc(C(=O)NC23CC4CC(CC(C4)C2)C3)c(=O)n2nc(-c3ccoc3)cc12,7.995678626217357,1,1,1,1,7.995678626217357,7.995678626217357,0.0,7.995678626217357
CCCCCn1cc(C(=O)NC23CC4CC(CC(C4)C2)C3)c(=O)n2nc(C(C)(C)C)cc12,8.30539480106643,1,1,1,1,8.30539480106643,8.30539480106643,0.0,8.30539480106643
CCCCCn1cc(C(=O)NC23CC4CC(CC(C4)C2)C3)c(=O)n2nc(C)c(-c3ccc(OC)cc3)c12,6.455931955649724,1,1,1,1,6.455931955649724,6.455931955649724,0.0,6.455931955649724
CCCCCn1cc(C(=O)NC23CC4CC(CC(C4)C2)C3)c(=O)n2nc(C)c(-c3ccccc3)c12,6.7423214251308154,1,1,1,1,6.7423214251308154,6.7423214251308154,0.0,6.7423214251308154
CCCCCn1cc(C(=O)NC23CC4CC(CC(C4)C2)C3)c(=O)n2nc(C)c(Br)c12,6.657577319177793,1,1,1,1,6.657577319177793,6.657577319177793,0.0,6.657577319177793
CCCCCn1cc(C(=O)NC23CC4CC(CC(C4)C2)C3)c(=O)n2nc(C)cc12,7.896196279044043,1,1,1,1,7.896196279044043,7.896196279044043,0.0,7.896196279044043
CCCCCn1cc(C(=O)NC23CC4CC(CC(C4)C2)C3)c(=O)n2nc(C)nc12,6.416801226031377,1,1,1,1,6.416801226031377,6.416801226031377,0.0,6.416801226031377
CCCCCn1cc(C(=O)NC23CC4CC(CC(C4)C2)C3)c(=O)n2nc(CC)cc12,9.075720713938118,1,1,1,1,9.075720713938118,9.075720713938118,0.0,9.075720713938118
CCCCCn1cc(C(=O)NC23CC4CC(CC(C4)C2)C3)c(=O)n2nc(N(C)Cc3ccccc3)nc12,7.6777807052660805,1,1,1,1,7.6777807052660805,7.6777807052660805,0.0,7.6777807052660805
CCCCCn1cc(C(=O)NC23CC4CC(CC(C4)C2)C3)c(=O)n2nc(N3CCOCC3)nc12,7.275724130399211,1,1,1,1,7.275724130399211,7.275724130399211,0.0,7.275724130399211
CCCCCn1cc(C(=O)NC23CC4CC(CC(C4)C2)C3)c(=O)n2nc(SC)nc12,7.327902142064282,1,1,1,1,7.327902142064282,7.327902142064282,0.0,7.327902142064282
CCCCCn1cc(C(=O)NC23CC4CC(CC(C4)C2)C3)c(=O)n2ncnc12,7.698970004336019,1,1,1,1,7.698970004336019,7.698970004336019,0.0,7.698970004336019
CCCCCn1cc(C(=O)NC23CC4CC(CC(C4)C2)C3)c(=S)cc1-c1ccccc1,7.72584215073632,1,1,1,1,7.72584215073632,7.72584215073632,0.0,7.72584215073632
CCCCCn1cc(C(=O)NC23CC4CC(CC(C4)C2)C3)c2cc(-c3ccccc3)ccc21,7.935542010773082,1,1,1,1,7.935542010773082,7.935542010773082,0.0,7.935542010773082
CCCCCn1cc(C(=O)NC23CC4CC(CC(C4)C2)C3)c2cc(-c3ccco3)ccc21,8.605548319173783,1,1,1,1,8.605548319173783,8.605548319173783,0.0,8.605548319173783
CCCCCn1cc(C(=O)NC23CC4CC(CC(C4)C2)C3)c2cc(-c3cccs3)ccc21,8.19586056766465,1,1,1,1,8.19586056766465,8.19586056766465,0.0,8.19586056766465
CCCCCn1cc(C(=O)NC23CC4CC(CC(C4)C2)C3)c2ccc(-c3ccccc3)cc21,8.453457336521868,1,1,1,1,8.453457336521868,8.453457336521868,0.0,8.453457336521868
CCCCCn1cc(C(=O)NC2C(C)(C)[C@@H]3CC[C@@]2(C)C3)c(=O)c2cc(-c3ccco3)ccc21,8.619788758288394,1,1,1,1,8.619788758288394,8.619788758288394,0.0,8.619788758288394
CCCCCn1cc(C(=O)NC2C3CC4CC(C3)CC2C4)c(=O)c2ccccc21,7.872895201635192,1,1,1,1,7.872895201635192,7.872895201635192,0.0,7.872895201635192
CCCCCn1cc(C(=O)NC2C3CC4CC(C3)CC2C4)c(=O)cc1C,9.585026652029182,1,1,1,1,9.585026652029182,9.585026652029182,0.0,9.585026652029182
CCCCCn1cc(C(=O)NC2C3CC4CC(C3)CC2C4)c(=O)cc1C(C)(C)C,8.017728766960431,1,1,1,1,8.017728766960431,8.017728766960431,0.0,8.017728766960431
CCCCCn1cc(C(=O)NC2CCC(C)CC2)c(=O)n2nc(C)cc12,6.97469413473523,1,1,1,1,6.97469413473523,6.97469413473523,0.0,6.97469413473523
CCCCCn1cc(C(=O)NC2CCCCC2)c(=O)c2c(-c3ccc(Cl)cc3)nn(C)c21,5.441291429466834,1,1,1,1,5.441291429466834,5.441291429466834,0.0,5.441291429466834
CCCCCn1cc(C(=O)NC2CCCCC2)c(=O)c2c(C(C)(C)C)nn(C)c21,5.452717692036696,1,1,1,1,5.452717692036696,5.452717692036696,0.0,5.452717692036696
CCCCCn1cc(C(=O)NC2CCCCC2)c(=O)c2c(C)csc21,7.910094888560602,1,1,1,1,7.910094888560602,7.910094888560602,0.0,7.910094888560602
CCCCCn1cc(C(=O)NC2CCCCC2)c(=O)c2c(C)nn(C)c21,7.070581074285707,1,1,1,1,7.070581074285707,7.070581074285707,0.0,7.070581074285707
CCCCCn1cc(C(=O)NC2CCCCC2)c(=O)c2c(C)noc21,8.058488567365597,1,1,1,1,8.058488567365597,8.058488567365597,0.0,8.058488567365597
CCCCCn1cc(C(=O)NC2CCCCC2)c(=O)c2c(CC)nn(C)c21,6.328827157284916,1,1,1,1,6.328827157284916,6.328827157284916,0.0,6.328827157284916
CCCCCn1cc(C(=O)NC2CCCCC2)c(=O)c2cc(Br)ccc21,6.045757490560675,1,1,1,1,6.045757490560675,6.045757490560675,0.0,6.045757490560675
CCCCCn1cc(C(=O)NC2CCCCC2)c(=O)c2cnn(C)c21,6.625251653989896,1,1,1,1,6.625251653989896,6.625251653989896,0.0,6.625251653989896
CCCCCn1cc(C(=O)NC2CCCCC2)c(=O)cc1-c1ccc(Cl)cc1,7.107905397309519,1,1,1,1,7.107905397309519,7.107905397309519,0.0,7.107905397309519
CCCCCn1cc(C(=O)NC2CCCCC2)c(=O)cc1-c1ccccc1,7.97469413473523,1,1,1,1,7.97469413473523,7.97469413473523,0.0,7.97469413473523
CCCCCn1cc(C(=O)NC2CCCCC2)c(=O)cc1C,7.61261017366127,1,1,1,1,7.61261017366127,7.61261017366127,0.0,7.61261017366127
CCCCCn1cc(C(=O)NC2CCCCC2)c(=O)cc1C(C)(C)C,7.537602002101044,1,1,1,1,7.537602002101044,7.537602002101044,0.0,7.537602002101044
CCCCCn1cc(C(=O)NC2CCCCC2)c(=O)n2nc(-c3ccc(C)cc3)cc12,7.2441251443275085,1,1,1,1,7.2441251443275085,7.2441251443275085,0.0,7.2441251443275085
CCCCCn1cc(C(=O)NC2CCCCC2)c(=O)n2nc(-c3ccc(C)cc3)nc12,7.508638306165727,1,1,1,1,7.508638306165727,7.508638306165727,0.0,7.508638306165727
CCCCCn1cc(C(=O)NC2CCCCC2)c(=O)n2nc(-c3ccc(Cl)cc3)cc12,7.259637310505756,1,1,1,1,7.259637310505756,7.259637310505756,0.0,7.259637310505756
CCCCCn1cc(C(=O)NC2CCCCC2)c(=O)n2nc(-c3ccc(Cl)cc3)nc12,6.931814138253838,1,1,1,1,6.931814138253838,6.931814138253838,0.0,6.931814138253838
CCCCCn1cc(C(=O)NC2CCCCC2)c(=O)n2nc(-c3ccc(Cl)cc3Cl)cc12,7.2839966563652006,1,1,1,1,7.2839966563652006,7.2839966563652006,0.0,7.2839966563652006
CCCCCn1cc(C(=O)NC2CCCCC2)c(=O)n2nc(-c3ccc(OC)cc3)nc12,7.017728766960431,1,1,1,1,7.017728766960431,7.017728766960431,0.0,7.017728766960431
CCCCCn1cc(C(=O)NC2CCCCC2)c(=O)n2nc(-c3ccccc3)cc12,7.376750709602099,1,1,1,1,7.376750709602099,7.376750709602099,0.0,7.376750709602099
CCCCCn1cc(C(=O)NC2CCCCC2)c(=O)n2nc(-c3ccccc3)nc12,7.366531544420413,1,1,1,1,7.366531544420413,7.366531544420413,0.0,7.366531544420413
CCCCCn1cc(C(=O)NC2CCCCC2)c(=O)n2nc(-c3ccccc3C)cc12,7.3979400086720375,1,1,1,1,7.3979400086720375,7.3979400086720375,0.0,7.3979400086720375
CCCCCn1cc(C(=O)NC2CCCCC2)c(=O)n2nc(-c3ccccc3Cl)cc12,7.327902142064282,1,1,1,1,7.327902142064282,7.327902142064282,0.0,7.327902142064282
CCCCCn1cc(C(=O)NC2CCCCC2)c(=O)n2nc(-c3ccco3)cc12,8.021363051615525,1,1,1,1,8.021363051615525,8.021363051615525,0.0,8.021363051615525
CCCCCn1cc(C(=O)NC2CCCCC2)c(=O)n2nc(C(C)(C)C)cc12,7.910094888560602,1,1,1,1,7.910094888560602,7.910094888560602,0.0,7.910094888560602
CCCCCn1cc(C(=O)NC2CCCCC2)c(=O)n2nc(C)cc12,7.657577319177793,1,1,1,1,7.657577319177793,7.657577319177793,0.0,7.657577319177793
CCCCCn1cc(C(=O)NC2CCCCC2)c(=O)n2nc(C)nc12,6.17134010346468,1,1,1,1,6.17134010346468,6.17134010346468,0.0,6.17134010346468
CCCCCn1cc(C(=O)NC2CCCCC2)c(=O)n2nc(CC)cc12,7.982966660701219,1,1,1,1,7.982966660701219,7.982966660701219,0.0,7.982966660701219
CCCCCn1cc(C(=O)NC2CCCCC2)c(=O)n2nc(N(C)Cc3ccccc3)nc12,5.875495775165717,1,1,1,1,5.875495775165717,5.875495775165717,0.0,5.875495775165717
CCCCCn1cc(C(=O)NC2CCCCC2)c(=O)n2nc(SC)nc12,6.145086977692145,1,1,1,1,6.145086977692145,6.145086977692145,0.0,6.145086977692145
CCCCCn1cc(C(=O)NC2CCCCC2)c(=S)cc1-c1ccccc1,7.318758762624412,1,1,1,1,7.318758762624412,7.318758762624412,0.0,7.318758762624412
CCCCCn1cc(C(=O)NC2CCCCCC2)c(=O)c2c(-c3ccc(Cl)cc3)nn(C)c21,5.548213564475709,1,1,1,1,5.548213564475709,5.548213564475709,0.0,5.548213564475709
CCCCCn1cc(C(=O)NC2CCCCCC2)c(=O)c2c(C)csc21,8.158015195409886,1,1,1,1,8.158015195409886,8.158015195409886,0.0,8.158015195409886
CCCCCn1cc(C(=O)NC2CCCCCC2)c(=O)c2c(C)nn(C)c21,7.950781977329818,1,1,1,1,7.950781977329818,7.950781977329818,0.0,7.950781977329818
CCCCCn1cc(C(=O)NC2CCCCCC2)c(=O)c2c(C)noc21,7.732828271596986,1,1,1,1,7.732828271596986,7.732828271596986,0.0,7.732828271596986
CCCCCn1cc(C(=O)NC2CCCCCC2)c(=O)c2cnn(C)c21,6.987162775294828,1,1,1,1,6.987162775294828,6.987162775294828,0.0,6.987162775294828
CCCCCn1cc(C(=O)NC2CCCCCC2)c(=O)n2nc(-c3ccc(C)cc3)cc12,7.987162775294828,1,1,1,1,7.987162775294828,7.987162775294828,0.0,7.987162775294828
CCCCCn1cc(C(=O)NC2CCCCCC2)c(=O)n2nc(-c3ccc(C)cc3)nc12,7.657577319177793,1,1,1,1,7.657577319177793,7.657577319177793,0.0,7.657577319177793
CCCCCn1cc(C(=O)NC2CCCCCC2)c(=O)n2nc(-c3ccc(Cl)cc3)cc12,8.199970640755865,1,1,1,1,8.199970640755865,8.199970640755865,0.0,8.199970640755865
CCCCCn1cc(C(=O)NC2CCCCCC2)c(=O)n2nc(-c3ccc(Cl)cc3Cl)cc12,7.431798275933005,1,1,1,1,7.431798275933005,7.431798275933005,0.0,7.431798275933005
CCCCCn1cc(C(=O)NC2CCCCCC2)c(=O)n2nc(-c3ccccc3)cc12,7.508638306165727,1,1,1,1,7.508638306165727,7.508638306165727,0.0,7.508638306165727
CCCCCn1cc(C(=O)NC2CCCCCC2)c(=O)n2nc(-c3ccccc3)nc12,7.318758762624412,1,1,1,1,7.318758762624412,7.318758762624412,0.0,7.318758762624412
CCCCCn1cc(C(=O)NC2CCCCCC2)c(=O)n2nc(-c3ccccc3C)cc12,8.049148541111453,1,1,1,1,8.049148541111453,8.049148541111453,0.0,8.049148541111453
CCCCCn1cc(C(=O)NC2CCCCCC2)c(=O)n2nc(-c3ccccc3Cl)cc12,7.987162775294828,1,1,1,1,7.987162775294828,7.987162775294828,0.0,7.987162775294828
CCCCCn1cc(C(=O)NC2CCCCCC2)c(=O)n2nc(-c3ccco3)cc12,8.18243463044022,1,1,1,1,8.18243463044022,8.18243463044022,0.0,8.18243463044022
CCCCCn1cc(C(=O)NC2CCCCCC2)c(=O)n2nc(C(C)(C)C)cc12,8.141462802430361,1,1,1,1,8.141462802430361,8.141462802430361,0.0,8.141462802430361
CCCCCn1cc(C(=O)NC2CCCCCC2)c(=O)n2nc(C)cc12,7.987162775294828,1,1,1,1,7.987162775294828,7.987162775294828,0.0,7.987162775294828
CCCCCn1cc(C(=O)NC2CCCCCC2)c(=O)n2nc(CC)cc12,8.282329496997738,1,1,1,1,8.282329496997738,8.282329496997738,0.0,8.282329496997738
CCCCCn1cc(C(=O)NC2CCCCCC2)c(=O)n2nc(N3CCN(C)CC3)nc12,6.00788851221305,1,1,1,1,6.00788851221305,6.00788851221305,0.0,6.00788851221305
CCCCCn1cc(C(=O)NC2CCCCCC2)c(=O)n2nc(N3CCOCC3)nc12,6.247183568811728,1,1,1,1,6.247183568811728,6.247183568811728,0.0,6.247183568811728
CCCCCn1cc(C(=O)NC2CCCCCC2)c(=O)n2ncnc12,6.289036881004725,1,1,1,1,6.289036881004725,6.289036881004725,0.0,6.289036881004725
CCCCCn1cc(C(=O)NC2CCCc3ccccc32)c(=O)c2cc(Cl)ccc21,6.606532056421875,2,1,1,1,6.2958494831602,6.91721462968355,0.6213651465233498,6.606532056421875
CCCCCn1cc(C(=O)NC2CN3CCC2CC3)c(=O)c2ccc(Sc3ccccc3)cc21,7.050122295963125,1,1,1,1,7.050122295963125,7.050122295963125,0.0,7.050122295963125
CCCCCn1cc(C(=O)NCC23CC4CC(C)(CC(C)(C4)C2)C3)c(=O)cc1-c1ccccc1,8.18045606445813,1,1,1,1,8.18045606445813,8.18045606445813,0.0,8.18045606445813
CCCCCn1cc(C(=O)NCC23CC4CC(CC(C4)C2)C3)c(=O)c2ccccc21,7.480697866004634,2,2,2,1,7.2958494831602,7.665546248849069,0.369696765688869,7.480697866004634
CCCCCn1cc(C(=O)NCC23CC4CC(CC(C4)C2)C3)c(=O)cc1-c1ccccc1,7.632644078973981,1,1,1,1,7.632644078973981,7.632644078973981,0.0,7.632644078973981
CCCCCn1cc(C(=O)NCC23CC4CC(CC(C4)C2)C3)c(=O)cc1C,7.818156412055227,1,1,1,1,7.818156412055227,7.818156412055227,0.0,7.818156412055227
CCCCCn1cc(C(=O)NCC23CC4CC(CC(C4)C2)C3)c(=O)cc1C(C)(C)C,7.991399828238082,1,1,1,1,7.991399828238082,7.991399828238082,0.0,7.991399828238082
CCCCCn1cc(C(=O)NCC2CC2)c(=O)cc1C(C)(C)C,7.85078088734462,1,1,1,1,7.85078088734462,7.85078088734462,0.0,7.85078088734462
CCCCCn1cc(C(=O)NCC2CCCCC2)c(=O)c2c(C)nn(C)c21,6.429457060118103,1,1,1,1,6.429457060118103,6.429457060118103,0.0,6.429457060118103
CCCCCn1cc(C(=O)NCCN2CCOCC2)c(=O)c2ccc(Sc3ccccc3)cc21,6.925549281045409,1,1,1,1,6.925549281045409,6.925549281045409,0.0,6.925549281045409
CCCCCn1cc(C(=O)NCCc2ccc3c(c2)OCO3)c(=O)c2ccccc21,6.370590400897282,1,1,1,1,6.370590400897282,6.370590400897282,0.0,6.370590400897282
CCCCCn1cc(C(=O)NCCc2ccccc2)c(=O)c2ccccc21,6.6968039425795105,1,1,1,1,6.6968039425795105,6.6968039425795105,0.0,6.6968039425795105
CCCCCn1cc(C(=O)NCc2ccc(Cl)c(Cl)c2)c(=O)c2ccc(Br)cc21,6.886056647693163,1,1,1,1,6.886056647693163,6.886056647693163,0.0,6.886056647693163
CCCCCn1cc(C(=O)NCc2ccccc2)c(=O)c2c(C)nn(C)c21,5.437469231137738,1,1,1,1,5.437469231137738,5.437469231137738,0.0,5.437469231137738
CCCCCn1cc(C(=O)NCc2ccccc2)c(=O)n2nc(C)cc12,6.446116973356125,1,1,1,1,6.446116973356125,6.446116973356125,0.0,6.446116973356125
CCCCCn1cc(C(=O)NN(C)C)c(=O)c2ccc(Sc3ccccc3)cc21,7.110698297493689,1,1,1,1,7.110698297493689,7.110698297493689,0.0,7.110698297493689
CCCCCn1cc(C(=O)NN2CCCCC2)c(=O)c2cc(Br)ccc21,6.3979400086720375,1,1,1,1,6.3979400086720375,6.3979400086720375,0.0,6.3979400086720375
CCCCCn1cc(C(=O)NN2CCCCC2)c(=O)c2ccc(Sc3ccccc3)cc21,7.876148359032914,1,1,1,1,7.876148359032914,7.876148359032914,0.0,7.876148359032914
CCCCCn1cc(C(=O)NN2CCCCC2)c(=O)cc1-c1ccccc1,7.036212172654444,1,1,1,1,7.036212172654444,7.036212172654444,0.0,7.036212172654444
CCCCCn1cc(C(=O)NOC)c(=O)c2ccc(Sc3ccccc3)cc21,6.468521082957745,1,1,1,1,6.468521082957745,6.468521082957745,0.0,6.468521082957745
CCCCCn1cc(C(=O)NOCc2ccccc2)c(=O)c2ccc(Sc3ccccc3)cc21,7.714442690992226,1,1,1,1,7.714442690992226,7.714442690992226,0.0,7.714442690992226
CCCCCn1cc(C(=O)N[C@@H](C)c2ccccc2)c(=O)c2ccccc21,6.105683937315561,1,1,1,1,6.105683937315561,6.105683937315561,0.0,6.105683937315561
CCCCCn1cc(C(=O)N[C@@H](Cc2ccccc2)C(N)=O)c2cccnc21,6.100089266209717,2,1,1,1,6.0999990348465305,6.100179497572904,0.00018046272637306515,6.100089266209717
CCCCCn1cc(C(=O)N[C@@H]2C(C)(C)C3CC[C@]2(C)C3)c(=O)c2ccc(F)cc21,9.522878745280337,1,1,1,1,9.522878745280337,9.522878745280337,0.0,9.522878745280337
CCCCCn1cc(C(=O)N[C@@H]2C(C)(C)C3CC[C@]2(C)C3)c(=O)c2ccc(Sc3ccccc3)cc21,10.045757490560675,1,1,1,1,10.045757490560675,10.045757490560675,0.0,10.045757490560675
CCCCCn1cc(C(=O)N[C@@H]2CCCc3ccccc32)c(=O)cc1-c1ccccc1,7.995678626217357,1,1,1,1,7.995678626217357,7.995678626217357,0.0,7.995678626217357
CCCCCn1cc(C(=O)N[C@H](C(N)=O)C(C)(C)C)c2cccnc21,7.6901570474116046,2,1,1,1,7.689944262249108,7.690369832574101,0.0004255703249924636,7.6901570474116046
CCCCCn1cc(C(=O)N[C@H](C(N)=O)C(C)C)c2cccnc21,6.600161966295503,2,1,1,1,6.599997654072045,6.600326278518962,0.0003286244469169475,6.600161966295503
CCCCCn1cc(C(=O)N[C@H](C)c2ccc3ccccc3c2)c(=O)c2ccccc21,6.2335871528876,1,1,1,1,6.2335871528876,6.2335871528876,0.0,6.2335871528876
CCCCCn1cc(C(=O)N[C@H](C)c2cccc3ccccc23)c(=O)c2ccccc21,6.903089986991944,1,1,1,1,6.903089986991944,6.903089986991944,0.0,6.903089986991944
CCCCCn1cc(C(=O)N[C@H](C)c2ccccc2)c(=O)c2ccc(F)cc21,7.97061622231479,1,1,1,1,7.97061622231479,7.97061622231479,0.0,7.97061622231479
CCCCCn1cc(C(=O)N[C@H](C)c2ccccc2)c(=O)c2ccc(N3CCCC3)cc21,7.767003889607846,1,1,1,1,7.767003889607846,7.767003889607846,0.0,7.767003889607846
CCCCCn1cc(C(=O)N[C@H](C)c2ccccc2)c(=O)c2ccc(OCC)cc21,7.616184634019569,1,1,1,1,7.616184634019569,7.616184634019569,0.0,7.616184634019569
CCCCCn1cc(C(=O)N[C@H](C)c2ccccc2)c(=O)c2ccccc21,7.430626090384954,1,1,1,1,7.430626090384954,7.430626090384954,0.0,7.430626090384954
CCCCCn1cc(C(=O)N[C@H]2C(C)(C)[C@H]3CC[C@]2(C)C3)c(=O)c2cc(-c3ccco3)ccc21,8.619788758288394,1,1,1,1,8.619788758288394,8.619788758288394,0.0,8.619788758288394
CCCCCn1cc(C(=O)N[C@H]2C(C)(C)[C@H]3CC[C@]2(C)C3)c(=O)c2cc(Br)ccc21,8.301029995663981,1,1,1,1,8.301029995663981,8.301029995663981,0.0,8.301029995663981
CCCCCn1cc(C(=O)N[C@H]2CCCc3ccccc32)c(=O)cc1-c1ccccc1,6.432973633840939,1,1,1,1,6.432973633840939,6.432973633840939,0.0,6.432973633840939
CCCCCn1cc(C(=O)N[C@H]2CC[C@@H](C)CC2)c(=O)c2c(C)nn(C)c21,7.97469413473523,1,1,1,1,7.97469413473523,7.97469413473523,0.0,7.97469413473523
CCCCCn1cc(C(=O)N[C@H]2CC[C@H](C)CC2)c(=O)c2c(C)nn(C)c21,7.943095148663527,1,1,1,1,7.943095148663527,7.943095148663527,0.0,7.943095148663527
CCCCCn1cc(C(=O)Nc2ccc(C#N)cc2)c(=O)c2ccccc21,6.1123826996642645,1,1,1,1,6.1123826996642645,6.1123826996642645,0.0,6.1123826996642645
CCCCCn1cc(C(=O)Nc2ccc3ccccc3c2)c2ccccc21,6.199998172182031,1,1,1,1,6.199998172182031,6.199998172182031,0.0,6.199998172182031
CCCCCn1cc(C(=O)Nc2cccc(C(F)(F)F)c2)c(=O)cc1-c1ccccc1,7.58838029403677,1,1,1,1,7.58838029403677,7.58838029403677,0.0,7.58838029403677
CCCCCn1cc(C(=O)Nc2cccc3ccccc23)c(=O)c2ccccc21,6.430626090384954,1,1,1,1,6.430626090384954,6.430626090384954,0.0,6.430626090384954
CCCCCn1cc(C(=O)Nc2cccc3ccccc23)c2ccccc21,7.0,1,1,1,1,7.0,7.0,0.0,7.0
CCCCCn1cc(C(=O)Nc2ccccc2)c(=O)c2c(C)nn(C)c21,6.280668713016274,1,1,1,1,6.280668713016274,6.280668713016274,0.0,6.280668713016274
CCCCCn1cc(C(=O)Nc2ccccc2)c(=O)cc1C(C)(C)C,8.036212172654444,1,1,1,1,8.036212172654444,8.036212172654444,0.0,8.036212172654444
CCCCCn1cc(C(=O)c2c(OC)ccc3ccccc23)c2ccccc21,8.143029566517507,1,1,1,1,8.143029566517507,8.143029566517507,0.0,8.143029566517507
CCCCCn1cc(C(=O)c2c3ccccc3cc3ccccc23)c(=O)c2ccccc21,5.823908740944319,1,1,1,1,5.823908740944319,5.823908740944319,0.0,5.823908740944319
CCCCCn1cc(C(=O)c2ccc(-c3ccccc3)cc2)c2ccccc21,7.400007822415902,1,1,1,1,7.400007822415902,7.400007822415902,0.0,7.400007822415902
CCCCCn1cc(C(=O)c2ccc(Br)c3ccccc23)c2ccccc21,8.958607314841775,1,1,1,1,8.958607314841775,8.958607314841775,0.0,8.958607314841775
CCCCCn1cc(C(=O)c2ccc(C)c3ccccc23)c2ccccc21,8.92118081690115,1,1,1,1,8.92118081690115,8.92118081690115,0.0,8.92118081690115
CCCCCn1cc(C(=O)c2ccc(CC)c3ccccc23)c2ccccc21,9.161025045044532,1,1,1,1,9.161025045044532,9.161025045044532,0.0,9.161025045044532
CCCCCn1cc(C(=O)c2ccc(CCC)c3ccccc23)c2ccccc21,8.95900230757651,1,1,1,1,8.95900230757651,8.95900230757651,0.0,8.95900230757651
CCCCCn1cc(C(=O)c2ccc(CCCC)c3ccccc23)c2ccccc21,8.143029566517507,1,1,1,1,8.143029566517507,8.143029566517507,0.0,8.143029566517507
CCCCCn1cc(C(=O)c2ccc(Cl)c3ccccc23)c2ccccc21,8.55284196865778,1,1,1,1,8.55284196865778,8.55284196865778,0.0,8.55284196865778
CCCCCn1cc(C(=O)c2ccc(F)c3ccccc23)c2ccccc21,8.494850021680094,1,1,1,1,8.494850021680094,8.494850021680094,0.0,8.494850021680094
CCCCCn1cc(C(=O)c2ccc(I)c3ccccc23)c2ccccc21,8.886056647693163,1,1,1,1,8.886056647693163,8.886056647693163,0.0,8.886056647693163
CCCCCn1cc(C(=O)c2ccc(OC)c3ccccc23)c2ccccc21,7.906928693623937,1,1,1,1,7.906928693623937,7.906928693623937,0.0,7.906928693623937
CCCCCn1cc(C(=O)c2ccc(OCC)c3ccccc23)c2ccccc21,7.978810700930062,1,1,1,1,7.978810700930062,7.978810700930062,0.0,7.978810700930062
CCCCCn1cc(C(=O)c2ccc3c(c2)CC(C)(C)C3)c2ccccc21,8.309803919971486,1,1,1,1,8.309803919971486,8.309803919971486,0.0,8.309803919971486
CCCCCn1cc(C(=O)c2ccc3ccccc3c2)c(=O)c2ccccc21,5.890084136976206,1,1,1,1,5.890084136976206,5.890084136976206,0.0,5.890084136976206
CCCCCn1cc(C(=O)c2cccc(-c3ccccc3)c2)c2ccccc21,7.199970640755866,1,1,1,1,7.199970640755866,7.199970640755866,0.0,7.199970640755866
CCCCCn1cc(C(=O)c2cccc3c2CC(C)(C)C3)c2ccccc21,8.866461091629782,1,1,1,1,8.866461091629782,8.866461091629782,0.0,8.866461091629782
CCCCCn1cc(C(=O)c2cccc3cc(OC)ccc23)c2ccccc21,8.721017883134557,1,1,1,1,8.721017883134557,8.721017883134557,0.0,8.721017883134557
CCCCCn1cc(C(=O)c2cccc3ccc(CC)cc23)c2ccccc21,8.419987887470576,1,1,1,1,8.419987887470576,8.419987887470576,0.0,8.419987887470576
CCCCCn1cc(C(=O)c2cccc3ccc(OC)cc23)c2ccccc21,8.161025045044532,1,1,1,1,8.161025045044532,8.161025045044532,0.0,8.161025045044532
CCCCCn1cc(C(=O)c2cccc3cccc(Br)c23)c2ccccc21,8.267606240177031,1,1,1,1,8.267606240177031,8.267606240177031,0.0,8.267606240177031
CCCCCn1cc(C(=O)c2cccc3cccc(Cl)c23)c2ccccc21,8.0,1,1,1,1,8.0,8.0,0.0,8.0
CCCCCn1cc(C(=O)c2cccc3cccc(I)c23)c2ccccc21,8.481486060122112,1,1,1,1,8.481486060122112,8.481486060122112,0.0,8.481486060122112
CCCCCn1cc(C(=O)c2cccc3ccccc23)c(=O)c2ccccc21,6.8124792791635365,1,1,1,1,6.8124792791635365,6.8124792791635365,0.0,6.8124792791635365
CCCCCn1cc(C(=O)c2cccc3ccccc23)c2c(F)cccc21,7.448550002027124,1,1,1,1,7.448550002027124,7.448550002027124,0.0,7.448550002027124
CCCCCn1cc(C(=O)c2cccc3ccccc23)c2cc(F)ccc21,7.187086643357144,1,1,1,1,7.187086643357144,7.187086643357144,0.0,7.187086643357144
CCCCCn1cc(C(=O)c2cccc3ccccc23)c2ccc(F)cc21,7.785156151952302,1,1,1,1,7.785156151952302,7.785156151952302,0.0,7.785156151952302
CCCCCn1cc(C(=O)c2cccc3ccccc23)c2cccc(F)c21,8.568636235841012,1,1,1,1,8.568636235841012,8.568636235841012,0.0,8.568636235841012
CCCCCn1cc(C(=O)c2cccc3ccccc23)c2ccccc21,8.199970640755865,4,3,3,1,8.019996628416253,8.538051504796238,0.5180548763799848,8.109983634586058
CCCCCn1cc(C(=O)c2cccc3ccccc23)c2cccnc21,7.299988937677888,1,1,1,1,7.299988937677888,7.299988937677888,0.0,7.299988937677888
CCCCCn1cc(C(=O)c2cccc3ccccc23)c2ccncc21,6.299997602857746,1,1,1,1,6.299997602857746,6.299997602857746,0.0,6.299997602857746
CCCCCn1cc(C(=O)c2cccc3ccccc23)c2cnccc21,7.299988937677888,1,1,1,1,7.299988937677888,7.299988937677888,0.0,7.299988937677888
CCCCCn1cc(C(=O)c2cccc3ccccc23)cc1-c1ccc(C(F)(F)F)cc1,7.275724130399211,1,1,1,1,7.275724130399211,7.275724130399211,0.0,7.275724130399211
CCCCCn1cc(C(=O)c2cccc3ccccc23)cc1-c1ccc(C)cc1,7.7447274948966935,1,1,1,1,7.7447274948966935,7.7447274948966935,0.0,7.7447274948966935
CCCCCn1cc(C(=O)c2cccc3ccccc23)cc1-c1ccc(CC)cc1,7.537602002101044,1,1,1,1,7.537602002101044,7.537602002101044,0.0,7.537602002101044
CCCCCn1cc(C(=O)c2cccc3ccccc23)cc1-c1ccc(CCCC)cc1,7.1938200260161125,1,1,1,1,7.1938200260161125,7.1938200260161125,0.0,7.1938200260161125
CCCCCn1cc(C(=O)c2cccc3ccccc23)cc1-c1ccc(Cl)cc1,7.6020599913279625,1,1,1,1,7.6020599913279625,7.6020599913279625,0.0,7.6020599913279625
CCCCCn1cc(C(=O)c2cccc3ccccc23)cc1-c1ccc(F)cc1,7.481486060122112,1,1,1,1,7.481486060122112,7.481486060122112,0.0,7.481486060122112
CCCCCn1cc(C(=O)c2cccc3ccccc23)cc1-c1ccc(OC)cc1,7.3872161432802645,1,1,1,1,7.3872161432802645,7.3872161432802645,0.0,7.3872161432802645
CCCCCn1cc(C(=O)c2cccc3ccccc23)cc1-c1ccc2ccccc2c1,6.772113295386326,1,1,1,1,6.772113295386326,6.772113295386326,0.0,6.772113295386326
CCCCCn1cc(C(=O)c2cccc3ccccc23)cc1-c1cccc(C(F)(F)F)c1,7.1487416512809245,1,1,1,1,7.1487416512809245,7.1487416512809245,0.0,7.1487416512809245
CCCCCn1cc(C(=O)c2cccc3ccccc23)cc1-c1cccc(C)c1,7.4089353929735005,1,1,1,1,7.4089353929735005,7.4089353929735005,0.0,7.4089353929735005
CCCCCn1cc(C(=O)c2cccc3ccccc23)cc1-c1cccc(Cl)c1,7.795880017344075,1,1,1,1,7.795880017344075,7.795880017344075,0.0,7.795880017344075
CCCCCn1cc(C(=O)c2cccc3ccccc23)cc1-c1cccc(F)c1,8.040958607678906,1,1,1,1,8.040958607678906,8.040958607678906,0.0,8.040958607678906
CCCCCn1cc(C(=O)c2cccc3ccccc23)cc1-c1cccc(OC)c1,7.638272163982407,1,1,1,1,7.638272163982407,7.638272163982407,0.0,7.638272163982407
CCCCCn1cc(C(=O)c2cccc3ccccc23)cc1-c1cccc([N+](=O)[O-])c1,7.3872161432802645,1,1,1,1,7.3872161432802645,7.3872161432802645,0.0,7.3872161432802645
CCCCCn1cc(C(=O)c2cccc3ccccc23)cc1-c1cccc2ccccc12,7.309803919971486,1,1,1,1,7.309803919971486,7.309803919971486,0.0,7.309803919971486
CCCCCn1cc(C(=O)c2cccc3ccccc23)cc1-c1ccccc1,8.193820026016112,1,1,1,1,8.193820026016112,8.193820026016112,0.0,8.193820026016112
CCCCCn1cc(C(=O)c2cccc3ccccc23)cc1-c1ccccc1C,8.397940008672037,1,1,1,1,8.397940008672037,8.397940008672037,0.0,8.397940008672037
CCCCCn1cc(C(=O)c2cccc3ccccc23)cc1-c1ccccc1C(F)(F)F,8.086186147616283,1,1,1,1,8.086186147616283,8.086186147616283,0.0,8.086186147616283
CCCCCn1cc(C(=O)c2cccc3ccccc23)cc1-c1ccccc1CC,8.468521082957745,1,1,1,1,8.468521082957745,8.468521082957745,0.0,8.468521082957745
CCCCCn1cc(C(=O)c2cccc3ccccc23)cc1-c1ccccc1CCCC,7.161150909262744,1,1,1,1,7.161150909262744,7.161150909262744,0.0,7.161150909262744
CCCCCn1cc(C(=O)c2cccc3ccccc23)cc1-c1ccccc1Cl,8.2839966563652,1,1,1,1,8.2839966563652,8.2839966563652,0.0,8.2839966563652
CCCCCn1cc(C(=O)c2cccc3ccccc23)cc1-c1ccccc1F,8.481486060122112,1,1,1,1,8.481486060122112,8.481486060122112,0.0,8.481486060122112
CCCCCn1cc(C(=O)c2cccc3ccccc23)cc1-c1ccccc1OC,7.698970004336019,1,1,1,1,7.698970004336019,7.698970004336019,0.0,7.698970004336019
CCCCCn1cc(C(=O)c2cccc3ccccc23)cc1-c1cccnc1,7.619788758288394,1,1,1,1,7.619788758288394,7.619788758288394,0.0,7.619788758288394
CCCCCn1cc(C(=O)c2ccccc2)c(=O)c2ccccc21,6.350665141287858,1,1,1,1,6.350665141287858,6.350665141287858,0.0,6.350665141287858
CCCCCn1cc(C(=O)c2ccccc2-c2ccccc2)c2ccccc21,8.100015437450608,1,1,1,1,8.100015437450608,8.100015437450608,0.0,8.100015437450608
CCCCCn1cc(CC(=O)NC23CC4CC(CC(C4)C2)C3)c2cc(-c3ccccc3)ccc21,7.154901959985743,1,1,1,1,7.154901959985743,7.154901959985743,0.0,7.154901959985743
CCCCCn1cc(CC(=O)NC23CC4CC(CC(C4)C2)C3)c2cc(-c3ccco3)ccc21,6.958607314841775,1,1,1,1,6.958607314841775,6.958607314841775,0.0,6.958607314841775
CCCCCn1cc(CC(=O)NC23CC4CC(CC(C4)C2)C3)c2cc(Br)ccc21,6.769551078621726,1,1,1,1,6.769551078621726,6.769551078621726,0.0,6.769551078621726
CCCCCn1cc(CNC23CC4CC(CC(C4)C2)C3)c(=O)c2ccccc21,5.777283528852417,1,1,1,1,5.777283528852417,5.777283528852417,0.0,5.777283528852417
CCCCCn1cc(NC(=O)C23CC4CC(CC(C4)C2)C3)c(=O)c2ccccc21,7.5934598195660445,1,1,1,1,7.5934598195660445,7.5934598195660445,0.0,7.5934598195660445
CCCCCn1cc(NC(=O)C2CCCCC2)c(=O)cc1-c1ccccc1,7.292429823902063,1,1,1,1,7.292429823902063,7.292429823902063,0.0,7.292429823902063
CCCCCn1cc(NC(=O)CCc2ccccc2)c(=O)c2ccccc21,5.94692155651658,1,1,1,1,5.94692155651658,5.94692155651658,0.0,5.94692155651658
CCCCCn1cc(NC(=O)OC(C)(C)C)c(=O)cc1-c1ccccc1,6.679853713888946,1,1,1,1,6.679853713888946,6.679853713888946,0.0,6.679853713888946
CCCCCn1cc(NC(=O)c2cccc3ccccc23)c(=O)c2ccccc21,6.576754126063192,1,1,1,1,6.576754126063192,6.576754126063192,0.0,6.576754126063192
CCCCCn1cc2c(=O)n(-c3cccc(C(F)(F)F)c3)nc-2c2ccccc21,7.534617148551582,1,1,1,1,7.534617148551582,7.534617148551582,0.0,7.534617148551582
CCCCCn1cc2c(=O)n(-c3ccccc3)nc-2c2ccccc21,5.864867348623225,1,1,1,1,5.864867348623225,5.864867348623225,0.0,5.864867348623225
CCCCCn1cc2c(=O)n(C3CCCCC3)nc-2c2ccccc21,7.72584215073632,1,1,1,1,7.72584215073632,7.72584215073632,0.0,7.72584215073632
CCCCCn1cc2c(=O)n(CC34CC5CC(CC(C5)C3)C4)nc-2c2ccccc21,9.4089353929735,1,1,1,1,9.4089353929735,9.4089353929735,0.0,9.4089353929735
CCCCCn1cc2c(=O)n(CC3CC3)nc-2c2ccccc21,7.982966660701219,1,1,1,1,7.982966660701219,7.982966660701219,0.0,7.982966660701219
CCCCCn1cc2c(=O)n(CC3CCCCC3)nc-2c2ccccc21,9.207608310501746,1,1,1,1,9.207608310501746,9.207608310501746,0.0,9.207608310501746
CCCCCn1cc2c(=O)n(CCC34CC5CC(CC(C5)C3)C4)nc-2c2ccccc21,7.583359492661719,1,1,1,1,7.583359492661719,7.583359492661719,0.0,7.583359492661719
CCCCCn1cc2c(=O)n(CCC3CCCCC3)nc-2c2ccccc21,8.096910013008056,1,1,1,1,8.096910013008056,8.096910013008056,0.0,8.096910013008056
CCCCCn1nc(C(=O)NC23CC4CC(C)(CC(C)(C4)C2)C3)c(=O)c2ccccc21,7.031517051446065,1,1,1,1,7.031517051446065,7.031517051446065,0.0,7.031517051446065
CCCCCn1nc(C(=O)NC23CC4CC(CC(C4)C2)C3)c(C)c1-c1ccccc1,9.200659450546418,1,1,1,1,9.200659450546418,9.200659450546418,0.0,9.200659450546418
CCCCCn1nc(OCc2ccc(OC)cc2)c2cc([N+](=O)[O-])ccc21,6.309803919971486,1,1,1,1,6.309803919971486,6.309803919971486,0.0,6.309803919971486
CCCCCn1nc(OCc2ccc3ccccc3c2)c2cc([N+](=O)[O-])ccc21,5.863279432843593,1,1,1,1,5.863279432843593,5.863279432843593,0.0,5.863279432843593
CCCCCn1nc2c3ccccc3n(CCCCC)cc-2c1=O,8.366531544420413,1,1,1,1,8.366531544420413,8.366531544420413,0.0,8.366531544420413
CCCCN(C)C(=O)c1ccc2c(c1)c1c(n2S(=O)(=O)CC)CN(C2CCCC2)C1,7.651695136951839,1,1,1,1,7.651695136951839,7.651695136951839,0.0,7.651695136951839
CCCCN(CCCC)c1ccc(C(NC(=O)Cc2ccccc2)NC(=O)Cc2ccccc2)cc1,6.655607726314889,2,1,1,1,6.655607726314889,6.655607726314889,0.0,6.655607726314889
CCCCN1C(=O)/C(=N\NC(=O)c2ccccc2)c2ccccc21,7.714442690992226,1,1,1,1,7.714442690992226,7.714442690992226,0.0,7.714442690992226
CCCCN1C(=O)C(C(=O)NC23CC4CC(CC(C4)C2)C3)=C(O)C2C1C=NN2C,8.744727494896694,1,1,1,1,8.744727494896694,8.744727494896694,0.0,8.744727494896694
CCCCN1C(=O)C(C(=O)NC23CC4CC(CC(O)(C4)C2)C3)=C(O)C2C1C=NN2C,7.714442690992226,1,1,1,1,7.714442690992226,7.714442690992226,0.0,7.714442690992226
CCCCN1Cc2c(n(S(=O)(=O)CC)c3ccc(C(=O)N4CCC(C)CC4)cc23)C1,7.774690718274137,1,1,1,1,7.774690718274137,7.774690718274137,0.0,7.774690718274137
CCCCNC(=O)N1CCN(C(c2ccccc2)c2ccc(Cl)cc2Cl)CC1,6.037157318798758,1,1,1,1,6.037157318798758,6.037157318798758,0.0,6.037157318798758
CCCCNC(=O)N1CCN(C(c2ccccc2)c2ccccc2)CC1,5.547753425479563,1,1,1,1,5.547753425479563,5.547753425479563,0.0,5.547753425479563
CCCCNC(=O)NC1CCN(c2ncnc3c2nc(-c2ccccc2Cl)n3-c2ccc(Cl)cc2)CC1,5.810229043653126,1,1,1,1,5.810229043653126,5.810229043653126,0.0,5.810229043653126
CCCCNC(=O)c1ccc2c(c1)N=C(c1ccc(F)c(Cl)c1)c1ccccc1S2,6.0,1,1,1,1,6.0,6.0,0.0,6.0
CCCCNC(=O)c1ccc2c(c1)N=C(c1ccccc1Cl)c1ccccc1S2,5.300000202445418,1,1,1,1,5.300000202445418,5.300000202445418,0.0,5.300000202445418
CCCCNC(=O)c1nn(-c2ccc(Cl)cc2Cl)c(-n2c(C)ccc2C)c1C,6.337431033066739,1,1,1,1,6.337431033066739,6.337431033066739,0.0,6.337431033066739
CCCCNC(=O)c1nn(-c2ccc(Cl)cc2Cl)c(-n2cccc2)c1C,6.09925064193892,1,1,1,1,6.09925064193892,6.09925064193892,0.0,6.09925064193892
CCCCNC(=O)c1oc2ccc(S(=O)(=O)N3CC(C)CC(C)C3)cc2c1C,5.026872146400301,1,1,1,1,5.026872146400301,5.026872146400301,0.0,5.026872146400301
CCCCO/N=C(\C)c1cc(O)c2c(c1)OC(C)(C)[C@H]1CC=C(C)C[C@H]21,7.772113295386326,1,1,1,1,7.772113295386326,7.772113295386326,0.0,7.772113295386326
CCCCOC(=O)C(C)(C)c1cc(O)c2c(c1)OC(C)(C)[C@@H]1CC=C(C)C[C@@H]21,8.769551078621726,1,1,1,1,8.769551078621726,8.769551078621726,0.0,8.769551078621726
CCCCOC(=O)C(C)(C)c1cc(O)c2c(c1)OC(C)(C)[C@@H]1CC=C(CO)C[C@@H]21,9.096910013008056,1,1,1,1,9.096910013008056,9.096910013008056,0.0,9.096910013008056
CCCCOC(=O)C(C)(C)c1cc(O)c2c(c1)OC(C)(C)[C@@H]1CCC(=O)C[C@@H]21,8.207608310501746,1,1,1,1,8.207608310501746,8.207608310501746,0.0,8.207608310501746
CCCCOC(=O)C(C)(C)c1cc(O)c2c(c1)OC(C)(C)[C@@H]1CC[C@@H](CO)C[C@@H]21,8.508638306165727,1,1,1,1,8.508638306165727,8.508638306165727,0.0,8.508638306165727
CCCCOC(=O)C(C)(C)c1cc(O)c2c(c1)OC(C)(C)[C@@H]1CC[C@@H](CO)C[C@H]21,8.187086643357144,1,1,1,1,8.187086643357144,8.187086643357144,0.0,8.187086643357144
CCCCOC(=O)C(C)(C)c1cc(O)c2c(c1)OC(C)(C)[C@@H]1CC[C@@H](O)C[C@@H]21,9.698970004336019,1,1,1,1,9.698970004336019,9.698970004336019,0.0,9.698970004336019
CCCCOC(=O)C(C)(C)c1cc(O)c2c(c1)OC(C)(C)[C@@H]1CC[C@H](O)C[C@@H]21,8.346787486224656,1,1,1,1,8.346787486224656,8.346787486224656,0.0,8.346787486224656
CCCCOC(=O)C(C)(C)c1cc(O)c2c(c1)OC(C)(C)[C@H]1CC=C(C)C[C@@H]21,9.154901959985743,1,1,1,1,9.154901959985743,9.154901959985743,0.0,9.154901959985743
CCCCOC(=O)C(C)c1cc(O)c2c(c1)OC(C)(C)[C@@H]1CC=C(C)C[C@@H]21,9.0,1,1,1,1,9.0,9.0,0.0,9.0
CCCCOC(=O)C1(c2cc(O)c3c(c2)OC(C)(C)[C@@H]2CC=C(C)C[C@@H]32)CCC1,8.960409376976187,2,2,2,1,8.522878745280337,9.397940008672037,0.8750612633917001,8.960409376976187
CCCCOC(=O)Cc1cc(O)c2c(c1)OC(C)(C)[C@@H]1CC=C(C)C[C@@H]21,7.687189459287547,2,2,2,1,7.288192770958809,8.086186147616283,0.797993376657474,7.687189459287547
CCCCOC(=O)Cc1cc(O)c2c(c1)OC(C)(C)[C@@H]1CCC(=O)C[C@@H]21,6.0,1,1,1,1,6.0,6.0,0.0,6.0
CCCCOC(=O)Cc1cc(O)c2c(c1)OC(C)(C)[C@@H]1CC[C@@H](O)C[C@@H]21,6.364516253185088,1,1,1,1,6.364516253185088,6.364516253185088,0.0,6.364516253185088
CCCCOC(=O)Cc1cc(O)c2c(c1)OC(C)(C)[C@@H]1CC[C@H](O)C[C@@H]21,6.134896025358872,1,1,1,1,6.134896025358872,6.134896025358872,0.0,6.134896025358872
CCCCOC(=O)[C@@H](C)c1cc(O)c2c(c1)OC(C)(C)[C@@H]1CC=C(C)C[C@@H]21,8.512284095745368,2,2,2,1,8.200659450546418,8.823908740944319,0.6232492903979008,8.512284095745368
CCCCOC(=O)[C@H](C)c1cc(O)c2c(c1)OC(C)(C)[C@@H]1CC=C(C)C[C@@H]21,8.642835120127383,2,2,2,1,8.431798275933005,8.853871964321762,0.4220736883887568,8.642835120127383
CCCCOC(=O)c1cc(O)c(-c2cc(C)cc(C)c2)c(O)c1,5.494850021680094,1,1,1,1,5.494850021680094,5.494850021680094,0.0,5.494850021680094
CCCCOc1c(OC)c([N+](=O)[O-])cc2cc(C(=O)NCCc3ccc(F)cc3)c(=O)[nH]c12,8.853871964321762,1,1,1,1,8.853871964321762,8.853871964321762,0.0,8.853871964321762
CCCCOc1c(OC)ccc2cc(C(=O)NC3CCCCC3)c(=O)[nH]c12,8.017728766960431,1,1,1,1,8.017728766960431,8.017728766960431,0.0,8.017728766960431
CCCCOc1c(OC)ccc2cc(C(=O)NCC(F)c3ccccc3)c(=O)[nH]c12,9.096910013008056,1,1,1,1,9.096910013008056,9.096910013008056,0.0,9.096910013008056
CCCCOc1c(OC)ccc2cc(C(=O)NCCCF)c(=O)[nH]c12,7.236572006437063,1,1,1,1,7.236572006437063,7.236572006437063,0.0,7.236572006437063
CCCCOc1c(OC)ccc2cc(C(=O)NCCF)c(=O)[nH]c12,6.313363730737707,1,1,1,1,6.313363730737707,6.313363730737707,0.0,6.313363730737707
CCCCOc1c(OC)ccc2cc(C(=O)NCCc3ccc(F)cc3)c(=O)[nH]c12,8.619788758288394,1,1,1,1,8.619788758288394,8.619788758288394,0.0,8.619788758288394
CCCCOc1c(OC)ccc2cc(C(=O)NCCc3ccccc3)c(=O)[nH]c12,9.481749428548518,2,1,1,1,9.481486060122112,9.482012796974923,0.000526736852810572,9.481749428548518
CCCCOc1c(OC)ccc2cc(C(=O)NCCc3cn(CCF)nn3)c(=O)[nH]c12,5.619788758288394,1,1,1,1,5.619788758288394,5.619788758288394,0.0,5.619788758288394
CCCCOc1c(OC)ccc2cc(C(=O)NCc3ccc(F)cc3)c(=O)[nH]c12,8.55284196865778,1,1,1,1,8.55284196865778,8.55284196865778,0.0,8.55284196865778
CCCCOc1c(OC)ccc2cc(C(=O)NCc3ccc([18F])cc3)c(=O)[nH]c12,8.55284196865778,1,1,1,1,8.55284196865778,8.55284196865778,0.0,8.55284196865778
CCCCOc1c(OC)ccc2cc(C(=O)NCc3cn(CCF)nn3)c(=O)[nH]c12,6.207608310501746,1,1,1,1,6.207608310501746,6.207608310501746,0.0,6.207608310501746
CCCCOc1c(OCC[18F])ccc2cc(C(=O)NC3CCCCC3)c(=O)[nH]c12,7.446116973356125,1,1,1,1,7.446116973356125,7.446116973356125,0.0,7.446116973356125
CCCCOc1c(O[11CH3])ccc2cc(C(=O)NC3CCCCC3)c(=O)[nH]c12,8.017728766960431,1,1,1,1,8.017728766960431,8.017728766960431,0.0,8.017728766960431
CCCCOc1cc(O)cc(OCCCCCCCCCCC(=O)NC2CC2)c1,6.910413760203845,2,1,1,1,6.900008766455316,6.920818753952375,0.02080998749705909,6.910413760203845
CCCCOc1cc(O)cc(OCCCCCCCCCCC(=O)NCCO)c1,5.795242930130286,2,1,1,1,5.790484985457369,5.800000874803203,0.009515889345833806,5.795242930130286
CCCCOc1ccccc1-c1cc(C(=O)NC23CC4CC(CC(C4)C2)C3)no1,6.432973633840939,1,1,1,1,6.432973633840939,6.432973633840939,0.0,6.432973633840939
CCCCOc1ncc(Br)cc1C(=O)NC1CCCCCC1,6.402304814074488,1,1,1,1,6.402304814074488,6.402304814074488,0.0,6.402304814074488
CCCCS(=O)(=O)N1CCN(c2ncnc3c2nc(-c2ccccc2Cl)n3-c2ccc(Cl)cc2)CC1,6.301029995663981,1,1,1,1,6.301029995663981,6.301029995663981,0.0,6.301029995663981
CCCC[Si](C)(C)c1cc(O)c(C2CCCC2)c(O)c1,6.433892626332424,1,1,1,1,6.433892626332424,6.433892626332424,0.0,6.433892626332424
CCCC[Si](C)(C)c1cc(O)c(C2CCCC2)c(OC)c1,6.044244922427712,1,1,1,1,6.044244922427712,6.044244922427712,0.0,6.044244922427712
CCCC[Si](C)(C)c1cc(O)c(C2CCCCC2)c(O)c1,7.503208684299958,1,1,1,1,7.503208684299958,7.503208684299958,0.0,7.503208684299958
CCCC[Si](C)(C)c1cc(O)c(C2CCCCC2)c(OC)c1,6.40207456743954,1,1,1,1,6.40207456743954,6.40207456743954,0.0,6.40207456743954
CCCC[Si](C)(C)c1cc(O)c(C2CCCCCC2)c(O)c1,7.196952789508871,1,1,1,1,7.196952789508871,7.196952789508871,0.0,7.196952789508871
CCCC[Si](C)(C)c1cc(O)c(C2CCCCCC2)c(OC)c1,6.210694334081714,1,1,1,1,6.210694334081714,6.210694334081714,0.0,6.210694334081714
CCCC[Si](C)(C)c1cc(O)c2c(c1)OC(C)(C)[C@@H]1CC=C(CO)C[C@@H]21,9.187086643357144,1,1,1,1,9.187086643357144,9.187086643357144,0.0,9.187086643357144
CCCC[Si](C)(C)c1cc(O)c2c(c1)OC(C)(C)[C@@H]1CCC(C)=C[C@@H]21,8.829738284605043,1,1,1,1,8.829738284605043,8.829738284605043,0.0,8.829738284605043
CCCC[Si](C)(C)c1cc(O)c2c(c1)OC(C)(C)c1ccc(C)cc1-2,8.300162274132754,1,1,1,1,8.300162274132754,8.300162274132754,0.0,8.300162274132754
CCCC[Si](C)(C)c1cc(O)c2c(c1)OC(C)(C)c1ccc(CO)cc1-2,8.45717457304082,1,1,1,1,8.45717457304082,8.45717457304082,0.0,8.45717457304082
CCCC[Si](C)(C)c1cc(OC)c([C@H]2C=C(CO)[C@H]3C[C@@H]2C3(C)C)c(OC)c1,6.644548479873483,1,1,1,1,6.644548479873483,6.644548479873483,0.0,6.644548479873483
CCCCc1[nH]c2ccc(-c3ccco3)cc2c(=O)c1C(=O)NC12CC3CC(CC(C3)C1)C2,6.876148359032914,1,1,1,1,6.876148359032914,6.876148359032914,0.0,6.876148359032914
CCCCc1[nH]c2ccc(Br)cc2c(=O)c1C(=O)NC12CC3CC(CC(C3)C1)C2,5.928117992693874,1,1,1,1,5.928117992693874,5.928117992693874,0.0,5.928117992693874
CCCCc1c(C(=O)NC23CC4CC(CC(C4)C2)C3)nc(C)n1-c1ccccc1,8.008773924307505,1,1,1,1,8.008773924307505,8.008773924307505,0.0,8.008773924307505
CCCCc1cc(-c2ccc(F)cc2)cc(C(=O)NC2CCCCCC2)c1OC,6.779891911959945,1,1,1,1,6.779891911959945,6.779891911959945,0.0,6.779891911959945
CCCCc1cc(-c2ccc(F)cc2)cc(C(=O)N[C@H]2CC[C@@H](C)CC2)c1OC,5.849857838151442,1,1,1,1,5.849857838151442,5.849857838151442,0.0,5.849857838151442
CCCCc1cc(-c2ccc(F)cc2)cc(C(=O)N[C@H]2CC[C@H](C)CC2)c1OC,5.7537476877006775,1,1,1,1,5.7537476877006775,5.7537476877006775,0.0,5.7537476877006775
CCCCc1cc(-c2ccc(OC)cc2)cc(C(=O)N[C@H]2CC[C@@H](C)CC2)c1OC,7.657577319177793,1,1,1,1,7.657577319177793,7.657577319177793,0.0,7.657577319177793
CCCCc1cc(-c2ccc(OC)cc2)cc(C(=O)N[C@H]2CC[C@H](C)CC2)c1OC,6.844663962534938,1,1,1,1,6.844663962534938,6.844663962534938,0.0,6.844663962534938
CCCCc1cc(-c2ccccc2)cc(C(=O)NC2CCCCCC2)c1OC,6.453457336521868,1,1,1,1,6.453457336521868,6.453457336521868,0.0,6.453457336521868
CCCCc1cc(-c2ccccc2)cc(C(=O)N[C@H]2CC[C@@H](C)CC2)c1OC,5.898940645091884,1,1,1,1,5.898940645091884,5.898940645091884,0.0,5.898940645091884
CCCCc1cc(-c2ccccc2)cc(C(=O)N[C@H]2CC[C@H](C)CC2)c1OC,5.621602099051863,1,1,1,1,5.621602099051863,5.621602099051863,0.0,5.621602099051863
CCCCc1cc(O)c2c(c1)OC(C)(C)[C@@H]1CCC(C)=C[C@@H]21,7.292429823902063,1,1,1,1,7.292429823902063,7.292429823902063,0.0,7.292429823902063
CCCCc1cc2c(O)cc(C3(CCCC)CCCC3)cc2oc1=O,7.861700173221179,2,1,1,1,7.860120913598763,7.863279432843593,0.003158519244830238,7.861700173221179
CCCCc1cc2c(O)cc(C3(CCCC)CCCCC3)cc2oc1=O,7.901532128442041,2,1,1,1,7.899974269892137,7.903089986991944,0.003115717099806403,7.901532128442041
CCCCc1ccc(C(=O)c2c(C)n(CCC)c3ccccc23)c2ccccc12,7.309981219211305,1,1,1,1,7.309981219211305,7.309981219211305,0.0,7.309981219211305
CCCCc1ccc(C(=O)c2cc(O)c(-c3cc(Cl)cc(Cl)c3)c(O)c2)cc1,6.333107788933464,1,1,1,1,6.333107788933464,6.333107788933464,0.0,6.333107788933464
CCCCc1ccc(C(=O)c2cn(CCC)c3ccccc23)c2ccccc12,7.2839966563652006,1,1,1,1,7.2839966563652006,7.2839966563652006,0.0,7.2839966563652006
CCCCc1ccc(CN(Cc2ccccc2)S(=O)(=O)c2ccc(C)cc2)cc1,6.552841968657781,1,1,1,1,6.552841968657781,6.552841968657781,0.0,6.552841968657781
CCCCc1nc2ccccc2n1C(=O)c1ccc(OC)cc1,5.795880017344075,1,1,1,1,5.795880017344075,5.795880017344075,0.0,5.795880017344075
CCCCc1nc2ccccc2n1C(=O)c1cccc2ccccc12,6.3979400086720375,1,1,1,1,6.3979400086720375,6.3979400086720375,0.0,6.3979400086720375
CCCCc1sc(NC(=O)C23CC4CC(CC(C4)C2)C3)c(C(=O)OC)c1C,8.76447155309245,1,1,1,1,8.76447155309245,8.76447155309245,0.0,8.76447155309245
CCCCn1/c(=N/C(=O)c2cc(C(F)(F)F)ccc2NNC(=O)C(C)(C)C)cc(C(C)(C)C)n1C,9.397940008672037,1,1,1,1,9.397940008672037,9.397940008672037,0.0,9.397940008672037
CCCCn1/c(=N/C(=O)c2cc(C(F)(F)F)ccc2NNC(=O)c2cccnc2)cc(C(C)(C)C)n1C,8.602059991327963,1,1,1,1,8.602059991327963,8.602059991327963,0.0,8.602059991327963
CCCCn1/c(=N/C(=O)c2cc(C(F)(F)F)ccc2NNC(=O)c2ccncc2)cc(C(C)(C)C)n1C,9.154901959985743,1,1,1,1,9.154901959985743,9.154901959985743,0.0,9.154901959985743
CCCCn1/c(=N/C(=O)c2cc(C(F)(F)F)ccc2O/N=C(\C)C(F)(F)F)cc(C(C)(C)C)n1C,7.920818753952375,1,1,1,1,7.920818753952375,7.920818753952375,0.0,7.920818753952375
CCCCn1/c(=N/C(=O)c2cc(C(F)(F)F)ccc2OCC(C)(C)O)sc2ccncc21,8.267606240177031,1,1,1,1,8.267606240177031,8.267606240177031,0.0,8.267606240177031
CCCCn1/c(=N/C(=O)c2cc(C(F)(F)F)ccc2OCC(C)(C)O)sc2ncccc21,7.823908740944319,1,1,1,1,7.823908740944319,7.823908740944319,0.0,7.823908740944319
CCCCn1/c(=N/C(=O)c2cc(C(F)(F)F)ccc2OCCC(C)(C)O)sc2ccncc21,7.455931955649724,1,1,1,1,7.455931955649724,7.455931955649724,0.0,7.455931955649724
CCCCn1/c(=N/C(=O)c2cc(C(F)(F)F)ccc2OCCNC(C)=O)sc2ccncc21,8.823908740944319,1,1,1,1,8.823908740944319,8.823908740944319,0.0,8.823908740944319
CCCCn1/c(=N/C(=O)c2cc(C(F)(F)F)ccc2OC[C@@H](C)O)sc2ccncc21,7.1249387366083,1,1,1,1,7.1249387366083,7.1249387366083,0.0,7.1249387366083
CCCCn1/c(=N/C(=O)c2cc(C(F)(F)F)ccc2OC[C@@H]2CCCN2C)sc2ccncc21,7.468521082957745,1,1,1,1,7.468521082957745,7.468521082957745,0.0,7.468521082957745
CCCCn1/c(=N/C(=O)c2cc(C(F)(F)F)ccc2OC[C@H](C)O)sc2ccncc21,8.698970004336019,1,1,1,1,8.698970004336019,8.698970004336019,0.0,8.698970004336019
CCCCn1/c(=N/C(=O)c2cc(C(F)(F)F)ccc2OC[C@H](C)O)sc2ncccc21,8.853871964321762,1,1,1,1,8.853871964321762,8.853871964321762,0.0,8.853871964321762
CCCCn1/c(=N/C(=O)c2cc(C(F)(F)F)ccc2ONC(C)(C)C)sc2ccncc21,7.207608310501746,1,1,1,1,7.207608310501746,7.207608310501746,0.0,7.207608310501746
CCCCn1/c(=N/C(=O)c2cc(C(F)(F)F)ccc2ONC(C)C)cc(C(C)(C)C)n1C,7.795880017344075,1,1,1,1,7.795880017344075,7.795880017344075,0.0,7.795880017344075
CCCCn1/c(=N\C(=O)c2cc(C(F)(F)F)ccc2ONC(C)(C)C)cc(C(C)(C)C)n1C,7.113509274827518,1,1,1,1,7.113509274827518,7.113509274827518,0.0,7.113509274827518
CCCCn1c(=O)c(C(=O)NC23CC4CC(CC(C4)C2)C3)c(O)c2c1cnn2CCO,7.567030709125595,1,1,1,1,7.567030709125595,7.567030709125595,0.0,7.567030709125595
CCCCn1c(=O)c(C(=O)NC23CC4CC(CC(C4)C2)C3)c(O)c2nn(C)cc21,8.602059991327963,1,1,1,1,8.602059991327963,8.602059991327963,0.0,8.602059991327963
CCCCn1c(=O)c(C(=O)NC23CC4CC(CC(C4)C2)C3)c(O)c2nn(CCO)cc21,7.735182176990463,1,1,1,1,7.735182176990463,7.735182176990463,0.0,7.735182176990463
CCCCn1c(=O)c(C(=O)NC23CC4CC(CC(O)(C4)C2)C3)c(O)c2nn(C)cc21,7.97469413473523,1,1,1,1,7.97469413473523,7.97469413473523,0.0,7.97469413473523
CCCCn1c(=O)c(C(=O)NC2CCC(C)CC2)c(O)c2cccnc21,7.950781977329818,1,1,1,1,7.950781977329818,7.950781977329818,0.0,7.950781977329818
CCCCn1c(=O)c(C(=O)NC2CCC(C)CC2)cc2ccccc21,7.703334809738469,1,1,1,1,7.703334809738469,7.703334809738469,0.0,7.703334809738469
CCCCn1c(=O)c(C(=O)NC2CCC(C)CC2)cc2cccnc21,8.4089353929735,1,1,1,1,8.4089353929735,8.4089353929735,0.0,8.4089353929735
CCCCn1c(=O)c(C(=O)NC2CCCCC2)cc2cccnc21,7.154901959985743,1,1,1,1,7.154901959985743,7.154901959985743,0.0,7.154901959985743
CCCCn1c(=O)sc2cc(C(=O)C34CC5CC(CC(C5)C3)C4)ccc21,7.585026652029182,1,1,1,1,7.585026652029182,7.585026652029182,0.0,7.585026652029182
CCCCn1c(C(=O)OC)c(C(C)C)s/c1=N\C(=O)c1cc(C(F)(F)F)ccc1NC(C)(C)C,6.889410289700751,1,1,1,1,6.889410289700751,6.889410289700751,0.0,6.889410289700751
CCCCn1c(C)c(C)cc(C(=O)NCc2ccccc2)c1=O,7.180456064458131,1,1,1,1,7.180456064458131,7.180456064458131,0.0,7.180456064458131
CCCCn1c(C)c(C)cc(NC(=O)Cc2ccccc2)c1=O,5.882728704344236,1,1,1,1,5.882728704344236,5.882728704344236,0.0,5.882728704344236
CCCCn1c(C)c(C)cc(NC(=O)c2ccc3ccccc3c2)c1=O,6.114638779968487,1,1,1,1,6.114638779968487,6.114638779968487,0.0,6.114638779968487
CCCCn1c(C)c(C)cc(NC(=O)c2cccc(C)c2)c1=O,6.920728294779664,2,2,1,1,6.464705879957229,7.376750709602099,0.91204482964487,6.920728294779664
CCCCn1c(C)c(C)cc(NC(=O)c2cccc3ccccc23)c1=O,7.821032576499773,2,2,1,1,7.721246399047171,7.920818753952375,0.19957235490520375,7.821032576499773
CCCCn1c(C)c(C)cc(NC(=O)c2ccccc2F)c1=O,6.632616081908295,2,2,1,1,6.209714835966759,7.055517327849831,0.845802491883072,6.632616081908295
CCCCn1c(C)c(C)cc(Oc2nc3ccccc3o2)c1=O,6.010550182333308,1,1,1,1,6.010550182333308,6.010550182333308,0.0,6.010550182333308
CCCCn1c(C)c(C)cc(Oc2nc3ccccc3o2)c1=S,6.995678626217357,1,1,1,1,6.995678626217357,6.995678626217357,0.0,6.995678626217357
CCCCn1c(CC)c(C)cc(C(=O)NC2(C(=O)O)CCCCC2)c1=O,6.458420756053419,1,1,1,1,6.458420756053419,6.458420756053419,0.0,6.458420756053419
CCCCn1c(CC)c(C)cc(C(=O)NCc2ccccc2)c1=O,7.698970004336019,1,1,1,1,7.698970004336019,7.698970004336019,0.0,7.698970004336019
CCCCn1c(CCC)c(Br)cc(C(=O)NC2(C(=O)O)CCCCC2)c1=O,6.417936637088291,1,1,1,1,6.417936637088291,6.417936637088291,0.0,6.417936637088291
CCCCn1c(Cc2ccc(Cl)c(Cl)c2)nc2cc(C(F)(F)F)ccc21,6.431798275933005,1,1,1,1,6.431798275933005,6.431798275933005,0.0,6.431798275933005
CCCCn1c2c(cc(C(=O)NC(C)(C)c3ccccc3)c1=O)CCCCCC2,10.0,1,1,1,1,10.0,10.0,0.0,10.0
CCCCn1c2c(cc(C(=O)NC(C)C)c1=O)CCCCCC2,8.397940008672037,1,1,1,1,8.397940008672037,8.397940008672037,0.0,8.397940008672037
CCCCn1c2c(cc(C(=O)NC3(C(=O)O)CCCCC3)c1=O)CCCCCC2,7.251811972993799,1,1,1,1,7.251811972993799,7.251811972993799,0.0,7.251811972993799
CCCCn1c2c(cc(C(=O)NC3CCCCC3)c1=O)CCCCCC2,9.698970004336019,1,1,1,1,9.698970004336019,9.698970004336019,0.0,9.698970004336019
CCCCn1c2c(cc(C(=O)NC3CCN(C)CC3)c1=O)CCCCCC2,6.8326826652518236,1,1,1,1,6.8326826652518236,6.8326826652518236,0.0,6.8326826652518236
CCCCn1c2c(cc(C(=O)NCCc3ccccc3)c1=O)CCCCCC2,8.795880017344075,1,1,1,1,8.795880017344075,8.795880017344075,0.0,8.795880017344075
CCCCn1c2c(cc(C(=O)NCc3ccccc3)c1=O)CCC2,7.795880017344075,1,1,1,1,7.795880017344075,7.795880017344075,0.0,7.795880017344075
CCCCn1c2c(cc(C(=O)NCc3ccccc3)c1=O)CCCC2,7.769551078621726,1,1,1,1,7.769551078621726,7.769551078621726,0.0,7.769551078621726
CCCCn1c2c(cc(C(=O)NCc3ccccc3)c1=O)CCCCCC2,8.823908740944319,1,1,1,1,8.823908740944319,8.823908740944319,0.0,8.823908740944319
CCCCn1c2c(cc(C(=O)NCc3ccccc3)c1=O)COCC2,6.690369832574101,1,1,1,1,6.690369832574101,6.690369832574101,0.0,6.690369832574101
CCCCn1c2c(cc(C(N)=O)c1=O)CCCCCC2,7.3979400086720375,1,1,1,1,7.3979400086720375,7.3979400086720375,0.0,7.3979400086720375
CCCCn1c2ccccc2c2cc(C(=O)N3CCCCC3)ccc21,6.578396073130168,1,1,1,1,6.578396073130168,6.578396073130168,0.0,6.578396073130168
CCCCn1cc(Br)cc(C(=O)NC2CCCCCC2)c1=O,8.292429823902063,1,1,1,1,8.292429823902063,8.292429823902063,0.0,8.292429823902063
CCCCn1cc(C(=O)C2C(C)(C)C2(C)C)c2ccccc21,8.699513552156626,2,1,1,1,8.698970004336019,8.700057099977233,0.0010870956412141197,8.699513552156626
CCCCn1cc(C(=O)NC(C)(C)C)c(=O)c2cccc(OC)c21,8.086186147616283,1,1,1,1,8.086186147616283,8.086186147616283,0.0,8.086186147616283
CCCCn1cc(C(=O)NC23CC4CC(CC(C4)C2)C3)c(=O)c2cccc(OC)c21,8.481486060122112,1,1,1,1,8.481486060122112,8.481486060122112,0.0,8.481486060122112
CCCCn1cc(C(=O)NC23CC4CC(CC(C4)C2)C3)c(=O)cc1-c1ccccc1,7.735182176990463,1,1,1,1,7.735182176990463,7.735182176990463,0.0,7.735182176990463
CCCCn1cc(C(=O)NC2CCCC2)c(=O)c2cccc(OC)c21,7.7055337738384075,1,1,1,1,7.7055337738384075,7.7055337738384075,0.0,7.7055337738384075
CCCCn1cc(C(=O)NC2CCCCC2)c(=O)c2c(C)nn(C)c21,6.860120913598763,1,1,1,1,6.860120913598763,6.860120913598763,0.0,6.860120913598763
CCCCn1cc(C(=O)NCC2CC2)c(=O)c2cccc(OC)c21,7.103473782510445,1,1,1,1,7.103473782510445,7.103473782510445,0.0,7.103473782510445
CCCCn1cc(C(=O)N[C@@H](Cc2ccccc2)C(N)=O)c2ccccc21,6.829870373769236,2,1,1,1,6.8297382846050425,6.83000246293343,0.0002641783283872101,6.829870373769236
CCCCn1cc(C(=O)N[C@@H](Cc2ccccc2)C(N)=O)c2cccnc21,5.659778103765827,2,1,1,1,5.6595558851598815,5.660000322371772,0.0004444372118905804,5.659778103765827
CCCCn1cc(C(=O)N[C@@H]2C(C)(C)C3CC[C@]2(C)C3)c(=O)c2ccc(F)cc21,9.096910013008056,1,1,1,1,9.096910013008056,9.096910013008056,0.0,9.096910013008056
CCCCn1cc(C(=O)N[C@@H]2C(C)(C)C3CC[C@]2(C)C3)c(=O)c2ccc(Sc3ccccc3)cc21,10.0,1,1,1,1,10.0,10.0,0.0,10.0
CCCCn1cc(C(=O)N[C@H](C(N)=O)C(C)(C)C)c2ccccc21,8.879755329268079,2,1,1,1,8.87942606879415,8.880084589742008,0.0006585209478586762,8.879755329268079
CCCCn1cc(C(=O)N[C@H](C(N)=O)C(C)(C)C)c2cccnc21,7.390192283055317,2,1,1,1,7.389978975335855,7.39040559077478,0.00042661543892474896,7.390192283055317
CCCCn1cc(C(=O)N[C@H](C(N)=O)C(C)C)c2ccccc21,7.110082320168908,2,1,1,1,7.110026361596004,7.110138278741811,0.00011191714580682799,7.110082320168908
CCCCn1cc(C(=O)N[C@H](C(N)=O)C(C)C)c2cccnc21,6.050061376551602,2,1,1,1,6.050000457140078,6.050122295963125,0.00012183882304750426,6.050061376551602
CCCCn1cc(C(=O)Nc2cccc3ccccc23)c(=O)c2ccccc21,6.341988603342887,1,1,1,1,6.341988603342887,6.341988603342887,0.0,6.341988603342887
CCCCn1cc(C(=O)c2cccc3ccccc23)c(=O)c2ccccc21,5.809668301829708,1,1,1,1,5.809668301829708,5.809668301829708,0.0,5.809668301829708
CCCCn1cc(C(=O)c2cccc3ccccc23)cc1-c1ccccc1,7.823908740944319,1,1,1,1,7.823908740944319,7.823908740944319,0.0,7.823908740944319
CCCCn1cc(C(C)(C)C)cc/c1=N\C(=O)c1cc(C(F)(F)F)ccc1ONC(C)(C)C,7.055517327849831,1,1,1,1,7.055517327849831,7.055517327849831,0.0,7.055517327849831
CCCCn1cc(C(C)(C)C)s/c1=N\C(=O)c1cc(C(F)(F)F)ccc1NNC(=O)c1cccnc1,8.795880017344075,1,1,1,1,8.795880017344075,8.795880017344075,0.0,8.795880017344075
CCCCn1cc(C(C)(C)C)s/c1=N\C(=O)c1cc(C(F)(F)F)ccc1NNC(=O)c1ccncc1,8.958607314841775,1,1,1,1,8.958607314841775,8.958607314841775,0.0,8.958607314841775
CCCCn1cc(C(C)(C)C)s/c1=N\C(=O)c1cc(C(F)(F)F)ccc1OCC(C)(C)O,9.086186147616283,1,1,1,1,9.086186147616283,9.086186147616283,0.0,9.086186147616283
CCCCn1cc(C(C)(C)C)s/c1=N\C(=O)c1cc(C(F)(F)F)ccc1OC[C@@H]1CCCN1C,8.036212172654444,1,1,1,1,8.036212172654444,8.036212172654444,0.0,8.036212172654444
CCCCn1cc(C(C)(C)C)s/c1=N\C(=O)c1cc(C(F)(F)F)ccc1ONC(C)(C)C,8.173925197299173,1,1,1,1,8.173925197299173,8.173925197299173,0.0,8.173925197299173
CCCCn1cc(C(C)(C)C)s/c1=N\C(=O)c1cc(Cl)ccc1OCC(N)=O,8.508638306165727,1,1,1,1,8.508638306165727,8.508638306165727,0.0,8.508638306165727
CCCCn1cc(C)cc(Oc2nc3ccccc3o2)c1=S,6.627087997029893,1,1,1,1,6.627087997029893,6.627087997029893,0.0,6.627087997029893
CCCCn1cc(CC(=O)NC23CC4CC(CC(C4)C2)C3)c2cc(-c3ccccc3)ccc21,7.688246138944246,1,1,1,1,7.688246138944246,7.688246138944246,0.0,7.688246138944246
CCCCn1ccc(C(C)(C)C)c/c1=N\C(=O)c1cc(C(F)(F)F)ccc1ONC(C)(C)C,6.892790030352131,1,1,1,1,6.892790030352131,6.892790030352131,0.0,6.892790030352131
CCCCn1ccc(C)c(Oc2nc3ccccc3o2)c1=S,6.628932137728263,1,1,1,1,6.628932137728263,6.628932137728263,0.0,6.628932137728263
CCCCn1cccc(C(=O)NC2CCC(C)CC2)c1=O,6.982966660701219,1,1,1,1,6.982966660701219,6.982966660701219,0.0,6.982966660701219
CCCCn1cccc(Oc2nc3ccccc3o2)c1=S,6.309803919971486,1,1,1,1,6.309803919971486,6.309803919971486,0.0,6.309803919971486
CCCCn1nc(C(=O)N[C@@H](Cc2ccccc2)C(N)=O)c2ccccc21,7.400062375171107,2,1,1,1,7.400007822415902,7.400116927926312,0.00010910551041032335,7.400062375171107
CCCCn1nc(C(=O)N[C@H](C(N)=O)C(C)(C)C)c2ccccc21,9.040005161671584,2,1,1,1,9.040005161671584,9.040005161671584,0.0,9.040005161671584
CCCCn1nc(C(=O)N[C@H](C(N)=O)C(C)C)c2ccccc21,8.189868347799539,2,1,1,1,8.189767482004916,8.18996921359416,0.0002017315892448579,8.189868347799539
CCCCn1nc(C(C)(C)C)s/c1=N/C(=O)c1cc(C(F)(F)F)ccc1N(/N=C/c1cccc(C)n1)C(=O)OC(C)(C)C,7.356547323513812,1,1,1,1,7.356547323513812,7.356547323513812,0.0,7.356547323513812
CCCCn1nc(C(C)(C)C)s/c1=N/C(=O)c1cc(C(F)(F)F)ccc1N(C)N(C)C(=O)OC(C)(C)C,6.554395796726403,1,1,1,1,6.554395796726403,6.554395796726403,0.0,6.554395796726403
CCCCn1nc(C(C)(C)C)s/c1=N/C(=O)c1cc(C(F)(F)F)ccc1N/N=C\c1cccc(C)n1,6.732828271596986,1,1,1,1,6.732828271596986,6.732828271596986,0.0,6.732828271596986
CCCCn1nc(C(C)(C)C)s/c1=N/C(=O)c1cc(C(F)(F)F)ccc1NNC(=O)OC,9.154901959985743,1,1,1,1,9.154901959985743,9.154901959985743,0.0,9.154901959985743
CCCCn1nc(C(C)(C)C)s/c1=N/C(=O)c1cc(C(F)(F)F)ccc1NNC(=O)OC(C)(C)C,9.0,1,1,1,1,9.0,9.0,0.0,9.0
CCCCn1nc(C(C)(C)C)s/c1=N/C(=O)c1cc(C(F)(F)F)ccc1O/N=C(\CC)C(=O)ON,8.214670164989233,1,1,1,1,8.214670164989233,8.214670164989233,0.0,8.214670164989233
CCCCn1nc(C(C)(C)C)s/c1=N/C(=O)c1cc(C(F)(F)F)ccc1ON(C)C,7.6777807052660805,1,1,1,1,7.6777807052660805,7.6777807052660805,0.0,7.6777807052660805
CCCCn1nc(C(C)(C)C)s/c1=N/C(=O)c1cc(C(F)(F)F)ccc1ONC(=O)OC(C)(C)C,9.494850021680094,1,1,1,1,9.494850021680094,9.494850021680094,0.0,9.494850021680094
CCCCn1nc(C(C)(C)C)s/c1=N\C(=O)c1cc(C(F)(F)F)ccc1/N=N/C(C)(C)C,8.207608310501746,1,1,1,1,8.207608310501746,8.207608310501746,0.0,8.207608310501746
CCCCn1nc(C(C)(C)C)s/c1=N\C(=O)c1cc(C(F)(F)F)ccc1CN1CC(O)C1,8.787812395596042,1,1,1,1,8.787812395596042,8.787812395596042,0.0,8.787812395596042
CCCCn1nc(C(C)(C)C)s/c1=N\C(=O)c1cc(C(F)(F)F)ccc1NN=C(C)C,6.607303046740334,1,1,1,1,6.607303046740334,6.607303046740334,0.0,6.607303046740334
CCCCn1nc(C(C)(C)C)s/c1=N\C(=O)c1cc(C(F)(F)F)ccc1NNC(=O)C(C)(C)C,9.397940008672037,1,1,1,1,9.397940008672037,9.397940008672037,0.0,9.397940008672037
CCCCn1nc(C(C)(C)C)s/c1=N\C(=O)c1cc(C(F)(F)F)ccc1NNC(=O)c1cccnc1,8.958607314841775,1,1,1,1,8.958607314841775,8.958607314841775,0.0,8.958607314841775
CCCCn1nc(C(C)(C)C)s/c1=N\C(=O)c1cc(C(F)(F)F)ccc1NNC(=O)c1ccncc1,9.096910013008056,1,1,1,1,9.096910013008056,9.096910013008056,0.0,9.096910013008056
CCCCn1nc(C(C)(C)C)s/c1=N\C(=O)c1cc(C(F)(F)F)ccc1NNC(N)=O,7.327902142064282,1,1,1,1,7.327902142064282,7.327902142064282,0.0,7.327902142064282
CCCCn1nc(C(C)(C)C)s/c1=N\C(=O)c1cc(C(F)(F)F)ccc1NNCc1ccccc1,7.366531544420413,1,1,1,1,7.366531544420413,7.366531544420413,0.0,7.366531544420413
CCCCn1nc(C(C)(C)C)s/c1=N\C(=O)c1cc(C(F)(F)F)ccc1NNc1ccccn1,7.494850021680094,1,1,1,1,7.494850021680094,7.494850021680094,0.0,7.494850021680094
CCCCn1nc(C(C)(C)C)s/c1=N\C(=O)c1cc(C(F)(F)F)ccc1O/N=C(\C)C(C)(C)C,6.665546248849069,1,1,1,1,6.665546248849069,6.665546248849069,0.0,6.665546248849069
CCCCn1nc(C(C)(C)C)s/c1=N\C(=O)c1cc(C(F)(F)F)ccc1O/N=C(\C)C(C)=O,7.7447274948966935,1,1,1,1,7.7447274948966935,7.7447274948966935,0.0,7.7447274948966935
CCCCn1nc(C(C)(C)C)s/c1=N\C(=O)c1cc(C(F)(F)F)ccc1O/N=C(\C)C(F)(F)F,7.2839966563652006,1,1,1,1,7.2839966563652006,7.2839966563652006,0.0,7.2839966563652006
CCCCn1nc(C(C)(C)C)s/c1=N\C(=O)c1cc(C(F)(F)F)ccc1O/N=C(\C)N,7.795880017344075,1,1,1,1,7.795880017344075,7.795880017344075,0.0,7.795880017344075
CCCCn1nc(C(C)(C)C)s/c1=N\C(=O)c1cc(C(F)(F)F)ccc1O/N=C(\N)C(C)(C)C,7.187086643357144,1,1,1,1,7.187086643357144,7.187086643357144,0.0,7.187086643357144
CCCCn1nc(C(C)(C)C)s/c1=N\C(=O)c1cc(C(F)(F)F)ccc1O/N=C(\N)C(C)C,8.275724130399212,1,1,1,1,8.275724130399212,8.275724130399212,0.0,8.275724130399212
CCCCn1nc(C(C)(C)C)s/c1=N\C(=O)c1cc(C(F)(F)F)ccc1O/N=C(\N)C1CC1,8.602059991327963,1,1,1,1,8.602059991327963,8.602059991327963,0.0,8.602059991327963
CCCCn1nc(C(C)(C)C)s/c1=N\C(=O)c1cc(C(F)(F)F)ccc1O/N=C(\N)CC,8.292429823902063,1,1,1,1,8.292429823902063,8.292429823902063,0.0,8.292429823902063
CCCCn1nc(C(C)(C)C)s/c1=N\C(=O)c1cc(C(F)(F)F)ccc1O/N=C(\N)c1ccc(F)cc1,7.6777807052660805,1,1,1,1,7.6777807052660805,7.6777807052660805,0.0,7.6777807052660805
CCCCn1nc(C(C)(C)C)s/c1=N\C(=O)c1cc(C(F)(F)F)ccc1O/N=C(\N)c1ccccn1,7.7447274948966935,1,1,1,1,7.7447274948966935,7.7447274948966935,0.0,7.7447274948966935
CCCCn1nc(C(C)(C)C)s/c1=N\C(=O)c1cc(C(F)(F)F)ccc1O/N=C(\N)c1cccnc1,7.060480747381382,1,1,1,1,7.060480747381382,7.060480747381382,0.0,7.060480747381382
CCCCn1nc(C(C)(C)C)s/c1=N\C(=O)c1cc(C(F)(F)F)ccc1O/N=C(\N)c1ccncc1,7.167491087293763,1,1,1,1,7.167491087293763,7.167491087293763,0.0,7.167491087293763
CCCCn1nc(C(C)(C)C)s/c1=N\C(=O)c1cc(C(F)(F)F)ccc1O/N=C1/CCCCCN1,8.795880017344075,1,1,1,1,8.795880017344075,8.795880017344075,0.0,8.795880017344075
CCCCn1nc(C(C)(C)C)s/c1=N\C(=O)c1cc(C(F)(F)F)ccc1ON=C(C)C,7.920818753952375,1,1,1,1,7.920818753952375,7.920818753952375,0.0,7.920818753952375
CCCCn1nc(C(C)(C)C)s/c1=N\C(=O)c1cc(C(F)(F)F)ccc1ON=C1CCCC1,8.769551078621726,1,1,1,1,8.769551078621726,8.769551078621726,0.0,8.769551078621726
CCCCn1nc(C(C)(C)C)s/c1=N\C(=O)c1cc(C(F)(F)F)ccc1ONC(=O)C(C)(C)C,9.221848749616356,1,1,1,1,9.221848749616356,9.221848749616356,0.0,9.221848749616356
CCCCn1nc(C(C)(C)C)s/c1=N\C(=O)c1cc(C(F)(F)F)ccc1ONC(C)(C)C,7.958607314841775,1,1,1,1,7.958607314841775,7.958607314841775,0.0,7.958607314841775
CCCCn1nc(C(C)(C)C)s/c1=N\C(=O)c1cc(C(F)(F)F)ccc1ONC(C)=O,9.0,1,1,1,1,9.0,9.0,0.0,9.0
CCCCn1nc(C(C)(C)C)s/c1=N\C(=O)c1cc(C(F)(F)F)ccc1ONC(C)C,9.221848749616356,1,1,1,1,9.221848749616356,9.221848749616356,0.0,9.221848749616356
CCCCn1nc(C(C)(C)C)s/c1=N\C(=O)c1cc(Cl)ccc1ONC(C)(C)C,8.070581074285707,1,1,1,1,8.070581074285707,8.070581074285707,0.0,8.070581074285707
CCCCn1nc(C(C)(C)C)s/c1=N\C(=O)c1ccc(C(F)(F)F)cc1ONC(C)(C)C,6.896196279044043,1,1,1,1,6.896196279044043,6.896196279044043,0.0,6.896196279044043
CCCCn1nc(C2(C)CC2)s/c1=N\C(=O)c1cc(C(F)(F)F)ccc1ONC(C)(C)C,7.795880017344075,1,1,1,1,7.795880017344075,7.795880017344075,0.0,7.795880017344075
CCCN(C)C(=O)c1ccc2c(c1)nc(Cc1ccc(OCC)cc1)n2CC1CC1,8.119186407719209,1,1,1,1,8.119186407719209,8.119186407719209,0.0,8.119186407719209
CCCN(CCC)C(=O)c1ccc2c(c1)nc(Cc1ccc(OCC)cc1)n2CC1CC1,8.55284196865778,1,1,1,1,8.55284196865778,8.55284196865778,0.0,8.55284196865778
CCCN(CCC)c1ccc(C(NC(=O)Cc2ccccc2)NC(=O)Cc2ccccc2)cc1,7.657577319177793,2,1,1,1,7.657577319177793,7.657577319177793,0.0,7.657577319177793
CCCN1CC(C)(C)CS/C1=N\c1ccccc1C(C)C,6.0385789059335515,1,1,1,1,6.0385789059335515,6.0385789059335515,0.0,6.0385789059335515
CCCN1Cc2c(n(S(=O)(=O)CC)c3ccc(C(=O)N4CCC(C)CC4)cc23)C1,7.954677021213342,1,1,1,1,7.954677021213342,7.954677021213342,0.0,7.954677021213342
CCCNC(=O)NC1(c2ccccc2)CCN(c2ncnc3c2nc(-c2ccccc2Cl)n3-c2ccc(Cl)cc2)CC1,5.109076228510986,1,1,1,1,5.109076228510986,5.109076228510986,0.0,5.109076228510986
CCCNC(=O)NC1CCN(c2ncnc3c2nc(-c2ccccc2Cl)n3-c2ccc(Cl)cc2)CC1,6.815308569182401,1,1,1,1,6.815308569182401,6.815308569182401,0.0,6.815308569182401
CCCNC(=O)c1c(NC(=O)C23CC4CC(CC(C4)C2)C3)sc2c1CCOC2,7.470056598341331,1,1,1,1,7.470056598341331,7.470056598341331,0.0,7.470056598341331
CCCNC(=O)c1c(NC(=O)C23CC4CC(CC(C4)O2)C3)sc2c1CCOC2,6.589999287456538,1,1,1,1,6.589999287456538,6.589999287456538,0.0,6.589999287456538
CCCNC(=O)c1c(NC(=O)C23CC4CC(CC2C4)C3)sc2c1CCCC2,8.709965388637482,1,1,1,1,8.709965388637482,8.709965388637482,0.0,8.709965388637482
CCCNC(=O)c1c(NC(=O)C23CC4CC(CC2C4)C3)sc2c1CCN(C)C2,7.0400051616715835,1,1,1,1,7.0400051616715835,7.0400051616715835,0.0,7.0400051616715835
CCCNC(=O)c1c(NC(=O)C23CC4CC(CC2C4)C3)sc2c1CCOC2,7.680061560019691,1,1,1,1,7.680061560019691,7.680061560019691,0.0,7.680061560019691
CCCNC(=O)c1c(NC(=O)C2C(C)(C)C2(C)C)sc2c1CCOC2,7.0400051616715835,1,1,1,1,7.0400051616715835,7.0400051616715835,0.0,7.0400051616715835
CCCNC(=O)c1c(NC(=O)C2CC3CCC2C3)sc2c1CCOC2,6.980011840408714,1,1,1,1,6.980011840408714,6.980011840408714,0.0,6.980011840408714
CCCNC(=O)c1c(NC(=O)c2c(F)cccc2C(F)(F)F)sc2c1CCOC2,6.980011840408714,1,1,1,1,6.980011840408714,6.980011840408714,0.0,6.980011840408714
CCCNC(=O)c1nn(-c2ccc(Cl)cc2Cl)c(-n2c(C)ccc2C)c1C,5.709231049933441,1,1,1,1,5.709231049933441,5.709231049933441,0.0,5.709231049933441
CCCNC(=O)c1nn(-c2ccc(Cl)cc2Cl)c(-n2cccc2)c1C,5.825010349592666,1,1,1,1,5.825010349592666,5.825010349592666,0.0,5.825010349592666
CCCOC(=O)N1CCC(NC(=O)c2nn(-c3ccc(Cl)cc3Cl)c(-c3ccc(Cl)cc3)c2C)CC1,5.811071516239147,1,1,1,1,5.811071516239147,5.811071516239147,0.0,5.811071516239147
CCCOc1c(OC)ccc2cc(C(=O)NCCc3ccccc3)c(=O)[nH]c12,10.045878161439553,2,1,1,1,10.045757490560675,10.04599883231843,0.00024134175775536448,10.045878161439553
CCCOc1ccc2c(c1)c(C(=O)c1ccc(OC)cc1)cn2CC1CCOCC1,5.8696662315049934,1,1,1,1,5.8696662315049934,5.8696662315049934,0.0,5.8696662315049934
CCCOc1cccc2c(C(=O)c3ccc(OC)cc3)cn(CC3CCOCC3)c12,8.244125144327509,1,1,1,1,8.244125144327509,8.244125144327509,0.0,8.244125144327509
CCCOc1ccccc1-c1cc(C(=O)NC23CC4CC(CC(C4)C2)C3)no1,7.099086932262331,1,1,1,1,7.099086932262331,7.099086932262331,0.0,7.099086932262331
CCCS(=O)(=O)N1CCN(c2ncnc3c2nc(-c2ccccc2Cl)n3-c2ccc(Cl)cc2)CC1,6.070581074285707,1,1,1,1,6.070581074285707,6.070581074285707,0.0,6.070581074285707
CCCS(=O)(=O)n1c2c(c3cc(C(=O)N4CCC(C)CC4)ccc31)CN(C1CCCC1)C2,7.651695136951839,1,1,1,1,7.651695136951839,7.651695136951839,0.0,7.651695136951839
CCCSC(=O)C(C)(C)c1cc(O)c2c(c1)OC(C)(C)[C@@H]1CC=C(C)C[C@@H]21,9.154901959985743,1,1,1,1,9.154901959985743,9.154901959985743,0.0,9.154901959985743
CCCSC(=S)N1CC(C)(C)CS/C1=N\c1ccccc1C(C)C,6.924453038607469,1,1,1,1,6.924453038607469,6.924453038607469,0.0,6.924453038607469
CCCc1c(C(=O)N[C@H]2CCCC[C@@H]2O)nc(-c2ccccc2Cl)n1-c1ccc(Cl)cc1,5.568636235841012,1,1,1,1,5.568636235841012,5.568636235841012,0.0,5.568636235841012
CCCc1c(C)sc(NC(=O)C23CC4CC(CC(C4)C2)C3)c1C(=O)OC,8.368556230986828,1,1,1,1,8.368556230986828,8.368556230986828,0.0,8.368556230986828
CCCc1c(CC)cc(C(=O)NC2(C(=O)O)CCCCC2)c(=O)n1Cc1ccc(F)cc1,6.580044251510242,1,1,1,1,6.580044251510242,6.580044251510242,0.0,6.580044251510242
CCCc1cc(C(=O)OC)c(NC(=O)C23CC4CC(CC(C4)C2)C3)s1,8.14206473528057,1,1,1,1,8.14206473528057,8.14206473528057,0.0,8.14206473528057
CCCc1cc(O)c2c(c1)OC(C)(C)[C@@H]1CCC(C(=O)O)=C[C@@H]21,6.229368872222194,1,1,1,1,6.229368872222194,6.229368872222194,0.0,6.229368872222194
CCCc1cc(O)c2c(c1)OC(C)(C)[C@@H]1CCC(CO)=C[C@@H]21,8.327902142064282,1,1,1,1,8.327902142064282,8.327902142064282,0.0,8.327902142064282
CCCc1cc(O)c2c(c1)OC(C)(C)[C@@H]1C[C@H](O)C(C)=C[C@@H]21,6.892111974817201,1,1,1,1,6.892111974817201,6.892111974817201,0.0,6.892111974817201
CCCc1ccc(/C=C2\C=C(CCN3CCOCC3)c3ccccc32)c2ccccc12,9.0,1,1,1,1,9.0,9.0,0.0,9.0
CCCc1ccc(/N=C2\SCC3(CCCCC3)CN2C(=S)SC)cc1,8.154901959985743,1,1,1,1,8.154901959985743,8.154901959985743,0.0,8.154901959985743
CCCc1ccc(C(=O)c2c(C)n(CCC)c3ccccc23)c2ccccc12,7.921180816901151,1,1,1,1,7.921180816901151,7.921180816901151,0.0,7.921180816901151
CCCc1ccc(C(=O)c2cc(O)c(-c3cc(Cl)cc(Cl)c3)c(O)c2)cc1,7.2225006804096346,1,1,1,1,7.2225006804096346,7.2225006804096346,0.0,7.2225006804096346
CCCc1ccc(C(=O)c2cn(CCC)c3ccccc23)c2ccccc12,8.018000285870121,1,1,1,1,8.018000285870121,8.018000285870121,0.0,8.018000285870121
CCCc1ccc(C(C)(C)c2cc(O)c3c(c2)OC(C)(C)[C@@H]2CC=C(C)C[C@@H]32)cc1,8.106238237942057,1,1,1,1,8.106238237942057,8.106238237942057,0.0,8.106238237942057
CCCc1ccc(CN(Cc2ccccc2)S(=O)(=O)c2ccc(C)cc2)cc1,6.886056647693163,1,1,1,1,6.886056647693163,6.886056647693163,0.0,6.886056647693163
CCCc1ccc(O)c(-c2cc(CCC)ccc2O)c1,6.380906669373257,1,1,1,1,6.380906669373257,6.380906669373257,0.0,6.380906669373257
CCCc1ccccc1/N=C1\SCC(C)(C)CN1C(=S)SC,7.2441251443275085,1,1,1,1,7.2441251443275085,7.2441251443275085,0.0,7.2441251443275085
CCCc1nc2ccccc2n1C(=O)c1ccc(OC)cc1,5.721246399047171,1,1,1,1,5.721246399047171,5.721246399047171,0.0,5.721246399047171
CCCc1sc(NC(=O)C23CC4CC(CC(C4)C2)C3)c(C(=O)O[11CH3])c1C,8.366531544420413,1,1,1,1,8.366531544420413,8.366531544420413,0.0,8.366531544420413
CCCc1sc2ccccc2c1C(=O)c1ccc(OC)cc1,6.522878745280337,1,1,1,1,6.522878745280337,6.522878745280337,0.0,6.522878745280337
CCCc1sc2ccccc2c1C(=O)c1cccc2ccccc12,6.0,1,1,1,1,6.0,6.0,0.0,6.0
CCCn1c(=O)c(C(=O)NC23CC4CC(CC(C4)C2)C3)c(O)c2nn(CCO)cc21,6.798602875679549,1,1,1,1,6.798602875679549,6.798602875679549,0.0,6.798602875679549
CCCn1c(=O)c(C(=O)NC23CC4CC(CC(C4)C2)C3)c(O)c2nn(CCOC(C)=O)cc21,6.730487055782083,1,1,1,1,6.730487055782083,6.730487055782083,0.0,6.730487055782083
CCCn1c(=O)c(C(=O)NC2CCC(C)CC2)cc2ccccc21,7.5951662833800615,1,1,1,1,7.5951662833800615,7.5951662833800615,0.0,7.5951662833800615
CCCn1c(C)c(C(=O)c2cc(N)cc3ccccc23)c2ccccc21,6.718966632752272,1,1,1,1,6.718966632752272,6.718966632752272,0.0,6.718966632752272
CCCn1c(C)c(C(=O)c2cc([N+](=O)[O-])cc3ccccc23)c2ccccc21,6.844663962534938,1,1,1,1,6.844663962534938,6.844663962534938,0.0,6.844663962534938
CCCn1c(C)c(C(=O)c2ccc(Br)c3ccccc23)c2ccccc21,7.508638306165727,1,1,1,1,7.508638306165727,7.508638306165727,0.0,7.508638306165727
CCCn1c(C)c(C(=O)c2ccc(C)c3ccccc23)c2ccccc21,7.853871964321762,1,1,1,1,7.853871964321762,7.853871964321762,0.0,7.853871964321762
CCCn1c(C)c(C(=O)c2ccc(CC)c3ccccc23)c2ccccc21,7.921180816901151,1,1,1,1,7.921180816901151,7.921180816901151,0.0,7.921180816901151
CCCn1c(C)c(C(=O)c2ccc(Cl)c3ccccc23)c2ccccc21,7.657577319177793,1,1,1,1,7.657577319177793,7.657577319177793,0.0,7.657577319177793
CCCn1c(C)c(C(=O)c2ccc(F)c3ccccc23)c2ccccc21,7.42021640338319,1,1,1,1,7.42021640338319,7.42021640338319,0.0,7.42021640338319
CCCn1c(C)c(C(=O)c2ccc(I)c3ccccc23)c2ccccc21,7.698970004336019,1,1,1,1,7.698970004336019,7.698970004336019,0.0,7.698970004336019
CCCn1c(C)c(C(=O)c2ccc(OC)c3ccccc23)c2ccccc21,7.013004460275619,1,1,1,1,7.013004460275619,7.013004460275619,0.0,7.013004460275619
CCCn1c(C)c(C(=O)c2ccc(OCC)c3ccccc23)c2ccccc21,6.656000930942838,1,1,1,1,6.656000930942838,6.656000930942838,0.0,6.656000930942838
CCCn1c(C)c(C(=O)c2ccc3ccccc3c2)c2ccccc21,7.860120913598763,1,1,1,1,7.860120913598763,7.860120913598763,0.0,7.860120913598763
CCCn1c(C)c(C(=O)c2cccc3cc(OC)ccc23)c2ccccc21,7.522878745280337,1,1,1,1,7.522878745280337,7.522878745280337,0.0,7.522878745280337
CCCn1c(C)c(C(=O)c2cccc3ccc(C)cc23)c2ccccc21,7.795880017344075,1,1,1,1,7.795880017344075,7.795880017344075,0.0,7.795880017344075
CCCn1c(C)c(C(=O)c2cccc3ccc(CC)cc23)c2ccccc21,6.620005959834258,1,1,1,1,6.620005959834258,6.620005959834258,0.0,6.620005959834258
CCCn1c(C)c(C(=O)c2cccc3ccc(OC)cc23)c2ccccc21,6.356004794421518,1,1,1,1,6.356004794421518,6.356004794421518,0.0,6.356004794421518
CCCn1c(C)c(C(=O)c2cccc3cccc(Br)c23)c2ccccc21,6.555955204081924,1,1,1,1,6.555955204081924,6.555955204081924,0.0,6.555955204081924
CCCn1c(C)c(C(=O)c2cccc3cccc(Cl)c23)c2ccccc21,6.7594507517174005,1,1,1,1,6.7594507517174005,6.7594507517174005,0.0,6.7594507517174005
CCCn1c(C)c(C(=O)c2cccc3cccc(I)c23)c2ccccc21,6.270835210307229,1,1,1,1,6.270835210307229,6.270835210307229,0.0,6.270835210307229
CCCn1c(C)c(C(=O)c2cccc3ccccc23)c2ccccc21,7.651909206415738,2,2,2,1,7.443697499232712,7.860120913598763,0.4164234143660508,7.651909206415738
CCCn1c(C)c(C)cc(Oc2nc3ccccc3o2)c1=S,6.559090917934782,1,1,1,1,6.559090917934782,6.559090917934782,0.0,6.559090917934782
CCCn1c2ccccc2c2cc(C(=O)N3CCCCC3)ccc21,6.283162276700475,1,1,1,1,6.283162276700475,6.283162276700475,0.0,6.283162276700475
CCCn1cc(C(=O)C2C(C)(C)C2(C)C)c2ccccc21,8.038108667163014,2,1,1,1,8.036212172654444,8.040005161671584,0.0037929890171390923,8.038108667163014
CCCn1cc(C(=O)NC2CCCCC2)c(=O)c2c(C)nn(C)c21,6.3851027839668655,1,1,1,1,6.3851027839668655,6.3851027839668655,0.0,6.3851027839668655
CCCn1cc(C(=O)N[C@@H]2C(C)(C)C3CC[C@]2(C)C3)c(=O)c2ccc(F)cc21,8.537602002101044,1,1,1,1,8.537602002101044,8.537602002101044,0.0,8.537602002101044
CCCn1cc(C(=O)N[C@@H]2C(C)(C)C3CC[C@]2(C)C3)c(=O)c2ccc(Sc3ccccc3)cc21,9.397940008672037,1,1,1,1,9.397940008672037,9.397940008672037,0.0,9.397940008672037
CCCn1cc(C(=O)c2c(OC)ccc3ccccc23)c2ccccc21,7.097018600202497,1,1,1,1,7.097018600202497,7.097018600202497,0.0,7.097018600202497
CCCn1cc(C(=O)c2ccc(Br)c3ccccc23)c2ccccc21,7.568636235841012,1,1,1,1,7.568636235841012,7.568636235841012,0.0,7.568636235841012
CCCn1cc(C(=O)c2ccc(C)c3ccccc23)c2ccccc21,8.214670164989233,1,1,1,1,8.214670164989233,8.214670164989233,0.0,8.214670164989233
CCCn1cc(C(=O)c2ccc(CC)c3ccccc23)c2ccccc21,8.0,1,1,1,1,8.0,8.0,0.0,8.0
CCCn1cc(C(=O)c2ccc(Cl)c3ccccc23)c2ccccc21,7.356547323513812,1,1,1,1,7.356547323513812,7.356547323513812,0.0,7.356547323513812
CCCn1cc(C(=O)c2ccc(F)c3ccccc23)c2ccccc21,7.481486060122112,1,1,1,1,7.481486060122112,7.481486060122112,0.0,7.481486060122112
CCCn1cc(C(=O)c2ccc(I)c3ccccc23)c2ccccc21,8.18045606445813,1,1,1,1,8.18045606445813,8.18045606445813,0.0,8.18045606445813
CCCn1cc(C(=O)c2ccc(OC)c3ccccc23)c2ccccc21,7.494985759915893,1,1,1,1,7.494985759915893,7.494985759915893,0.0,7.494985759915893
CCCn1cc(C(=O)c2ccc(OCC)c3ccccc23)c2ccccc21,7.131003097512865,1,1,1,1,7.131003097512865,7.131003097512865,0.0,7.131003097512865
CCCn1cc(C(=O)c2ccc3c(c2)CC(C)(C)C3)c2ccccc21,6.886056647693163,1,1,1,1,6.886056647693163,6.886056647693163,0.0,6.886056647693163
CCCn1cc(C(=O)c2cccc3cc(OC)ccc23)c2ccccc21,6.859995049380551,1,1,1,1,6.859995049380551,6.859995049380551,0.0,6.859995049380551
CCCn1cc(C(=O)c2cccc3ccc(C)cc23)c2ccccc21,6.974981027717241,1,1,1,1,6.974981027717241,6.974981027717241,0.0,6.974981027717241
CCCn1cc(C(=O)c2cccc3ccc(CC)cc23)c2ccccc21,6.909988975992853,1,1,1,1,6.909988975992853,6.909988975992853,0.0,6.909988975992853
CCCn1cc(C(=O)c2cccc3ccc(OC)cc23)c2ccccc21,7.14898639317633,1,1,1,1,7.14898639317633,7.14898639317633,0.0,7.14898639317633
CCCn1cc(C(=O)c2cccc3cccc(Br)c23)c2ccccc21,6.71669877129645,1,1,1,1,6.71669877129645,6.71669877129645,0.0,6.71669877129645
CCCn1cc(C(=O)c2cccc3cccc(Cl)c23)c2ccccc21,6.872895201635192,1,1,1,1,6.872895201635192,6.872895201635192,0.0,6.872895201635192
CCCn1cc(C(=O)c2cccc3cccc(I)c23)c2ccccc21,6.818156412055227,1,1,1,1,6.818156412055227,6.818156412055227,0.0,6.818156412055227
CCCn1cc(C(=O)c2cccc3ccccc23)c2ccccc21,6.770011163455189,1,1,1,1,6.770011163455189,6.770011163455189,0.0,6.770011163455189
CCCn1cc(C(=O)c2cccc3ccccc23)cc1-c1ccccc1,6.982966660701219,1,1,1,1,6.982966660701219,6.982966660701219,0.0,6.982966660701219
CCCn1cc(CC(=O)NC23CC4CC(CC(C4)C2)C3)c2cc(-c3ccccc3)ccc21,7.928117992693874,1,1,1,1,7.928117992693874,7.928117992693874,0.0,7.928117992693874
CCCn1cccc(C(=O)NC2CCC(C)CC2)c1=O,6.234331445240986,1,1,1,1,6.234331445240986,6.234331445240986,0.0,6.234331445240986
CCCn1nc(OCc2ccc3ccccc3c2)c2cc(N)ccc21,5.537602002101044,1,1,1,1,5.537602002101044,5.537602002101044,0.0,5.537602002101044
CCCn1nc(OCc2ccc3ccccc3c2)c2cc([N+](=O)[O-])ccc21,6.327902142064282,1,1,1,1,6.327902142064282,6.327902142064282,0.0,6.327902142064282
CCN(C)S(=O)(=O)N/C(=N\C)N1CC(c2ccccc2)C(c2ccc(Cl)cc2)=N1,5.72792621249999,1,1,1,1,5.72792621249999,5.72792621249999,0.0,5.72792621249999
CCN(CC)C(=O)c1ccc2c(c1)nc(Cc1ccc(O)cc1)n2CCC(C)C,6.097453220686009,1,1,1,1,6.097453220686009,6.097453220686009,0.0,6.097453220686009
CCN(CC)C(=O)c1ccc2c(c1)nc(Cc1ccc(OC(C)C)cc1)n2CCC(C)C,8.346787486224656,1,1,1,1,8.346787486224656,8.346787486224656,0.0,8.346787486224656
CCN(CC)C(=O)c1ccc2c(c1)nc(Cc1ccc(OC(F)(F)F)cc1)n2CCC(C)C,7.6020599913279625,1,1,1,1,7.6020599913279625,7.6020599913279625,0.0,7.6020599913279625
CCN(CC)C(=O)c1ccc2c(c1)nc(Cc1ccc(OC)cc1)n2CCC(C)C,7.769551078621726,1,1,1,1,7.769551078621726,7.769551078621726,0.0,7.769551078621726
CCN(CC)C(=O)c1ccc2c(c1)nc(Cc1ccc(OC3CCC3)cc1)n2CCC(C)C,7.356547323513812,1,1,1,1,7.356547323513812,7.356547323513812,0.0,7.356547323513812
CCN(CC)C(=O)c1ccc2c(c1)nc(Cc1ccc(OC3CCCC3)cc1)n2CCC(C)C,7.366531544420413,1,1,1,1,7.366531544420413,7.366531544420413,0.0,7.366531544420413
CCN(CC)C(=O)c1ccc2c(c1)nc(Cc1ccc(OC3CCCCC3)cc1)n2CCC(C)C,6.279014255846261,1,1,1,1,6.279014255846261,6.279014255846261,0.0,6.279014255846261
CCN(CC)C(=O)c1ccc2c(c1)nc(Cc1ccc(OCC(F)(F)F)cc1)n2CCC(C)C,7.2441251443275085,1,1,1,1,7.2441251443275085,7.2441251443275085,0.0,7.2441251443275085
CCN(CC)C(=O)c1ccc2c(c1)nc(Cc1ccc(OCC3CC3)cc1)n2CCC(C)C,7.275724130399211,1,1,1,1,7.275724130399211,7.275724130399211,0.0,7.275724130399211
CCN(CC)C(=O)c1ccc2c(c1)nc(Cc1ccc(Oc3ccccc3)cc1)n2CCC(C)C,8.309803919971486,1,1,1,1,8.309803919971486,8.309803919971486,0.0,8.309803919971486
CCN(CC)C(=O)c1ccc2c(c1)nc(Nc1ccc(Oc3ccccc3)cc1)n2CCC(C)C,6.370590400897282,1,1,1,1,6.370590400897282,6.370590400897282,0.0,6.370590400897282
CCN(CC)C(=O)c1ccc2c(c1)nc(Nc1ccc(Oc3ccccc3)cc1)n2CCN1CCCCC1,5.050609993355087,1,1,1,1,5.050609993355087,5.050609993355087,0.0,5.050609993355087
CCN(CC)C(=O)c1nc(-c2ccc(Cl)cc2Cl)n(-c2ccc(Cl)cc2)c1C,5.598599459218455,1,1,1,1,5.598599459218455,5.598599459218455,0.0,5.598599459218455
CCN(CC)C1(c2nc(-c3cc(C(C)(C)C)c(O)c(C(C)(C)C)c3)cs2)CCOCC1,7.111259039317107,1,1,1,1,7.111259039317107,7.111259039317107,0.0,7.111259039317107
CCN(CC)CCOc1ccc(C(=O)c2c(-c3ccc(OCCCCCCCN(C)Cc4ccccc4)cc3)oc3ccccc23)cc1,5.928117992693874,1,1,1,1,5.928117992693874,5.928117992693874,0.0,5.928117992693874
CCN(CC)CCOc1cccc(C(=O)c2c(-c3ccc(OCCCCCCCN(C)Cc4ccccc4)cc3)oc3ccccc23)c1,6.161150909262744,1,1,1,1,6.161150909262744,6.161150909262744,0.0,6.161150909262744
CCN(CC)CCn1c(Cc2ccc(OC)cc2)nc2cc(C(F)(F)F)ccc21,5.684029654543082,1,1,1,1,5.684029654543082,5.684029654543082,0.0,5.684029654543082
CCN(CC)CCn1c(Cc2ccccc2)nc2cc(C(F)(F)F)ccc21,5.801342913045577,1,1,1,1,5.801342913045577,5.801342913045577,0.0,5.801342913045577
CCN(CC)Cc1ccc(C(=O)c2c(-c3ccc(OCCCCCCCN(C)Cc4ccccc4)cc3)oc3ccccc23)cc1,5.950781977329818,1,1,1,1,5.950781977329818,5.950781977329818,0.0,5.950781977329818
CCN(CC)Oc1ccc(C(F)(F)F)cc1C(=O)/N=c1\sc(C(C)(C)C)cn1C[C@H]1CCCO1,7.657577319177793,1,1,1,1,7.657577319177793,7.657577319177793,0.0,7.657577319177793
CCN(CC)S(=O)(=O)/N=C(/N=C(/C)N)N1C[C@H](c2ccccc2)C(c2ccc(Cl)cc2)=N1,7.180456064458131,1,1,1,1,7.180456064458131,7.180456064458131,0.0,7.180456064458131
CCN(CC)S(=O)(=O)/N=C(/N=C(\N)SC)N1CC(c2ccccc2)C(c2ccc(Cl)cc2)=N1,7.154901959985743,1,1,1,1,7.154901959985743,7.154901959985743,0.0,7.154901959985743
CCN(CC)S(=O)(=O)/N=C(/N=C(\N)c1ccc(Cl)cc1)N1CC(c2ccccc2)C(c2ccc(Cl)cc2)=N1,7.154901959985743,1,1,1,1,7.154901959985743,7.154901959985743,0.0,7.154901959985743
CCN(CC)S(=O)(=O)N/C(=N\C(C)C)N1CC(c2ccccc2)C(c2ccc(Cl)cc2)=N1,5.559878396812197,1,1,1,1,5.559878396812197,5.559878396812197,0.0,5.559878396812197
CCN(CC)S(=O)(=O)N/C(=N\C)N1CC(c2ccccc2)C(c2ccc(Cl)cc2)=N1,5.485452247339714,1,1,1,1,5.485452247339714,5.485452247339714,0.0,5.485452247339714
CCN(CC)S(=O)(=O)N/C(=N\C)N1CC(c2cccnc2)C(c2ccc(Cl)cc2)=N1,5.042057664554596,1,1,1,1,5.042057664554596,5.042057664554596,0.0,5.042057664554596
CCN(CC)c1ccc(C(NC(=O)/C=C/c2ccccc2)NC(=O)/C=C/c2ccccc2)cc1,6.777283528852417,2,1,1,1,6.777283528852417,6.777283528852417,0.0,6.777283528852417
CCN(CC)c1ccc(C(NC(=O)C(C)(C)C)NC(=O)C(C)(C)C)cc1,5.449404792510672,2,1,1,1,5.449404792510672,5.449404792510672,0.0,5.449404792510672
CCN(CC)c1ccc(C(NC(=O)C(C)C)NC(=O)C(C)C)cc1,5.579054594078028,2,1,1,1,5.579054594078028,5.579054594078028,0.0,5.579054594078028
CCN(CC)c1ccc(C(NC(=O)CCc2ccccc2)NC(=O)CCc2ccccc2)cc1,6.671620396561263,2,1,1,1,6.671620396561263,6.671620396561263,0.0,6.671620396561263
CCN(CC)c1ccc(C(NC(=O)Cc2ccccc2)NC(=O)Cc2ccccc2)cc1,7.1938200260161125,2,1,1,1,7.1938200260161125,7.1938200260161125,0.0,7.1938200260161125
CCN(CC)c1ccc(C(NC(=O)c2ccccc2)NC(=O)c2ccccc2)cc1,6.162411561764489,2,1,1,1,6.162411561764489,6.162411561764489,0.0,6.162411561764489
CCN(CC)c1ccc(CN(C(=O)C2CCCCC2)[C@]23C[C@H]4C[C@H](C[C@H](C4)C2)C3)cc1,7.455994006583409,2,1,1,1,7.455931955649724,7.4560560575170935,0.00012410186736921958,7.455994006583409
CCN(CC)c1ccc(CN(C(=O)C2CCCCC2)c2ccc(C)cc2)cc1,6.653823162296305,2,1,1,1,6.653647025549361,6.6539992990432495,0.0003522734938883332,6.653823162296305
CCN(CC)c1ccc(CN(C(=O)C2CCCCC2)c2ccc(Cl)cc2)cc1,6.785076722368675,2,1,1,1,6.784997292785048,6.785156151952302,0.00015885916725366656,6.785076722368675
CCN(CC)c1ccc(CN(C(=O)Cc2ccc(Cl)cc2)[C@]23C[C@H]4C[C@H](C[C@H](C4)C2)C3)cc1,7.420102145426883,2,1,1,1,7.419987887470576,7.42021640338319,0.00022851591261385806,7.420102145426883
CCN(CC)c1ccc(CN(C(=O)Cc2ccc(Cl)cc2)c2ccc(C)cc2)cc1,6.970798946384154,2,1,1,1,6.97061622231479,6.970981670453519,0.00036544813872829707,6.970798946384154
CCN(CC)c1ccc(CN(C(=O)Cc2ccc(Cl)cc2)c2ccc(Cl)cc2)cc1,6.866237672680601,2,1,1,1,6.866014253731421,6.866461091629782,0.00044683789836152954,6.866237672680601
CCN(CC)c1ccc(CN(C(=O)Cc2ccccc2)[C@]23C[C@H]4C[C@H](C[C@H](C4)C2)C3)cc1,7.221921144096424,2,1,1,1,7.221848749616356,7.221993538576491,0.00014478896013514486,7.221921144096424
CCN(CC)c1ccc(CN(C(=O)Cc2ccccc2)c2ccc(C)cc2)cc1,7.14284853504312,2,1,1,1,7.142667503568731,7.143029566517508,0.0003620629487768312,7.14284853504312
CCN(CC)c1ccc(CN(C2CCCC2)S(=O)(=O)c2ccc(C)cc2)cc1,7.443697499232712,1,1,1,1,7.443697499232712,7.443697499232712,0.0,7.443697499232712
CCN(CC)c1ccc(CN(C2CCCCC2)S(=O)(=O)c2ccc(C(C)C)cc2)cc1,7.259637310505756,1,1,1,1,7.259637310505756,7.259637310505756,0.0,7.259637310505756
CCN(CC)c1ccc(CN(C2CCCCC2)S(=O)(=O)c2ccc(C)cc2)cc1,7.7447274948966935,1,1,1,1,7.7447274948966935,7.7447274948966935,0.0,7.7447274948966935
CCN(CC)c1ccc(CN(C2CCCCC2)S(=O)(=O)c2ccc(OC)cc2)cc1,7.1249387366083,1,1,1,1,7.1249387366083,7.1249387366083,0.0,7.1249387366083
CCN(CC)c1ccc(CN(CC2CCCCC2)S(=O)(=O)c2ccc(C)cc2)cc1,7.468521082957745,1,1,1,1,7.468521082957745,7.468521082957745,0.0,7.468521082957745
CCN(CC)c1ccc(CN(CCc2ccccc2)S(=O)(=O)c2ccc(C)cc2)cc1,6.920818753952375,1,1,1,1,6.920818753952375,6.920818753952375,0.0,6.920818753952375
CCN(CC)c1ccc(CN(Cc2ccc(Cl)c(Cl)c2)S(=O)(=O)c2ccc(C)cc2)cc1,6.4089353929735005,1,1,1,1,6.4089353929735005,6.4089353929735005,0.0,6.4089353929735005
CCN(CC)c1ccc(CN(Cc2ccc(Cl)cc2)S(=O)(=O)c2ccc(C)cc2)cc1,6.6777807052660805,1,1,1,1,6.6777807052660805,6.6777807052660805,0.0,6.6777807052660805
CCN(CC)c1ccc(CN(Cc2ccc(F)cc2)S(=O)(=O)c2ccc(C)cc2)cc1,6.920818753952375,1,1,1,1,6.920818753952375,6.920818753952375,0.0,6.920818753952375
CCN(CC)c1ccc(CN(Cc2ccc(N(CC)CC)cc2)S(=O)(=O)c2ccc(C)cc2)cc1,6.267606240177031,1,1,1,1,6.267606240177031,6.267606240177031,0.0,6.267606240177031
CCN(CC)c1ccc(CN(Cc2ccccc2)Cc2ccccc2)cc1,6.823908740944319,1,1,1,1,6.823908740944319,6.823908740944319,0.0,6.823908740944319
CCN(CC)c1ccc(CN(Cc2ccccc2)S(=O)(=O)Cc2ccccc2)cc1,6.581698708680255,1,1,1,1,6.581698708680255,6.581698708680255,0.0,6.581698708680255
CCN(CC)c1ccc(CN(Cc2ccccc2)S(=O)(=O)c2ccc(-c3ccccc3)cc2)cc1,6.779891911959945,1,1,1,1,6.779891911959945,6.779891911959945,0.0,6.779891911959945
CCN(CC)c1ccc(CN(Cc2ccccc2)S(=O)(=O)c2ccc(C(C)C)cc2)cc1,7.1487416512809245,1,1,1,1,7.1487416512809245,7.1487416512809245,0.0,7.1487416512809245
CCN(CC)c1ccc(CN(Cc2ccccc2)S(=O)(=O)c2ccc(C)cc2)cc1,7.275724130399211,1,1,1,1,7.275724130399211,7.275724130399211,0.0,7.275724130399211
CCN(CC)c1ccc(CN(Cc2ccccc2)S(=O)(=O)c2ccc(Cl)cc2)cc1,7.136677139879544,1,1,1,1,7.136677139879544,7.136677139879544,0.0,7.136677139879544
CCN(CC)c1ccc(CN(Cc2ccccc2)S(=O)(=O)c2ccc(F)cc2)cc1,6.991399828238082,1,1,1,1,6.991399828238082,6.991399828238082,0.0,6.991399828238082
CCN(CC)c1ccc(CN(Cc2ccccc2)S(=O)(=O)c2ccc(NC(C)=O)cc2)cc1,6.327902142064282,1,1,1,1,6.327902142064282,6.327902142064282,0.0,6.327902142064282
CCN(CC)c1ccc(CN(Cc2ccccc2)S(=O)(=O)c2ccc(OC(C)C)cc2)cc1,7.026872146400302,1,1,1,1,7.026872146400302,7.026872146400302,0.0,7.026872146400302
CCN(CC)c1ccc(CN(Cc2ccccc2)S(=O)(=O)c2ccc(OC(F)(F)F)cc2)cc1,6.238824186844269,1,1,1,1,6.238824186844269,6.238824186844269,0.0,6.238824186844269
CCN(CC)c1ccc(CN(Cc2ccccc2)S(=O)(=O)c2ccc(OC)cc2)cc1,7.337242168318426,1,1,1,1,7.337242168318426,7.337242168318426,0.0,7.337242168318426
CCN(CC)c1ccc(CN(Cc2ccccc2)S(=O)(=O)c2ccc3ccccc3c2)cc1,6.721246399047171,1,1,1,1,6.721246399047171,6.721246399047171,0.0,6.721246399047171
CCN(CC)c1ccc(CN(Cc2ccccc2)S(=O)(=O)c2ccccc2)cc1,6.769551078621726,1,1,1,1,6.769551078621726,6.769551078621726,0.0,6.769551078621726
CCN(CC)c1ccc(CN(Cc2ccco2)S(=O)(=O)c2ccc(C(C)C)cc2)cc1,7.508638306165727,1,1,1,1,7.508638306165727,7.508638306165727,0.0,7.508638306165727
CCN(CC)c1ccc(CN(Cc2ccco2)S(=O)(=O)c2ccc(C)cc2)cc1,8.022276394711152,1,1,1,1,8.022276394711152,8.022276394711152,0.0,8.022276394711152
CCN(CC)c1ccc(CN(Cc2ccco2)S(=O)(=O)c2ccc(OC)cc2)cc1,7.698970004336019,1,1,1,1,7.698970004336019,7.698970004336019,0.0,7.698970004336019
CCN(CC)c1ccc(CN(Cc2cccs2)S(=O)(=O)c2ccc(C)cc2)cc1,7.853871964321762,1,1,1,1,7.853871964321762,7.853871964321762,0.0,7.853871964321762
CCN(CC)c1ccc(CN([C@]23C[C@H]4C[C@H](C[C@H](C4)C2)C3)S(=O)(=O)c2ccc(C(C)C)cc2)cc1,6.340041039913633,2,1,1,1,6.339998279897117,6.34008379993015,8.552003303297084e-05,6.340041039913633
CCN(CC)c1ccc(CN([C@]23C[C@H]4C[C@H](C[C@H](C4)C2)C3)S(=O)(=O)c2ccc(C)cc2)cc1,7.327948348520665,2,1,1,1,7.327902142064282,7.327994554977048,9.241291276573804e-05,7.327948348520665
CCN(CC)c1ccc(CN([C@]23C[C@H]4C[C@H](C[C@H](C4)C2)C3)S(=O)(=O)c2ccc(Cl)cc2)cc1,6.761979002049677,2,1,1,1,6.761953896871205,6.762004107228149,5.02103569441914e-05,6.761979002049677
CCN(CC)c1ccc(CN([C@]23C[C@H]4C[C@H](C[C@H](C4)C2)C3)S(=O)(=O)c2ccc(F)cc2)cc1,7.6020599913279625,2,1,1,1,7.6020599913279625,7.6020599913279625,0.0,7.6020599913279625
CCN(CC)c1ccc(CN([C@]23C[C@H]4C[C@H](C[C@H](C4)C2)C3)S(=O)(=O)c2ccc(OC)cc2)cc1,6.863136828207248,2,1,1,1,6.862994223570901,6.863279432843593,0.00028520927269237717,6.863136828207248
CCN(CC)c1ccc(CN([C@]23C[C@H]4C[C@H](C[C@H](C4)C2)C3)S(=O)(=O)c2cccc(C)c2)cc1,7.721132141090864,2,1,1,1,7.721017883134557,7.721246399047171,0.00022851591261385806,7.721132141090864
CCN(CC)c1ccc(CN([C@]23C[C@H]4C[C@H](C[C@H](C4)C2)C3)S(=O)(=O)c2ccccc2)cc1,7.075850006732026,2,1,1,1,7.075720713938118,7.075979299525932,0.0002585855878143306,7.075850006732026
CCN(CC)c1ccc(CN(c2ccc(C)cc2)S(=O)(=O)c2ccc(C(C)C)cc2)cc1,8.366784188126577,2,1,1,1,8.366531544420413,8.367036831832738,0.0005052874123254725,8.366784188126577
CCN(CC)c1ccc(CN(c2ccc(C)cc2)S(=O)(=O)c2ccc(C)cc2)cc1,8.267807395579052,2,1,1,1,8.267606240177031,8.26800855098107,0.0004023108040396295,8.267807395579052
CCN(CC)c1ccc(CN(c2ccc(C)cc2)S(=O)(=O)c2ccc(Cl)cc2)cc1,8.522951139760405,2,1,1,1,8.522878745280337,8.523023534240473,0.00014478896013514486,8.522951139760405
CCN(CC)c1ccc(CN(c2ccc(C)cc2)S(=O)(=O)c2ccc(F)cc2)cc1,8.251889539431827,2,1,1,1,8.2518119729938,8.251967105869856,0.00015513287605628534,8.251889539431827
CCN(CC)c1ccc(CN(c2ccc(C)cc2)S(=O)(=O)c2ccc(OC)cc2)cc1,9.301029995663981,2,1,1,1,9.301029995663981,9.301029995663981,0.0,9.301029995663981
CCN(CC)c1ccc(CN(c2ccc(C)cc2)S(=O)(=O)c2cccc(C)c2)cc1,8.23679675778466,2,1,1,1,8.236572006437063,8.237021509132257,0.0004495026951936154,8.23679675778466
CCN(CC)c1ccc(CN(c2ccc(C)cc2)S(=O)(=O)c2ccccc2)cc1,8.468776700692914,2,1,1,1,8.468521082957745,8.469032318428084,0.0005112354703395994,8.468776700692914
CCN(CC)c1ccc(CN(c2ccc(Cl)cc2)S(=O)(=O)c2ccc(C(C)C)cc2)cc1,6.653823162296305,2,1,1,1,6.653647025549361,6.6539992990432495,0.0003522734938883332,6.653823162296305
CCN(CC)c1ccc(CN(c2ccc(Cl)cc2)S(=O)(=O)c2ccc(C)cc2)cc1,7.431915684554926,2,1,1,1,7.431798275933005,7.432033093176846,0.0002348172438413343,7.431915684554926
CCN(CC)c1ccc(CN(c2ccc(Cl)cc2)S(=O)(=O)c2ccc(Cl)cc2)cc1,7.443878530707101,2,1,1,1,7.443697499232712,7.444059562181489,0.0003620629487768312,7.443878530707101
CCN(CC)c1ccc(CN(c2ccc(Cl)cc2)S(=O)(=O)c2ccc(F)cc2)cc1,7.136825921825037,2,1,1,1,7.136677139879544,7.136974703770529,0.00029756389098523073,7.136825921825037
CCN(CC)c1ccc(CN(c2ccc(Cl)cc2)S(=O)(=O)c2ccc(OC)cc2)cc1,7.853871964321762,2,1,1,1,7.853871964321762,7.853871964321762,0.0,7.853871964321762
CCN(CC)c1ccc(CN(c2ccc(Cl)cc2)S(=O)(=O)c2cccc(C)c2)cc1,8.552919535095809,2,1,1,1,8.55284196865778,8.552997101533837,0.00015513287605628534,8.552919535095809
CCN(CC)c1ccc(CN(c2ccc(Cl)cc2)S(=O)(=O)c2ccccc2)cc1,7.798955324713951,2,1,1,1,7.698970004336019,7.898940645091884,0.19997064075586568,7.798955324713951
CCN(CC)c1ccc(CN(c2ccccc2)S(=O)(=O)c2ccc(C(C)C)cc2)cc1,7.522878745280337,1,1,1,1,7.522878745280337,7.522878745280337,0.0,7.522878745280337
CCN(CC)c1ccc(CN(c2ccccc2)S(=O)(=O)c2ccc(C)cc2)cc1,8.259637310505756,1,1,1,1,8.259637310505756,8.259637310505756,0.0,8.259637310505756
CCN(CC)c1ccc(CN(c2ccccc2)S(=O)(=O)c2ccc(OC)cc2)cc1,8.267606240177031,1,1,1,1,8.267606240177031,8.267606240177031,0.0,8.267606240177031
CCN(CC)c1ccc(CN(c2ncc(C)s2)S(=O)(=O)c2ccc(C)cc2)cc1,7.853871964321762,1,1,1,1,7.853871964321762,7.853871964321762,0.0,7.853871964321762
CCN(CC)c1ccc(CN(c2ncc(C)s2)S(=O)(=O)c2ccc(OC)cc2)cc1,8.397940008672037,1,1,1,1,8.397940008672037,8.397940008672037,0.0,8.397940008672037
CCN(CC)c1ccc(CNS(=O)(=O)c2ccc(C)cc2)cc1,5.443697499232712,1,1,1,1,5.443697499232712,5.443697499232712,0.0,5.443697499232712
CCN(CC)c1ccc(CN[C@]23C[C@H]4C[C@H](C[C@H](C4)C2)C3)cc1,4.700028584267131,2,1,1,1,4.70000006855703,4.700057099977233,5.7031420203301764e-05,4.700028584267131
CCN(CC)c1ccc(CNc2ccc(Cl)cc2)cc1,5.17113784534725,2,1,1,1,5.1710000178332916,5.171275672861208,0.00027565502791659924,5.17113784534725
CCN(Cc1ccccc1)C(=O)c1oc2ccc(S(=O)(=O)N3CC(C)CC(C)C3)cc2c1C,5.508638306165727,1,1,1,1,5.508638306165727,5.508638306165727,0.0,5.508638306165727
CCN1C(=O)C(Sc2nc3ccccc3o2)c2ccccc2C1C,7.376750709602099,1,1,1,1,7.376750709602099,7.376750709602099,0.0,7.376750709602099
CCN1CC(C)(C)CS/C1=N\c1ccccc1C(C)C,5.311580177997289,1,1,1,1,5.311580177997289,5.311580177997289,0.0,5.311580177997289
CCN1CCCC1Cn1c2c(cc(C(=O)NC3(C(=O)O)CCCCC3)c1=O)CCCCCC2,5.674895017028593,1,1,1,1,5.674895017028593,5.674895017028593,0.0,5.674895017028593
CCN1CCC[C@H]1COc1ccc(C(F)(F)F)cc1C(=O)/N=c1\sc(C(C)(C)C)cn1C[C@H]1CCCO1,8.086186147616283,1,1,1,1,8.086186147616283,8.086186147616283,0.0,8.086186147616283
CCN1CCN(C(=O)c2cn3c4c(cccc24)OC[C@H]3C2CCCCC2)CC1,8.400007822415901,1,1,1,1,8.400007822415901,8.400007822415901,0.0,8.400007822415901
CCN1CCN(c2nc(C)nc3[nH]c(-c4ccccc4Cl)nc23)CC1,7.292429823902063,1,1,1,1,7.292429823902063,7.292429823902063,0.0,7.292429823902063
CCN1CCN(c2nc(C)nc3oc(-c4ccccc4Cl)nc23)CC1,7.638272163982407,1,1,1,1,7.638272163982407,7.638272163982407,0.0,7.638272163982407
CCN1CCN(c2nc(C)nc3sc(-c4ccccc4)cc23)CC1,7.086186147616283,1,1,1,1,7.086186147616283,7.086186147616283,0.0,7.086186147616283
CCN1CCN(c2ncnc3oc(-c4ccccc4C(F)(F)F)nc23)CC1,7.019996628416253,1,1,1,1,7.019996628416253,7.019996628416253,0.0,7.019996628416253
CCN1CCN(c2ncnc3oc(-c4ccccc4Cl)nc23)CC1,6.482804102050025,1,1,1,1,6.482804102050025,6.482804102050025,0.0,6.482804102050025
CCNC(=O)NC1(c2ccccc2)CCN(c2ncnc3c2nc(-c2ccccc2Cl)n3-c2ccc(Cl)cc2)CC1,5.333014281670339,1,1,1,1,5.333014281670339,5.333014281670339,0.0,5.333014281670339
CCNC(=O)NC1CCCOc2c1nn(-c1ccccc1Cl)c2-c1ccc(Cl)cc1,4.8326826652518236,1,1,1,1,4.8326826652518236,4.8326826652518236,0.0,4.8326826652518236
CCNC(=O)NCCCCCSc1ccc2ccccc2c1,6.251811972993799,1,1,1,1,6.251811972993799,6.251811972993799,0.0,6.251811972993799
CCNC(=O)c1c(NC(=O)C23CC4CC(CC2C4)C3)sc2c1CCOC2,6.669992299127241,1,1,1,1,6.669992299127241,6.669992299127241,0.0,6.669992299127241
CCNC(=O)c1ccc2c(c1)nc(Cc1ccc(OCC)cc1)n2CC1CC1,7.200659450546418,1,1,1,1,7.200659450546418,7.200659450546418,0.0,7.200659450546418
CCNC1(C(N)=O)CCN(c2ncnc3c2nc(-c2ccccc2Cl)n3-c2ccc(Cl)cc2)CC1,5.113509274827518,1,1,1,1,5.113509274827518,5.113509274827518,0.0,5.113509274827518
CCOC(=O)/C(=C/c1cn(CCN2CCCCC2)c2ccccc12)C(=O)c1ccccc1,5.858493270735555,2,1,1,1,5.856985199745905,5.860001341725205,0.003016141979300002,5.858493270735555
CCOC(=O)/C(=C/c1cn(CCN2CCOCC2)c2ccccc12)C(=O)c1ccccc1,5.80067189392439,2,1,1,1,5.800000874803203,5.801342913045577,0.0013420382423738886,5.80067189392439
CCOC(=O)/C=C/c1cc(C(=O)NC2CCCCCC2)c(=O)n(Cc2ccc(F)cc2)c1,7.863279432843593,1,1,1,1,7.863279432843593,7.863279432843593,0.0,7.863279432843593
CCOC(=O)C(C)(C)c1cc(O)c(-c2cc(C)cc(C)c2)c(O)c1,7.311580177997289,1,1,1,1,7.311580177997289,7.311580177997289,0.0,7.311580177997289
CCOC(=O)C(C)(C)c1cc(O)c(-c2cc(C)cc(C)c2)c(OC)c1,6.425968732272281,1,1,1,1,6.425968732272281,6.425968732272281,0.0,6.425968732272281
CCOC(=O)C(C)(C)c1cc(O)c(-c2cc(Cl)cc(Cl)c2)c(O)c1,6.154901959985743,1,1,1,1,6.154901959985743,6.154901959985743,0.0,6.154901959985743
CCOC(=O)C(C)(C)c1cc(O)c(-c2cc(Cl)cc(Cl)c2)c(OC)c1,7.679853713888946,1,1,1,1,7.679853713888946,7.679853713888946,0.0,7.679853713888946
CCOC(=O)C(C)(C)c1cc(O)c(-c2cccc(C#N)c2)c(O)c1,7.023191662661934,1,1,1,1,7.023191662661934,7.023191662661934,0.0,7.023191662661934
CCOC(=O)C(C)(C)c1cc(O)c2c(c1)OC(C)(C)[C@@H]1CC=C(C)C[C@@H]21,8.823908740944319,1,1,1,1,8.823908740944319,8.823908740944319,0.0,8.823908740944319
CCOC(=O)C(C)(C)c1cc(OC)c(-c2cc(C)cc(C)c2)c(OC)c1,6.0,1,1,1,1,6.0,6.0,0.0,6.0
CCOC(=O)C(C)(C)c1cc(OC)c(-c2cc(Cl)cc(Cl)c2)c(OC)c1,6.0,1,1,1,1,6.0,6.0,0.0,6.0
CCOC(=O)C(CC)(CC)NC(=O)c1cc(F)c(N2CC(OC)C2)c(OCC2CC2)n1,8.602059991327963,1,1,1,1,8.602059991327963,8.602059991327963,0.0,8.602059991327963
CCOC(=O)C(CC)(CC)NC(=O)c1ccc(C2CCCC2)c(OCC2CC2)n1,7.790484985457369,1,1,1,1,7.790484985457369,7.790484985457369,0.0,7.790484985457369
CCOC(=O)C(CC)(CC)NC(=O)c1ccc(N2CC(OC)C2)c(OCC(C)(C)COCF)n1,6.844663962534938,1,1,1,1,6.844663962534938,6.844663962534938,0.0,6.844663962534938
CCOC(=O)C(CC)(CC)NC(=O)c1ccc(N2CC(OC)C2)c(OCC2CC2)n1,8.602059991327963,1,1,1,1,8.602059991327963,8.602059991327963,0.0,8.602059991327963
CCOC(=O)C(CC)(CC)NC(=O)c1ccc(N2CC(OC)C2)c(OC[C@@H]2C[C@@H]2CF)n1,9.154901959985743,1,1,1,1,9.154901959985743,9.154901959985743,0.0,9.154901959985743
CCOC(=O)C(CC)(CC)NC(=O)c1ccc(N2CC(OC)C2)c(OC[C@@H]2C[C@@H]2COCCF)n1,7.886056647693163,1,1,1,1,7.886056647693163,7.886056647693163,0.0,7.886056647693163
CCOC(=O)C(CC)(CC)NC(=O)c1ccc(N2CC(OC)C2)c(OC[C@@H]2C[C@@H]2COCF)n1,8.337242168318426,1,1,1,1,8.337242168318426,8.337242168318426,0.0,8.337242168318426
CCOC(=O)C(CC)(CC)NC(=O)c1ccc(N2CC(OC)C2)c(OC[C@@H]2C[C@H]2COCF)n1,8.086186147616283,1,1,1,1,8.086186147616283,8.086186147616283,0.0,8.086186147616283
CCOC(=O)C(CC)(CC)NC(=O)c1ccc(N2CC(OC)C2)c(OC[C@H]2C[C@@H]2CF)n1,9.301029995663981,1,1,1,1,9.301029995663981,9.301029995663981,0.0,9.301029995663981
CCOC(=O)C(CC)(CC)NC(=O)c1ccc(N2CC(OC)C2)c(OC[C@H]2C[C@@H]2COCCF)n1,8.431798275933005,1,1,1,1,8.431798275933005,8.431798275933005,0.0,8.431798275933005
CCOC(=O)C(CC)(CC)NC(=O)c1ccc(N2CC(OC)C2)c(OC[C@H]2C[C@@H]2COCF)n1,9.221848749616356,2,1,1,1,8.744727494896694,9.698970004336019,0.9542425094393252,9.221848749616356
CCOC(=O)C(CC)(CC)NC(=O)c1ccc(N2CC(O[11CH3])C2)c(OCC2CC2)n1,8.602059991327963,1,1,1,1,8.602059991327963,8.602059991327963,0.0,8.602059991327963
CCOC(=O)CCCn1c(=O)c(C(=O)NC2CCC(C)CC2)cc2cccnc21,7.20342566678957,1,1,1,1,7.20342566678957,7.20342566678957,0.0,7.20342566678957
CCOC(=O)CCCn1cccc(C(=O)NC2CCCCCC2)c1=O,5.737074530668169,1,1,1,1,5.737074530668169,5.737074530668169,0.0,5.737074530668169
CCOC(=O)CCn1c(=O)c(C(=O)NC2CCC(C)CC2)cc2cccnc21,6.75448733218585,1,1,1,1,6.75448733218585,6.75448733218585,0.0,6.75448733218585
CCOC(=O)CCn1c2ccccc2c2cc(C(=O)N3CCCCC3)ccc21,5.881735273910521,1,1,1,1,5.881735273910521,5.881735273910521,0.0,5.881735273910521
CCOC(=O)CCn1c2ccccc2c2cc(C(=O)N3CCN(C)CC3)ccc21,5.471597562046382,1,1,1,1,5.471597562046382,5.471597562046382,0.0,5.471597562046382
CCOC(=O)CNC(=O)/C=C/C=C/c1ccc2c(c1)OCCO2,5.59176003468815,1,1,1,1,5.59176003468815,5.59176003468815,0.0,5.59176003468815
CCOC(=O)CNC(=O)CCC(=O)/C=C/c1ccc2ccccc2c1,5.6020599913279625,1,1,1,1,5.6020599913279625,5.6020599913279625,0.0,5.6020599913279625
CCOC(=O)N1CC(C)(C)CS/C1=N\c1ccccc1C(C)C,6.368556230986828,1,1,1,1,6.368556230986828,6.368556230986828,0.0,6.368556230986828
CCOC(=O)N1CCC(N[C@H]2CCCOc3c2nn(-c2ccccc2Cl)c3-c2ccc(Cl)cc2)CC1,5.81502480930174,1,1,1,1,5.81502480930174,5.81502480930174,0.0,5.81502480930174
CCOC(=O)N1CCN(C(=O)c2cc(-c3ccccc3Cl)nn2-c2ccc(C)cc2C)CC1,5.971022294791222,1,1,1,1,5.971022294791222,5.971022294791222,0.0,5.971022294791222
CCOC(=O)NC1CCN(c2ncnc3c2nc(-c2ccccc2Cl)n3-c2ccc(Cl)cc2)CC1,6.370590400897282,1,1,1,1,6.370590400897282,6.370590400897282,0.0,6.370590400897282
CCOC(=O)c1c(NC(=O)C23CC4CC(CC(C4)C2)C3)sc2c1CCCC2,8.667561540084394,1,1,1,1,8.667561540084394,8.667561540084394,0.0,8.667561540084394
CCOC(=O)c1c(NC(=O)CCc2ccccc2)sc2c1CCCC2,6.95128636191903,1,1,1,1,6.95128636191903,6.95128636191903,0.0,6.95128636191903
CCOC(=O)c1c(NC(=O)c2ccc3ccccc3c2)sc2c1CCCC2,5.7483082563593015,1,1,1,1,5.7483082563593015,5.7483082563593015,0.0,5.7483082563593015
CCOC(=O)c1c(NC(=O)c2cccc3ccccc23)sc2c1CCCC2,7.774690718274137,1,1,1,1,7.774690718274137,7.774690718274137,0.0,7.774690718274137
CCOC(=O)c1c(NS(=O)(=O)c2cccc3ccccc23)sc2c1CCCC2,6.096910013008056,1,1,1,1,6.096910013008056,6.096910013008056,0.0,6.096910013008056
CCOC(=O)c1c(NS(=O)(=O)c2ccccc2)sc2c1CCCC2,5.70028791425955,1,1,1,1,5.70028791425955,5.70028791425955,0.0,5.70028791425955
CCOC(=O)c1cc(-c2ccccc2)sc1NC(=O)c1cccc2ccccc12,7.223226197587893,1,1,1,1,7.223226197587893,7.223226197587893,0.0,7.223226197587893
CCOC(=S)N1CC(C)(C)CS/C1=N\c1ccccc1C(C)C,6.638272163982407,1,1,1,1,6.638272163982407,6.638272163982407,0.0,6.638272163982407
CCOC1CCN(C(=O)C23CC4CC(CC(C4)C2)C3)c2ccccc21,6.00436480540245,1,1,1,1,6.00436480540245,6.00436480540245,0.0,6.00436480540245
CCOCC(=O)NC1CCCOc2c1nn(-c1ccccc1Cl)c2-c1ccc(Cl)cc1,5.184422251675732,1,1,1,1,5.184422251675732,5.184422251675732,0.0,5.184422251675732
CCOCCOCC(C)(C)c1cc(NC(=O)c2ccc(C3CCCC3)c(OCC3CC3)n2)on1,6.5785606097799505,1,1,1,1,6.5785606097799505,6.5785606097799505,0.0,6.5785606097799505
CCOCCn1cc(C(=O)NC23CC4CC(CC(C4)C2)C3)c(=O)c2cccc(OC)c21,9.154901959985743,1,1,1,1,9.154901959985743,9.154901959985743,0.0,9.154901959985743
CCOCCn1cc(C(=O)NC23CC4CC(CC(C4)C2)C3)c(=O)c2cccc(O[11CH3])c21,9.154901959985743,1,1,1,1,9.154901959985743,9.154901959985743,0.0,9.154901959985743
CCOCCn1cc(C(=O)NC23CC4CC(CC(O)(C4)C2)C3)c(=O)c2cccc(OC)c21,9.096910013008056,1,1,1,1,9.096910013008056,9.096910013008056,0.0,9.096910013008056
CCOCCn1cc(C(=O)NCCc2ccccc2)c(=O)c2cccc(OC)c21,6.443697499232712,1,1,1,1,6.443697499232712,6.443697499232712,0.0,6.443697499232712
CCOc1c(OC)ccc2cc(C(=O)NCc3ccc4c(c3)OCO4)c(=O)[nH]c12,10.275847078731807,2,1,1,1,10.275724130399212,10.275970027064403,0.0002458966651914807,10.275847078731807
CCOc1ccc(C(=O)c2nc3cc(C(=O)N(CC)CC)ccc3n2CCC(C)C)cc1,7.455931955649724,1,1,1,1,7.455931955649724,7.455931955649724,0.0,7.455931955649724
CCOc1ccc(C(NC(=O)Cc2ccccc2)NC(=O)Cc2ccccc2)cc1,5.823908740944319,2,1,1,1,5.823908740944319,5.823908740944319,0.0,5.823908740944319
CCOc1ccc(C(O)c2nc3cc(C(=O)N(CC)CC)ccc3n2CCC(C)C)cc1,7.2441251443275085,1,1,1,1,7.2441251443275085,7.2441251443275085,0.0,7.2441251443275085
CCOc1ccc(CN(Cc2ccccc2)S(=O)(=O)c2ccc(C)cc2)cc1,6.638272163982407,1,1,1,1,6.638272163982407,6.638272163982407,0.0,6.638272163982407
CCOc1ccc(CNc2nc3cc(C(=O)N(CC)CC)ccc3n2CCC(C)C)cc1,6.451733454829254,1,1,1,1,6.451733454829254,6.451733454829254,0.0,6.451733454829254
CCOc1ccc(Cc2nc3cc(C(=O)N(C)C4CCCCC4)ccc3n2CC2CC2)cc1,7.958607314841775,1,1,1,1,7.958607314841775,7.958607314841775,0.0,7.958607314841775
CCOc1ccc(Cc2nc3cc(C(=O)N(C)CC)ccc3n2CCC(C)C)cc1,8.481486060122112,1,1,1,1,8.481486060122112,8.481486060122112,0.0,8.481486060122112
CCOc1ccc(Cc2nc3cc(C(=O)N(CC(F)(F)F)CC(F)(F)F)ccc3n2CC2CC2)cc1,8.2518119729938,1,1,1,1,8.2518119729938,8.2518119729938,0.0,8.2518119729938
CCOc1ccc(Cc2nc3cc(C(=O)N(CC)CC)ccc3n2CC23CC4CC(CC(C4)C2)C3)cc1,8.55284196865778,1,1,1,1,8.55284196865778,8.55284196865778,0.0,8.55284196865778
CCOc1ccc(Cc2nc3cc(C(=O)N(CC)CC)ccc3n2CC2CC2)cc1,8.387216143280265,1,1,1,1,8.387216143280265,8.387216143280265,0.0,8.387216143280265
CCOc1ccc(Cc2nc3cc(C(=O)N(CC)CC)ccc3n2CC2CC2)cn1,6.876148359032914,1,1,1,1,6.876148359032914,6.876148359032914,0.0,6.876148359032914
CCOc1ccc(Cc2nc3cc(C(=O)N(CC)CC)ccc3n2CC2CC2)nc1,7.568636235841012,1,1,1,1,7.568636235841012,7.568636235841012,0.0,7.568636235841012
CCOc1ccc(Cc2nc3cc(C(=O)N(CC)CC)ccc3n2CC2CCC2)cc1,8.795880017344075,1,1,1,1,8.795880017344075,8.795880017344075,0.0,8.795880017344075
CCOc1ccc(Cc2nc3cc(C(=O)N(CC)CC)ccc3n2CC2CCCC2)cc1,9.0,1,1,1,1,9.0,9.0,0.0,9.0
CCOc1ccc(Cc2nc3cc(C(=O)N(CC)CC)ccc3n2CC2CCCCC2)cc1,8.431798275933005,1,1,1,1,8.431798275933005,8.431798275933005,0.0,8.431798275933005
CCOc1ccc(Cc2nc3cc(C(=O)N(CC)CC)ccc3n2CC2CCNCC2)cc1,5.534617148551582,1,1,1,1,5.534617148551582,5.534617148551582,0.0,5.534617148551582
CCOc1ccc(Cc2nc3cc(C(=O)N(CC)CC)ccc3n2CC2CCOCC2)cc1,8.4089353929735,1,1,1,1,8.4089353929735,8.4089353929735,0.0,8.4089353929735
CCOc1ccc(Cc2nc3cc(C(=O)N(CC)CC)ccc3n2CCC(C)C)cc1,7.891060710986284,2,2,2,1,7.435333935747911,8.346787486224656,0.9114535504767449,7.891060710986284
CCOc1ccc(Cc2nc3cc(C(=O)N(CC)CC)ccc3n2CCCCCCN2CCCCC2)cc1,6.0,1,1,1,1,6.0,6.0,0.0,6.0
CCOc1ccc(Cc2nc3cc(C(=O)N(CC)CC)ccc3n2CCCCCCNc2c3c(nc4ccccc24)CCCC3)cc1,5.366531544420413,1,1,1,1,5.366531544420413,5.366531544420413,0.0,5.366531544420413
CCOc1ccc(Cc2nc3cc(C(=O)N(CC)CC)ccc3n2CCCCCNc2c3c(nc4ccccc24)CCCC3)cc1,5.136677139879544,1,1,1,1,5.136677139879544,5.136677139879544,0.0,5.136677139879544
CCOc1ccc(Cc2nc3cc(C(=O)N(CC)CC)ccc3n2CCCCN2CCCCC2)cc1,5.318758762624412,1,1,1,1,5.318758762624412,5.318758762624412,0.0,5.318758762624412
CCOc1ccc(Cc2nc3cc(C(=O)N(CC)CC)ccc3n2CCCCNc2c3c(nc4ccccc24)CCCC3)cc1,4.570247719997592,1,1,1,1,4.570247719997592,4.570247719997592,0.0,4.570247719997592
CCOc1ccc(Cc2nc3cc(C(=O)N(CC)CC)ccc3n2CCCNc2c3c(nc4ccccc24)CCCC3)cc1,4.512861624522814,1,1,1,1,4.512861624522814,4.512861624522814,0.0,4.512861624522814
CCOc1ccc(Cc2nc3cc(C(=O)N(CC)CC)ccc3n2CCN(C)C)cc1,7.431956951307951,2,2,2,1,7.42021640338319,7.443697499232712,0.023481095849522404,7.431956951307951
CCOc1ccc(Cc2nc3cc(C(=O)N(CC)CC)ccc3n2CCN2CCCCC2)cc1,6.7258421507363195,1,1,1,1,6.7258421507363195,6.7258421507363195,0.0,6.7258421507363195
CCOc1ccc(Cc2nc3cc(C(=O)N(CC)CC)ccc3n2CCNc2c3c(nc4ccccc24)CCCC3)cc1,7.414539270491499,1,1,1,1,7.414539270491499,7.414539270491499,0.0,7.414539270491499
CCOc1ccc(Cc2nc3cc(C(=O)N(CC)CC)ccc3n2CCOCCOCCNc2c3c(nc4ccccc24)CCCC3)cc1,4.542118103266008,1,1,1,1,4.542118103266008,4.542118103266008,0.0,4.542118103266008
CCOc1ccc(Cc2nc3cc(C(=O)N(CC)CC)ccc3n2C[C@@H]2CCCCN2)cc1,7.1249387366083,1,1,1,1,7.1249387366083,7.1249387366083,0.0,7.1249387366083
CCOc1ccc(Cc2nc3cc(C(=O)N(CC)CC)ccc3n2C[C@@H]2CCCN2C)cc1,7.920818753952375,1,1,1,1,7.920818753952375,7.920818753952375,0.0,7.920818753952375
CCOc1ccc(Cc2nc3cc(C(=O)N(CC)CC)ccc3n2C[C@@H]2CCCO2)cc1,7.823908740944319,1,1,1,1,7.823908740944319,7.823908740944319,0.0,7.823908740944319
CCOc1ccc(Cc2nc3cc(C(=O)N(CC)CC)ccc3n2C[C@H]2CCCCN2)cc1,7.455931955649724,1,1,1,1,7.455931955649724,7.455931955649724,0.0,7.455931955649724
CCOc1ccc(Cc2nc3cc(C(=O)N(CC)CC)ccc3n2C[C@H]2CCCCN2C)cc1,8.050609993355087,1,1,1,1,8.050609993355087,8.050609993355087,0.0,8.050609993355087
CCOc1ccc(Cc2nc3cc(C(=O)N(CC)CC)ccc3n2C[C@H]2CCCO2)cc1,7.638272163982407,1,1,1,1,7.638272163982407,7.638272163982407,0.0,7.638272163982407
CCOc1ccc(Cc2nc3cc(C(=O)N(CC)CC)ccc3n2Cc2cc[n+]([O-])cc2)cc1,6.230622673923861,1,1,1,1,6.230622673923861,6.230622673923861,0.0,6.230622673923861
CCOc1ccc(Cc2nc3cc(C(=O)N(CC)CC)ccc3n2Cc2ccccc2)cc1,7.920818753952375,1,1,1,1,7.920818753952375,7.920818753952375,0.0,7.920818753952375
CCOc1ccc(Cc2nc3cc(C(=O)N(CC)CC)ccc3n2Cc2ccccn2)cc1,7.4089353929735005,1,1,1,1,7.4089353929735005,7.4089353929735005,0.0,7.4089353929735005
CCOc1ccc(Cc2nc3cc(C(=O)N(CC)CC)ccc3n2Cc2ccco2)cc1,7.958607314841775,1,1,1,1,7.958607314841775,7.958607314841775,0.0,7.958607314841775
CCOc1ccc(Cc2nc3cc(C(=O)N(CC)CC)ccc3n2Cc2ccncc2)cc1,7.795880017344075,1,1,1,1,7.795880017344075,7.795880017344075,0.0,7.795880017344075
CCOc1ccc(Cc2nc3cc(C(=O)N(CC)CCCCNc4c5c(nc6ccccc46)CCCC5)ccc3n2CCC(C)C)cc1,5.522878745280337,1,1,1,1,5.522878745280337,5.522878745280337,0.0,5.522878745280337
CCOc1ccc(Cc2nc3cc(C(=O)N4CCCC4)ccc3n2CC2CC2)cc1,7.853871964321762,1,1,1,1,7.853871964321762,7.853871964321762,0.0,7.853871964321762
CCOc1ccc(Cc2nc3cc(C(=O)N4CCCCC4)ccc3n2CC2CC2)cc1,8.161150909262744,1,1,1,1,8.161150909262744,8.161150909262744,0.0,8.161150909262744
CCOc1ccc(Cc2nc3cc(C(=O)N4CCCCC4)ccc3n2CCC(C)C)cc1,6.41510365586255,1,1,1,1,6.41510365586255,6.41510365586255,0.0,6.41510365586255
CCOc1ccc(Cc2nc3cc(C(=O)NC45CC6CC(CC(C6)C4)C5)ccc3n2CCC(C)C)cc1,5.327902142064282,1,1,1,1,5.327902142064282,5.327902142064282,0.0,5.327902142064282
CCOc1ccc(Cc2nc3cc(C(=O)NCCC(C)C)ccc3n2CCC(C)C)cc1,6.117134080278371,1,1,1,1,6.117134080278371,6.117134080278371,0.0,6.117134080278371
CCOc1ccc(Cc2nc3cc(C(=O)NCCCCCCNc4c5c(nc6ccccc46)CCCC5)ccc3n2CCC(C)C)cc1,5.017728766960431,1,1,1,1,5.017728766960431,5.017728766960431,0.0,5.017728766960431
CCOc1ccc(Cc2nc3cc(C(=O)NCCCCCNc4c5c(nc6ccccc46)CCCC5)ccc3n2CCC(C)C)cc1,5.3979400086720375,1,1,1,1,5.3979400086720375,5.3979400086720375,0.0,5.3979400086720375
CCOc1ccc(Cc2nc3cc(C(=O)NCCCCNc4c5c(nc6ccccc46)CCCC5)ccc3n2CCC(C)C)cc1,5.619788758288394,1,1,1,1,5.619788758288394,5.619788758288394,0.0,5.619788758288394
CCOc1ccc(Cc2nc3cc(C(=O)NCCCNc4c5c(nc6ccccc46)CCCC5)ccc3n2CCC(C)C)cc1,5.301029995663981,1,1,1,1,5.301029995663981,5.301029995663981,0.0,5.301029995663981
CCOc1ccc(Cc2nc3cc(C(=O)NCCNc4c5c(nc6ccccc46)CCCC5)ccc3n2CCC(C)C)cc1,5.6020599913279625,1,1,1,1,5.6020599913279625,5.6020599913279625,0.0,5.6020599913279625
CCOc1ccc(Cc2nc3cc(C(=O)NCCOCCOCCNc4c5c(nc6ccccc46)CCCC5)ccc3n2CCC(C)C)cc1,4.7594507517174005,1,1,1,1,4.7594507517174005,4.7594507517174005,0.0,4.7594507517174005
CCOc1ccc(Cc2nc3cc(C(=O)NCCSSCCNc4c5c(nc6ccccc46)CCCC5)ccc3n2CCC(C)C)cc1,5.167491087293763,1,1,1,1,5.167491087293763,5.167491087293763,0.0,5.167491087293763
CCOc1ccc(Cc2nc3cc(C(=O)Nc4ccccc4)ccc3n2CCC(C)C)cc1,4.841637507904751,1,1,1,1,4.841637507904751,4.841637507904751,0.0,4.841637507904751
CCOc1ccc(Cc2nc3cc(C(C)=O)ccc3n2CCN(CC)CC)cc1,6.017728766960431,1,1,1,1,6.017728766960431,6.017728766960431,0.0,6.017728766960431
CCOc1ccc(Cc2nc3cc(C(F)(F)F)ccc3n2CCN(CC)CC)cc1,6.376750709602099,1,1,1,1,6.376750709602099,6.376750709602099,0.0,6.376750709602099
CCOc1ccc(Cc2nc3cc(N(C)C(=O)CC(C)C)ccc3n2CC2CC2)cc1,8.397940008672037,1,1,1,1,8.397940008672037,8.397940008672037,0.0,8.397940008672037
CCOc1ccc(Cc2nc3cc(N(C)C(=O)N(C)C)ccc3n2CC2CC2)cc1,7.3872161432802645,1,1,1,1,7.3872161432802645,7.3872161432802645,0.0,7.3872161432802645
CCOc1ccc(Cc2nc3cc(N(C)C(=O)N(CC)CC)ccc3n2CC2CC2)cc1,8.229147988357855,1,1,1,1,8.229147988357855,8.229147988357855,0.0,8.229147988357855
CCOc1ccc(Cc2nc3cc(N(C)C(=O)N4CCCCC4)ccc3n2CC2CC2)cc1,8.397940008672037,1,1,1,1,8.397940008672037,8.397940008672037,0.0,8.397940008672037
CCOc1ccc(Cc2nc3cc(N(C)C(=O)NC(C)C)ccc3n2CC2CC2)cc1,8.244125144327509,1,1,1,1,8.244125144327509,8.244125144327509,0.0,8.244125144327509
CCOc1ccc(Cc2nc3cc(N(C)C(=O)c4cccs4)ccc3n2CC2CC2)cc1,8.301029995663981,1,1,1,1,8.301029995663981,8.301029995663981,0.0,8.301029995663981
CCOc1ccc(Cc2nc3cc(N(C)C(C)=O)ccc3n2CC2CC2)cc1,5.869988050328096,1,1,1,1,5.869988050328096,5.869988050328096,0.0,5.869988050328096
CCOc1ccc(Cc2nc3cc(N(C)S(=O)(=O)c4cccs4)ccc3n2CC2CCCCC2)nc1,9.2518119729938,1,1,1,1,9.2518119729938,9.2518119729938,0.0,9.2518119729938
CCOc1ccc(Cc2nc3cc(N)ccc3n2CCC(C)C)cc1,4.6777807052660805,1,1,1,1,4.6777807052660805,4.6777807052660805,0.0,4.6777807052660805
CCOc1ccc(Cc2nc3cc(NC(=O)c4ccccc4)ccc3n2CCC(C)C)cc1,5.366531544420413,1,1,1,1,5.366531544420413,5.366531544420413,0.0,5.366531544420413
CCOc1ccc(Cc2nc3cc(NC)ccc3n2CC2CC2)cc1,5.3623101808815985,1,1,1,1,5.3623101808815985,5.3623101808815985,0.0,5.3623101808815985
CCOc1ccc(Cc2nc3cc([N+](=O)[O-])ccc3n2CCC(C)C)cc1,6.016915227262212,1,1,1,1,6.016915227262212,6.016915227262212,0.0,6.016915227262212
CCOc1ccc(Nc2nc3cc(C(=O)N(CC)CC)ccc3n2CCC(C)C)cc1,5.721246399047171,1,1,1,1,5.721246399047171,5.721246399047171,0.0,5.721246399047171
CCOc1ccc(Nc2nc3cc(C(=O)N(CC)CC)ccc3n2CCN2CCCCC2)cc1,4.982966660701219,1,1,1,1,4.982966660701219,4.982966660701219,0.0,4.982966660701219
CCOc1ccccc1/N=C1\SCC(C)(C)CN1C(=S)SC,7.075720713938118,1,1,1,1,7.075720713938118,7.075720713938118,0.0,7.075720713938118
CCOc1ccccc1/N=C1\SCC2(CCCCC2)CN1C(=S)SC,8.200659450546418,1,1,1,1,8.200659450546418,8.200659450546418,0.0,8.200659450546418
CCOc1ccccc1CNC(=O)c1oc2ccc(S(=O)(=O)N3CC(C)CC(C)C3)cc2c1C,5.00436480540245,1,1,1,1,5.00436480540245,5.00436480540245,0.0,5.00436480540245
CCS(=O)(=O)N1CCC(NC(=O)c2nn(-c3ccc(Cl)cc3Cl)c(-c3ccc(Cl)cc3)c2C)CC1,5.3558569494900805,1,1,1,1,5.3558569494900805,5.3558569494900805,0.0,5.3558569494900805
CCS(=O)(=O)N1CCN(c2ncnc3c2nc(-c2ccccc2Cl)n3-c2ccc(Cl)cc2)CC1,6.008773924307505,1,1,1,1,6.008773924307505,6.008773924307505,0.0,6.008773924307505
CCS(=O)(=O)NCCCCCSc1ccc2ccccc2c1,5.8794260687941495,1,1,1,1,5.8794260687941495,5.8794260687941495,0.0,5.8794260687941495
CCS(=O)(=O)Nc1ccc2c(c1)nc(C(C)(C)C)n2CC1CCC(F)(F)CC1,9.060480747381382,1,1,1,1,9.060480747381382,9.060480747381382,0.0,9.060480747381382
CCS(=O)(=O)n1c2c(c3cc(C(=O)N(C)C(C)C)ccc31)CN(C1CCCC1)C2,6.97061622231479,1,1,1,1,6.97061622231479,6.97061622231479,0.0,6.97061622231479
CCS(=O)(=O)n1c2c(c3cc(C(=O)N(C)CCC(C)C)ccc31)CN(C1CCCC1)C2,7.41907502432438,1,1,1,1,7.41907502432438,7.41907502432438,0.0,7.41907502432438
CCS(=O)(=O)n1c2c(c3cc(C(=O)N4CCC(C)CC4)ccc31)CN(C(C)C)C2,8.050609993355087,1,1,1,1,8.050609993355087,8.050609993355087,0.0,8.050609993355087
CCS(=O)(=O)n1c2c(c3cc(C(=O)N4CCC(C)CC4)ccc31)CN(C1CCCC1)C2,8.154901959985743,1,1,1,1,8.154901959985743,8.154901959985743,0.0,8.154901959985743
CCS(=O)(=O)n1c2c(c3cc(C(=O)N4CCC(C)CC4)ccc31)CN(C1CCCCO1)C2,7.75448733218585,1,1,1,1,7.75448733218585,7.75448733218585,0.0,7.75448733218585
CCS(=O)(=O)n1c2c(c3cc(C(=O)N4CCC(C)CC4)ccc31)CN(C1CCOC1)C2,7.555955204081924,1,1,1,1,7.555955204081924,7.555955204081924,0.0,7.555955204081924
CCS(=O)(=O)n1c2c(c3cc(C(=O)N4CCC(C)CC4)ccc31)CN(C1CCOCC1)C2,6.665546248849069,1,1,1,1,6.665546248849069,6.665546248849069,0.0,6.665546248849069
CCS(=O)(=O)n1c2c(c3cc(C(=O)N4CCC(C)CC4)ccc31)CN(C1CCOCC1)CC2,8.045757490560675,1,1,1,1,8.045757490560675,8.045757490560675,0.0,8.045757490560675
CCS(=O)(=O)n1c2c(c3cc(C(=O)N4CCC(C)CC4)ccc31)CN(CC1CC1)C2,8.200659450546418,1,1,1,1,8.200659450546418,8.200659450546418,0.0,8.200659450546418
CCS(=O)(=O)n1c2c(c3cc(C(=O)N4CCC(C)CC4)ccc31)CN(CC1CCCCC1)C2,6.029188389127482,1,1,1,1,6.029188389127482,6.029188389127482,0.0,6.029188389127482
CCS(=O)(=O)n1c2c(c3cc(C(=O)N4CCC(C)CC4)ccc31)CN(CCC1CCCCC1)C2,5.702896349850743,1,1,1,1,5.702896349850743,5.702896349850743,0.0,5.702896349850743
CCS(=O)(=O)n1c2c(c3cc(C(=O)N4CCC(C)CC4)ccc31)CN(Cc1ccccc1)C2,7.431798275933005,1,1,1,1,7.431798275933005,7.431798275933005,0.0,7.431798275933005
CCS(=O)(=O)n1c2c(c3cc(C(=O)N4CCC(F)CC4)ccc31)CN(C1CCCC1)C2,7.354577730650908,1,1,1,1,7.354577730650908,7.354577730650908,0.0,7.354577730650908
CCS(=O)(=O)n1c2c(c3cc(C(=O)N4CCC(OC)CC4)ccc31)CN(C1CCCC1)C2,7.559090917934782,1,1,1,1,7.559090917934782,7.559090917934782,0.0,7.559090917934782
CCS(=O)(=O)n1c2c(c3cc(C(=O)N4CCCCC4)ccc31)CN(C1CCCC1)C2,7.756961951313706,1,1,1,1,7.756961951313706,7.756961951313706,0.0,7.756961951313706
CCS(=O)(=O)n1c2c(c3cc(C(=O)N4CCOCC4)ccc31)CN(C1CCCC1)C2,6.511449283499555,1,1,1,1,6.511449283499555,6.511449283499555,0.0,6.511449283499555
CCSC(=O)N1CC(C)(C)CS/C1=N\c1ccccc1C(C)C,7.318758762624412,1,1,1,1,7.318758762624412,7.318758762624412,0.0,7.318758762624412
CCSC(=S)N1CC(C)(C)CS/C1=N\c1ccccc1C(C)C,7.455931955649724,1,1,1,1,7.455931955649724,7.455931955649724,0.0,7.455931955649724
CC[C@@H]1COc2cccc3c(=O)c(C(=O)NC45CC6CC(CC(C6)C4)C5)cn1c23,8.30715308072277,1,1,1,1,8.30715308072277,8.30715308072277,0.0,8.30715308072277
CC[C@@H]1COc2cccc3c(=O)c(C(=O)NC4CCCCCC4)cn1c23,8.385102783966865,1,1,1,1,8.385102783966865,8.385102783966865,0.0,8.385102783966865
CC[C@H](C)[C@H](NC(=O)n1c(=O)n(CCN2CCOCC2)c2ccccc21)C(N)=O,7.173925197299173,1,1,1,1,7.173925197299173,7.173925197299173,0.0,7.173925197299173
CC[C@H]1CC[C@H](C(=O)c2cn(CCN3CCOCC3)c3ccccc23)CC1,7.7979253753951525,2,1,1,1,7.795880017344075,7.79997073344623,0.004090716102155056,7.7979253753951525
CC[C@H]1COc2cccc3c(=O)c(C(=O)NC45CC6CC(CC(C6)C4)C5)cn1c23,7.055517327849831,1,1,1,1,7.055517327849831,7.055517327849831,0.0,7.055517327849831
CC[C@H]1COc2cccc3c(=O)c(C(=O)NC4CCCCCC4)cn1c23,6.7281583934635005,1,1,1,1,6.7281583934635005,6.7281583934635005,0.0,6.7281583934635005
CC[Si](C)(C)c1cc(O)c2c(c1)OC(C)(C)[C@@H]1CCC(C)=C[C@@H]21,5.969805214643249,1,1,1,1,5.969805214643249,5.969805214643249,0.0,5.969805214643249
CCc1c(C(=O)NC(C)c2ccccc2)cc(C)n1-c1ccccc1,6.267525822718806,1,1,1,1,6.267525822718806,6.267525822718806,0.0,6.267525822718806
CCc1c(C(=O)NC23CC4CC(CC(C4)C2)C3)cc(C)n1-c1ccccc1,8.211124884224583,1,1,1,1,8.211124884224583,8.211124884224583,0.0,8.211124884224583
CCc1c(C(=O)NC23CC4CC(CC(C4)C2)C3)nc(C)n1-c1ccccc1,8.987162775294827,1,1,1,1,8.987162775294827,8.987162775294827,0.0,8.987162775294827
CCc1c(C(=O)NC2C(C)(C)[C@@H]3CC[C@@]2(C)C3)c2cccc(OC)c2n1CCN1CCOCC1,6.958607314841775,1,1,1,1,6.958607314841775,6.958607314841775,0.0,6.958607314841775
CCc1c(C(=O)NC2CCCCC2)cc(C)n1-c1ccccc1,6.767486707313942,1,1,1,1,6.767486707313942,6.767486707313942,0.0,6.767486707313942
CCc1c(C(=O)NC2CCCCC2)nn(-c2ccc(Cl)c(Cl)c2)c1-n1c(C)ccc1C,8.769551078621726,1,1,1,1,8.769551078621726,8.769551078621726,0.0,8.769551078621726
CCc1c(C(=O)NC2CCCCC2)nn(-c2ccc(Cl)c(Cl)c2)c1-n1cccc1,9.292429823902063,1,1,1,1,9.292429823902063,9.292429823902063,0.0,9.292429823902063
CCc1c(C(=O)NC2CCCCC2)nn(-c2ccc(Cl)cc2Cl)c1-n1c(C)ccc1C,6.122743866886414,1,1,1,1,6.122743866886414,6.122743866886414,0.0,6.122743866886414
CCc1c(C(=O)NC2CCCCC2)nn(-c2ccc(Cl)cc2Cl)c1-n1cccc1,7.801342913045577,1,1,1,1,7.801342913045577,7.801342913045577,0.0,7.801342913045577
CCc1c(C(=O)NCCc2ccccc2)cc(C)n1-c1ccccc1,6.143754599209945,1,1,1,1,6.143754599209945,6.143754599209945,0.0,6.143754599209945
CCc1c(C(=O)NCc2ccc(Cl)c(Cl)c2)nn(-c2ccc(Cl)c(Cl)c2)c1-n1c(C)ccc1C,6.944239535312265,1,1,1,1,6.944239535312265,6.944239535312265,0.0,6.944239535312265
CCc1c(C(=O)NCc2ccc(Cl)c(Cl)c2)nn(-c2ccc(Cl)c(Cl)c2)c1-n1cccc1,7.528708288941061,1,1,1,1,7.528708288941061,7.528708288941061,0.0,7.528708288941061
CCc1c(C(=O)NCc2ccc(Cl)c(Cl)c2)nn(-c2ccc(Cl)cc2Cl)c1-n1c(C)ccc1C,7.251037138743839,1,1,1,1,7.251037138743839,7.251037138743839,0.0,7.251037138743839
CCc1c(C(=O)NCc2ccc(Cl)c(Cl)c2)nn(-c2ccc(Cl)cc2Cl)c1-n1cccc1,6.342370568611048,1,1,1,1,6.342370568611048,6.342370568611048,0.0,6.342370568611048
CCc1c(C(=O)NN2CCCCC2)nc(-c2ccc(Cl)cc2Cl)n1-c1ccc(Cl)cc1,6.366531544420413,1,1,1,1,6.366531544420413,6.366531544420413,0.0,6.366531544420413
CCc1c(C(=O)NN2CCCCC2)nn(-c2ccc(Cl)cc2Cl)c1-c1ccc(Br)cc1,6.354577730650908,1,1,1,1,6.354577730650908,6.354577730650908,0.0,6.354577730650908
CCc1c(C(=O)N[C@H]2CCCC[C@@H]2O)nc(-c2ccccc2Cl)n1-c1ccc(Br)cc1,5.568636235841012,1,1,1,1,5.568636235841012,5.568636235841012,0.0,5.568636235841012
CCc1c(C(=O)N[C@H]2CCCC[C@@H]2O)nc(-c2ccccc2Cl)n1-c1ccc(Cl)cc1,5.638272163982407,1,1,1,1,5.638272163982407,5.638272163982407,0.0,5.638272163982407
CCc1c(C(=O)Nc2ccc3ccccc3c2)cc(C)n1-c1ccccc1,7.2441251443275085,1,1,1,1,7.2441251443275085,7.2441251443275085,0.0,7.2441251443275085
CCc1c(C(=O)Nc2cccc3ccccc23)cc(C)n1-c1ccccc1,7.6985359268567,1,1,1,1,7.6985359268567,7.6985359268567,0.0,7.6985359268567
CCc1c(C)cc(C(=O)NC2(C(=O)O)CCCCC2)c(=O)n1Cc1ccc(F)cc1,7.443697499232712,1,1,1,1,7.443697499232712,7.443697499232712,0.0,7.443697499232712
CCc1c(C)sc(NC(=O)C23CC4CC(CC(C4)C2)C3)c1C(=O)OC,8.60906489289662,1,1,1,1,8.60906489289662,8.60906489289662,0.0,8.60906489289662
CCc1c(C)sc(NC(=O)c2ccc(Cl)cc2)c1C(=O)OC,6.20690839982342,1,1,1,1,6.20690839982342,6.20690839982342,0.0,6.20690839982342
CCc1c(C)sc(NC(=O)c2ccc(F)cc2)c1C(=O)OC,6.3047197567707975,1,1,1,1,6.3047197567707975,6.3047197567707975,0.0,6.3047197567707975
CCc1cc2c(cc1O)OC1=C(CC[C@@H](C)C1)C2(C)C,6.292429823902063,1,1,1,1,6.292429823902063,6.292429823902063,0.0,6.292429823902063
CCc1ccc(/C=C2\C=C(CCN3CCOCC3)c3ccccc32)c2ccccc12,9.102372908709558,1,1,1,1,9.102372908709558,9.102372908709558,0.0,9.102372908709558
CCc1ccc(/N=C2\SCC3(CCCCC3)CN2C(=S)SC)cc1,8.920818753952375,1,1,1,1,8.920818753952375,8.920818753952375,0.0,8.920818753952375
CCc1ccc(C(=O)c2cc(O)c(-c3cc(Cl)cc(Cl)c3)c(O)c2)cc1,7.425274416405927,1,1,1,1,7.425274416405927,7.425274416405927,0.0,7.425274416405927
CCc1ccc(C(C)(C)c2cc(O)c3c(c2)OC(C)(C)[C@@H]2CC=C(C)C[C@@H]32)cc1,9.173925197299173,1,1,1,1,9.173925197299173,9.173925197299173,0.0,9.173925197299173
CCc1ccc(CC)n1-c1c(C)c(C(=O)NC2CCCCC2)nn1-c1ccc(Cl)c(Cl)c1,6.387640052032226,1,1,1,1,6.387640052032226,6.387640052032226,0.0,6.387640052032226
CCc1cccc(C(=O)c2cc(O)c(-c3cc(Cl)cc(Cl)c3)c(O)c2)c1,5.765229704839084,1,1,1,1,5.765229704839084,5.765229704839084,0.0,5.765229704839084
CCc1ccccc1/N=C1\SCC(C)(C)CN1C(=S)SC,7.267606240177031,1,1,1,1,7.267606240177031,7.267606240177031,0.0,7.267606240177031
CCc1ccccc1NC(=O)CSc1nnc(-c2ccccc2OC)n1-c1ccccc1,8.67778070526608,1,1,1,1,8.67778070526608,8.67778070526608,0.0,8.67778070526608
CCc1cnc(NC(=O)C(C)(C)CC)cc1CN1CCOCC1,8.102372908709558,1,1,1,1,8.102372908709558,8.102372908709558,0.0,8.102372908709558
CCc1nc(C(=O)NC23CC4CC(CC(C4)C2)C3)c(C)n1-c1ccccc1,8.795880017344075,1,1,1,1,8.795880017344075,8.795880017344075,0.0,8.795880017344075
CCc1nc(C(=O)NC23CC4CC(CC(C4)C2)C3)cn1-c1ccccc1,7.896196279044043,1,1,1,1,7.896196279044043,7.896196279044043,0.0,7.896196279044043
CCc1sc(NC(=O)C23CC4CC(CC(C4)C2)C3)c(C(=O)OC)c1C,8.22767829327708,1,1,1,1,8.22767829327708,8.22767829327708,0.0,8.22767829327708
CCc1sc2ccccc2c1C(=O)c1ccc(OC)cc1,5.795880017344075,1,1,1,1,5.795880017344075,5.795880017344075,0.0,5.795880017344075
CCc1sc2ccccc2c1C(=O)c1cccc2ccccc12,6.154901959985743,1,1,1,1,6.154901959985743,6.154901959985743,0.0,6.154901959985743
CCn1c(C)c(C)cc(Oc2nc3ccccc3o2)c1=S,5.4139756176130245,1,1,1,1,5.4139756176130245,5.4139756176130245,0.0,5.4139756176130245
CCn1c2ccccc2c2cc(NC(=O)CCc3nc(-c4ccc(F)cc4C#N)no3)ccc21,8.156144577376839,1,1,1,1,8.156144577376839,8.156144577376839,0.0,8.156144577376839
CCn1cc(C(=O)NC(C)C23CC4CC(CC(C4)C2)C3)c(=O)cc1-c1ccccc1,6.3829996588791005,1,1,1,1,6.3829996588791005,6.3829996588791005,0.0,6.3829996588791005
CCn1cc(C(=O)N[C@@H]2C(C)(C)C3CC[C@]2(C)C3)c(=O)c2ccc(F)cc21,8.136677139879545,1,1,1,1,8.136677139879545,8.136677139879545,0.0,8.136677139879545
CCn1cc(C(=O)N[C@@H]2C(C)(C)C3CC[C@]2(C)C3)c(=O)c2ccc(Sc3ccccc3)cc21,8.356547323513812,1,1,1,1,8.356547323513812,8.356547323513812,0.0,8.356547323513812
CCn1cc(CC(=O)NC23CC4CC(CC(C4)C2)C3)c2cc(-c3ccccc3)ccc21,7.173925197299173,1,1,1,1,7.173925197299173,7.173925197299173,0.0,7.173925197299173
CN(C)C(=O)[C@@H](NC(=O)n1c(=O)n(CCN2CCOCC2)c2ccccc21)C(C)(C)C,7.6020599913279625,1,1,1,1,7.6020599913279625,7.6020599913279625,0.0,7.6020599913279625
CN(C)C1(c2nc(-c3cc(C(C)(C)C)c(O)c(C(C)(C)C)c3)co2)CCOCC1,7.287350298372789,1,1,1,1,7.287350298372789,7.287350298372789,0.0,7.287350298372789
CN(C)C1(c2nc(-c3cc(C(C)(C)C)c(O)c(C(C)(C)C)c3)cs2)CCOCC1,7.531652669587842,1,1,1,1,7.531652669587842,7.531652669587842,0.0,7.531652669587842
CN(C)C1(c2nc(-c3cc(C(C)(C)C)c(O)c(C(C)(C)C)c3)cs2)CCSCC1,7.087777943467584,1,1,1,1,7.087777943467584,7.087777943467584,0.0,7.087777943467584
CN(C)C1(c2nc(-c3cc(C(C)(C)C)cc(C(C)(C)C)c3)cs2)CCOCC1,6.896196279044043,1,1,1,1,6.896196279044043,6.896196279044043,0.0,6.896196279044043
CN(C)CCCn1c2ccccc2c2cc(C(=O)N3CCCCC3)ccc21,6.39469495385889,1,1,1,1,6.39469495385889,6.39469495385889,0.0,6.39469495385889
CN(C)CCNC(=O)C(C)(C)NC(=O)c1cc2c(n(CC3CCCCC3)c1=O)CCCCCC2,7.0915149811213505,1,1,1,1,7.0915149811213505,7.0915149811213505,0.0,7.0915149811213505
CN(C)CCNc1cnn(C2CC(C)(C)CC(C)(C)C2)c(=O)c1Br,7.376750709602099,1,1,1,1,7.376750709602099,7.376750709602099,0.0,7.376750709602099
CN(C)CCn1c(=O)n(C(=O)N[C@H](C(N)=O)C(C)(C)C)c2ccccc21,6.471083299722345,1,1,1,1,6.471083299722345,6.471083299722345,0.0,6.471083299722345
CN(C)CCn1c(Cc2ccc(Cl)c(Cl)c2)nc2cc(C(F)(F)F)ccc21,6.008773924307505,1,1,1,1,6.008773924307505,6.008773924307505,0.0,6.008773924307505
CN(C)CCn1cc(C(=O)C2C(C)(C)C2(C)C)c2ccccc21,8.720675709517767,2,1,1,1,8.720105019988361,8.721246399047171,0.0011413790588097328,8.720675709517767
CN(C)CCn1cc(C(=O)NC23CC4CC(CC(C4)C2)C3)c(=O)c2ccc(F)cc21,7.221848749616356,1,1,1,1,7.221848749616356,7.221848749616356,0.0,7.221848749616356
CN(C)CCn1cc(C(=O)N[C@@H]2C(C)(C)C3CC[C@]2(C)C3)c(=O)c2ccc(F)cc21,8.102372908709558,1,1,1,1,8.102372908709558,8.102372908709558,0.0,8.102372908709558
CN(C)CCn1cc(C(=O)N[C@@H]2C(C)(C)C3CC[C@]2(C)C3)c(=O)c2ccc(Sc3ccccc3)cc21,8.886056647693163,1,1,1,1,8.886056647693163,8.886056647693163,0.0,8.886056647693163
CN(C)Cc1nc(-c2cc(C(C)(C)C)c(O)c(C(C)(C)C)c2)cs1,5.205024255948868,1,1,1,1,5.205024255948868,5.205024255948868,0.0,5.205024255948868
CN(C)c1ccc(/C=C2\N=C3SCCCN3C2=O)cc1,4.779891911959945,1,1,1,1,4.779891911959945,4.779891911959945,0.0,4.779891911959945
CN(C)c1ccc(C(NC(=O)Cc2ccccc2)NC(=O)Cc2ccccc2)cc1,6.1095789811990855,2,1,1,1,6.1095789811990855,6.1095789811990855,0.0,6.1095789811990855
CN(C)c1ccc2c(=O)c(C(=O)NC3CCCCC3)cn(CCN3CCOCC3)c2n1,7.026872146400302,1,1,1,1,7.026872146400302,7.026872146400302,0.0,7.026872146400302
CN(CC(=O)NC1CC1)C(=O)c1ccc2c(c1)c1c(n2C)CCC(C2CCOCC2)C1,7.580044251510242,1,1,1,1,7.580044251510242,7.580044251510242,0.0,7.580044251510242
CN(CC(=O)NC1CC1)C(=O)c1ccc2c(c1)c1c(n2C)CC[C@@H](C2CCOCC2)C1,7.667561540084394,1,1,1,1,7.667561540084394,7.667561540084394,0.0,7.667561540084394
CN(CC(=O)NC1CC1)C(=O)c1ccc2c(c1)c1c(n2C)CC[C@H](C2CCOCC2)C1,7.308918507877031,1,1,1,1,7.308918507877031,7.308918507877031,0.0,7.308918507877031
CN(CC(N)=O)Cc1nc(-c2cn(CC3CCOCC3)c3c(Cl)cccc23)no1,8.199970640755865,1,1,1,1,8.199970640755865,8.199970640755865,0.0,8.199970640755865
CN(CCCCCCCOc1ccc(-c2oc3ccccc3c2C(=O)c2ccc(-c3ccccc3)cc2)cc1)Cc1ccccc1,5.747146969020107,1,1,1,1,5.747146969020107,5.747146969020107,0.0,5.747146969020107
CN(CCCCCCCOc1ccc(-c2oc3ccccc3c2C(=O)c2ccc(OCCN3CCOCC3)cc2)cc1)Cc1ccccc1,6.236572006437063,1,1,1,1,6.236572006437063,6.236572006437063,0.0,6.236572006437063
CN(CCO)C(=O)C(C)(C)NC(=O)c1cc2c(n(CC3CCCCC3)c1=O)CCCCCC2,9.221848749616356,1,1,1,1,9.221848749616356,9.221848749616356,0.0,9.221848749616356
CN(CCOc1ccc(C(F)(F)F)cc1C(=O)/N=c1\sc(C(C)(C)C)cn1C[C@H]1CCCO1)c1ccccc1,7.853871964321762,1,1,1,1,7.853871964321762,7.853871964321762,0.0,7.853871964321762
CN(Cc1ccccc1)C(=O)N1CC(O[C@@H](c2ccc(Cl)cc2)c2cccnc2Cl)C1,5.395665926897089,1,1,1,1,5.395665926897089,5.395665926897089,0.0,5.395665926897089
CN(Cc1ccccc1)C(=O)N1CC(O[C@H](c2ccc(Cl)cc2)c2cccnc2Cl)C1,6.309803919971486,1,1,1,1,6.309803919971486,6.309803919971486,0.0,6.309803919971486
CN(Cc1ccccc1)C1CCN(c2ncnc3c2nc(-c2ccccc2Cl)n3-c2ccc(Cl)cc2)CC1,5.568636235841012,1,1,1,1,5.568636235841012,5.568636235841012,0.0,5.568636235841012
CN(Cc1ccccc1)S(=O)(=O)c1cc(C(=O)NCC(C)(C)C)ccc1Br,6.366531544420413,1,1,1,1,6.366531544420413,6.366531544420413,0.0,6.366531544420413
CN(Cc1ccccc1)S(=O)(=O)c1cc(C(=O)N[C@@H]2C(C)(C)[C@H]3CC[C@]2(C)C3)ccc1Br,7.958607314841775,1,1,1,1,7.958607314841775,7.958607314841775,0.0,7.958607314841775
CN/C(=N\S(=O)(=O)N1CCC(C(F)(F)F)CC1)C1=NN(c2ccc(Cl)cc2)C(c2ccccc2)C1,6.217527375833714,1,1,1,1,6.217527375833714,6.217527375833714,0.0,6.217527375833714
CN/C(=N\S(=O)(=O)N1CCC(C(F)(F)F)CC1)C1=NN(c2ccc(Cl)cc2)[C@@H](c2ccccc2)C1,6.2335871528876,1,1,1,1,6.2335871528876,6.2335871528876,0.0,6.2335871528876
CN/C(=N\S(=O)(=O)N1CCC(C(F)(F)F)CC1)N1C[C@H](c2ccccc2)C(c2ccc(Cl)cc2)=N1,6.515700160653214,1,1,1,1,6.515700160653214,6.515700160653214,0.0,6.515700160653214
CN/C(=N\S(=O)(=O)N1CCC(F)(F)CC1)N1CC(c2ccccc2)C(c2ccc(Cl)cc2)=N1,6.6595558851598815,1,1,1,1,6.6595558851598815,6.6595558851598815,0.0,6.6595558851598815
CN/C(=N\S(=O)(=O)N1CCC(F)(F)CC1)N1CCC(c2ccccc2)C(c2ccc(Cl)cc2)=N1,6.607303046740334,1,1,1,1,6.607303046740334,6.607303046740334,0.0,6.607303046740334
CN/C(=N\S(=O)(=O)N1CCCCC1)C1=NN(c2ccc(Cl)cc2)C(c2ccccc2)C1,5.9641701747471725,1,1,1,1,5.9641701747471725,5.9641701747471725,0.0,5.9641701747471725
CN/C(=N\S(=O)(=O)N1CCCCC1)N1CC(c2ccccc2)C(c2ccc(Cl)cc2)=N1,5.879097182385473,1,1,1,1,5.879097182385473,5.879097182385473,0.0,5.879097182385473
CN/C(=N\S(=O)(=O)N1CCCCC1)N1CCC(c2ccccc2)C(c2ccc(Cl)cc2)=N1,6.243363891754152,1,1,1,1,6.243363891754152,6.243363891754152,0.0,6.243363891754152
CN/C(=N\S(=O)(=O)N1CCCCC1)N1C[C@H](c2ccccc2)C(c2ccc(Cl)cc2)=N1,5.4565528199183,1,1,1,1,5.4565528199183,5.4565528199183,0.0,5.4565528199183
CN/C(=N\S(=O)(=O)c1ccc(C(F)(F)F)cc1)C1=NN(c2ccc(Cl)cc2Cl)C(c2ccccc2)C1,6.747146969020107,1,1,1,1,6.747146969020107,6.747146969020107,0.0,6.747146969020107
CN/C(=N\S(=O)(=O)c1ccc(Cl)cc1)C1=NN(c2ccc(Cl)cc2Cl)C(c2ccccc2)C1,6.605548319173783,1,1,1,1,6.605548319173783,6.605548319173783,0.0,6.605548319173783
CN/C(=N\S(=O)(=O)c1ccc(Cl)cc1)N1CC(c2ccccc2)C(c2ccc(Cl)cc2)=N1,5.100000128334196,1,1,1,1,5.100000128334196,5.100000128334196,0.0,5.100000128334196
CN/C(=N\S(=O)(=O)c1ccc(Cl)cc1)N1CCC(c2ccccc2)C(c2ccc(Cl)cc2)=N1,6.497572880015568,1,1,1,1,6.497572880015568,6.497572880015568,0.0,6.497572880015568
CN/C(=N\S(=O)(=O)c1ccc(Cl)cc1)N1C[C@H](c2ccccc2)C(c2ccc(Cl)cc2)=N1,5.412672385642457,2,2,2,1,5.125344267401899,5.700000503883016,0.5746562364811174,5.412672385642457
CN/C(=N\S(=O)(=O)c1cccc(Cl)c1)C1=NN(c2ccc(Cl)cc2Cl)C(c2ccccc2)C1,6.481486060122112,1,1,1,1,6.481486060122112,6.481486060122112,0.0,6.481486060122112
CN1C(=N)NC(=O)/C1=C/c1cccc(OCc2ccc(Cl)cc2)c1,4.642065152999546,1,1,1,1,4.642065152999546,4.642065152999546,0.0,4.642065152999546
CN1C(=O)CC[C@H]1COc1ccc(C(F)(F)F)cc1C(=O)/N=c1\sc(C(C)(C)C)cn1C[C@H]1CCCO1,7.207608310501746,1,1,1,1,7.207608310501746,7.207608310501746,0.0,7.207608310501746
CN1CC(COc2ccc(C(F)(F)F)cc2C(=O)/N=c2\sc(C(C)(C)C)cn2C[C@H]2CCCO2)C1,6.681936665037238,1,1,1,1,6.681936665037238,6.681936665037238,0.0,6.681936665037238
CN1CCC(COc2ccc(C(F)(F)F)cc2C(=O)/N=c2\sc(C(C)(C)C)cn2C[C@H]2CCCO2)CC1,6.0,1,1,1,1,6.0,6.0,0.0,6.0
CN1CCCCC1Cn1cc(C(=O)C2C(C)(C)C2(C)C)c2ccccc21,9.319393034173498,2,1,1,1,9.318758762624412,9.320027305722581,0.0012685430981687063,9.319393034173498
CN1CCCCC1Cn1cc(C(=O)c2cc([N+](=O)[O-])ccc2I)c2ccccc21,8.04421089353657,5,4,4,1,7.661543506395395,8.468521082957745,0.8069775765623497,7.940058111938045
CN1CCCC[C@@H]1COc1ccc(C(F)(F)F)cc1C(=O)/N=c1\sc(C(C)(C)C)cn1C[C@H]1CCCO1,7.481486060122112,1,1,1,1,7.481486060122112,7.481486060122112,0.0,7.481486060122112
CN1CCCC[C@H]1COc1ccc(C(F)(F)F)cc1C(=O)/N=c1\sc(C(C)(C)C)cn1C[C@H]1CCCO1,9.154901959985743,1,1,1,1,9.154901959985743,9.154901959985743,0.0,9.154901959985743
CN1CCC[C@@H]1COc1ccc(C(F)(F)F)cc1C(=O)/N=c1\sc(C(C)(C)C)cn1C[C@H]1CCCO1,6.686132779630847,1,1,1,1,6.686132779630847,6.686132779630847,0.0,6.686132779630847
CN1CCC[C@H]1CNc1ccc(C(F)(F)F)cc1C(=O)/N=c1\sc(C(C)(C)C)cn1C[C@H]1CCCO1,7.443697499232712,1,1,1,1,7.443697499232712,7.443697499232712,0.0,7.443697499232712
CN1CCC[C@H]1COc1ccc(C#N)cc1C(=O)/N=c1\sc(C(C)(C)C)cn1C[C@H]1CCCO1,7.366531544420413,1,1,1,1,7.366531544420413,7.366531544420413,0.0,7.366531544420413
CN1CCC[C@H]1COc1ccc(C(F)(F)F)cc1C(=O)/N=c1\sc(C(C)(C)C)cn1CC1(O)CCC1,7.022276394711152,1,1,1,1,7.022276394711152,7.022276394711152,0.0,7.022276394711152
CN1CCC[C@H]1COc1ccc(C(F)(F)F)cc1C(=O)/N=c1\sc(C(C)(C)C)cn1C[C@H]1CCCO1,8.337242168318426,1,1,1,1,8.337242168318426,8.337242168318426,0.0,8.337242168318426
CN1CCC[C@H]1COc1ccc(C(F)(F)F)cc1C(=O)/N=c1\scc(C(C)(C)C)n1C[C@H]1CCCO1,6.539102157243452,1,1,1,1,6.539102157243452,6.539102157243452,0.0,6.539102157243452
CN1CCC[C@H]1COc1ccc(C(F)(F)F)cc1C(=S)/N=c1\sc(C(C)(C)C)cn1C[C@H]1CCCO1,8.886056647693163,1,1,1,1,8.886056647693163,8.886056647693163,0.0,8.886056647693163
CN1CCN(C(=O)C23CC4CC(CC(C4)C2)C3)c2ccccc21,6.301029995663981,1,1,1,1,6.301029995663981,6.301029995663981,0.0,6.301029995663981
CN1CCN(C)[C@@H](COc2ccc(C(F)(F)F)cc2C(=O)/N=c2\sc(C(C)(C)C)cn2C[C@H]2CCCO2)C1,7.6020599913279625,1,1,1,1,7.6020599913279625,7.6020599913279625,0.0,7.6020599913279625
CN1CCN(NC(=O)c2cnn(-c3ccc(Cl)cc3Cl)c2-c2ccc(Br)cc2)CC1,4.522878745280337,1,1,1,1,4.522878745280337,4.522878745280337,0.0,4.522878745280337
CN1CCN(c2ncnc3oc(-c4ccccc4C(F)(F)F)nc23)CC1,6.809668301829708,1,1,1,1,6.809668301829708,6.809668301829708,0.0,6.809668301829708
CN1CCN(c2ncnc3oc(-c4ccccc4Cl)nc23)CC1,6.455931955649724,1,1,1,1,6.455931955649724,6.455931955649724,0.0,6.455931955649724
CN1CC[C@@H](COc2ccc(C(F)(F)F)cc2C(=O)/N=c2\sc(C(C)(C)C)cn2C[C@H]2CCCO2)C1,6.85078088734462,1,1,1,1,6.85078088734462,6.85078088734462,0.0,6.85078088734462
CN1CC[C@@H]1COc1ccc(C(F)(F)F)cc1C(=O)/N=c1\sc(C(C)(C)C)cn1C[C@H]1CCCO1,7.327902142064282,1,1,1,1,7.327902142064282,7.327902142064282,0.0,7.327902142064282
CN1CC[C@H](COc2ccc(C(F)(F)F)cc2C(=O)/N=c2\sc(C(C)(C)C)cn2C[C@H]2CCCO2)C1,7.036212172654444,1,1,1,1,7.036212172654444,7.036212172654444,0.0,7.036212172654444
CN1CC[C@H]1COc1ccc(C(F)(F)F)cc1C(=O)/N=c1\sc(C(C)(C)C)cn1C[C@H]1CCCO1,8.130768280269024,1,1,1,1,8.130768280269024,8.130768280269024,0.0,8.130768280269024
CN1C[C@@H](F)C[C@H]1COc1ccc(C(F)(F)F)cc1C(=O)/N=c1\sc(C(C)(C)C)cn1C[C@H]1CCCO1,8.522878745280337,1,1,1,1,8.522878745280337,8.522878745280337,0.0,8.522878745280337
CN1C[C@H](F)C[C@H]1COc1ccc(C(F)(F)F)cc1C(=O)/N=c1\sc(C(C)(C)C)cn1C[C@H]1CCCO1,8.698970004336019,1,1,1,1,8.698970004336019,8.698970004336019,0.0,8.698970004336019
CN1N=CC2C1C(O)=C(C(=O)NC13CC4CC(CC(C4)C1)C3)C(=O)N2CCCCF,8.853871964321762,1,1,1,1,8.853871964321762,8.853871964321762,0.0,8.853871964321762
CN1N=CC2C1C(O)=C(C(=O)NC13CC4CC(CC(O)(C4)C1)C3)C(=O)N2CCCCF,7.723538195826756,1,1,1,1,7.723538195826756,7.723538195826756,0.0,7.723538195826756
CNC(=O)CCC(C)(C)c1ccc(-c2cc(C)cc(C)c2)c(O)c1,6.853871964321762,1,1,1,1,6.853871964321762,6.853871964321762,0.0,6.853871964321762
CNC(=O)CCCCC(C)(C)c1ccc(-c2cc(C)cc(C)c2)c(O)c1,7.4089353929735005,1,1,1,1,7.4089353929735005,7.4089353929735005,0.0,7.4089353929735005
CNC(=O)CCCN(C)C(=O)c1ccc2c(c1)c1c(n2C)CC[C@@H](C2CCOCC2)C1,7.809668301829708,1,1,1,1,7.809668301829708,7.809668301829708,0.0,7.809668301829708
CNC(=O)[C@@H](NC(=O)c1nn(-c2c[n+]([O-])ccn2)c2c1C[C@@H]1C[C@H]21)C(C)(C)C,8.838631997765026,1,1,1,1,8.838631997765026,8.838631997765026,0.0,8.838631997765026
CNC(=O)[C@@H](NC(=O)n1c(=O)n(CCN2CCOCC2)c2ccccc21)C(C)(C)C,7.698970004336019,1,1,1,1,7.698970004336019,7.698970004336019,0.0,7.698970004336019
CNC1(c2nc(-c3cc(C(C)(C)C)c(O)c(C(C)(C)C)c3)cs2)CCOCC1,6.84163750790475,1,1,1,1,6.84163750790475,6.84163750790475,0.0,6.84163750790475
CO/C=C\[C@@H]1CC[C@@H]2[C@@H](C1)c1c(O)cc(C34CC5CC(CC(C5)C3)C4)cc1OC2(C)C,7.172630726946174,1,1,1,1,7.172630726946174,7.172630726946174,0.0,7.172630726946174
CO/N=C(\c1ccc([C@H](C)NS(C)(=O)=O)cc1)c1ccc(Cl)cc1S(=O)(=O)c1ccc(Cl)cc1,6.391473966422806,1,1,1,1,6.391473966422806,6.391473966422806,0.0,6.391473966422806
COC(=O)C(C)(C)NC(=O)c1cc2c(n(CC3CCCCC3)c1=O)CCCCCC2,9.522878745280337,1,1,1,1,9.522878745280337,9.522878745280337,0.0,9.522878745280337
COC(=O)C(C)(C)c1cc(O)c2c(c1)OC(C)(C)[C@@H]1CC=C(C)C[C@@H]21,7.448166543126604,2,2,2,1,7.434152181326482,7.462180904926726,0.028028723600243666,7.448166543126604
COC(=O)C(C)(C)c1ccc(-c2cc(C)cc(C)c2)c(O)c1,7.795880017344075,1,1,1,1,7.795880017344075,7.795880017344075,0.0,7.795880017344075
COC(=O)CCC(=O)n1c2ccccc2c2nnc(SCc3ccccc3C#N)nc21,6.443697499232712,1,1,1,1,6.443697499232712,6.443697499232712,0.0,6.443697499232712
COC(=O)CCC(C)(C)c1ccc(-c2cc(C)cc(C)c2)c(O)c1,8.2518119729938,1,1,1,1,8.2518119729938,8.2518119729938,0.0,8.2518119729938
COC(=O)CCCCC(C)(C)c1ccc(-c2cc(C)cc(C)c2)c(O)c1,7.853871964321762,1,1,1,1,7.853871964321762,7.853871964321762,0.0,7.853871964321762
COC(=O)CCCCOc1cccc2c(C(=O)c3ccc(OC)cc3)cn(CC3CCOCC3)c12,6.697452627512515,1,1,1,1,6.697452627512515,6.697452627512515,0.0,6.697452627512515
COC(=O)CCCCn1c(=O)c(C(=O)NC2CCC(C)CC2)cc2cccnc21,7.567030709125595,1,1,1,1,7.567030709125595,7.567030709125595,0.0,7.567030709125595
COC(=O)CCCn1c2ccccc2c2cc(C(=O)N3CCCCC3)ccc21,6.681936665037238,1,1,1,1,6.681936665037238,6.681936665037238,0.0,6.681936665037238
COC(=O)CCn1cc(C(=O)C2C(C)(C)C2(C)C)c2ccccc21,8.533816396300542,2,1,1,1,8.53003079050004,8.537602002101044,0.007571211601003824,8.533816396300542
COC(=O)Cn1nnc(Cc2ccc(-c3ccccc3)cc2)n1,5.0915149811213505,1,1,1,1,5.0915149811213505,5.0915149811213505,0.0,5.0915149811213505
COC(=O)N[C@]12CC3CC(C1)C[C@](c1cc(O)c4c(c1)OC(C)(C)[C@@H]1CC[C@@H](O)C[C@@H]41)(C3)C2,8.075720713938118,1,1,1,1,8.075720713938118,8.075720713938118,0.0,8.075720713938118
COC(=O)c1[nH]ccc1NC(=O)C12CC3CC(CC(C3)C1)C2,5.669223113481834,1,1,1,1,5.669223113481834,5.669223113481834,0.0,5.669223113481834
COC(=O)c1c(-c2ccccc2)csc1NC(=O)C12CC3CC(CC(C3)C1)C2,7.455931955649724,1,1,1,1,7.455931955649724,7.455931955649724,0.0,7.455931955649724
COC(=O)c1c(C)noc1NC(=O)C12CC3CC(CC(C3)C1)C2,7.188961491395784,1,1,1,1,7.188961491395784,7.188961491395784,0.0,7.188961491395784
COC(=O)c1c(NC(=O)C23CC4CC(CC(C4)C2)C3)cnn1C,5.965820907647182,1,1,1,1,5.965820907647182,5.965820907647182,0.0,5.965820907647182
COC(=O)c1c(NC(=O)C23CC4CC(CC(C4)C2)C3)sc(C)c1C,8.034328028779893,1,1,1,1,8.034328028779893,8.034328028779893,0.0,8.034328028779893
COC(=O)c1c(NC(=O)C23CC4CC(CC(C4)C2)C3)sc2c1CCCC2,8.29413628771608,1,1,1,1,8.29413628771608,8.29413628771608,0.0,8.29413628771608
COC(=O)c1c(NC(=O)C23CC4CC(CC(C4)C2)C3)sc2c1CCS(=O)(=O)C2,5.776312004726936,1,1,1,1,5.776312004726936,5.776312004726936,0.0,5.776312004726936
COC(=O)c1c(NC(=O)C23CC4CC(CC(C4)C2)C3)sc2c1CCSC2,7.2949920406666635,1,1,1,1,7.2949920406666635,7.2949920406666635,0.0,7.2949920406666635
COC(=O)c1c(NC(=O)C23CC4CC(CC(O)(C4)C2)C3)sc2c1CCCC2,8.481486060122112,1,1,1,1,8.481486060122112,8.481486060122112,0.0,8.481486060122112
COC(=O)c1c(NC(=O)N2CCCCC2)sc2c1CCCC2,6.708409174341998,1,1,1,1,6.708409174341998,6.708409174341998,0.0,6.708409174341998
COC(=O)c1c(NC(=O)N2CCOCC2)sc2c1CCCC2,5.603089620223423,1,1,1,1,5.603089620223423,5.603089620223423,0.0,5.603089620223423
COC(=O)c1c(NC(=O)NC23CC4CC(CC(C4)C2)C3)sc2c1CCCC2,7.678401569534656,1,1,1,1,7.678401569534656,7.678401569534656,0.0,7.678401569534656
COC(=O)c1c(NC(=O)Oc2ccccc2)sc2c1CCCC2,6.612503393064436,1,1,1,1,6.612503393064436,6.612503393064436,0.0,6.612503393064436
COC(=O)c1cc(-c2ccccc2)sc1NC(=O)C12CC3CC(CC(C3)C1)C2,8.188424994129406,1,1,1,1,8.188424994129406,8.188424994129406,0.0,8.188424994129406
COC(=O)c1cc(C)sc1NC(=O)C12CC3CC(CC(C3)C1)C2,7.6365760670828235,1,1,1,1,7.6365760670828235,7.6365760670828235,0.0,7.6365760670828235
COC(=O)c1cc(O)c(-c2cc(C)cc(C)c2)c(O)c1,5.346787486224656,1,1,1,1,5.346787486224656,5.346787486224656,0.0,5.346787486224656
COC(=O)c1cc(O)c(-c2cc(C)cc(C)c2)c(OC)c1,5.1938200260161125,1,1,1,1,5.1938200260161125,5.1938200260161125,0.0,5.1938200260161125
COC(=O)c1ccc(Cn2cc(/C=C3/C(=O)C4CCN3CC4)c3ccccc32)cc1,6.230622673923861,1,1,1,1,6.230622673923861,6.230622673923861,0.0,6.230622673923861
COC(=O)c1ccc2c(/C=C3/C(=O)C4CCN3CC4)cn(Cc3ccccc3)c2c1,8.602059991327963,1,1,1,1,8.602059991327963,8.602059991327963,0.0,8.602059991327963
COC(=O)c1ccc2c(C(=O)C3C(C)(C)C3(C)C)cn(CC3CCOCC3)c2c1,8.856996438960262,2,1,1,1,8.853871964321762,8.860120913598763,0.006248949277001259,8.856996438960262
COC(=O)c1ccc2c(c1)c(C(=O)C1C(C)(C)C1(C)C)cn2CC1CCOCC1,6.6217145013888725,2,1,1,1,6.620005959834258,6.623423042943488,0.0034170831092295018,6.6217145013888725
COC(=O)c1cccnc1NC(=O)C12CC3CC(CC(C3)C1)C2,5.913572538565575,1,1,1,1,5.913572538565575,5.913572538565575,0.0,5.913572538565575
COC(=O)c1ccsc1NC(=O)C12CC3CC(CC(C3)C1)C2,5.878072654642354,1,1,1,1,5.878072654642354,5.878072654642354,0.0,5.878072654642354
COC(=O)c1nn(C)cc1NC(=O)C12CC3CC(CC(C3)C1)C2,6.072927482332767,1,1,1,1,6.072927482332767,6.072927482332767,0.0,6.072927482332767
COC1CCN(C(=O)C23CC4CC(CC(C4)C2)C3)c2ccccc21,6.113509274827518,1,1,1,1,6.113509274827518,6.113509274827518,0.0,6.113509274827518
COC1CN(C(=O)c2c(NC(=O)c3ccccc3C(F)(F)F)sc3c2CCOC3)C1,6.046240308266771,1,1,1,1,6.046240308266771,6.046240308266771,0.0,6.046240308266771
COC1CN(c2ccc(C(=O)NC(C)(C)Cc3nnc(-c4ccc(F)cc4)o3)nc2OCC2CC2)C1,6.33170728955178,1,1,1,1,6.33170728955178,6.33170728955178,0.0,6.33170728955178
COC1CN(c2ccc(C(=O)NC3(CC(N)=O)COC3)nc2OCC2CC2)C1,5.992550955502251,1,1,1,1,5.992550955502251,5.992550955502251,0.0,5.992550955502251
COC1CN(c2ccc(C(=O)NCC3(O)CCCCC3)nc2OCC2CC2)C1,5.542511719095563,1,1,1,1,5.542511719095563,5.542511719095563,0.0,5.542511719095563
COC1CN(c2ccc(C(=O)N[C@H](COCCF)CC(C)C)nc2OCC2COC2)C1,6.480172006224281,1,1,1,1,6.480172006224281,6.480172006224281,0.0,6.480172006224281
COCC(=O)NC1CCCOc2c1nn(-c1ccccc1Cl)c2-c1ccc(Cl)cc1,4.812479279163537,1,1,1,1,4.812479279163537,4.812479279163537,0.0,4.812479279163537
COCC(C)(NC(=O)c1ccc(N2CCCCC2)c(S(=O)(=O)N2CCCCC2)c1)C1CC1,9.045757490560675,1,1,1,1,9.045757490560675,9.045757490560675,0.0,9.045757490560675
COCCC(C)(C)C(=O)Nc1cc(C)c(C)c(S(=O)(=O)N2CCOCC2)c1,6.958607314841775,1,1,1,1,6.958607314841775,6.958607314841775,0.0,6.958607314841775
COCCCn1c2ccccc2c2cc(C(=O)N3CCCCC3)ccc21,7.080921907623926,1,1,1,1,7.080921907623926,7.080921907623926,0.0,7.080921907623926
COCCCn1cc(C(=O)C2C(C)(C)C2(C)C)c2ccccc21,8.87802234901063,2,1,1,1,8.869988050328097,8.886056647693163,0.016068597365066495,8.87802234901063
COCCNC(=O)c1c(NC(=O)C23CC4CC(CC2C4)C3)sc2c1CCOC2,6.919987152892072,1,1,1,1,6.919987152892072,6.919987152892072,0.0,6.919987152892072
COCCNC(=O)c1c(NC(=O)c2c(F)cccc2C(F)(F)F)sc2c1CCOC2,6.043831569524636,1,1,1,1,6.043831569524636,6.043831569524636,0.0,6.043831569524636
COCCNC(=O)c1c(NC(=O)c2ccccc2C(F)(F)F)sc2c1CCOC2,6.000434511774017,1,1,1,1,6.000434511774017,6.000434511774017,0.0,6.000434511774017
COCCOC1CCN(C(=O)C23CC4CC(CC(C4)C2)C3)c2ccccc21,6.455931955649724,1,1,1,1,6.455931955649724,6.455931955649724,0.0,6.455931955649724
COCCOCC(C)(C)c1cc(NC(=O)c2ccc(C3CCCC3)c(OCC3CC3)n2)on1,6.532243948755967,1,1,1,1,6.532243948755967,6.532243948755967,0.0,6.532243948755967
COCCn1c(C)c(C(C)(C)C)s/c1=N\C(=O)c1ccc(C(F)(F)F)cc1,8.0,1,1,1,1,8.0,8.0,0.0,8.0
COCCn1c(C)c(C)s/c1=N\C(=O)C1C(C)(C)C1(C)C,9.193820026016112,1,1,1,1,9.193820026016112,9.193820026016112,0.0,9.193820026016112
COCCn1c(Cc2ccc(Cl)c(Cl)c2)nc2cc(C(F)(F)F)ccc21,5.0,1,1,1,1,5.0,5.0,0.0,5.0
COCCn1c2c(cc(C(=O)NC3(C(=O)O)CCCCC3)c1=O)CCCCCC2,6.531652669587842,1,1,1,1,6.531652669587842,6.531652669587842,0.0,6.531652669587842
COCCn1c2c(cc(C(=O)NCc3ccccc3)c1=O)CCCCCC2,8.096910013008056,1,1,1,1,8.096910013008056,8.096910013008056,0.0,8.096910013008056
COCCn1cc(C(=O)C2C(C)(C)C2(C)C)c2ccccc21,8.504338220284769,2,1,1,1,8.500038134403809,8.508638306165727,0.008600171761917963,8.504338220284769
COCCn1cc(C(=O)N[C@@H]2C(C)(C)C3CC[C@]2(C)C3)c(=O)c2ccc(F)cc21,8.259637310505756,1,1,1,1,8.259637310505756,8.259637310505756,0.0,8.259637310505756
COCCn1cc(C(=O)N[C@@H]2C(C)(C)C3CC[C@]2(C)C3)c(=O)c2ccc(Sc3ccccc3)cc21,8.958607314841775,1,1,1,1,8.958607314841775,8.958607314841775,0.0,8.958607314841775
COCCn1cc(C(=O)Nc2ccc3ccccc3c2)c2ccccc21,6.499996931948306,1,1,1,1,6.499996931948306,6.499996931948306,0.0,6.499996931948306
COCCn1cc(C(=O)Nc2cccc3ccccc23)c2ccccc21,6.599997654072045,1,1,1,1,6.599997654072045,6.599997654072045,0.0,6.599997654072045
COCCn1cc(C(=O)c2cccc3ccccc23)c2cccnc21,6.699991797446187,1,1,1,1,6.699991797446187,6.699991797446187,0.0,6.699991797446187
COCCn1cc(C(=O)c2cccc3ccccc23)c2ccncc21,7.599980364934842,1,1,1,1,7.599980364934842,7.599980364934842,0.0,7.599980364934842
COCCn1cc(C(=O)c2ccccc2-c2ccccc2)c2ccccc21,6.199998172182031,1,1,1,1,6.199998172182031,6.199998172182031,0.0,6.199998172182031
COCCn1cc(C(C)(C)C)s/c1=N\C(=O)c1cc(C(F)(F)F)ccc1OCc1cnccn1,7.346787486224656,1,1,1,1,7.346787486224656,7.346787486224656,0.0,7.346787486224656
COCCn1nc(C(C)(C)C)s/c1=N\C(=O)c1cc(C(F)(F)F)ccc1ONC(C)(C)C,7.4089353929735005,1,1,1,1,7.4089353929735005,7.4089353929735005,0.0,7.4089353929735005
COC[C@@H](COC(C)=O)N(C)C(=O)CC/C=C/CCCCC(Cl)CCCCCC(Cl)Cl,6.065501548756432,1,1,1,1,6.065501548756432,6.065501548756432,0.0,6.065501548756432
COC[C@@H](COC(C)=O)N(C)C(=O)CC/C=C/CCCCC(Cl)CCCCCCCl,5.987162775294828,1,1,1,1,5.987162775294828,5.987162775294828,0.0,5.987162775294828
COCc1ccc2c(c1)c(C(=O)C1C(C)(C)C1(C)C)cn2CC1CCOCC1,7.587546764348944,2,1,1,1,7.585026652029182,7.590066876668706,0.005040224639524027,7.587546764348944
CONC(=O)[C@@H](NC(=O)c1nn(-c2c[n+]([O-])ccn2)c2c1C[C@H]1C[C@@H]21)C(C)(C)C,8.42021640338319,1,1,1,1,8.42021640338319,8.42021640338319,0.0,8.42021640338319
COc1c(C)c(C)c2oc(=O)c(Cc3ccc(F)cc3)cc2c1C,5.8297382846050425,1,1,1,1,5.8297382846050425,5.8297382846050425,0.0,5.8297382846050425
COc1c(C)c(C)c2oc(=O)c(Cc3ccccc3)cc2c1C,5.752026733638193,1,1,1,1,5.752026733638193,5.752026733638193,0.0,5.752026733638193
COc1c(C)c(C)c2oc(=O)c(Cc3ccccc3C)cc2c1C,6.180456064458131,1,1,1,1,6.180456064458131,6.180456064458131,0.0,6.180456064458131
COc1c(C)cc(-c2ccc(F)cc2)cc1C(=O)NC1CCCCCC1,7.221848749616356,1,1,1,1,7.221848749616356,7.221848749616356,0.0,7.221848749616356
COc1c(C)cc(-c2ccc(F)cc2)cc1C(=O)N[C@H]1CC[C@@H](C)CC1,7.221848749616356,1,1,1,1,7.221848749616356,7.221848749616356,0.0,7.221848749616356
COc1c(C)cc(-c2ccc(F)cc2)cc1C(=O)N[C@H]1CC[C@H](C)CC1,7.045757490560675,1,1,1,1,7.045757490560675,7.045757490560675,0.0,7.045757490560675
COc1c(C)cc(-c2ccccc2)cc1C(=O)NC1CCCCCC1,6.914869142302521,2,2,2,1,6.8297382846050425,7.0,0.1702617153949575,6.914869142302521
COc1c(C)cc(-c2ccccc2)cc1C(=O)N[C@H]1CC[C@@H](C)CC1,6.823908740944319,1,1,1,1,6.823908740944319,6.823908740944319,0.0,6.823908740944319
COc1c(C)cc(-c2ccccc2)cc1C(=O)N[C@H]1CC[C@H](C)CC1,7.045757490560675,1,1,1,1,7.045757490560675,7.045757490560675,0.0,7.045757490560675
COc1c(Cc2ccc(F)cc2)cc(-c2ccc(F)cc2)cc1C(=O)NC1CCCCCC1,6.576754126063192,1,1,1,1,6.576754126063192,6.576754126063192,0.0,6.576754126063192
COc1c(Cc2ccc(F)cc2)cc(-c2ccc(F)cc2)cc1C(=O)N[C@H]1CC[C@@H](C)CC1,6.4723700991286615,1,1,1,1,6.4723700991286615,6.4723700991286615,0.0,6.4723700991286615
COc1c(Cc2ccc(F)cc2)cc(-c2ccc(F)cc2)cc1C(=O)N[C@H]1CC[C@H](C)CC1,5.9641701747471725,1,1,1,1,5.9641701747471725,5.9641701747471725,0.0,5.9641701747471725
COc1c(Cc2ccc(F)cc2)cc(-c2ccccc2)cc1C(=O)NC1CCCCCC1,7.075204004202088,1,1,1,1,7.075204004202088,7.075204004202088,0.0,7.075204004202088
COc1c(Cc2ccc(F)cc2)cc(-c2ccccc2)cc1C(=O)N[C@H]1CC[C@@H](C)CC1,5.95624487303132,1,1,1,1,5.95624487303132,5.95624487303132,0.0,5.95624487303132
COc1c(Cc2ccc(F)cc2)cc(-c2ccccc2)cc1C(=O)N[C@H]1CC[C@H](C)CC1,5.582196277360119,1,1,1,1,5.582196277360119,5.582196277360119,0.0,5.582196277360119
COc1c(Cc2ccccc2)cc(-c2ccccc2)cc1C(=O)NC1CCCCCC1,6.2262135550188065,1,1,1,1,6.2262135550188065,6.2262135550188065,0.0,6.2262135550188065
COc1c(Cc2ccccc2)cc(-c2ccccc2)cc1C(=O)N[C@H]1CC[C@@H](C)CC1,5.573976984310123,1,1,1,1,5.573976984310123,5.573976984310123,0.0,5.573976984310123
COc1c(Cc2ccccc2)cc(-c2ccccc2)cc1C(=O)N[C@H]1CC[C@H](C)CC1,5.317945222926193,1,1,1,1,5.317945222926193,5.317945222926193,0.0,5.317945222926193
COc1cc(Br)cc(C(=O)NC23CC4CC(CC(C4)C2)C3)c1OC,6.855425792390384,1,1,1,1,6.855425792390384,6.855425792390384,0.0,6.855425792390384
COc1cc(Br)cc(C(=O)NC23CC4CC(CC(C4)C2)C3)c1OCc1ccccc1,5.494850021680094,1,1,1,1,5.494850021680094,5.494850021680094,0.0,5.494850021680094
COc1cc(C(=O)O)cc(OC)c1-c1cc(C)cc(C)c1,5.0,1,1,1,1,5.0,5.0,0.0,5.0
COc1cc(C(=O)c2ccccc2)cc(O)c1-c1cc(Cl)cc(Cl)c1,8.321481620959887,1,1,1,1,8.321481620959887,8.321481620959887,0.0,8.321481620959887
COc1cc(C(C)(C)CCCCCCN=C=S)cc(OC)c1[C@@H]1C=C(CO)[C@@H]2C[C@H]1C2(C)C,6.91721462968355,1,1,1,1,6.91721462968355,6.91721462968355,0.0,6.91721462968355
COc1cc(C(C)(C)CCCCCCN=C=S)cc(OC)c1[C@H]1C=C(CO)[C@H]2C[C@@H]1C2(C)C,7.882728704344236,1,1,1,1,7.882728704344236,7.882728704344236,0.0,7.882728704344236
COc1cc(C(O)c2ccccc2)cc(OC)c1-c1cc(Cl)cc(Cl)c1,8.779891911959945,1,1,1,1,8.779891911959945,8.779891911959945,0.0,8.779891911959945
COc1cc(C)cc2oc(=O)c(Cc3ccc(C)cc3)cc12,5.3223930472795065,1,1,1,1,5.3223930472795065,5.3223930472795065,0.0,5.3223930472795065
COc1cc(C)cc2oc(=O)c(Cc3ccc(Cl)cc3)cc12,5.027334407733889,1,1,1,1,5.027334407733889,5.027334407733889,0.0,5.027334407733889
COc1cc(C)cc2oc(=O)c(Cc3ccccc3C)cc12,5.665546248849069,1,1,1,1,5.665546248849069,5.665546248849069,0.0,5.665546248849069
COc1cc(C)cc2oc(=O)c(Cc3ccccc3Cl)cc12,5.8124792791635365,1,1,1,1,5.8124792791635365,5.8124792791635365,0.0,5.8124792791635365
COc1cc(C)cc2oc(=O)c(Cc3ccccc3O)cc12,5.280668713016274,1,1,1,1,5.280668713016274,5.280668713016274,0.0,5.280668713016274
COc1cc(CNC(=O)c2nn(-c3ccc(Cl)cc3Cl)c(-n3c(C)ccc3C)c2C)c(Br)c(OC)c1OC,6.257274868695301,1,1,1,1,6.257274868695301,6.257274868695301,0.0,6.257274868695301
COc1cc(CNC(=O)c2nn(-c3ccc(Cl)cc3Cl)c(-n3cccc3)c2C)c(Br)c(OC)c1OC,6.215382707367125,1,1,1,1,6.215382707367125,6.215382707367125,0.0,6.215382707367125
COc1cc(CNC(=O)c2nn(-c3ccc(F)cc3F)c(-n3c(C)ccc3C)c2C)c(Br)c(OC)c1OC,6.428291168191312,1,1,1,1,6.428291168191312,6.428291168191312,0.0,6.428291168191312
COc1cc(CNC(=O)c2nn(-c3ccc(F)cc3F)c(-n3cccc3)c2C)c(Br)c(OC)c1OC,6.131355561605174,1,1,1,1,6.131355561605174,6.131355561605174,0.0,6.131355561605174
COc1cc2c(cc1O)c(C(=O)C1C(C)(C)C1(C)C)cn2CC1CCOCC1,9.157460701153699,2,1,1,1,9.154901959985743,9.160019442321657,0.005117482335913692,9.157460701153699
COc1cc2c(cc1OCc1ccccc1)c(C(=O)C1C(C)(C)C1(C)C)cn2CC1CCOCC1,8.747397869131248,2,1,1,1,8.744727494896694,8.750068243365805,0.005340748469111034,8.747397869131248
COc1ccc(-c2c(C)c3c(n2-c2ccccc2Cl)CCN(N2CCCCC2)C3=O)cc1,6.070581074285707,1,1,1,1,6.070581074285707,6.070581074285707,0.0,6.070581074285707
COc1ccc(-c2cc(C(=O)NC3CCCCCC3)c(=O)n(Cc3ccc(F)cc3)c2)cc1,9.0,1,1,1,1,9.0,9.0,0.0,9.0
COc1ccc(-c2cc(C(=O)NC3CCCCCC3)c(=O)n(Cc3ccc(F)cc3)c2C)cc1,7.581698708680254,1,1,1,1,7.581698708680254,7.581698708680254,0.0,7.581698708680254
COc1ccc(-c2cc(C(=O)NC3CCCCCC3)c(OCc3ccc(F)cc3)nc2C)cc1,6.036684488613888,1,1,1,1,6.036684488613888,6.036684488613888,0.0,6.036684488613888
COc1ccc(-c2cc(C)c(OC)c(C(=O)NC3CCCCCC3)c2)cc1,5.561932549546507,1,1,1,1,5.561932549546507,5.561932549546507,0.0,5.561932549546507
COc1ccc(-c2cc(Cc3ccc(F)cc3)c(OC)c(C(=O)N[C@H]3CC[C@@H](C)CC3)c2)cc1,6.707743928643524,1,1,1,1,6.707743928643524,6.707743928643524,0.0,6.707743928643524
COc1ccc(-c2cc(Cc3ccc(F)cc3)c(OC)c(C(=O)N[C@H]3CC[C@H](C)CC3)c2)cc1,6.090979145788844,1,1,1,1,6.090979145788844,6.090979145788844,0.0,6.090979145788844
COc1ccc(-c2cn(Cc3ccc(F)cc3)c(=O)c(C(=O)NC3CCCCCC3)c2C)cc1,8.102372908709558,1,1,1,1,8.102372908709558,8.102372908709558,0.0,8.102372908709558
COc1ccc(-c2cnc3c(c2)cc(C(=O)NC2CCC(C)CC2)c(=O)n3CCN2CCOCC2)cc1,8.832682665251824,1,1,1,1,8.832682665251824,8.832682665251824,0.0,8.832682665251824
COc1ccc(-c2cnc3c(c2)cc(C(=O)NC2CCC(C)CC2)c(=O)n3Cc2ccc(F)cc2)cc1,8.416801226031378,1,1,1,1,8.416801226031378,8.416801226031378,0.0,8.416801226031378
COc1ccc(-c2nc3ccccc3n2C(=O)c2cccc3ccccc23)cc1,5.721246399047171,1,1,1,1,5.721246399047171,5.721246399047171,0.0,5.721246399047171
COc1ccc(-c2oc3cc(OC)ccc3c2C(=O)c2ccc(C#N)cc2)cc1,4.830000113973616,1,1,1,1,4.830000113973616,4.830000113973616,0.0,4.830000113973616
COc1ccc(-c2oc3ccccc3c2C(=O)c2ccc(N(C)Cc3ccc(F)cc3)cc2)cc1,8.568636235841012,1,1,1,1,8.568636235841012,8.568636235841012,0.0,8.568636235841012
COc1ccc(-c2oc3ccccc3c2C(=O)c2ccc(N(Cc3ccc(F)cc3)Cc3ccc(F)cc3)cc2)cc1,6.366531544420413,1,1,1,1,6.366531544420413,6.366531544420413,0.0,6.366531544420413
COc1ccc(-c2oc3ccccc3c2C(=O)c2ccc(N(Cc3ccccc3)Cc3ccccc3)cc2)cc1,6.036212172654444,1,1,1,1,6.036212172654444,6.036212172654444,0.0,6.036212172654444
COc1ccc(-c2oc3ccccc3c2C(=O)c2ccc(NCC3CC3)cc2)cc1,6.958607314841775,1,1,1,1,6.958607314841775,6.958607314841775,0.0,6.958607314841775
COc1ccc(-c2oc3ccccc3c2C(=O)c2ccc(NCc3cc(F)cc(F)c3)cc2)cc1,6.522878745280337,1,1,1,1,6.522878745280337,6.522878745280337,0.0,6.522878745280337
COc1ccc(-c2oc3ccccc3c2C(=O)c2ccc(NCc3ccc(C#N)cc3)cc2)cc1,7.698970004336019,1,1,1,1,7.698970004336019,7.698970004336019,0.0,7.698970004336019
COc1ccc(-c2oc3ccccc3c2C(=O)c2ccc(NCc3ccc(F)cc3)cc2)cc1,7.698970004336019,1,1,1,1,7.698970004336019,7.698970004336019,0.0,7.698970004336019
COc1ccc(-c2oc3ccccc3c2C(=O)c2ccc(NCc3ccccc3)cc2)cc1,6.769551078621726,1,1,1,1,6.769551078621726,6.769551078621726,0.0,6.769551078621726
COc1ccc(-c2oc3ccccc3c2C(=O)c2ccc(NCc3ccccn3)cc2)cc1,5.872895201635192,1,1,1,1,5.872895201635192,5.872895201635192,0.0,5.872895201635192
COc1ccc(-c2oc3ccccc3c2C(=O)c2ccc(OCCCN(C)Cc3ccccc3)cc2)cc1,6.920818753952375,1,1,1,1,6.920818753952375,6.920818753952375,0.0,6.920818753952375
COc1ccc(-c2oc3ccccc3c2C(=O)c2ccc(OCCN(C)Cc3ccccc3)cc2)cc1,6.161150909262744,1,1,1,1,6.161150909262744,6.161150909262744,0.0,6.161150909262744
COc1ccc(-c2sc3ccccc3c2C(=O)c2cccc3ccccc23)cc1,6.522878745280337,1,1,1,1,6.522878745280337,6.522878745280337,0.0,6.522878745280337
COc1ccc(-n2c(-c3ccc(Cl)cc3Cl)nc(C(=O)NN3CCCCC3)c2C)cc1,6.486782399932061,1,1,1,1,6.486782399932061,6.486782399932061,0.0,6.486782399932061
COc1ccc(/C=C2\C=C(CCN3CCOCC3)c3ccccc32)c2ccccc12,8.39040559077478,1,1,1,1,8.39040559077478,8.39040559077478,0.0,8.39040559077478
COc1ccc(/C=C2\N=C3SCCCN3C2=O)c(OC)c1,5.590066876668706,1,1,1,1,5.590066876668706,5.590066876668706,0.0,5.590066876668706
COc1ccc(/N=C2\SCC3(CCCCC3)CN2C(=S)SC)cc1,8.42021640338319,1,1,1,1,8.42021640338319,8.42021640338319,0.0,8.42021640338319
COc1ccc(C(=O)NC23CC4CC(CC(C4)C2)C3)cc1,5.610833915635467,1,1,1,1,5.610833915635467,5.610833915635467,0.0,5.610833915635467
COc1ccc(C(=O)NC23CC4CC(CC(C4)C2)C3)cc1OC,5.522878745280337,1,1,1,1,5.522878745280337,5.522878745280337,0.0,5.522878745280337
COc1ccc(C(=O)c2c(-c3ccc(OC)cc3)sc3ccccc23)cc1,7.0,1,1,1,1,7.0,7.0,0.0,7.0
COc1ccc(C(=O)c2c(C)n(CCN3CCOCC3)c3cc(I)ccc23)cc1,7.443697499232712,3,3,3,1,7.040958607678906,7.505845405981557,0.46488679830265056,7.443697499232712
COc1ccc(C(=O)c2c(CC(C)C)sc3ccccc23)cc1,7.0,1,1,1,1,7.0,7.0,0.0,7.0
COc1ccc(C(=O)c2cn(CC3CCOCC3)c3c(O)cccc23)cc1,7.268411234813261,1,1,1,1,7.268411234813261,7.268411234813261,0.0,7.268411234813261
COc1ccc(C(=O)c2cn(CC3CCOCC3)c3c(OCC(=O)O)cccc23)cc1,6.235226283088959,1,1,1,1,6.235226283088959,6.235226283088959,0.0,6.235226283088959
COc1ccc(C(=O)c2cn(CC3CCOCC3)c3c(OCCCCC(=O)O)cccc23)cc1,5.883724412419456,1,1,1,1,5.883724412419456,5.883724412419456,0.0,5.883724412419456
COc1ccc(C(=O)c2cn(CC3CCOCC3)c3c(OCCCCCCNC(C)=O)cccc23)cc1,5.705754283861882,1,1,1,1,5.705754283861882,5.705754283861882,0.0,5.705754283861882
COc1ccc(C(=O)c2cn(CC3CCOCC3)c3ccc(O)cc23)cc1,6.920456992597094,1,1,1,1,6.920456992597094,6.920456992597094,0.0,6.920456992597094
COc1ccc(C(=O)c2cn(CC3CCOCC3)c3ccc(OCC(=O)O)cc23)cc1,5.779891911959945,1,1,1,1,5.779891911959945,5.779891911959945,0.0,5.779891911959945
COc1ccc(C(=O)c2cn(CCN3CCOCC3)c3ccc(O)cc23)cc1,6.126912014409714,1,1,1,1,6.126912014409714,6.126912014409714,0.0,6.126912014409714
COc1ccc(C(=O)n2c(-c3ccc(OC)cc3)nc3ccccc32)cc1,5.823908740944319,1,1,1,1,5.823908740944319,5.823908740944319,0.0,5.823908740944319
COc1ccc(C(=O)n2c(C(C)(C)C)nc3ccccc32)cc1,6.221848749616356,1,1,1,1,6.221848749616356,6.221848749616356,0.0,6.221848749616356
COc1ccc(C(=O)n2c(C(C)C)nc3ccccc32)cc1,6.096910013008056,1,1,1,1,6.096910013008056,6.096910013008056,0.0,6.096910013008056
COc1ccc(C(=O)n2c(C3CCC3)nc3ccccc32)cc1,6.045757490560675,1,1,1,1,6.045757490560675,6.045757490560675,0.0,6.045757490560675
COc1ccc(C(=O)n2c(C3CCCC3)nc3ccccc32)cc1,6.301029995663981,1,1,1,1,6.301029995663981,6.301029995663981,0.0,6.301029995663981
COc1ccc(C(=O)n2c(C3CCCCC3)nc3ccccc32)cc1,6.154901959985743,1,1,1,1,6.154901959985743,6.154901959985743,0.0,6.154901959985743
COc1ccc(C(C(=O)NCCC(c2ccccc2)c2ccccc2)c2ccccc2)cc1,6.102372908709558,1,1,1,1,6.102372908709558,6.102372908709558,0.0,6.102372908709558
COc1ccc(C(NC(=O)Cc2ccc(Cl)cc2)NC(=O)Cc2ccc(Cl)cc2)cc1,6.508638306165727,2,1,1,1,6.508638306165727,6.508638306165727,0.0,6.508638306165727
COc1ccc(C(NC(=O)Cc2ccccc2)NC(=O)Cc2ccccc2)cc1,6.106238237942057,2,1,1,1,6.106238237942057,6.106238237942057,0.0,6.106238237942057
COc1ccc(C(c2ccc(Cl)cc2Cl)N2CCN(C(=O)NC3CCCCC3)CC2)cc1,6.537602002101044,1,1,1,1,6.537602002101044,6.537602002101044,0.0,6.537602002101044
COc1ccc(C2C(CCS(=O)(=O)c3ccccc3)C(=O)N2c2ccccc2)cc1,5.9055987554170635,1,1,1,1,5.9055987554170635,5.9055987554170635,0.0,5.9055987554170635
COc1ccc(C2c3cccn3-c3ccccc3N2C(=O)CN(C(=O)NC(C)(C)C)C(C)C)cc1,5.305131672017544,1,1,1,1,5.305131672017544,5.305131672017544,0.0,5.305131672017544
COc1ccc(CCNC(=O)c2nn(-c3ccc(Cl)cc3Cl)c(-n3c(C)ccc3C)c2C)cc1Cl,5.458046525541764,1,1,1,1,5.458046525541764,5.458046525541764,0.0,5.458046525541764
COc1ccc(CCNC(=O)c2nn(-c3ccc(Cl)cc3Cl)c(-n3cccc3)c2C)cc1Cl,5.5395532161192795,1,1,1,1,5.5395532161192795,5.5395532161192795,0.0,5.5395532161192795
COc1ccc(CCNC(=O)c2nn(-c3ccc(F)cc3F)c(-n3cccc3)c2C)cc1Cl,5.711080394338273,1,1,1,1,5.711080394338273,5.711080394338273,0.0,5.711080394338273
COc1ccc(CNc2ccc(C(=O)c3c(-c4ccc(OC)cc4)oc4ccccc34)cc2)cc1,5.991399828238082,1,1,1,1,5.991399828238082,5.991399828238082,0.0,5.991399828238082
COc1ccc(COc2n[nH]c3ccc([N+](=O)[O-])cc23)cc1,5.7447274948966935,1,1,1,1,5.7447274948966935,5.7447274948966935,0.0,5.7447274948966935
COc1ccc(COc2n[nH]c3ccccc23)cc1,5.346787486224656,1,1,1,1,5.346787486224656,5.346787486224656,0.0,5.346787486224656
COc1ccc(COc2nn(CCN(C(C)C)C(C)C)c3ccc([N+](=O)[O-])cc23)cc1,5.045757490560675,1,1,1,1,5.045757490560675,5.045757490560675,0.0,5.045757490560675
COc1ccc(COc2nn(CCN(C(C)C)C(C)C)c3ccccc23)cc1,5.113509274827518,1,1,1,1,5.113509274827518,5.113509274827518,0.0,5.113509274827518
COc1ccc(COc2nn(Cc3ccc(OC)cc3)c3ccccc23)cc1,6.045757490560675,1,1,1,1,6.045757490560675,6.045757490560675,0.0,6.045757490560675
COc1ccc(Cc2cc3c(OC)cc(C)cc3oc2=O)c(OC)c1,5.555955204081924,1,1,1,1,5.555955204081924,5.555955204081924,0.0,5.555955204081924
COc1ccc(Cc2cc3c(OC)cc(C)cc3oc2=O)cc1,5.235823867609669,1,1,1,1,5.235823867609669,5.235823867609669,0.0,5.235823867609669
COc1ccc(Cn2c(-c3ccc(OC)cc3)nc3ccccc32)cc1,6.154901959985743,1,1,1,1,6.154901959985743,6.154901959985743,0.0,6.154901959985743
COc1ccc(OC)c(N(CC(=O)NCc2ccncc2)S(=O)(=O)c2ccc(C)cc2)c1,8.869666231504993,1,1,1,1,8.869666231504993,8.869666231504993,0.0,8.869666231504993
COc1ccc(OC)c2c(=O)c(C(=O)NC34CC5CC(CC(C5)C3)C4)c[nH]c12,7.279014255846261,1,1,1,1,7.279014255846261,7.279014255846261,0.0,7.279014255846261
COc1ccc(S(=O)(=O)N(Cc2ccc(N3CCCCC3)cc2)c2ccccc2)cc1,7.494850021680094,1,1,1,1,7.494850021680094,7.494850021680094,0.0,7.494850021680094
COc1ccc(S(=O)(=O)c2cc(OC)ccc2C(=O)c2ccc([C@H](C)NS(C)(=O)=O)cc2)cc1,7.356547323513812,1,1,1,1,7.356547323513812,7.356547323513812,0.0,7.356547323513812
COc1ccc(S(=O)(=O)c2cc(OC)ccc2Cc2ccc([C@H](C)NS(C)(=O)=O)cc2)cc1,9.221848749616356,1,1,1,1,9.221848749616356,9.221848749616356,0.0,9.221848749616356
COc1ccc(S(=O)(=O)c2cc(OC)ccc2S(=O)(=O)c2ccc(C(C)(C)NS(C)(=O)=O)cc2)cc1,8.221848749616356,1,1,1,1,8.221848749616356,8.221848749616356,0.0,8.221848749616356
COc1ccc(S(=O)(=O)c2cc(OC)ccc2S(=O)(=O)c2ccc(CNS(C)(=O)=O)cc2)cc1,8.886056647693163,1,1,1,1,8.886056647693163,8.886056647693163,0.0,8.886056647693163
COc1ccc(S(=O)(=O)c2cc(OC)ccc2S(=O)(=O)c2ccc([C@@H](C)NS(C)(=O)=O)cc2)cc1,7.522878745280337,1,1,1,1,7.522878745280337,7.522878745280337,0.0,7.522878745280337
COc1ccc(S(=O)(=O)c2cc(OC)ccc2S(=O)(=O)c2ccc([C@H](C)NS(C)(=O)=O)cc2)cc1,9.397940008672037,1,1,1,1,9.397940008672037,9.397940008672037,0.0,9.397940008672037
COc1ccc(S(=O)(=O)c2ccc(C(C)NS(C)(=O)=O)cc2)c(S(=O)(=O)c2ccc(O[11CH3])cc2)c1,8.346787486224656,1,1,1,1,8.346787486224656,8.346787486224656,0.0,8.346787486224656
COc1ccc(S(=O)(=O)c2ccc(Cl)cc2S(=O)(=O)N2CCC3(CC2)CC3NS(=O)(=O)C(F)(F)F)cc1,9.187086643357144,1,1,1,1,9.187086643357144,9.187086643357144,0.0,9.187086643357144
COc1ccc(S(=O)(=O)c2ccc([C@H](C)NS(C)(=O)=O)cc2)c(S(=O)(=O)c2ccc(Cl)cc2)c1,9.045757490560675,1,1,1,1,9.045757490560675,9.045757490560675,0.0,9.045757490560675
COc1ccc(S(=O)(=O)c2ccc([C@H](C)NS(C)(=O)=O)cc2)c(S(=O)(=O)c2ccc(O[11CH3])cc2)c1,8.346787486224656,1,1,1,1,8.346787486224656,8.346787486224656,0.0,8.346787486224656
COc1ccc(S(=O)(=O)c2ccc([C@H](C)NS(C)(=O)=O)cc2)c(S(=O)(=O)c2ccccc2)c1,9.221848749616356,1,1,1,1,9.221848749616356,9.221848749616356,0.0,9.221848749616356
COc1ccc([C@@H]2[C@@H](CCCc3cccnc3)C(=O)N2c2ccccc2)cc1,5.9623743300852805,1,1,1,1,5.9623743300852805,5.9623743300852805,0.0,5.9623743300852805
COc1ccc([C@@H]2[C@@H](Cc3cc4ccccc4o3)C(=O)N2c2ccccc2)cc1,6.711750774428014,1,1,1,1,6.711750774428014,6.711750774428014,0.0,6.711750774428014
COc1ccc2c(=O)c(C(=O)NC3CCCCC3)cn(CCN3CCOCC3)c2c1,7.102372908709558,1,1,1,1,7.102372908709558,7.102372908709558,0.0,7.102372908709558
COc1ccc2c(=O)c(C(=O)NC3CCCCC3)cn(Cc3ccccc3)c2c1,7.102372908709558,1,1,1,1,7.102372908709558,7.102372908709558,0.0,7.102372908709558
COc1ccc2c(=O)c(C(=O)NC3CCCCC3)cn(Cc3ccccc3)c2n1,7.958607314841775,1,1,1,1,7.958607314841775,7.958607314841775,0.0,7.958607314841775
COc1ccc2c(C(=O)C3C(C)(C)C3(C)C)cn(CC3CCOCC3)c2c1,9.291198562418156,2,1,1,1,9.289967300934247,9.292429823902063,0.0024625229678161276,9.291198562418156
COc1ccc2c(c1)-c1c(O)cc(C34CC5CC(CC(C5)C3)C4)cc1OC2(C)C,6.471083299722345,1,1,1,1,6.471083299722345,6.471083299722345,0.0,6.471083299722345
COc1ccc2c(c1)N(C)C(C)(C)[C@@H]1CC[C@@H](C)C[C@@H]21,7.267606240177031,1,1,1,1,7.267606240177031,7.267606240177031,0.0,7.267606240177031
COc1ccc2c(c1)OC(C)(C)c1cn(CCN3CCN(C(=O)C(C)(C)C)CC3)nc1-2,5.194363233694065,1,1,1,1,5.194363233694065,5.194363233694065,0.0,5.194363233694065
COc1ccc2c(c1)OC(C)(C)c1cn(CCN3CCN(C(=O)C4CCCCC4)CC3)nc1-2,6.281498311132726,1,1,1,1,6.281498311132726,6.281498311132726,0.0,6.281498311132726
COc1ccc2c(c1)OC(C)(C)c1cn(CCN3CCN(C(=O)C4CCCO4)CC3)nc1-2,5.969400278034049,1,1,1,1,5.969400278034049,5.969400278034049,0.0,5.969400278034049
COc1ccc2c(c1)OC(C)(C)c1cn(CCN3CCN(C(=O)c4ccccc4)CC3)nc1-2,5.443215217692975,1,1,1,1,5.443215217692975,5.443215217692975,0.0,5.443215217692975
COc1ccc2c(c1)OC(C)(C)c1cn(CCN3CCN(C(=O)c4ccco4)CC3)nc1-2,6.156144577376839,1,1,1,1,6.156144577376839,6.156144577376839,0.0,6.156144577376839
COc1ccc2c(c1)OC(C)(C)c1cn(CCN3CCN(C(=O)c4cccs4)CC3)nc1-2,7.8124792791635365,1,1,1,1,7.8124792791635365,7.8124792791635365,0.0,7.8124792791635365
COc1ccc2c(c1)OC(C)(C)c1cn(CNC(=O)CN3CCN(c4ccccc4)CC3)nc1-2,5.801893001126599,1,1,1,1,5.801893001126599,5.801893001126599,0.0,5.801893001126599
COc1ccc2c(c1)OC(C)(C)c1cnn(CNC(=O)CN3CCN(c4ccccc4)CC3)c1-2,5.307770164227245,1,1,1,1,5.307770164227245,5.307770164227245,0.0,5.307770164227245
COc1ccc2c(c1)c(C(=O)C1C(C)(C)C1(C)C)cn2CC1CCOCC1,8.338615473514547,2,1,1,1,8.337242168318426,8.33998877871067,0.0027466103922435536,8.338615473514547
COc1ccc2c(c1)c(C(=O)C1C(C)(C)C1(C)C)cn2CCN1CCOCC1,6.6276284961907335,2,1,1,1,6.625251653989896,6.630005338391571,0.004753684401675784,6.6276284961907335
COc1ccc2c(c1)c(CCN1CCOCC1)c(C)n2C(=O)c1ccc(Cl)cc1Cl,8.4089353929735,1,1,1,1,8.4089353929735,8.4089353929735,0.0,8.4089353929735
COc1ccc2c(c1)c(CCN1CCOCC1)c(C)n2C(=O)c1cccc(Cl)c1Cl,8.161150909262744,3,3,3,1,8.0,8.42021640338319,0.4202164033831899,8.161150909262744
COc1ccc2cc(C(=O)NCC(F)c3ccccc3)c(=O)[nH]c2c1OC,7.657577319177793,1,1,1,1,7.657577319177793,7.657577319177793,0.0,7.657577319177793
COc1ccc2cc(C(=O)NCCc3ccc(F)cc3)c(=O)[nH]c2c1OC,8.301029995663981,1,1,1,1,8.301029995663981,8.301029995663981,0.0,8.301029995663981
COc1cccc(/N=C2\SCC3(CCCCC3)CN2C(=S)SC)c1,9.0,1,1,1,1,9.0,9.0,0.0,9.0
COc1cccc(C(=O)NC23CC4CC(CC(C4)C2)C3)c1,6.292429823902063,1,1,1,1,6.292429823902063,6.292429823902063,0.0,6.292429823902063
COc1cccc(C(=O)NC23CC4CC(CC(C4)C2)C3)c1Cc1ccccc1,6.464073258604431,1,1,1,1,6.464073258604431,6.464073258604431,0.0,6.464073258604431
COc1cccc(C(=O)NC23CC4CC(CC(C4)C2)C3)c1O,6.81502480930174,1,1,1,1,6.81502480930174,6.81502480930174,0.0,6.81502480930174
COc1cccc(C(=O)NC23CC4CC(CC(C4)C2)C3)c1OC,7.057495893831919,1,1,1,1,7.057495893831919,7.057495893831919,0.0,7.057495893831919
COc1cccc(CNC(=O)c2ccc(Br)c(S(=O)(=O)N3CCCCC3)c2)c1,6.698970004336019,1,1,1,1,6.698970004336019,6.698970004336019,0.0,6.698970004336019
COc1cccc(Cc2cc3c(OC)cc(Br)cc3oc2=O)c1,5.610833915635467,1,1,1,1,5.610833915635467,5.610833915635467,0.0,5.610833915635467
COc1cccc(Cc2cc3c(OC)cc(C)cc3oc2=O)c1,5.4723700991286615,1,1,1,1,5.4723700991286615,5.4723700991286615,0.0,5.4723700991286615
COc1cccc(Cc2cc3c(OC)cc(CBr)cc3oc2=O)c1,4.876148359032914,1,1,1,1,4.876148359032914,4.876148359032914,0.0,4.876148359032914
COc1cccc(N2C(C(C)=O)=NN(c3ccc(Cl)cc3)C2c2ccc(N3CCOCC3)cc2)c1,5.406824736521898,1,1,1,1,5.406824736521898,5.406824736521898,0.0,5.406824736521898
COc1cccc2c(-c3nsc(CN4CCN(CC(N)=O)CC4)n3)cn(CC3CCOCC3)c12,7.79997073344623,1,1,1,1,7.79997073344623,7.79997073344623,0.0,7.79997073344623
COc1cccc2c(=O)c(C(=O)NC(C)(C)C)cn(CCCF)c12,6.1249387366083,1,1,1,1,6.1249387366083,6.1249387366083,0.0,6.1249387366083
COc1cccc2c(=O)c(C(=O)NC34CC5CC(CC(C5)C3)C4)c[nH]c12,5.463062977295326,1,1,1,1,5.463062977295326,5.463062977295326,0.0,5.463062977295326
COc1cccc2c(=O)c(C(=O)NC34CC5CC(CC(C5)C3)C4)cn(CCOCCC[18F])c12,9.045757490560675,1,1,1,1,9.045757490560675,9.045757490560675,0.0,9.045757490560675
COc1cccc2c(=O)c(C(=O)NC34CC5CC(CC(C5)C3)C4)cn(CCOCC[18F])c12,8.920818753952375,1,1,1,1,8.920818753952375,8.920818753952375,0.0,8.920818753952375
COc1cccc2c(C(=O)C3C(C)(C)C3(C)C)cn(CC3CCOCC3)c12,9.955198255961129,3,2,2,1,9.899974269892137,10.0,0.10002573010786264,9.920818753952375
COc1cccc2c(C(=O)N(Cc3c(F)cccc3Cl)C(C)C)nn(CCN3CCOCC3)c12,7.161150909262744,1,1,1,1,7.161150909262744,7.161150909262744,0.0,7.161150909262744
COc1cccc2c(C(=O)N3CCN4CCCC[C@H]4C3)cn(CC3CCCCC3)c12,8.400007822415901,1,1,1,1,8.400007822415901,8.400007822415901,0.0,8.400007822415901
COc1cccc2c(C(=O)N3C[C@@H](C)N(C)[C@@H](C)C3)cn(CC3CCCCC3)c12,9.100015437450608,1,1,1,1,9.100015437450608,9.100015437450608,0.0,9.100015437450608
COc1cccc2c(C(=O)NC(c3ccccc3)c3ccccn3)nn(CCN3CCOCC3)c12,6.835647144215563,1,1,1,1,6.835647144215563,6.835647144215563,0.0,6.835647144215563
COc1cccc2c(C(=O)NC3C(C)(C)[C@@H]4CC[C@@]3(C)C4)c(C)n(CCN3CCOCC3)c12,7.537602002101044,1,1,1,1,7.537602002101044,7.537602002101044,0.0,7.537602002101044
COc1cccc2c(C(=O)NC3C(C)(C)[C@@H]4CC[C@@]3(C)C4)cn(CCN3CCOCC3)c12,7.958607314841775,1,1,1,1,7.958607314841775,7.958607314841775,0.0,7.958607314841775
COc1cccc2c(C(=O)NC3C(C)(C)[C@@H]4CC[C@@]3(C)C4)nn(CCN3CCOCC3)c12,8.698970004336019,1,1,1,1,8.698970004336019,8.698970004336019,0.0,8.698970004336019
COc1cccc2c(C(=O)N[C@@H]3C(C)(C)[C@@H]4CC[C@@]3(C)C4)cn(CCN3CCOCC3)c12,7.958607314841775,1,1,1,1,7.958607314841775,7.958607314841775,0.0,7.958607314841775
COc1cccc2c(C(=O)N[C@@H]3C(C)(C)[C@@H]4CC[C@@]3(C)C4)nn(CCN3CCOCC3)c12,8.698970004336019,1,1,1,1,8.698970004336019,8.698970004336019,0.0,8.698970004336019
COc1cccc2c(C(=O)c3ccc(Br)c4ccccc34)c(C)n(CCN3CCOCC3)c12,8.744727494896694,1,1,1,1,8.744727494896694,8.744727494896694,0.0,8.744727494896694
COc1cccc2c1c(C(=O)C1C(C)(C)C1(C)C)cn2CC1CCOCC1,8.480763439685022,2,1,1,1,8.480040819247932,8.481486060122112,0.0014452408741796319,8.480763439685022
COc1cccc2c3c(=O)n([C@@H]4C(C)(C)[C@@H]5CC[C@@]4(C)C5)ccc3n(CCN3CCOCC3)c12,9.0,1,1,1,1,9.0,9.0,0.0,9.0
COc1ccccc1-c1cc(C(=O)NC23CC4CC(CC(C4)C2)C3)no1,7.154281982033341,1,1,1,1,7.154281982033341,7.154281982033341,0.0,7.154281982033341
COc1ccccc1/N=C1\OCC2(CCCCC2)CN1C(=S)SC,9.045757490560675,1,1,1,1,9.045757490560675,9.045757490560675,0.0,9.045757490560675
COc1ccccc1/N=C1\SCC(C)(C)CN1C(=S)SC,7.7447274948966935,1,1,1,1,7.7447274948966935,7.7447274948966935,0.0,7.7447274948966935
COc1ccccc1/N=C1\SCC2(CCCCC2)CN1C(=S)SC,8.958607314841775,1,1,1,1,8.958607314841775,8.958607314841775,0.0,8.958607314841775
COc1ccccc1C(=O)NC12CC3CC(CC(C3)C1)C2,6.411840383616909,1,1,1,1,6.411840383616909,6.411840383616909,0.0,6.411840383616909
COc1ccccc1CNC(=O)c1nn(CCN2CCOCC2)c2c(OC)cccc12,7.113509274827518,1,1,1,1,7.113509274827518,7.113509274827518,0.0,7.113509274827518
COc1ccccc1CNC(=O)c1oc2ccc(S(=O)(=O)N3CC(C)CC(C)C3)cc2c1C,4.642065152999546,1,1,1,1,4.642065152999546,4.642065152999546,0.0,4.642065152999546
COc1ccccc1Cc1cc2c(C(C)C)ccc(C)c2oc1=O,5.246416941107094,1,1,1,1,5.246416941107094,5.246416941107094,0.0,5.246416941107094
COc1ccccc1Cc1cc2c(C)c(OC)c(C)c(C)c2oc1=O,6.471083299722345,1,1,1,1,6.471083299722345,6.471083299722345,0.0,6.471083299722345
COc1ccccc1Cc1cc2c(C)ccc(C(C)C)c2oc1=O,6.0996328713435295,1,1,1,1,6.0996328713435295,6.0996328713435295,0.0,6.0996328713435295
COc1ccccc1Cc1cc2c(C)ccc(C)c2oc1=O,5.165579296318468,1,1,1,1,5.165579296318468,5.165579296318468,0.0,5.165579296318468
COc1ccccc1Cc1cc2c(OC)cc(C)cc2oc1=O,5.987162775294828,1,1,1,1,5.987162775294828,5.987162775294828,0.0,5.987162775294828
COc1ccccc1Cc1cc2c(OC)ccc(C)c2oc1=O,5.437707135543525,1,1,1,1,5.437707135543525,5.437707135543525,0.0,5.437707135543525
COc1ccccc1Cc1cc2c(OC)cccc2oc1=O,5.45717457304082,1,1,1,1,5.45717457304082,5.45717457304082,0.0,5.45717457304082
COc1ccccc1Cc1cc2c(ccc3ccccc32)oc1=O,5.686132779630847,1,1,1,1,5.686132779630847,5.686132779630847,0.0,5.686132779630847
COc1ccccc1Cn1ccc2c(c1=O)c1cccc(OC)c1n2CCN1CCOCC1,7.173925197299173,1,1,1,1,7.173925197299173,7.173925197299173,0.0,7.173925197299173
COc1ccccc1N1CCN(c2ncnc3c2nc(-c2ccccc2Cl)n3-c2ccc(Cl)cc2)CC1,5.301029995663981,1,1,1,1,5.301029995663981,5.301029995663981,0.0,5.301029995663981
COc1ccccc1NC(=O)C(C)Sc1nc(-c2ccc(C)cc2)nc2c1COC(C)(C)C2,5.0,1,1,1,1,5.0,5.0,0.0,5.0
CS(=O)(=O)CC(=O)NC1CCCOc2c1nn(-c1ccccc1Cl)c2-c1ccc(Cl)cc1,4.229147988357856,1,1,1,1,4.229147988357856,4.229147988357856,0.0,4.229147988357856
CS(=O)(=O)N1CCC(N[C@H]2CCCOc3c2nn(-c2ccccc2Cl)c3-c2ccc(Cl)cc2)CC1,5.1998330097986365,1,1,1,1,5.1998330097986365,5.1998330097986365,0.0,5.1998330097986365
CS(=O)(=O)N1CCN(c2ncnc3c2nc(-c2ccccc2Cl)n3-c2ccc(Cl)cc2)CC1,5.769551078621726,1,1,1,1,5.769551078621726,5.769551078621726,0.0,5.769551078621726
CS(=O)(=O)NC1(c2ccccc2)CCN(c2ncnc3c2nc(-c2ccccc2Cl)n3-c2ccc(Cl)cc2)CC1,6.023191662661934,1,1,1,1,6.023191662661934,6.023191662661934,0.0,6.023191662661934
CS(=O)(=O)NC1CCN(c2ncnc3c2nc(-c2ccccc2Cl)n3-c2ccc(Cl)cc2)CC1,5.969400278034049,1,1,1,1,5.969400278034049,5.969400278034049,0.0,5.969400278034049
CS(=O)(=O)NCCCn1c2ccccc2c2cc(C(=O)N3CCCCC3)ccc21,7.207608310501746,1,1,1,1,7.207608310501746,7.207608310501746,0.0,7.207608310501746
CS/C(N)=N/C(=N/S(=O)(=O)N1CCC(C(F)(F)F)CC1)N1C[C@H](c2ccccc2)C(c2ccc(Cl)cc2)=N1,6.476253533188435,1,1,1,1,6.476253533188435,6.476253533188435,0.0,6.476253533188435
CSC(=O)N1CC2(CCCCC2)CN/C1=N\c1cccc2ccccc12,6.809668301829708,1,1,1,1,6.809668301829708,6.809668301829708,0.0,6.809668301829708
CSC(=O)N1CC2(CCCCC2)CO/C1=N\c1cccc2ccccc12,8.236572006437063,1,1,1,1,8.236572006437063,8.236572006437063,0.0,8.236572006437063
CSC(=O)N1CC2(CCCCC2)CS/C1=N\c1cccc2ccccc12,8.823908740944319,1,1,1,1,8.823908740944319,8.823908740944319,0.0,8.823908740944319
CSC(=S)N1CC(C)(C)CS/C1=N\c1ccc(C(C)C)cc1,7.657577319177793,1,1,1,1,7.657577319177793,7.657577319177793,0.0,7.657577319177793
CSC(=S)N1CC(C)(C)CS/C1=N\c1cccc(C(C)C)c1,7.481486060122112,1,1,1,1,7.481486060122112,7.481486060122112,0.0,7.481486060122112
CSC(=S)N1CC(C)(C)CS/C1=N\c1ccccc1,6.500312917381596,1,1,1,1,6.500312917381596,6.500312917381596,0.0,6.500312917381596
CSC(=S)N1CC(C)(C)CS/C1=N\c1ccccc1-c1ccccc1,6.004803708402821,1,1,1,1,6.004803708402821,6.004803708402821,0.0,6.004803708402821
CSC(=S)N1CC(C)(C)CS/C1=N\c1ccccc1Br,6.430626090384954,1,1,1,1,6.430626090384954,6.430626090384954,0.0,6.430626090384954
CSC(=S)N1CC(C)(C)CS/C1=N\c1ccccc1C,6.694648630553376,1,1,1,1,6.694648630553376,6.694648630553376,0.0,6.694648630553376
CSC(=S)N1CC(C)(C)CS/C1=N\c1ccccc1C(C)(C)C,6.504455662453552,1,1,1,1,6.504455662453552,6.504455662453552,0.0,6.504455662453552
CSC(=S)N1CC(C)(C)CS/C1=N\c1ccccc1C(C)C,8.045757490560675,1,1,1,1,8.045757490560675,8.045757490560675,0.0,8.045757490560675
CSC(=S)N1CC(C)(C)CS/C1=N\c1ccccc1C(F)(F)F,6.85078088734462,1,1,1,1,6.85078088734462,6.85078088734462,0.0,6.85078088734462
CSC(=S)N1CC(C)(C)CS/C1=N\c1ccccc1Cl,6.141462802430361,1,1,1,1,6.141462802430361,6.141462802430361,0.0,6.141462802430361
CSC(=S)N1CC(C)(C)CS/C1=N\c1ccccc1F,6.598599459218455,1,1,1,1,6.598599459218455,6.598599459218455,0.0,6.598599459218455
CSC(=S)N1CC(C)(C)CS/C1=N\c1ccccc1Oc1ccccc1,5.534617148551582,1,1,1,1,5.534617148551582,5.534617148551582,0.0,5.534617148551582
CSC(=S)N1CC(C)CS/C1=N\c1ccccc1C(C)C,7.008773924307505,1,1,1,1,7.008773924307505,7.008773924307505,0.0,7.008773924307505
CSC(=S)N1CC2(CC2)CS/C1=N\c1ccccc1C(C)C,7.187086643357144,1,1,1,1,7.187086643357144,7.187086643357144,0.0,7.187086643357144
CSC(=S)N1CC2(CCCC2)CS/C1=N\c1ccccc1C(C)C,9.0,1,1,1,1,9.0,9.0,0.0,9.0
CSC(=S)N1CC2(CCCCC2)CO/C1=N\c1cc(C(C)(C)C)no1,9.0,1,1,1,1,9.0,9.0,0.0,9.0
CSC(=S)N1CC2(CCCCC2)CO/C1=N\c1cc(C(C)(C)C)on1,8.327902142064282,1,1,1,1,8.327902142064282,8.327902142064282,0.0,8.327902142064282
CSC(=S)N1CC2(CCCCC2)CO/C1=N\c1ccc(C#N)c2c1CCCC2,8.721246399047171,1,1,1,1,8.721246399047171,8.721246399047171,0.0,8.721246399047171
CSC(=S)N1CC2(CCCCC2)CO/C1=N\c1ccc(C#N)c2ccccc12,8.744727494896694,1,1,1,1,8.744727494896694,8.744727494896694,0.0,8.744727494896694
CSC(=S)N1CC2(CCCCC2)CO/C1=N\c1ccc(Cl)c2c1CCCC2,8.236572006437063,1,1,1,1,8.236572006437063,8.236572006437063,0.0,8.236572006437063
CSC(=S)N1CC2(CCCCC2)CO/C1=N\c1ccc(Cl)c2ccccc12,9.045757490560675,1,1,1,1,9.045757490560675,9.045757490560675,0.0,9.045757490560675
CSC(=S)N1CC2(CCCCC2)CO/C1=N\c1ccc(F)c2ccccc12,9.096910013008056,1,1,1,1,9.096910013008056,9.096910013008056,0.0,9.096910013008056
CSC(=S)N1CC2(CCCCC2)CO/C1=N\c1ccc(N(C)C)c2ccccc12,8.18045606445813,1,1,1,1,8.18045606445813,8.18045606445813,0.0,8.18045606445813
CSC(=S)N1CC2(CCCCC2)CO/C1=N\c1ccc([N+](=O)[O-])c2ccccc12,8.619788758288394,1,1,1,1,8.619788758288394,8.619788758288394,0.0,8.619788758288394
CSC(=S)N1CC2(CCCCC2)CO/C1=N\c1cccc2c1CCCC2,9.0,1,1,1,1,9.0,9.0,0.0,9.0
CSC(=S)N1CC2(CCCCC2)CO/C1=N\c1cccc2ccccc12,9.045757490560675,1,1,1,1,9.045757490560675,9.045757490560675,0.0,9.045757490560675
CSC(=S)N1CC2(CCCCC2)CO/C1=N\c1cccc2nonc12,8.167491087293763,1,1,1,1,8.167491087293763,8.167491087293763,0.0,8.167491087293763
CSC(=S)N1CC2(CCCCC2)CO/C1=N\c1ccccc1,7.958607314841775,1,1,1,1,7.958607314841775,7.958607314841775,0.0,7.958607314841775
CSC(=S)N1CC2(CCCCC2)CO/C1=N\c1nc(C(C)(C)C)cs1,9.0,1,1,1,1,9.0,9.0,0.0,9.0
CSC(=S)N1CC2(CCCCC2)CS/C1=N\c1ccc(C#N)cc1,8.638272163982407,1,1,1,1,8.638272163982407,8.638272163982407,0.0,8.638272163982407
CSC(=S)N1CC2(CCCCC2)CS/C1=N\c1ccc(C(C)C)cc1,7.638272163982407,1,1,1,1,7.638272163982407,7.638272163982407,0.0,7.638272163982407
CSC(=S)N1CC2(CCCCC2)CS/C1=N\c1ccc(C(F)(F)F)cc1,7.7447274948966935,1,1,1,1,7.7447274948966935,7.7447274948966935,0.0,7.7447274948966935
CSC(=S)N1CC2(CCCCC2)CS/C1=N\c1ccc(OC(F)(F)F)cc1,8.221848749616356,1,1,1,1,8.221848749616356,8.221848749616356,0.0,8.221848749616356
CSC(=S)N1CC2(CCCCC2)CS/C1=N\c1ccc2c(c1)CCCC2,7.619788758288394,1,1,1,1,7.619788758288394,7.619788758288394,0.0,7.619788758288394
CSC(=S)N1CC2(CCCCC2)CS/C1=N\c1cccc(C(C)C)c1,8.602059991327963,1,1,1,1,8.602059991327963,8.602059991327963,0.0,8.602059991327963
CSC(=S)N1CC2(CCCCC2)CS/C1=N\c1cccc(C)c1C,9.0,1,1,1,1,9.0,9.0,0.0,9.0
CSC(=S)N1CC2(CCCCC2)CS/C1=N\c1cccc2c1CCC2,8.301029995663981,1,1,1,1,8.301029995663981,8.301029995663981,0.0,8.301029995663981
CSC(=S)N1CC2(CCCCC2)CS/C1=N\c1cccc2c1CCCC2,9.698970004336019,1,1,1,1,9.698970004336019,9.698970004336019,0.0,9.698970004336019
CSC(=S)N1CC2(CCCCC2)CS/C1=N\c1cccc2c1CCCN2C,8.958607314841775,1,1,1,1,8.958607314841775,8.958607314841775,0.0,8.958607314841775
CSC(=S)N1CC2(CCCCC2)CS/C1=N\c1cccc2ccccc12,8.221848749616356,1,1,1,1,8.221848749616356,8.221848749616356,0.0,8.221848749616356
CSC(=S)N1CC2(CCCCC2)CS/C1=N\c1cccc2ncccc12,7.958607314841775,1,1,1,1,7.958607314841775,7.958607314841775,0.0,7.958607314841775
CSC(=S)N1CC2(CCCCC2)CS/C1=N\c1cccc2nonc12,9.045757490560675,1,1,1,1,9.045757490560675,9.045757490560675,0.0,9.045757490560675
CSC(=S)N1CC2(CCCCC2)CS/C1=N\c1cccc2nsnc12,8.886056647693163,1,1,1,1,8.886056647693163,8.886056647693163,0.0,8.886056647693163
CSC(=S)N1CC2(CCCCC2)CS/C1=N\c1ccccc1C(C)C,9.096910013008056,1,1,1,1,9.096910013008056,9.096910013008056,0.0,9.096910013008056
CSC(=S)N1CC2(CCCCC2)CS/C1=N\c1ccccc1C(F)(F)F,8.958607314841775,1,1,1,1,8.958607314841775,8.958607314841775,0.0,8.958607314841775
CSC(=S)N1CC2(CCCCC2)CS/C1=N\c1ccccc1OC(F)(F)F,7.920818753952375,1,1,1,1,7.920818753952375,7.920818753952375,0.0,7.920818753952375
CSC(=S)N1CCCS/C1=N\c1ccccc1C(C)C,5.801068130067791,1,1,1,1,5.801068130067791,5.801068130067791,0.0,5.801068130067791
CSC1=NC(=O)/C(=C/c2cccc(OCc3ccc(Cl)cc3)c2)N1,6.228412519118745,1,1,1,1,6.228412519118745,6.228412519118745,0.0,6.228412519118745
CSCCCCn1cc(C(=O)C2C(C)(C)C2(C)C)c2ccccc21,9.39897391554397,2,1,1,1,9.397940008672037,9.400007822415901,0.002067813743863667,9.39897391554397
CSSC1CCN(c2nc(C(F)(F)c3ccccc3)nc3c2nnn3Cc2ccccc2Cl)C1,5.862645888629267,1,1,1,1,5.862645888629267,5.862645888629267,0.0,5.862645888629267
CSSC1CCN(c2nc(C(F)(F)c3ccccc3)nc3c2nnn3Cc2nonc2C)C1,5.987584625237567,1,1,1,1,5.987584625237567,5.987584625237567,0.0,5.987584625237567
CSc1c(C(=O)NC23CC4CC(CC(C4)C2)C3)nc(C)n1-c1ccccc1,8.0,1,1,1,1,8.0,8.0,0.0,8.0
CSc1c(C(=O)NN2CCCC2)nn(-c2ccc(Cl)cc2Cl)c1-c1ccc(Cl)cc1,6.1979107421182675,1,1,1,1,6.1979107421182675,6.1979107421182675,0.0,6.1979107421182675
CSc1c(C(=O)NN2CCCCC2)nc(-c2ccc(Cl)cc2Cl)n1-c1ccc(Cl)cc1,5.969805214643249,1,1,1,1,5.969805214643249,5.969805214643249,0.0,5.969805214643249
CSc1c(C(=O)NN2CCCCC2)nn(-c2ccc(Cl)cc2Cl)c1-c1ccc(Cl)cc1,6.094743951251549,1,1,1,1,6.094743951251549,6.094743951251549,0.0,6.094743951251549
CSc1c(C(=O)NN2CCCCCC2)nc(-c2ccc(Cl)cc2Cl)n1-c1ccc(Cl)cc1,6.488116639021126,1,1,1,1,6.488116639021126,6.488116639021126,0.0,6.488116639021126
CSc1c(C(=O)NN2CCCCCC2)nn(-c2ccc(Cl)cc2Cl)c1-c1ccc(Cl)cc1,6.430626090384954,1,1,1,1,6.430626090384954,6.430626090384954,0.0,6.430626090384954
C[C@@H](O)COc1ccc(C(F)(F)F)cc1C(=O)/N=c1\sc(C(C)(C)C)cn1C[C@H]1CCCO1,8.958607314841775,1,1,1,1,8.958607314841775,8.958607314841775,0.0,8.958607314841775
C[C@@H]1CCC2=C(C1)Oc1cc(O)ccc1C2(C)C,5.376750709602099,1,1,1,1,5.376750709602099,5.376750709602099,0.0,5.376750709602099
C[C@@H]1COc2cccc3c(=O)c(C(=O)NC45CC6CC(CC(C6)C4)C5)cn1c23,7.327902142064282,1,1,1,1,7.327902142064282,7.327902142064282,0.0,7.327902142064282
C[C@@H]1COc2cccc3c(=O)c(C(=O)NC4CCCCC4)cn1c23,7.619788758288394,1,1,1,1,7.619788758288394,7.619788758288394,0.0,7.619788758288394
C[C@H](/C=C\C/C=C\C/C=C\CCCC(=O)NC1CC1)/C=C\CCCCCN=C=S,7.655607726314889,1,1,1,1,7.655607726314889,7.655607726314889,0.0,7.655607726314889
C[C@H](/C=C\C/C=C\C/C=C\CCCC(=O)NC1CC1)/C=C\CCCCCN=[N+]=[N-],8.070581074285707,1,1,1,1,8.070581074285707,8.070581074285707,0.0,8.070581074285707
C[C@H](/C=C\C/C=C\C/C=C\CCCC(=O)N[C@H](C)CO)/C=C\CCCOc1ccccc1,6.543633966870956,1,1,1,1,6.543633966870956,6.543633966870956,0.0,6.543633966870956
C[C@H](CO)NC(=O)CCC/C=C\C/C=C\C/C=C\C/C=C\CCOC(=O)c1cc(I)ccc1N=[N+]=[N-],6.657577319177793,1,1,1,1,6.657577319177793,6.657577319177793,0.0,6.657577319177793
C[C@H](CO)NC(=O)CCC/C=C\C/C=C\C/C=C\C/C=C\CCOC(=O)c1cccc2c1OC(C)(C(C)(C)C)O2,5.991399828238082,1,1,1,1,5.991399828238082,5.991399828238082,0.0,5.991399828238082
C[C@H](CO)NC(=O)CCC/C=C\C/C=C\CCOc1cccc(C(C)(C)CCCC#N)c1,8.504455662453552,1,1,1,1,8.504455662453552,8.504455662453552,0.0,8.504455662453552
C[C@H](CO)NC(=O)CCC/C=C\C/C=C\CCOc1cccc(C(C)(C)CCCCBr)c1,8.127261172527332,1,1,1,1,8.127261172527332,8.127261172527332,0.0,8.127261172527332
C[C@H](CO)NC(=O)CCC/C=C\C/C=C\CCOc1cccc(C(C)(C)CCCCN=[N+]=[N-])c1,8.598599459218455,1,1,1,1,8.598599459218455,8.598599459218455,0.0,8.598599459218455
C[C@H](CO)NC(=O)CCC/C=C\C/C=C\CCOc1cccc(C(C)(C)CCCCO)c1,7.962573502059376,1,1,1,1,7.962573502059376,7.962573502059376,0.0,7.962573502059376
C[C@H](NC(=O)C(C)(C)Oc1ccc(C(F)(F)F)cn1)[C@@H](Cc1ccc(Cl)cc1)c1cccc(C#N)c1,6.537602002101044,1,1,1,1,6.537602002101044,6.537602002101044,0.0,6.537602002101044
C[C@H](NS(=O)(=O)C(F)(F)F)c1ccc(S(=O)(=O)c2ccc(Cl)cc2S(=O)(=O)c2ccccc2F)cc1,9.154901959985743,1,1,1,1,9.154901959985743,9.154901959985743,0.0,9.154901959985743
C[C@H](NS(C)(=O)=O)c1ccc(Cc2ccc(C(F)(F)F)cc2S(=O)(=O)c2c(F)cccc2F)cc1,8.744727494896694,1,1,1,1,8.744727494896694,8.744727494896694,0.0,8.744727494896694
C[C@H](NS(C)(=O)=O)c1ccc(Cc2ccc(C(F)(F)F)cc2S(=O)(=O)c2cccc(F)c2)cc1,8.455931955649724,1,1,1,1,8.455931955649724,8.455931955649724,0.0,8.455931955649724
C[C@H](NS(C)(=O)=O)c1ccc(Cc2ccc(C(F)(F)F)cc2S(=O)(=O)c2ccccc2F)cc1,9.0,1,1,1,1,9.0,9.0,0.0,9.0
C[C@H](NS(C)(=O)=O)c1ccc(Cc2ccc(Cl)cc2S(=O)(=O)c2ccc(Cl)cc2)cc1,8.173925197299173,1,1,1,1,8.173925197299173,8.173925197299173,0.0,8.173925197299173
C[C@H](NS(C)(=O)=O)c1ccc(Cc2ccc(OC(F)(F)F)cc2S(=O)(=O)c2cccc(C(F)(F)F)c2)cc1,7.455931955649724,1,1,1,1,7.455931955649724,7.455931955649724,0.0,7.455931955649724
C[C@H](NS(C)(=O)=O)c1ccc(Cc2ccc(OC(F)(F)F)cc2S(=O)(=O)c2ccccc2F)cc1,9.397940008672037,1,1,1,1,9.397940008672037,9.397940008672037,0.0,9.397940008672037
C[C@H](NS(C)(=O)=O)c1ccc(Cc2ccc(OC(F)(F)F)cc2S(=O)(=O)c2ccccc2OC(F)(F)F)cc1,7.795880017344075,1,1,1,1,7.795880017344075,7.795880017344075,0.0,7.795880017344075
C[C@H](NS(C)(=O)=O)c1ccc(S(=O)(=O)c2ccc(C(F)(F)F)cc2S(=O)(=O)c2ccc(Cl)cc2)cc1,8.096910013008056,1,1,1,1,8.096910013008056,8.096910013008056,0.0,8.096910013008056
C[C@H](NS(C)(=O)=O)c1ccc(S(=O)(=O)c2ccc(C(F)(F)F)cc2S(=O)(=O)c2ccccc2F)cc1,9.045757490560675,1,1,1,1,9.045757490560675,9.045757490560675,0.0,9.045757490560675
C[C@H](NS(C)(=O)=O)c1ccc(S(=O)(=O)c2ccc(Cl)cc2C(=O)c2ccc(Cl)cc2)cc1,6.71669877129645,1,1,1,1,6.71669877129645,6.71669877129645,0.0,6.71669877129645
C[C@H](NS(C)(=O)=O)c1ccc(S(=O)(=O)c2ccc(Cl)cc2C(C)(O)c2ccc(Cl)cc2)cc1,6.638272163982407,1,1,1,1,6.638272163982407,6.638272163982407,0.0,6.638272163982407
C[C@H](NS(C)(=O)=O)c1ccc(S(=O)(=O)c2ccc(Cl)cc2C(C)(O)c2ccccc2F)cc1,7.113509274827518,1,1,1,1,7.113509274827518,7.113509274827518,0.0,7.113509274827518
C[C@H](NS(C)(=O)=O)c1ccc(S(=O)(=O)c2ccc(Cl)cc2Cc2ccc(Cl)cc2)cc1,6.785156151952302,1,1,1,1,6.785156151952302,6.785156151952302,0.0,6.785156151952302
C[C@H](NS(C)(=O)=O)c1ccc(S(=O)(=O)c2ccc(Cl)cc2Nc2ccc(Cl)cc2)cc1,6.555955204081924,1,1,1,1,6.555955204081924,6.555955204081924,0.0,6.555955204081924
C[C@H](NS(C)(=O)=O)c1ccc(S(=O)(=O)c2ccc(Cl)cc2Oc2ccc(Cl)cc2)cc1,6.007446482167865,1,1,1,1,6.007446482167865,6.007446482167865,0.0,6.007446482167865
C[C@H](NS(C)(=O)=O)c1ccc(S(=O)(=O)c2ccc(Cl)cc2S(=O)(=O)c2ccc(Cl)cc2)cc1,8.0,1,1,1,1,8.0,8.0,0.0,8.0
C[C@H](NS(C)(=O)=O)c1ccc(S(=O)(=O)c2ccc(Cl)cc2S(=O)(=O)c2cccc(Cl)c2)cc1,7.638272163982407,1,1,1,1,7.638272163982407,7.638272163982407,0.0,7.638272163982407
C[C@H](NS(C)(=O)=O)c1ccc(S(=O)(=O)c2ccc(Cl)cc2S(=O)(=O)c2ccccc2)cc1,8.698970004336019,1,1,1,1,8.698970004336019,8.698970004336019,0.0,8.698970004336019
C[C@H](NS(C)(=O)=O)c1ccc(S(=O)(=O)c2ccc(Cl)cc2S(=O)(=O)c2ccccc2Cl)cc1,8.221848749616356,1,1,1,1,8.221848749616356,8.221848749616356,0.0,8.221848749616356
C[C@H](NS(C)(=O)=O)c1ccc(S(=O)(=O)c2ccc(Cl)cc2S(=O)(=O)c2ccccc2F)cc1,9.048455006504028,2,2,2,1,9.0,9.096910013008056,0.09691001300805624,9.048455006504028
C[C@H](NS(C)(=O)=O)c1ccc(S(=O)(=O)c2ccc(Cl)cc2S(=O)(=O)c2ccccc2OC(F)(F)F)cc1,6.892790030352131,1,1,1,1,6.892790030352131,6.892790030352131,0.0,6.892790030352131
C[C@H](NS(C)(=O)=O)c1ccc(S(=O)(=O)c2ccc(O)cc2S(=O)(=O)c2ccc(Cl)cc2)cc1,7.886056647693163,1,1,1,1,7.886056647693163,7.886056647693163,0.0,7.886056647693163
C[C@H](NS(C)(=O)=O)c1ccc(S(=O)(=O)c2ccc(OC3CCCC3)cc2S(=O)(=O)c2ccc(Cl)cc2)cc1,6.634512015109101,1,1,1,1,6.634512015109101,6.634512015109101,0.0,6.634512015109101
C[C@H](NS(C)(=O)=O)c1ccc(S(=O)(=O)c2ccccc2S(=O)(=O)c2ccc(Cl)cc2)cc1,7.236572006437063,1,1,1,1,7.236572006437063,7.236572006437063,0.0,7.236572006437063
C[C@H](NS(C)(=O)=O)c1ccc(S(=O)(=O)c2ccccc2S(=O)(=O)c2ccccc2F)cc1,8.045757490560675,1,1,1,1,8.045757490560675,8.045757490560675,0.0,8.045757490560675
C[C@H]1CC(CNS(=O)(=O)C(F)(F)F)CCN1S(=O)(=O)c1ccc(Cl)cc1S(=O)(=O)c1ccccc1F,8.096910013008056,1,1,1,1,8.096910013008056,8.096910013008056,0.0,8.096910013008056
C[C@H]1CC[C@@H](NC(=O)c2cc(-c3ccccc3)nn(Cc3ccc(F)cc3)c2=O)CC1,8.244125144327509,1,1,1,1,8.244125144327509,8.244125144327509,0.0,8.244125144327509
C[C@H]1CC[C@@H](NC(=O)c2cc3cc(-c4cccs4)cnc3n(Cc3ccc(F)cc3)c2=O)CC1,9.017728766960431,1,1,1,1,9.017728766960431,9.017728766960431,0.0,9.017728766960431
C[C@H]1CC[C@@H](NC(=O)c2cc3cc(Br)cnc3n(Cc3ccc(F)cc3)c2=O)CC1,9.920818753952375,1,1,1,1,9.920818753952375,9.920818753952375,0.0,9.920818753952375
C[C@H]1CC[C@@H](NC(=O)c2cc3cccnc3n(Cc3ccc(F)cc3)c2=O)CC1,9.154901959985743,1,1,1,1,9.154901959985743,9.154901959985743,0.0,9.154901959985743
C[C@H]1CC[C@@H](NC(=O)c2cc3cccnc3n(Cc3ccccc3)c2=O)CC1,8.236572006437063,1,1,1,1,8.236572006437063,8.236572006437063,0.0,8.236572006437063
C[C@H]1CC[C@H](NC(=O)c2cc(-c3ccccc3)nn(Cc3ccc(F)cc3)c2=O)CC1,7.180456064458131,1,1,1,1,7.180456064458131,7.180456064458131,0.0,7.180456064458131
C[C@H]1CC[C@H](NC(=O)c2cc3cc(-c4ccco4)cnc3n(Cc3ccc(F)cc3)c2=O)CC1,7.025949097207123,1,1,1,1,7.025949097207123,7.025949097207123,0.0,7.025949097207123
C[C@H]1CC[C@H](NC(=O)c2cc3cc(-c4cccs4)cnc3n(Cc3ccc(F)cc3)c2=O)CC1,7.1830961606243395,1,1,1,1,7.1830961606243395,7.1830961606243395,0.0,7.1830961606243395
C[C@H]1CC[C@H](NC(=O)c2cc3cc(Br)cnc3n(Cc3ccc(F)cc3)c2=O)CC1,8.950781977329818,1,1,1,1,8.950781977329818,8.950781977329818,0.0,8.950781977329818
C[C@H]1CC[C@H](NC(=O)c2cc3cccnc3n(Cc3ccc(F)cc3)c2=O)CC1,8.045757490560675,1,1,1,1,8.045757490560675,8.045757490560675,0.0,8.045757490560675
C[C@H]1CC[C@H](NC(=O)c2cc3cccnc3n(Cc3ccccc3)c2=O)CC1,7.400116927926312,1,1,1,1,7.400116927926312,7.400116927926312,0.0,7.400116927926312
C[C@H]1CN(C(=O)c2cn3c4c(cccc24)OC[C@H]3C2CCCCC2)CCN1C,9.400007822415901,1,1,1,1,9.400007822415901,9.400007822415901,0.0,9.400007822415901
C[C@H]1CN(S(=O)(=O)c2ccc(Cl)cc2S(=O)(=O)c2ccccc2F)CC[C@@H]1CNS(=O)(=O)C(F)(F)F,8.154901959985743,1,1,1,1,8.154901959985743,8.154901959985743,0.0,8.154901959985743
C[C@H]1COc2cccc3c(=O)c(C(=O)NC45CC6CC(CC(C6)C4)C5)cn1c23,7.107905397309519,1,1,1,1,7.107905397309519,7.107905397309519,0.0,7.107905397309519
C[C@H]1COc2cccc3c(=O)c(C(=O)NC4CCCCC4)cn1c23,6.7258421507363195,1,1,1,1,6.7258421507363195,6.7258421507363195,0.0,6.7258421507363195
C[C@H]1OC(=O)[C@@H]2C[C@@H]3CCCC[C@H]3[C@H](/C=C/c3ccc(-c4cccnc4)cn3)[C@H]12,4.886056647693163,1,1,1,1,4.886056647693163,4.886056647693163,0.0,4.886056647693163
C[C@H]1OC(=O)[C@@H]2C[C@@H]3CCCC[C@H]3[C@H](/C=C/c3ccc(N4CCCC4)cn3)[C@H]12,6.3124710387853655,1,1,1,1,6.3124710387853655,6.3124710387853655,0.0,6.3124710387853655
C[S+]([O-])c1c(C(=O)NN2CCCCC2)nn(-c2ccc(Cl)cc2Cl)c1-c1ccc(Cl)cc1,6.400116927926312,1,1,1,1,6.400116927926312,6.400116927926312,0.0,6.400116927926312
Cc1c(-c2ccc(F)cc2)cc(C(=O)NC2CCCCCC2)c(=O)n1Cc1ccc(F)cc1,7.539102157243452,1,1,1,1,7.539102157243452,7.539102157243452,0.0,7.539102157243452
Cc1c(-c2ccccc2)cc(C(=O)NC2CCCCCC2)c(=O)n1Cc1ccc(F)cc1,8.244125144327509,1,1,1,1,8.244125144327509,8.244125144327509,0.0,8.244125144327509
Cc1c(-c2ccccc2)cn(Cc2ccc(F)cc2)c(=O)c1C(=O)NC1CCCCCC1,8.161150909262744,1,1,1,1,8.161150909262744,8.161150909262744,0.0,8.161150909262744
Cc1c(Br)cc(C(=O)NC2CCCCCC2)c(=O)n1Cc1ccc(F)cc1,8.48940535046503,2,2,2,1,8.154901959985743,8.823908740944319,0.6690067809585756,8.48940535046503
Cc1c(Br)cn(CCCc2cn(CCCCCn3c(C)c(Br)cc(C(=O)NC4CCCCCC4)c3=O)nn2)c(=O)c1NC(=O)C1CCCCCC1,8.853871964321762,1,1,1,1,8.853871964321762,8.853871964321762,0.0,8.853871964321762
Cc1c(Br)cn(Cc2ccc(F)cc2)c(=O)c1C(=O)NC1CCCCCC1,8.455931955649724,1,1,1,1,8.455931955649724,8.455931955649724,0.0,8.455931955649724
Cc1c(Br)cn(Cc2ccc(F)cc2)c(=O)c1NC(=O)C1CCCCCC1,7.721246399047171,1,1,1,1,7.721246399047171,7.721246399047171,0.0,7.721246399047171
Cc1c(Br)cnc(OCc2ccc(F)cc2)c1C(=O)NC1CCCCCC1,6.217527375833714,1,1,1,1,6.217527375833714,6.217527375833714,0.0,6.217527375833714
Cc1c(C(=O)C2C(C)(C)C2(C)C)c2ccccc2n1CCN1CCOCC1,7.5699249444480605,1,1,1,1,7.5699249444480605,7.5699249444480605,0.0,7.5699249444480605
Cc1c(C(=O)N(C)Cc2ccccc2)oc2ccc(S(=O)(=O)N3CC(C)CC(C)C3)cc12,5.180456064458131,1,1,1,1,5.180456064458131,5.180456064458131,0.0,5.180456064458131
Cc1c(C(=O)N2CCC(C(N)=O)(c3ccccc3)CC2)nn(-c2ccc(Cl)cc2Cl)c1-c1ccc(Cl)cc1,5.259321574772545,1,1,1,1,5.259321574772545,5.259321574772545,0.0,5.259321574772545
Cc1c(C(=O)N2CCC(O)CC2)nc(-c2ccc(Cl)cc2Cl)n1-c1ccc(Cl)cc1,5.402414498247795,1,1,1,1,5.402414498247795,5.402414498247795,0.0,5.402414498247795
Cc1c(C(=O)N2CCCCCC2)oc2ccc(S(=O)(=O)N3CC(C)CC(C)C3)cc12,5.309803919971486,1,1,1,1,5.309803919971486,5.309803919971486,0.0,5.309803919971486
Cc1c(C(=O)N2CCc3ccccc3C2)nc(-c2ccc(Cl)cc2Cl)n1-c1ccc(Cl)cc1,6.157390760389438,1,1,1,1,6.157390760389438,6.157390760389438,0.0,6.157390760389438
Cc1c(C(=O)NC(C)(C)C)nn(-c2ccc(Cl)cc2Cl)c1-n1c(C)ccc1C,7.694648630553377,1,1,1,1,7.694648630553377,7.694648630553377,0.0,7.694648630553377
Cc1c(C(=O)NC(C)(C)C)nn(-c2ccc(Cl)cc2Cl)c1-n1cccc1,7.835647144215563,1,1,1,1,7.835647144215563,7.835647144215563,0.0,7.835647144215563
Cc1c(C(=O)NC(C)C)nn(-c2ccc(Cl)cc2Cl)c1-n1c(C)ccc1C,5.745500261082618,1,1,1,1,5.745500261082618,5.745500261082618,0.0,5.745500261082618
Cc1c(C(=O)NC(C)C)nn(-c2ccc(Cl)cc2Cl)c1-n1cccc1,5.946000139306935,1,1,1,1,5.946000139306935,5.946000139306935,0.0,5.946000139306935
Cc1c(C(=O)NC(C)c2ccccc2)nn(-c2ccc(Cl)c(Cl)c2)c1-n1c(C)ccc1C,8.244125144327509,1,1,1,1,8.244125144327509,8.244125144327509,0.0,8.244125144327509
Cc1c(C(=O)NC23CC4CC(CC(C4)C2)C3)nn(-c2ccc(Cl)c(Cl)c2)c1-n1c(C)ccc1C,7.920818753952375,1,1,1,1,7.920818753952375,7.920818753952375,0.0,7.920818753952375
Cc1c(C(=O)NC23CC4CC(CC(C4)C2)C3)nn(-c2ccc(Cl)c(Cl)c2)c1-n1cccc1,7.698970004336019,1,1,1,1,7.698970004336019,7.698970004336019,0.0,7.698970004336019
Cc1c(C(=O)NC23CC4CC(CC(C4)C2)C3)nn(CCCCCO)c1-c1ccccc1,10.110924374808178,2,2,2,1,10.096910013008056,10.1249387366083,0.028028723600243666,10.110924374808178
Cc1c(C(=O)NC2CC3CCC2C3)nc(-c2ccc(Cl)cc2Cl)n1-c1ccc(Cl)cc1,7.267606240177031,1,1,1,1,7.267606240177031,7.267606240177031,0.0,7.267606240177031
Cc1c(C(=O)NC2CCCC2)nc(-c2ccc(Cl)cc2Cl)n1-c1ccc(Cl)cc1,6.447331783887806,1,1,1,1,6.447331783887806,6.447331783887806,0.0,6.447331783887806
Cc1c(C(=O)NC2CCCC2)nn(-c2ccc(Cl)c(Cl)c2)c1-n1c(C)ccc1C,7.920818753952375,1,1,1,1,7.920818753952375,7.920818753952375,0.0,7.920818753952375
Cc1c(C(=O)NC2CCCC2)nn(-c2ccc(Cl)c(Cl)c2)c1-n1cccc1,7.920818753952375,1,1,1,1,7.920818753952375,7.920818753952375,0.0,7.920818753952375
Cc1c(C(=O)NC2CCCC2)nn(-c2ccc(Cl)cc2Cl)c1-n1c(C)ccc1C,6.508638306165727,1,1,1,1,6.508638306165727,6.508638306165727,0.0,6.508638306165727
Cc1c(C(=O)NC2CCCC2)nn(-c2ccc(Cl)cc2Cl)c1-n1cccc1,6.769551078621726,1,1,1,1,6.769551078621726,6.769551078621726,0.0,6.769551078621726
Cc1c(C(=O)NC2CCCC2)nn(-c2ccc(F)cc2F)c1-n1c(C)ccc1C,6.045757490560675,1,1,1,1,6.045757490560675,6.045757490560675,0.0,6.045757490560675
Cc1c(C(=O)NC2CCCC2)nn(-c2ccc(F)cc2F)c1-n1cccc1,5.958607314841775,1,1,1,1,5.958607314841775,5.958607314841775,0.0,5.958607314841775
Cc1c(C(=O)NC2CCCC2)oc2ccc(S(=O)(=O)N3CC(C)CC(C)C3)cc12,5.130768280269024,1,1,1,1,5.130768280269024,5.130768280269024,0.0,5.130768280269024
Cc1c(C(=O)NC2CCCCC2)nc(-c2ccc(Cl)cc2Cl)n1-c1ccc(Cl)cc1,6.795880017344075,1,1,1,1,6.795880017344075,6.795880017344075,0.0,6.795880017344075
Cc1c(C(=O)NC2CCCCC2)nn(-c2c(Cl)cc(Cl)cc2Cl)c1-n1c(C)ccc1C,6.4089353929735005,1,1,1,1,6.4089353929735005,6.4089353929735005,0.0,6.4089353929735005
Cc1c(C(=O)NC2CCCCC2)nn(-c2ccc(Cl)c(Cl)c2)c1-n1c(C)ccc1C,8.886056647693163,1,1,1,1,8.886056647693163,8.886056647693163,0.0,8.886056647693163
Cc1c(C(=O)NC2CCCCC2)nn(-c2ccc(Cl)c(Cl)c2)c1-n1c(Cl)ccc1Cl,8.886056647693163,1,1,1,1,8.886056647693163,8.886056647693163,0.0,8.886056647693163
Cc1c(C(=O)NC2CCCCC2)nn(-c2ccc(Cl)c(Cl)c2)c1-n1cccc1,8.769551078621726,1,1,1,1,8.769551078621726,8.769551078621726,0.0,8.769551078621726
Cc1c(C(=O)NC2CCCCC2)nn(-c2ccc(Cl)c(Cl)c2)c1-n1cccc1Cl,9.045757490560675,1,1,1,1,9.045757490560675,9.045757490560675,0.0,9.045757490560675
Cc1c(C(=O)NC2CCCCC2)nn(-c2ccc(Cl)cc2Cl)c1-n1c(C)ccc1C,7.060480747381382,1,1,1,1,7.060480747381382,7.060480747381382,0.0,7.060480747381382
Cc1c(C(=O)NC2CCCCC2)nn(-c2ccc(Cl)cc2Cl)c1-n1c(Cl)ccc1Cl,7.718966632752272,1,1,1,1,7.718966632752272,7.718966632752272,0.0,7.718966632752272
Cc1c(C(=O)NC2CCCCC2)nn(-c2ccc(Cl)cc2Cl)c1-n1cc2c(c1)CCCC2,6.4243503852447805,1,1,1,1,6.4243503852447805,6.4243503852447805,0.0,6.4243503852447805
Cc1c(C(=O)NC2CCCCC2)nn(-c2ccc(Cl)cc2Cl)c1-n1cccc1,7.1938200260161125,1,1,1,1,7.1938200260161125,7.1938200260161125,0.0,7.1938200260161125
Cc1c(C(=O)NC2CCCCC2)nn(-c2ccc(Cl)cc2Cl)c1-n1cccc1Cl,7.73754891026957,1,1,1,1,7.73754891026957,7.73754891026957,0.0,7.73754891026957
Cc1c(C(=O)NC2CCCCC2)nn(-c2ccc(F)cc2F)c1-n1c(C)ccc1C,6.2441251443275085,1,1,1,1,6.2441251443275085,6.2441251443275085,0.0,6.2441251443275085
Cc1c(C(=O)NC2CCCCC2)nn(-c2ccc(F)cc2F)c1-n1cccc1,7.187086643357144,1,1,1,1,7.187086643357144,7.187086643357144,0.0,7.187086643357144
Cc1c(C(=O)NC2CCCCC2)oc2ccc(S(=O)(=O)N3CC(C)CC(C)C3)cc12,4.7594507517174005,1,1,1,1,4.7594507517174005,4.7594507517174005,0.0,4.7594507517174005
Cc1c(C(=O)NC2CCCCCC2)nc(-c2ccc(Cl)cc2Cl)n1-c1ccc(Cl)cc1,6.45717457304082,1,1,1,1,6.45717457304082,6.45717457304082,0.0,6.45717457304082
Cc1c(C(=O)NC2CCCCCC2)nn(-c2ccc(Cl)c(Cl)c2)c1-n1c(C)ccc1C,8.3767507096021,1,1,1,1,8.3767507096021,8.3767507096021,0.0,8.3767507096021
Cc1c(C(=O)NC2CCCCCC2)nn(-c2ccc(Cl)c(Cl)c2)c1-n1cccc1,8.886056647693163,1,1,1,1,8.886056647693163,8.886056647693163,0.0,8.886056647693163
Cc1c(C(=O)NC2CCCCCC2)nn(-c2ccc(Cl)cc2Cl)c1-n1c(C)ccc1C,7.096910013008056,1,1,1,1,7.096910013008056,7.096910013008056,0.0,7.096910013008056
Cc1c(C(=O)NC2CCCCCC2)nn(-c2ccc(Cl)cc2Cl)c1-n1cccc1,7.698970004336019,1,1,1,1,7.698970004336019,7.698970004336019,0.0,7.698970004336019
Cc1c(C(=O)NC2CCCCCC2)nn(-c2ccc(F)cc2F)c1-n1c(C)ccc1C,6.958607314841775,1,1,1,1,6.958607314841775,6.958607314841775,0.0,6.958607314841775
Cc1c(C(=O)NC2CCCCCC2)nn(-c2ccc(F)cc2F)c1-n1cccc1,6.698970004336019,1,1,1,1,6.698970004336019,6.698970004336019,0.0,6.698970004336019
Cc1c(C(=O)NC2CCCc3ccccc32)oc2ccc(S(=O)(=O)N3CC(C)CC(C)C3)cc12,4.642065152999546,1,1,1,1,4.642065152999546,4.642065152999546,0.0,4.642065152999546
Cc1c(C(=O)NC2CCN(C(=O)C(F)(F)F)CC2)nn(-c2ccc(Cl)cc2Cl)c1-c1ccc(Cl)cc1,5.982549270489464,1,1,1,1,5.982549270489464,5.982549270489464,0.0,5.982549270489464
Cc1c(C(=O)NC2CCN(C(=O)C3CCCC3)CC2)nn(-c2ccc(Cl)cc2Cl)c1-c1ccc(Cl)cc1,5.602755418989614,1,1,1,1,5.602755418989614,5.602755418989614,0.0,5.602755418989614
Cc1c(C(=O)NC2CCN(C(=O)CC(C)C)CC2)nn(-c2ccc(Cl)cc2Cl)c1-c1ccc(Cl)cc1,5.742801573860655,1,1,1,1,5.742801573860655,5.742801573860655,0.0,5.742801573860655
Cc1c(C(=O)NC2CCN(C(=O)OC(C)C)CC2)nn(-c2ccc(Cl)cc2Cl)c1-c1ccc(Cl)cc1,5.7146677723561154,1,1,1,1,5.7146677723561154,5.7146677723561154,0.0,5.7146677723561154
Cc1c(C(=O)NC2CCN(C(=O)c3ccccc3)CC2)nn(-c2ccc(Cl)cc2Cl)c1-c1ccc(Cl)cc1,5.763210900590707,1,1,1,1,5.763210900590707,5.763210900590707,0.0,5.763210900590707
Cc1c(C(=O)NC2CCN(S(=O)(=O)CC(C)C)CC2)nn(-c2ccc(Cl)cc2Cl)c1-c1ccc(Cl)cc1,5.206698646386885,1,1,1,1,5.206698646386885,5.206698646386885,0.0,5.206698646386885
Cc1c(C(=O)NC2CCN(S(=O)(=O)CCC(F)(F)F)CC2)nn(-c2ccc(Cl)cc2Cl)c1-c1ccc(Cl)cc1,5.326150022657051,1,1,1,1,5.326150022657051,5.326150022657051,0.0,5.326150022657051
Cc1c(C(=O)NCC2CCC(CNS(C)(=O)=O)CC2)nn(-c2ccc(Cl)cc2Cl)c1-c1ccc(Cl)cc1,6.045757490560675,1,1,1,1,6.045757490560675,6.045757490560675,0.0,6.045757490560675
Cc1c(C(=O)NCC2CCC(CNS(N)(=O)=O)CC2)nn(-c2ccc(Cl)cc2Cl)c1-c1ccc(Cl)cc1,5.636388020107855,1,1,1,1,5.636388020107855,5.636388020107855,0.0,5.636388020107855
Cc1c(C(=O)NCC2CCCCC2)nn(-c2ccc(Cl)cc2)c1-n1cccc1,6.4089353929735005,1,1,1,1,6.4089353929735005,6.4089353929735005,0.0,6.4089353929735005
Cc1c(C(=O)NCCC(C)(C)C)nn(-c2ccc(Cl)cc2Cl)c1-n1c(C)ccc1C,6.874518734299405,1,1,1,1,6.874518734299405,6.874518734299405,0.0,6.874518734299405
Cc1c(C(=O)NCCC(C)(C)C)nn(-c2ccc(Cl)cc2Cl)c1-n1cccc1,7.280668713016274,1,1,1,1,7.280668713016274,7.280668713016274,0.0,7.280668713016274
Cc1c(C(=O)NCCC(C)(C)C)nn(-c2ccc(F)cc2F)c1-n1c(C)ccc1C,6.786747947803603,1,1,1,1,6.786747947803603,6.786747947803603,0.0,6.786747947803603
Cc1c(C(=O)NCCCCCCCCCCCN(C)CCCCCCCCCCCN)nn(-c2ccc(Cl)cc2Cl)c1-c1ccc(Cl)cc1,6.370590400897282,1,1,1,1,6.370590400897282,6.370590400897282,0.0,6.370590400897282
Cc1c(C(=O)NCCCCCCCCCCCNCCCCCCCCCCCN)nn(-c2ccc(Cl)cc2Cl)c1-c1ccc(Cl)cc1,6.515700160653214,1,1,1,1,6.515700160653214,6.515700160653214,0.0,6.515700160653214
Cc1c(C(=O)NCCCCCCCCCN(C)CCCCCCCCCN)nn(-c2ccc(Cl)cc2Cl)c1-c1ccc(Cl)cc1,6.576754126063192,1,1,1,1,6.576754126063192,6.576754126063192,0.0,6.576754126063192
Cc1c(C(=O)NCCCCCCCCCNCCCCCCCCCN)nn(-c2ccc(Cl)cc2Cl)c1-c1ccc(Cl)cc1,6.377785977033705,1,1,1,1,6.377785977033705,6.377785977033705,0.0,6.377785977033705
Cc1c(C(=O)NCCCCCCCCNCc2ccccc2)nn(-c2ccc(Cl)cc2Cl)c1-c1ccc(Cl)cc1,4.508638306165727,1,1,1,1,4.508638306165727,4.508638306165727,0.0,4.508638306165727
Cc1c(C(=O)NCCCCCCCN(C)CCCCCCCN)nn(-c2ccc(Cl)cc2Cl)c1-c1ccc(Cl)cc1,5.713543530253017,1,1,1,1,5.713543530253017,5.713543530253017,0.0,5.713543530253017
Cc1c(C(=O)NCCCCCCCN(C)CCCCCCCNC(=O)c2nn(-c3ccc(Cl)cc3Cl)c(-c3ccc(Cl)cc3)c2C)nn(-c2ccc(Cl)cc2Cl)c1-c1ccc(Cl)cc1,6.165579296318468,1,1,1,1,6.165579296318468,6.165579296318468,0.0,6.165579296318468
Cc1c(C(=O)NCCCCCCCNCCCCCCCN)nn(-c2ccc(Cl)cc2Cl)c1-c1ccc(Cl)cc1,6.206209615309181,1,1,1,1,6.206209615309181,6.206209615309181,0.0,6.206209615309181
Cc1c(C(=O)NCCCCCCCNCCCCCCCNC(=O)c2nn(-c3ccc(Cl)cc3Cl)c(-c3ccc(Cl)cc3)c2C)nn(-c2ccc(Cl)cc2Cl)c1-c1ccc(Cl)cc1,6.257274868695301,1,1,1,1,6.257274868695301,6.257274868695301,0.0,6.257274868695301
Cc1c(C(=O)NCCCCCCCNS(C)(=O)=O)nn(-c2ccc(Cl)cc2Cl)c1-c1ccc(Cl)cc1,6.107905397309519,1,1,1,1,6.107905397309519,6.107905397309519,0.0,6.107905397309519
Cc1c(C(=O)NCCCCCCCNS(N)(=O)=O)nn(-c2ccc(Cl)cc2Cl)c1-c1ccc(Cl)cc1,5.995678626217357,1,1,1,1,5.995678626217357,5.995678626217357,0.0,5.995678626217357
Cc1c(C(=O)NCCCCCN(C)CCCCCNC(=O)c2nn(-c3ccc(Cl)cc3Cl)c(-c3ccc(Cl)cc3)c2C)nn(-c2ccc(Cl)cc2Cl)c1-c1ccc(Cl)cc1,5.984221243610959,1,1,1,1,5.984221243610959,5.984221243610959,0.0,5.984221243610959
Cc1c(C(=O)NCCCCCNCCCCCNC(=O)c2nn(-c3ccc(Cl)cc3Cl)c(-c3ccc(Cl)cc3)c2C)nn(-c2ccc(Cl)cc2Cl)c1-c1ccc(Cl)cc1,6.345823458122039,1,1,1,1,6.345823458122039,6.345823458122039,0.0,6.345823458122039
Cc1c(C(=O)NCCCCCO)nn(-c2ccc(Cl)cc2Cl)c1-n1c(C)ccc1C,5.494782168468191,1,1,1,1,5.494782168468191,5.494782168468191,0.0,5.494782168468191
Cc1c(C(=O)NCCCCCO)nn(-c2ccc(Cl)cc2Cl)c1-n1cccc1,5.629968287290419,1,1,1,1,5.629968287290419,5.629968287290419,0.0,5.629968287290419
Cc1c(C(=O)NCCCCNCc2ccc(CNCCCCNC(=O)c3nn(-c4ccc(Cl)cc4Cl)c(-c4ccc(Cl)cc4)c3C)cc2)nn(-c2ccc(Cl)cc2Cl)c1-c1ccc(Cl)cc1,5.619788758288394,1,1,1,1,5.619788758288394,5.619788758288394,0.0,5.619788758288394
Cc1c(C(=O)NCCCCNCc2ccccc2)nn(-c2ccc(Cl)cc2Cl)c1-c1ccc(Cl)cc1,4.896196279044043,1,1,1,1,4.896196279044043,4.896196279044043,0.0,4.896196279044043
Cc1c(C(=O)NCCCNCCCNC(=O)c2nn(-c3ccc(Cl)cc3Cl)c(-c3ccc(Cl)cc3)c2C)nn(-c2ccc(Cl)cc2Cl)c1-c1ccc(Cl)cc1,6.304518323509802,1,1,1,1,6.304518323509802,6.304518323509802,0.0,6.304518323509802
Cc1c(C(=O)NCCNCCNC(=O)c2nn(-c3ccc(Cl)cc3Cl)c(-c3ccc(Cl)cc3)c2C)nn(-c2ccc(Cl)cc2Cl)c1-c1ccc(Cl)cc1,5.891096872332687,1,1,1,1,5.891096872332687,5.891096872332687,0.0,5.891096872332687
Cc1c(C(=O)NCCc2ccc(Cl)c(Cl)c2)nn(-c2ccc(F)cc2F)c1-n1cccc1,5.88907375773358,1,1,1,1,5.88907375773358,5.88907375773358,0.0,5.88907375773358
Cc1c(C(=O)NCCc2ccc(Cl)cc2)nn(-c2ccc(Cl)c(Cl)c2)c1-n1cccc1,5.920818753952375,1,1,1,1,5.920818753952375,5.920818753952375,0.0,5.920818753952375
Cc1c(C(=O)NCCc2ccc(Cl)cc2Cl)nn(-c2ccc(F)cc2F)c1-n1c(C)ccc1C,6.142064735280571,1,1,1,1,6.142064735280571,6.142064735280571,0.0,6.142064735280571
Cc1c(C(=O)NCCc2ccc(Cl)cc2Cl)nn(-c2ccc(F)cc2F)c1-n1cccc1,6.175874166083451,1,1,1,1,6.175874166083451,6.175874166083451,0.0,6.175874166083451
Cc1c(C(=O)NCCc2ccccc2)oc2ccc(S(=O)(=O)N3CC(C)CC(C)C3)cc12,5.221848749616356,1,1,1,1,5.221848749616356,5.221848749616356,0.0,5.221848749616356
Cc1c(C(=O)NC[C@H]2CC[C@@H](CNS(C)(=O)=O)CC2)nn(-c2ccc(Cl)cc2Cl)c1-c1ccc(Cl)cc1,6.017728766960431,1,1,1,1,6.017728766960431,6.017728766960431,0.0,6.017728766960431
Cc1c(C(=O)NC[C@H]2CC[C@@H](CNS(N)(=O)=O)CC2)nn(-c2ccc(Cl)cc2Cl)c1-c1ccc(Cl)cc1,5.747146969020107,1,1,1,1,5.747146969020107,5.747146969020107,0.0,5.747146969020107
Cc1c(C(=O)NC[C@H]2C[C@@H]3C[C@H](C2)C3(C)C)ncn1-c1ccccc1,6.756961951313706,1,1,1,1,6.756961951313706,6.756961951313706,0.0,6.756961951313706
Cc1c(C(=O)NCc2ccc(C(F)(F)F)cc2)nc(-c2ccc(Cl)cc2Cl)n1-c1ccc(Cl)cc1,5.70245833218184,1,1,1,1,5.70245833218184,5.70245833218184,0.0,5.70245833218184
Cc1c(C(=O)NCc2ccc(Cl)c(Cl)c2)nn(-c2ccc(Cl)c(Cl)c2)c1-n1c(C)ccc1C,5.863279432843593,1,1,1,1,5.863279432843593,5.863279432843593,0.0,5.863279432843593
Cc1c(C(=O)NCc2ccc(Cl)c(Cl)c2)nn(-c2ccc(Cl)c(Cl)c2)c1-n1c(Cl)ccc1Cl,6.791289980093599,1,1,1,1,6.791289980093599,6.791289980093599,0.0,6.791289980093599
Cc1c(C(=O)NCc2ccc(Cl)c(Cl)c2)nn(-c2ccc(Cl)c(Cl)c2)c1-n1cccc1,6.823908740944319,1,1,1,1,6.823908740944319,6.823908740944319,0.0,6.823908740944319
Cc1c(C(=O)NCc2ccc(Cl)c(Cl)c2)nn(-c2ccc(Cl)c(Cl)c2)c1-n1cccc1Cl,7.268411234813261,1,1,1,1,7.268411234813261,7.268411234813261,0.0,7.268411234813261
Cc1c(C(=O)NCc2ccc(Cl)c(Cl)c2)nn(-c2ccc(Cl)cc2Cl)c1-n1c(C)ccc1C,5.404503778174426,1,1,1,1,5.404503778174426,5.404503778174426,0.0,5.404503778174426
Cc1c(C(=O)NCc2ccc(Cl)c(Cl)c2)nn(-c2ccc(Cl)cc2Cl)c1-n1c(Cl)ccc1Cl,6.869023308394382,1,1,1,1,6.869023308394382,6.869023308394382,0.0,6.869023308394382
Cc1c(C(=O)NCc2ccc(Cl)c(Cl)c2)nn(-c2ccc(Cl)cc2Cl)c1-n1cc2c(c1)CCCC2,7.137272471682025,1,1,1,1,7.137272471682025,7.137272471682025,0.0,7.137272471682025
Cc1c(C(=O)NCc2ccc(Cl)c(Cl)c2)nn(-c2ccc(Cl)cc2Cl)c1-n1cccc1,6.292429823902063,1,1,1,1,6.292429823902063,6.292429823902063,0.0,6.292429823902063
Cc1c(C(=O)NCc2ccc(Cl)c(Cl)c2)nn(-c2ccc(Cl)cc2Cl)c1-n1cccc1Cl,7.006563769502389,1,1,1,1,7.006563769502389,7.006563769502389,0.0,7.006563769502389
Cc1c(C(=O)NCc2ccc(Cl)c(Cl)c2)nn(-c2ccc(F)cc2F)c1-n1c(C)ccc1C,5.404503778174426,1,1,1,1,5.404503778174426,5.404503778174426,0.0,5.404503778174426
Cc1c(C(=O)NCc2ccc(Cl)c(Cl)c2)nn(-c2ccc(F)cc2F)c1-n1cccc1,6.4089353929735005,1,1,1,1,6.4089353929735005,6.4089353929735005,0.0,6.4089353929735005
Cc1c(C(=O)NCc2ccc(Cl)cc2)nn(-c2ccc(Cl)c(Cl)c2)c1-n1c(C)ccc1C,6.102372908709558,1,1,1,1,6.102372908709558,6.102372908709558,0.0,6.102372908709558
Cc1c(C(=O)NCc2ccc(Cl)cc2)nn(-c2ccc(Cl)c(Cl)c2)c1-n1cccc1,7.0,1,1,1,1,7.0,7.0,0.0,7.0
Cc1c(C(=O)NCc2ccc(Cl)cc2)nn(-c2ccc(Cl)cc2Cl)c1-n1cccc1,6.026872146400301,1,1,1,1,6.026872146400301,6.026872146400301,0.0,6.026872146400301
Cc1c(C(=O)NCc2ccc(Cl)cc2)nn(-c2ccc(F)cc2F)c1-n1cccc1,5.468521082957745,1,1,1,1,5.468521082957745,5.468521082957745,0.0,5.468521082957745
Cc1c(C(=O)NCc2ccc(F)cc2)oc2ccc(S(=O)(=O)N3CC(C)CC(C)C3)cc12,5.3979400086720375,1,1,1,1,5.3979400086720375,5.3979400086720375,0.0,5.3979400086720375
Cc1c(C(=O)NCc2ccccc2)oc2ccc(S(=O)(=O)N3CC(C)CC(C)C3)cc12,5.180456064458131,1,1,1,1,5.180456064458131,5.180456064458131,0.0,5.180456064458131
Cc1c(C(=O)NCc2ccccc2Cl)oc2ccc(S(=O)(=O)N3CC(C)CC(C)C3)cc12,5.318758762624412,1,1,1,1,5.318758762624412,5.318758762624412,0.0,5.318758762624412
Cc1c(C(=O)NN2CC3CCCC3C2)nc(-c2ccc(Cl)cc2Cl)n1-c1ccc(Cl)cc1,5.850165303284215,1,1,1,1,5.850165303284215,5.850165303284215,0.0,5.850165303284215
Cc1c(C(=O)NN2CCCC2)nc(-c2ccc(Cl)cc2Cl)n1-c1ccc(Cl)cc1,6.111259039317107,1,1,1,1,6.111259039317107,6.111259039317107,0.0,6.111259039317107
Cc1c(C(=O)NN2CCCCC2)nc(-c2ccc(Cl)cc2)n1-c1ccc(Cl)cc1Cl,6.681936665037238,1,1,1,1,6.681936665037238,6.681936665037238,0.0,6.681936665037238
Cc1c(C(=O)NN2CCCCC2)nc(-c2ccc(Cl)cc2Cl)n1-c1ccc(Br)cc1,6.310691140876379,1,1,1,1,6.310691140876379,6.310691140876379,0.0,6.310691140876379
Cc1c(C(=O)NN2CCCCC2)nc(-c2ccc(Cl)cc2Cl)n1-c1ccc(C(F)(F)F)cc1,6.1979107421182675,1,1,1,1,6.1979107421182675,6.1979107421182675,0.0,6.1979107421182675
Cc1c(C(=O)NN2CCCCC2)nc(-c2ccc(Cl)cc2Cl)n1-c1ccc(Cl)cc1,6.216096420727265,1,1,1,1,6.216096420727265,6.216096420727265,0.0,6.216096420727265
Cc1c(C(=O)NN2CCCCC2)nc(-c2ccc(Cl)cc2Cl)n1-c1ccc(Cl)cn1,6.120330794367947,1,1,1,1,6.120330794367947,6.120330794367947,0.0,6.120330794367947
Cc1c(C(=O)NN2CCCCC2)nc(-c2ccc(Cl)cc2Cl)n1-c1ccc(F)cc1,6.116338564846382,1,1,1,1,6.116338564846382,6.116338564846382,0.0,6.116338564846382
Cc1c(C(=O)NN2CCCCC2)nn(-c2c(Cl)cc(Cl)cc2Cl)c1-c1ccc(Cl)cc1Cl,5.95506845385084,1,1,1,1,5.95506845385084,5.95506845385084,0.0,5.95506845385084
Cc1c(C(=O)NN2CCCCC2)nn(-c2c(Cl)cc(Cl)cc2Cl)c1-n1c(C)ccc1C,5.404503778174426,1,1,1,1,5.404503778174426,5.404503778174426,0.0,5.404503778174426
Cc1c(C(=O)NN2CCCCC2)nn(-c2ccc(Cl)c(Cl)c2)c1-n1c(C)ccc1C,7.537602002101044,1,1,1,1,7.537602002101044,7.537602002101044,0.0,7.537602002101044
Cc1c(C(=O)NN2CCCCC2)nn(-c2ccc(Cl)c(Cl)c2)c1-n1cccc1,7.698970004336019,1,1,1,1,7.698970004336019,7.698970004336019,0.0,7.698970004336019
Cc1c(C(=O)NN2CCCCC2)nn(-c2ccc(Cl)cc2)c1-n1cccc1,5.661543506395395,1,1,1,1,5.661543506395395,5.661543506395395,0.0,5.661543506395395
Cc1c(C(=O)NN2CCCCC2)nn(-c2ccc(Cl)cc2Cl)c1-c1ccc(Cl)cc1Cl,5.981299501333757,1,1,1,1,5.981299501333757,5.981299501333757,0.0,5.981299501333757
Cc1c(C(=O)NN2CCCCC2)nn(-c2ccc(Cl)cc2Cl)c1-c1ccc(I)cc1,6.958607314841775,1,1,1,1,6.958607314841775,6.958607314841775,0.0,6.958607314841775
Cc1c(C(=O)NN2CCCCC2)nn(-c2ccc(Cl)cc2Cl)c1-n1c(C)ccc1C,6.008773924307505,1,1,1,1,6.008773924307505,6.008773924307505,0.0,6.008773924307505
Cc1c(C(=O)NN2CCCCC2)nn(-c2ccc(Cl)cc2Cl)c1-n1cccc1,5.761953896871205,1,1,1,1,5.761953896871205,5.761953896871205,0.0,5.761953896871205
Cc1c(C(=O)NN2CCCCC2)nn(-c2ccc(F)cc2F)c1-n1c(C)ccc1C,5.404503778174426,1,1,1,1,5.404503778174426,5.404503778174426,0.0,5.404503778174426
Cc1c(C(=O)NN2CCCCC2)nn(-c2ccc(F)cc2F)c1-n1cccc1,5.619788758288394,1,1,1,1,5.619788758288394,5.619788758288394,0.0,5.619788758288394
Cc1c(C(=O)NN2CCCCC2)nn(-c2ccccc2)c1-c1ccccc1,4.739451627363021,1,1,1,1,4.739451627363021,4.739451627363021,0.0,4.739451627363021
Cc1c(C(=O)NN2CCCCCC2)nc(-c2ccc(Cl)cc2Cl)n1-c1ccc(Cl)cc1,6.296708621881338,1,1,1,1,6.296708621881338,6.296708621881338,0.0,6.296708621881338
Cc1c(C(=O)NN2CCOCC2)nc(-c2ccc(Cl)cc2Cl)n1-c1ccc(Cl)cc1,5.481881052856847,1,1,1,1,5.481881052856847,5.481881052856847,0.0,5.481881052856847
Cc1c(C(=O)NN2CCOCC2)nn(-c2ccc(Cl)cc2Cl)c1-c1ccc(I)cc1,5.376750709602099,1,1,1,1,5.376750709602099,5.376750709602099,0.0,5.376750709602099
Cc1c(C(=O)NOC(C)(C)C)nc(-c2ccc(Cl)cc2Cl)n1-c1ccc(Cl)cc1,6.616184634019569,1,1,1,1,6.616184634019569,6.616184634019569,0.0,6.616184634019569
Cc1c(C(=O)N[C@@H](C)C2CCCCC2)nn(-c2ccc(Cl)c(Cl)c2)c1-n1cccc1,8.619788758288394,1,1,1,1,8.619788758288394,8.619788758288394,0.0,8.619788758288394
Cc1c(C(=O)N[C@H](C)C2CCCCC2)nn(-c2ccc(Cl)c(Cl)c2)c1-n1cccc1,8.795880017344075,1,1,1,1,8.795880017344075,8.795880017344075,0.0,8.795880017344075
Cc1c(C(=O)N[C@H]2CC[C@H](O)CC2)nc(-c2ccc(Cl)cc2Cl)n1-c1ccc(Cl)cc1,5.45979570015794,1,1,1,1,5.45979570015794,5.45979570015794,0.0,5.45979570015794
Cc1c(C(=O)Nc2cc[n+]([O-])cc2)nn(-c2ccc(Cl)cc2Cl)c1-c1ccc(Cl)cc1,5.3448615651886175,1,1,1,1,5.3448615651886175,5.3448615651886175,0.0,5.3448615651886175
Cc1c(C(=O)Nc2ccc(Cl)cc2)nn(-c2ccc(Cl)c(Cl)c2)c1-n1cccc1,6.102372908709558,1,1,1,1,6.102372908709558,6.102372908709558,0.0,6.102372908709558
Cc1c(C(=O)Nc2ccc(Cl)cc2)nn(-c2ccc(Cl)cc2Cl)c1-n1cccc1,7.096910013008056,1,1,1,1,7.096910013008056,7.096910013008056,0.0,7.096910013008056
Cc1c(C(=O)Nc2ccncc2)nn(-c2ccc(Cl)cc2Cl)c1-c1ccc(Cl)cc1,5.7594507517174005,1,1,1,1,5.7594507517174005,5.7594507517174005,0.0,5.7594507517174005
Cc1c(C(=O)OC(C)(C)C)nc(-c2ccc(Cl)cc2Cl)n1-c1ccc(Cl)cc1,6.088842391260023,1,1,1,1,6.088842391260023,6.088842391260023,0.0,6.088842391260023
Cc1c(C(C)(C)C)s/c(=N\C(=O)c2ccc(Br)cc2)n1CC1CC1,8.920818753952375,1,1,1,1,8.920818753952375,8.920818753952375,0.0,8.920818753952375
Cc1c(C(C)(C)C)s/c(=N\C(=O)c2ccc(OC(F)(F)F)cc2)n1CC1CC1,8.244125144327509,1,1,1,1,8.244125144327509,8.244125144327509,0.0,8.244125144327509
Cc1c(C(C)(C)C)s/c(=N\S(=O)(=O)c2cccc3ccccc23)n1C1CC1,7.795880017344075,1,1,1,1,7.795880017344075,7.795880017344075,0.0,7.795880017344075
Cc1c(CCN2CCOCC2)c2cc(OCC[18F])ccc2n1C(=O)c1cccc(Cl)c1Cl,7.568636235841012,1,1,1,1,7.568636235841012,7.568636235841012,0.0,7.568636235841012
Cc1c(CCN2CCOCC2)c2cc(O[11CH3])ccc2n1C(=O)c1cccc(Cl)c1Cl,7.455931955649724,1,1,1,1,7.455931955649724,7.455931955649724,0.0,7.455931955649724
Cc1c(CN2CCN(c3ncnc4c3nc(-c3ccccc3Cl)n4-c3ccc(Cl)cc3)CC2)cnn1C,6.00436480540245,1,1,1,1,6.00436480540245,6.00436480540245,0.0,6.00436480540245
Cc1c(CN2CCOCC2)cc(NC(=O)C2CCCCC2C)cc1C(F)(F)F,7.769551078621726,1,1,1,1,7.769551078621726,7.769551078621726,0.0,7.769551078621726
Cc1c(Cl)cc(C(=O)NC2CCCCCC2)c(=O)n1Cc1ccc(F)cc1,8.366531544420413,1,1,1,1,8.366531544420413,8.366531544420413,0.0,8.366531544420413
Cc1c(Cl)ccc2c(=O)c(C(=O)NC34CC5CC(CC(C5)C3)C4)c[nH]c12,7.5934598195660445,1,1,1,1,7.5934598195660445,7.5934598195660445,0.0,7.5934598195660445
Cc1c(F)cc(C(=O)NC2CCCCCC2)c(=O)n1Cc1ccc(F)cc1,8.244125144327509,1,1,1,1,8.244125144327509,8.244125144327509,0.0,8.244125144327509
Cc1c(O)c(C)c2cc(Cc3ccc(F)cc3)c(=O)oc2c1C,6.35261702988538,1,1,1,1,6.35261702988538,6.35261702988538,0.0,6.35261702988538
Cc1c(O)c(C)c2cc(Cc3ccccc3)c(=O)oc2c1C,5.465973893943865,1,1,1,1,5.465973893943865,5.465973893943865,0.0,5.465973893943865
Cc1c(O)ccc2c1OC1=C(CC[C@@H](C)C1)C2(C)C,6.0,1,1,1,1,6.0,6.0,0.0,6.0
Cc1c2c(n(-c3ccc(Cl)cc3Cl)c1-c1ccc(Cl)cc1)CCN(C1CCCCC1)C2=O,5.080921907623926,1,1,1,1,5.080921907623926,5.080921907623926,0.0,5.080921907623926
Cc1c2c(n(-c3ccc(Cl)cc3Cl)c1-c1ccc(Cl)cc1)CCN(N1CCCCC1)C2=O,5.886056647693163,1,1,1,1,5.886056647693163,5.886056647693163,0.0,5.886056647693163
Cc1c2c(n(-c3ccccc3Cl)c1-c1ccc(Cl)cc1)CCN(N1CCCCC1)C2=O,5.958607314841775,1,1,1,1,5.958607314841775,5.958607314841775,0.0,5.958607314841775
Cc1c2n(c(=O)c3cc(OC(=O)C(C)(C)C)cc(OC(=O)C(C)(C)C)c13)CCCC2,8.167491087293763,1,1,1,1,8.167491087293763,8.167491087293763,0.0,8.167491087293763
Cc1cc(-c2cc(C(=O)NC34CC5CC(CC(C5)C3)C4)c(=O)n(Cc3ccc(F)cc3)n2)ccc1Cl,8.468521082957745,1,1,1,1,8.468521082957745,8.468521082957745,0.0,8.468521082957745
Cc1cc(-c2cc(C(=O)NC3C4(C)CCC(C4)C3(C)C)nn2Cc2ccc(CNCCCCCCN)cc2)ccc1Cl,6.585026652029182,1,1,1,1,6.585026652029182,6.585026652029182,0.0,6.585026652029182
Cc1cc(-c2cc(C(=O)NC3CCCCC3)c(=O)n(Cc3ccc(F)cc3)n2)ccc1Cl,8.327902142064282,1,1,1,1,8.327902142064282,8.327902142064282,0.0,8.327902142064282
Cc1cc(-c2cc(C(=O)NC3CCCCCC3)c(=O)n(Cc3ccc(F)cc3)n2)ccc1Cl,8.309803919971486,1,1,1,1,8.309803919971486,8.309803919971486,0.0,8.309803919971486
Cc1cc(-c2cc(C(=O)NCCN3CCOCC3)c(=O)n(Cc3ccc(F)cc3)n2)ccc1Cl,6.507239610973162,1,1,1,1,6.507239610973162,6.507239610973162,0.0,6.507239610973162
Cc1cc(-c2cc(C(=O)N[C@@H]3C(C)(C)[C@@H]4CC[C@@]3(C)C4)c(=O)n(Cc3ccc(F)cc3)n2)ccc1Cl,8.585026652029182,1,1,1,1,8.585026652029182,8.585026652029182,0.0,8.585026652029182
Cc1cc(-c2cc(C(=O)N[C@@H]3C(C)(C)[C@@H]4CC[C@@]3(C)C4)nn2-c2ccccc2)ccc1Cl,7.025949097207123,1,1,1,1,7.025949097207123,7.025949097207123,0.0,7.025949097207123
Cc1cc(-c2cc(C(=O)N[C@H]3CC[C@@H](C)CC3)c(=O)n(Cc3ccc(F)cc3)n2)ccc1Cl,8.698970004336019,1,1,1,1,8.698970004336019,8.698970004336019,0.0,8.698970004336019
Cc1cc(-c2cc(C(=O)N[C@H]3CC[C@H](C)CC3)c(=O)n(Cc3ccc(F)cc3)n2)ccc1Cl,8.045757490560675,1,1,1,1,8.045757490560675,8.045757490560675,0.0,8.045757490560675
Cc1cc(=O)c(C(=O)NC23CC4CC(CC(C4)C2)C3)cn1CC1CCOCC1,7.617982957425132,1,1,1,1,7.617982957425132,7.617982957425132,0.0,7.617982957425132
Cc1cc(=O)c(C(=O)NC23CC4CC(CC(C4)C2)C3)cn1CCC1CCOCC1,6.708187312532881,1,1,1,1,6.708187312532881,6.708187312532881,0.0,6.708187312532881
Cc1cc(=O)c(C(=O)NC23CC4CC(CC(C4)C2)C3)cn1CCCC(F)(F)F,9.55284196865778,1,1,1,1,9.55284196865778,9.55284196865778,0.0,9.55284196865778
Cc1cc(C(=O)NC(C)c2ccccc2)c(C)n1-c1ccccc1,6.262457517336326,1,1,1,1,6.262457517336326,6.262457517336326,0.0,6.262457517336326
Cc1cc(C(=O)NC23CC4CC(CC(C4)C2)C3)c(C)n1-c1ccccc1,8.119758224104519,1,1,1,1,8.119758224104519,8.119758224104519,0.0,8.119758224104519
Cc1cc(C(=O)NC2CCCCC2)c(C)n1-c1ccccc1,6.77518216260496,1,1,1,1,6.77518216260496,6.77518216260496,0.0,6.77518216260496
Cc1cc(C(=O)NCCc2ccccc2)c(C)n1-c1ccccc1,6.233460749945486,1,1,1,1,6.233460749945486,6.233460749945486,0.0,6.233460749945486
Cc1cc(C(=O)Nc2ccc3ccccc3c2)c(C)n1-c1ccccc1,7.234480456902047,1,1,1,1,7.234480456902047,7.234480456902047,0.0,7.234480456902047
Cc1cc(C(=O)Nc2cccc3ccccc23)c(C)n1-c1ccccc1,7.0745847629157534,1,1,1,1,7.0745847629157534,7.0745847629157534,0.0,7.0745847629157534
Cc1cc(C)c(NC(=O)C2CCCCC2C)cc1CN1CCOCC1,6.356547323513812,1,1,1,1,6.356547323513812,6.356547323513812,0.0,6.356547323513812
Cc1cc(C)c(OCC(=O)Nc2sc3c(c2C(=O)NC2CCS(=O)(=O)C2)CCCC3)c(C)c1,7.236572006437063,1,1,1,1,7.236572006437063,7.236572006437063,0.0,7.236572006437063
Cc1cc(C)cc(-c2ccc(C(C)(C)CCCCCO)cc2O)c1,8.443697499232712,1,1,1,1,8.443697499232712,8.443697499232712,0.0,8.443697499232712
Cc1cc(C)cc(-c2ccc(C(C)(C)CCCO)cc2O)c1,7.251811972993799,1,1,1,1,7.251811972993799,7.251811972993799,0.0,7.251811972993799
Cc1cc(C)cc(-c2ccc(C(C)(C)CO)cc2O)c1,6.221848749616356,1,1,1,1,6.221848749616356,6.221848749616356,0.0,6.221848749616356
Cc1cc(C2=NN(C(=O)NC3C4(C)CCC(C4)C3(C)C)CC2Cc2ccccc2)ccc1Cl,6.161780778092375,1,1,1,1,6.161780778092375,6.161780778092375,0.0,6.161780778092375
Cc1cc(C2=NN(C(=O)NC3CCCCC3)CC2C2CCCC2)ccc1Cl,5.439017944413765,1,1,1,1,5.439017944413765,5.439017944413765,0.0,5.439017944413765
Cc1cc(Cl)cc(C)c1-c1c(C)c(C(=O)NN2CCCCC2)nn1-c1ccc(Cl)cc1Cl,6.120330794367947,1,1,1,1,6.120330794367947,6.120330794367947,0.0,6.120330794367947
Cc1cc(Cl)ccc1-c1c(C)c(C(=O)NN2CCCCC2)nn1-c1c(Cl)cc(Cl)cc1Cl,5.749336080536756,1,1,1,1,5.749336080536756,5.749336080536756,0.0,5.749336080536756
Cc1cc(Cl)ccc1-c1c(C)c(C(=O)NN2CCCCC2)nn1-c1ccc(Cl)cc1Cl,5.949233688766958,1,1,1,1,5.949233688766958,5.949233688766958,0.0,5.949233688766958
Cc1cc(F)c(NC(=O)C2CCCCC2C)cc1CN1CCOCC1,7.431798275933005,1,1,1,1,7.431798275933005,7.431798275933005,0.0,7.431798275933005
Cc1cc(NC(=O)C(C)(C(F)(F)F)C(F)(F)F)cc(CN2CCOCC2)c1C,8.568636235841012,1,1,1,1,8.568636235841012,8.568636235841012,0.0,8.568636235841012
Cc1cc(NC(=O)C(C)(C(F)(F)F)C(F)(F)F)cc(S(=O)(=O)N2CCOCC2)c1C,8.18045606445813,1,1,1,1,8.18045606445813,8.18045606445813,0.0,8.18045606445813
Cc1cc(NC(=O)C(C)(C)C)cc(S(=O)(=O)N2CCOCC2)c1C,7.3979400086720375,1,1,1,1,7.3979400086720375,7.3979400086720375,0.0,7.3979400086720375
Cc1cc(NC(=O)C(C)(C)O)cc(S(=O)(=O)N2CCOCC2)c1C,5.681936665037238,1,1,1,1,5.681936665037238,5.681936665037238,0.0,5.681936665037238
Cc1cc(NC(=O)C(C)(C)c2ccccc2)cc(S(=O)(=O)N2CCOCC2)c1C,6.920818753952375,1,1,1,1,6.920818753952375,6.920818753952375,0.0,6.920818753952375
Cc1cc(NC(=O)C2C(C)(C)C2(C)C)cc(S(=O)(=O)N2CCOCC2)c1C,7.795880017344075,1,1,1,1,7.795880017344075,7.795880017344075,0.0,7.795880017344075
Cc1cc(NC(=O)C2CCCCC2C)cc(CN2CCOCC2)c1C,8.065501548756432,1,1,1,1,8.065501548756432,8.065501548756432,0.0,8.065501548756432
Cc1cc(O)c2c(c1)OC(C)(C)C1=C2C[C@H](C)CC1,6.180456064458131,1,1,1,1,6.180456064458131,6.180456064458131,0.0,6.180456064458131
Cc1cc([N+](=O)[O-])c2oc(-c3ccc(OCCOCCNC(=O)OC(C)(C)C)cc3)cc(=O)c2c1,6.11690664142431,1,1,1,1,6.11690664142431,6.11690664142431,0.0,6.11690664142431
Cc1cc2c3c(c1)c(=O)c(C(=O)NC1CCCCC1)cn3C(c1ccccc1)CO2,7.735182176990463,1,1,1,1,7.735182176990463,7.735182176990463,0.0,7.735182176990463
Cc1ccc(-c2cc(C(=O)NC34CC5CC(CC(C5)C3)C4)c(=O)n(C3CCCC3)n2)cc1Cl,8.119186407719209,1,1,1,1,8.119186407719209,8.119186407719209,0.0,8.119186407719209
Cc1ccc(-c2cc(C(C)(C)C)[nH]n2)cc1S(=O)(=O)N1CCOCC1,6.795880017344075,1,1,1,1,6.795880017344075,6.795880017344075,0.0,6.795880017344075
Cc1ccc(-c2cc(CC(C)(C)C)[nH]n2)cc1S(=O)(=O)N1CCOCC1,7.1249387366083,1,1,1,1,7.1249387366083,7.1249387366083,0.0,7.1249387366083
Cc1ccc(-c2cc(CC3CCCCC3)[nH]n2)cc1S(=O)(=O)N1CCOCC1,7.060480747381382,1,1,1,1,7.060480747381382,7.060480747381382,0.0,7.060480747381382
Cc1ccc(-c2cc3ncccc3c3cc(C(=O)NC45CC6CC(CC(C6)C4)C5)nn23)cc1,7.481486060122112,1,1,1,1,7.481486060122112,7.481486060122112,0.0,7.481486060122112
Cc1ccc(-c2cc3ncccc3c3cc(C(=O)NC4C5CC(C[C@@H]4C)C5(C)C)nn23)cc1,6.619788758288394,1,1,1,1,6.619788758288394,6.619788758288394,0.0,6.619788758288394
Cc1ccc(-c2cc3ncccc3c3cc(C(=O)NC4C5CC6CC(C5)CC4C6)nn23)cc1,6.876148359032914,1,1,1,1,6.876148359032914,6.876148359032914,0.0,6.876148359032914
Cc1ccc(-c2cc3ncccc3c3cc(C(=O)NC4CCCCC4)nn23)cc1,5.671009144550571,1,1,1,1,5.671009144550571,5.671009144550571,0.0,5.671009144550571
Cc1ccc(-c2cc3ncccc3c3cc(C(=O)NC[C@@H]4CCC5CC4C5(C)C)nn23)cc1,6.920818753952375,1,1,1,1,6.920818753952375,6.920818753952375,0.0,6.920818753952375
Cc1ccc(-c2cc3ncccc3c3cc(C(=O)N[C@@H]4C[C@H](C)CC[C@H]4C(C)C)nn23)cc1,6.552841968657781,1,1,1,1,6.552841968657781,6.552841968657781,0.0,6.552841968657781
Cc1ccc(-c2cc3ncccc3c3cc(C(=O)N[C@H]4C5(C)CCC(C5)C4(C)C)nn23)cc1,6.096910013008056,1,1,1,1,6.096910013008056,6.096910013008056,0.0,6.096910013008056
Cc1ccc(-c2cc3ncccc3c3cc(C(=O)N[C@H]4CC5CCC4(C)C5(C)C)nn23)cc1,7.275724130399211,1,1,1,1,7.275724130399211,7.275724130399211,0.0,7.275724130399211
Cc1ccc(-c2cnc(C(C)(C)C)[nH]2)cc1S(=O)(=O)N1CCOCC1,7.0915149811213505,1,1,1,1,7.0915149811213505,7.0915149811213505,0.0,7.0915149811213505
Cc1ccc(-c2n[nH]c(C(C)(C)C)n2)cc1S(=O)(=O)N1CCOCC1,7.0,1,1,1,1,7.0,7.0,0.0,7.0
Cc1ccc(-c2n[nH]c(CC(C)(C)C)n2)cc1S(=O)(=O)N1CCOCC1,7.070581074285707,1,1,1,1,7.070581074285707,7.070581074285707,0.0,7.070581074285707
Cc1ccc(-c2n[nH]c(CC3CCCCC3)n2)cc1S(=O)(=O)N1CCOCC1,7.568636235841012,1,1,1,1,7.568636235841012,7.568636235841012,0.0,7.568636235841012
Cc1ccc(-c2nc(C(C)(C)C)c[nH]2)cc1S(=O)(=O)N1CCOCC1,7.638272163982407,1,1,1,1,7.638272163982407,7.638272163982407,0.0,7.638272163982407
Cc1ccc(-c2nc(C(C)(C)C)cs2)cc1S(=O)(=O)N1CCOCC1,8.244125144327509,1,1,1,1,8.244125144327509,8.244125144327509,0.0,8.244125144327509
Cc1ccc(-c2nc(CC(C)(C)C)c[nH]2)cc1S(=O)(=O)N1CCOCC1,7.443697499232712,1,1,1,1,7.443697499232712,7.443697499232712,0.0,7.443697499232712
Cc1ccc(-c2nc(CC(C)(C)C)cs2)cc1S(=O)(=O)N1CCOCC1,8.2839966563652,1,1,1,1,8.2839966563652,8.2839966563652,0.0,8.2839966563652
Cc1ccc(-c2nc(CC3CCCCC3)cs2)cc1S(=O)(=O)N1CCOCC1,7.638272163982407,1,1,1,1,7.638272163982407,7.638272163982407,0.0,7.638272163982407
Cc1ccc(-c2nnn(CC(C)(C)C)n2)cc1S(=O)(=O)N1CCOCC1,7.769551078621726,1,1,1,1,7.769551078621726,7.769551078621726,0.0,7.769551078621726
Cc1ccc(-c2nnn(CC3CCCCC3)n2)cc1S(=O)(=O)N1CCOCC1,7.086186147616283,1,1,1,1,7.086186147616283,7.086186147616283,0.0,7.086186147616283
Cc1ccc(-c2noc(C(C)(C)C)n2)cc1S(=O)(=O)N1CCOCC1,7.1249387366083,1,1,1,1,7.1249387366083,7.1249387366083,0.0,7.1249387366083
Cc1ccc(-c2noc(CC(C)(C)C)n2)cc1S(=O)(=O)N1CCOCC1,7.229147988357855,1,1,1,1,7.229147988357855,7.229147988357855,0.0,7.229147988357855
Cc1ccc(-c2noc(CC3CCCCC3)n2)cc1S(=O)(=O)N1CCOCC1,6.886056647693163,1,1,1,1,6.886056647693163,6.886056647693163,0.0,6.886056647693163
Cc1ccc(-c2noc(CCC(=O)Nc3ccc4c(c3)c3ccccc3n4CCF)n2)cc1,6.423658649794207,1,1,1,1,6.423658649794207,6.423658649794207,0.0,6.423658649794207
Cc1ccc(C(=O)NC(C(C)(C)C)C(C)(C)C)cc1S(=O)(=O)N1CCOCC1,7.468521082957745,1,1,1,1,7.468521082957745,7.468521082957745,0.0,7.468521082957745
Cc1ccc(C(=O)NC(C)C(C)(C)C)cc1S(=O)(=O)N1CCOCC1,6.7447274948966935,1,1,1,1,6.7447274948966935,6.7447274948966935,0.0,6.7447274948966935
Cc1ccc(C(=O)NC(C)C23CC4CC(CC(C4)C2)C3)cc1S(=O)(=O)N1CCOCC1,8.200659450546418,1,1,1,1,8.200659450546418,8.200659450546418,0.0,8.200659450546418
Cc1ccc(C(=O)NC23CC4CC(CC(C4)C2)C3)cc1S(=O)(=O)N1CCOCC1,7.721246399047171,1,1,1,1,7.721246399047171,7.721246399047171,0.0,7.721246399047171
Cc1ccc(C(=O)NC2C(C)(C)[C@@H]3CC[C@@]2(C)C3)cc1C(=O)N1CCOCC1,5.920818753952375,1,1,1,1,5.920818753952375,5.920818753952375,0.0,5.920818753952375
Cc1ccc(C(=O)NC2C(C)(C)[C@@H]3CC[C@@]2(C)C3)cc1CCC(=O)N1CCOCC1,7.080921907623926,1,1,1,1,7.080921907623926,7.080921907623926,0.0,7.080921907623926
Cc1ccc(C(=O)NC2C(C)(C)[C@@H]3CC[C@@]2(C)C3)cc1CCCN1CCOCC1,7.207608310501746,1,1,1,1,7.207608310501746,7.207608310501746,0.0,7.207608310501746
Cc1ccc(C(=O)NC2C(C)(C)[C@@H]3CC[C@@]2(C)C3)cc1CCN1CCOCC1,7.346787486224656,1,1,1,1,7.346787486224656,7.346787486224656,0.0,7.346787486224656
Cc1ccc(C(=O)NC2C(C)(C)[C@@H]3CC[C@@]2(C)C3)cc1CN1CCOCC1,7.721246399047171,1,1,1,1,7.721246399047171,7.721246399047171,0.0,7.721246399047171
Cc1ccc(C(=O)NC2C(C)(C)[C@@H]3CC[C@@]2(C)C3)cc1N1CCOCC1,6.522878745280337,1,1,1,1,6.522878745280337,6.522878745280337,0.0,6.522878745280337
Cc1ccc(C(=O)NC2C(C)(C)[C@@H]3CC[C@@]2(C)C3)cc1S(=O)(=O)N1CCOCC1,8.4089353929735,1,1,1,1,8.4089353929735,8.4089353929735,0.0,8.4089353929735
Cc1ccc(C(=O)NC2C(C)(C)[C@@H]3CC[C@]2(C)C3)cc1S(=O)(=O)N1CCOCC1,8.4089353929735,1,1,1,1,8.4089353929735,8.4089353929735,0.0,8.4089353929735
Cc1ccc(C(=O)NC2C(C)CCCC2C)cc1S(=O)(=O)N1CCOCC1,7.036212172654444,1,1,1,1,7.036212172654444,7.036212172654444,0.0,7.036212172654444
Cc1ccc(C(=O)NC2C3(C)CCC(C3)C2(C)C)cc1CC(=O)N1CCOCC1,6.154901959985743,1,1,1,1,6.154901959985743,6.154901959985743,0.0,6.154901959985743
Cc1ccc(C(=O)NC2C3CC4CC(C3)CC2C4)cc1S(=O)(=O)N1CCOCC1,8.2518119729938,1,1,1,1,8.2518119729938,8.2518119729938,0.0,8.2518119729938
Cc1ccc(C(=O)NC2CCCCCC2)c(=O)n1Cc1ccc(F)cc1,8.327902142064282,1,1,1,1,8.327902142064282,8.327902142064282,0.0,8.327902142064282
Cc1ccc(C(=O)NC2CCCCCC2)c(OCc2ccc(F)cc2)n1,7.4698003017969175,1,1,1,1,7.4698003017969175,7.4698003017969175,0.0,7.4698003017969175
Cc1ccc(C(=O)NCC(C)(C)C)cc1S(=O)(=O)N1CCOCC1,6.4089353929735005,1,1,1,1,6.4089353929735005,6.4089353929735005,0.0,6.4089353929735005
Cc1ccc(C(=O)NCC23CC4CC(CC(C4)C2)C3)cc1S(=O)(=O)N1CCOCC1,8.0,1,1,1,1,8.0,8.0,0.0,8.0
Cc1ccc(C(=O)N[C@@H]2C(C)(C)[C@@H]3CC[C@@]2(C)C3)cc1S(=O)(=O)N1CCOCC1,8.4089353929735,1,1,1,1,8.4089353929735,8.4089353929735,0.0,8.4089353929735
Cc1ccc(C(=O)N[C@@H]2C(C)(C)[C@H]3CC[C@]2(C)C3)cc1S(=O)(=O)N1CCOCC1,8.4089353929735,1,1,1,1,8.4089353929735,8.4089353929735,0.0,8.4089353929735
Cc1ccc(C(=O)N[C@H]2C(C)(C)[C@@H]3CC[C@@]2(C)C3)cc1S(=O)(=O)N1CCOCC1,7.318758762624412,1,1,1,1,7.318758762624412,7.318758762624412,0.0,7.318758762624412
Cc1ccc(C(=O)N[C@H]2C(C)(C)[C@H]3CC[C@]2(C)C3)cc1S(=O)(=O)N1CCOCC1,7.318758762624412,1,1,1,1,7.318758762624412,7.318758762624412,0.0,7.318758762624412
Cc1ccc(C(=O)N[C@H]2CC3CC[C@@]2(C)C3(C)C)cc1S(=O)(=O)N1CCOCC1,8.09151498112135,1,1,1,1,8.09151498112135,8.09151498112135,0.0,8.09151498112135
Cc1ccc(C(=O)Oc2cccc(/C=C3\N=C4SCCCCN4C3=O)c2)cc1,5.58838029403677,1,1,1,1,5.58838029403677,5.58838029403677,0.0,5.58838029403677
Cc1ccc(C(=O)Oc2cccc3cccnc23)cc1S(=O)(=O)N1CCCCC1,8.397940008672037,1,1,1,1,8.397940008672037,8.397940008672037,0.0,8.397940008672037
Cc1ccc(C(=O)c2cc(O)c(-c3cc(Cl)cc(Cl)c3)c(O)c2)cc1,6.589054141312225,1,1,1,1,6.589054141312225,6.589054141312225,0.0,6.589054141312225
Cc1ccc(C(C(=O)NCCC(c2ccccc2)c2ccccc2)c2ccccc2)cc1,6.187086643357144,1,1,1,1,6.187086643357144,6.187086643357144,0.0,6.187086643357144
Cc1ccc(C(C)C)c2cc(Cc3ccccc3)c(=O)oc12,5.369572124974976,1,1,1,1,5.369572124974976,5.369572124974976,0.0,5.369572124974976
Cc1ccc(C(NC(=O)Cc2ccc(Cl)cc2)NC(=O)Cc2ccc(Cl)cc2)cc1,6.335358024443874,2,1,1,1,6.335358024443874,6.335358024443874,0.0,6.335358024443874
Cc1ccc(C(NC(=O)Cc2ccccc2)NC(=O)Cc2ccccc2)cc1,6.306273051076353,2,1,1,1,6.306273051076353,6.306273051076353,0.0,6.306273051076353
Cc1ccc(C(c2ccc(Cl)cc2Cl)N2CCN(C(=O)NC3CCCCC3)CC2)cc1,6.482804102050025,1,1,1,1,6.482804102050025,6.482804102050025,0.0,6.482804102050025
Cc1ccc(C(c2ccc(Cl)cc2Cl)N2CCN(C(=O)NN3CCCCC3)CC2)cc1,6.498940737782249,1,1,1,1,6.498940737782249,6.498940737782249,0.0,6.498940737782249
Cc1ccc(C2COc3cccc4c(=O)c(C(=O)NC56CC7CC(CC(C7)C5)C6)cn2c34)cc1,6.3851027839668655,1,1,1,1,6.3851027839668655,6.3851027839668655,0.0,6.3851027839668655
Cc1ccc(C2COc3cccc4c(=O)c(C(=O)NC5CCCCC5)cn2c34)cc1,6.329754146925875,1,1,1,1,6.329754146925875,6.329754146925875,0.0,6.329754146925875
Cc1ccc(C2c3cccn3-c3ccccc3N2C(=O)CN(C(=O)C2CCCC2)C2CC2)cc1,5.0,1,1,1,1,5.0,5.0,0.0,5.0
Cc1ccc(CC2CN(C(=O)NC3C4(C)CCC(C4)C3(C)C)N=C2c2ccc(Cl)c(C)c2)cc1,6.600326278518962,1,1,1,1,6.600326278518962,6.600326278518962,0.0,6.600326278518962
Cc1ccc(CC2CN(C(=O)NC3CCCCC3)N=C2c2ccc(Cl)c(C)c2)cc1,6.414539270491499,1,1,1,1,6.414539270491499,6.414539270491499,0.0,6.414539270491499
Cc1ccc(CNC(=O)c2oc3ccc(S(=O)(=O)N4CC(C)CC(C)C4)cc3c2C)cc1,4.718966632752273,1,1,1,1,4.718966632752273,4.718966632752273,0.0,4.718966632752273
Cc1ccc(Cn2c(NCCc3c[nH]c4ccccc34)nc3c2c(=O)n(C)c(=O)n3C)cc1,6.082494490447454,1,1,1,1,6.082494490447454,6.082494490447454,0.0,6.082494490447454
Cc1ccc(Cn2cc(/C=C/[C@@H]3C(C)(C)[C@@H]4CC[C@@]3(C)C4)cc2-c2ccc(Cl)c(C)c2)cc1,5.913640169325252,1,1,1,1,5.913640169325252,5.913640169325252,0.0,5.913640169325252
Cc1ccc(Cn2cc(C(=O)N3CCCCC3)cc2-c2ccc(Cl)c(C)c2)cc1,6.97469413473523,1,1,1,1,6.97469413473523,6.97469413473523,0.0,6.97469413473523
Cc1ccc(Cn2cc(C(=O)N3CCN(c4ccccc4Cl)CC3)cc2-c2ccc(Cl)c(C)c2)cc1,5.7677664788852665,1,1,1,1,5.7677664788852665,5.7677664788852665,0.0,5.7677664788852665
Cc1ccc(Cn2cc(C(=O)NC3CCCCC3)cc2-c2ccc(Cl)c(C)c2)cc1,6.61261017366127,1,1,1,1,6.61261017366127,6.61261017366127,0.0,6.61261017366127
Cc1ccc(Cn2cc(C(=O)NC[C@@H]3CCC4C[C@@H]3C4(C)C)cc2-c2ccc(Cl)c(C)c2)cc1,7.141462802430361,1,1,1,1,7.141462802430361,7.141462802430361,0.0,7.141462802430361
Cc1ccc(Cn2cc(C(=O)NN3CCCCCC3)cc2-c2ccc(Cl)c(C)c2)cc1,6.2403321553103694,1,1,1,1,6.2403321553103694,6.2403321553103694,0.0,6.2403321553103694
Cc1ccc(Cn2cc(C(=O)N[C@@H](C)C3CCCCC3)cc2-c2ccc(Cl)c(C)c2)cc1,6.308034897232639,1,1,1,1,6.308034897232639,6.308034897232639,0.0,6.308034897232639
Cc1ccc(Cn2cc(C(=O)N[C@@H]3C(C)(C)C4CC[C@@]3(C)C4)c3c2-c2ccc(Cl)c(C)c2C3)cc1,6.464705879957229,1,1,1,1,6.464705879957229,6.464705879957229,0.0,6.464705879957229
Cc1ccc(Cn2cc(C(=O)N[C@@H]3C(C)(C)C4CC[C@@]3(C)C4)cc2-c2ccc(Cl)c(C)c2)cc1,8.244125144327509,1,1,1,1,8.244125144327509,8.244125144327509,0.0,8.244125144327509
Cc1ccc(Cn2cc(C(=O)N[C@@H]3C(C)(C)[C@@H]4CC[C@@]3(C)C4)cc2-c2ccc(Cl)c(C)c2)cc1,7.815308569182401,1,1,1,1,7.815308569182401,7.815308569182401,0.0,7.815308569182401
Cc1ccc(Cn2cc(C(=O)N[C@@H]3CC4CC[C@@]3(C)C4(C)C)cc2-c2ccc(Cl)c(C)c2)cc1,6.785156151952302,1,1,1,1,6.785156151952302,6.785156151952302,0.0,6.785156151952302
Cc1ccc(Cn2cc(C(=O)N[C@H]3C[C@@H](C)CC[C@@H]3C(C)C)cc2-c2ccc(Cl)c(C)c2)cc1,5.958607314841775,1,1,1,1,5.958607314841775,5.958607314841775,0.0,5.958607314841775
Cc1ccc(Cn2cc(CN[C@@H]3C(C)(C)C4CC[C@@]3(C)C4)cc2-c2ccc(Cl)c(C)c2)cc1,6.464705879957229,1,1,1,1,6.464705879957229,6.464705879957229,0.0,6.464705879957229
Cc1ccc(Cn2nc(-c3ccc(C)cc3)cc(S(=O)(=O)NC3CCCCCC3)c2=O)cc1,5.593800576336687,1,1,1,1,5.593800576336687,5.593800576336687,0.0,5.593800576336687
Cc1ccc(Cn2nc(-c3ccc(Cl)c(C)c3)cc(C(=O)NC3CCCCC3)c2=O)cc1,6.619788758288394,1,1,1,1,6.619788758288394,6.619788758288394,0.0,6.619788758288394
Cc1ccc(Cn2nc(/C=C/[C@@H]3C(C)(C)[C@@H]4CC[C@@]3(C)C4)cc2-c2ccc(Cl)c(C)c2)cc1,6.278189384787453,1,1,1,1,6.278189384787453,6.278189384787453,0.0,6.278189384787453
Cc1ccc(Cn2nc(C(=O)NCC3CCC4CC3C4(C)C)c3c2-c2cc(Cl)ccc2CCC3)cc1,7.291579099865287,1,1,1,1,7.291579099865287,7.291579099865287,0.0,7.291579099865287
Cc1ccc(Cn2nc(C(=O)NCC3CCC4CC3C4(C)C)c3c2-c2ccc(Cl)cc2CCC3)cc1,8.022276394711152,1,1,1,1,8.022276394711152,8.022276394711152,0.0,8.022276394711152
Cc1ccc(Cn2nc(C(=O)N[C@@H]3CC4CC[C@@]3(C)C4(C)C)cc2-c2ccc(Cl)c(C)c2)cc1,8.142667503568731,1,1,1,1,8.142667503568731,8.142667503568731,0.0,8.142667503568731
Cc1ccc(Cn2nc(C(=O)N[C@@H]3C[C@@H]4CC[C@@]3(C)C4(C)C)cc2-c2ccc(Cl)c(C)c2)cc1,7.536107011014092,1,1,1,1,7.536107011014092,7.536107011014092,0.0,7.536107011014092
Cc1ccc(NC(=O)C(C(C)(C)C)C(C)(C)C)cc1S(=O)(=O)N1CCOCC1,7.958607314841775,1,1,1,1,7.958607314841775,7.958607314841775,0.0,7.958607314841775
Cc1ccc(NC(=O)C(C)(C(F)(F)F)C(F)(F)F)cc1CN1CCOCC1,7.795880017344075,1,1,1,1,7.795880017344075,7.795880017344075,0.0,7.795880017344075
Cc1ccc(NC(=O)C(C)(C(F)(F)F)C(F)(F)F)cc1S(=O)(=O)N1CCOCC1,7.638272163982407,1,1,1,1,7.638272163982407,7.638272163982407,0.0,7.638272163982407
Cc1ccc(NC(=O)C(C)(C)C)cc1S(=O)(=O)N1CCOCC1,6.267606240177031,1,1,1,1,6.267606240177031,6.267606240177031,0.0,6.267606240177031
Cc1ccc(NC(=O)C2(C)CCCCC2)cc1S(=O)(=O)N1CCOCC1,7.455931955649724,1,1,1,1,7.455931955649724,7.455931955649724,0.0,7.455931955649724
Cc1ccc(NC(=O)C2C(C)(C)C2(C)C)cc1S(=O)(=O)N1CCOCC1,7.638272163982407,1,1,1,1,7.638272163982407,7.638272163982407,0.0,7.638272163982407
Cc1ccc(NC(=O)C2CCCCC2(C)C)cc1S(=O)(=O)N1CCOCC1,7.958607314841775,1,1,1,1,7.958607314841775,7.958607314841775,0.0,7.958607314841775
Cc1ccc(NC(=O)C2CCCCC2)cc1S(=O)(=O)N1CCOCC1,6.920818753952375,1,1,1,1,6.920818753952375,6.920818753952375,0.0,6.920818753952375
Cc1ccc(NC(=O)C2CCCCC2C)cc1CN1CCOCC1,7.154901959985743,1,1,1,1,7.154901959985743,7.154901959985743,0.0,7.154901959985743
Cc1ccc(NC(=O)C2CCCCC2C)cc1S(=O)(=O)N1CCOCC1,7.853871964321762,1,1,1,1,7.853871964321762,7.853871964321762,0.0,7.853871964321762
Cc1ccc(NC(=O)[C@@H]2C(C)(C)[C@@H]3CC[C@@]2(C)C3)cc1S(=O)(=O)N1CCOCC1,8.769551078621726,1,1,1,1,8.769551078621726,8.769551078621726,0.0,8.769551078621726
Cc1ccc(NC(=O)[C@@H]2C[C@@]3(C)CC[C@]2(C)O3)cc1S(=O)(=O)N1CCOCC1,6.180456064458131,1,1,1,1,6.180456064458131,6.180456064458131,0.0,6.180456064458131
Cc1ccc(NC(=O)[C@H]2C(C)(C)[C@@H]3CC[C@@]2(C)C3)cc1S(=O)(=O)N1CCOCC1,8.0268721464003,1,1,1,1,8.0268721464003,8.0268721464003,0.0,8.0268721464003
Cc1ccc(NC(=O)[C@H]2C[C@@]3(C)CC[C@]2(C)O3)cc1S(=O)(=O)N1CCOCC1,5.698970004336019,1,1,1,1,5.698970004336019,5.698970004336019,0.0,5.698970004336019
Cc1ccc(NC(=O)c2ccc(Cl)cc2)cc1S(=O)(=O)N1CCOCC1,5.537602002101044,1,1,1,1,5.537602002101044,5.537602002101044,0.0,5.537602002101044
Cc1ccc(NC(=O)c2cccc(Cl)c2)cc1S(=O)(=O)N1CCOCC1,6.920818753952375,1,1,1,1,6.920818753952375,6.920818753952375,0.0,6.920818753952375
Cc1ccc(NC(=O)c2ccccc2Cl)cc1S(=O)(=O)N1CCOCC1,6.769551078621726,1,1,1,1,6.769551078621726,6.769551078621726,0.0,6.769551078621726
Cc1ccc(NC(=O)c2cccn2Cc2ccc(F)cc2)cc1,6.568636235841012,1,1,1,1,6.568636235841012,6.568636235841012,0.0,6.568636235841012
Cc1ccc(NC(=O)c2nn(-c3ccc(Cl)cc3Cl)c(-c3ccc(Cl)cc3)c2C)cn1,5.396855627379818,1,1,1,1,5.396855627379818,5.396855627379818,0.0,5.396855627379818
Cc1ccc(S(=O)(=O)N(CCc2ccc(Cl)cc2)S(=O)(=O)c2ccc(C)cc2)cc1,6.71669877129645,1,1,1,1,6.71669877129645,6.71669877129645,0.0,6.71669877129645
Cc1ccc(S(=O)(=O)N(CCc2ccccc2)Cc2ccccc2)cc1,6.1249387366083,1,1,1,1,6.1249387366083,6.1249387366083,0.0,6.1249387366083
Cc1ccc(S(=O)(=O)N(Cc2ccc(N3CCCCC3)cc2)c2ccccc2)cc1,6.508638306165727,1,1,1,1,6.508638306165727,6.508638306165727,0.0,6.508638306165727
Cc1ccc(S(=O)(=O)N(Cc2ccccc2)Cc2ccc(C(C)C)cc2)cc1,6.638272163982407,1,1,1,1,6.638272163982407,6.638272163982407,0.0,6.638272163982407
Cc1ccc(S(=O)(=O)N(Cc2ccccc2)Cc2ccc(N(C)C)cc2)cc1,6.167491087293763,1,1,1,1,6.167491087293763,6.167491087293763,0.0,6.167491087293763
Cc1ccc(S(=O)(=O)N(Cc2ccccc2)Cc2ccc(N(CCCl)CCCl)cc2)cc1,6.779891911959945,1,1,1,1,6.779891911959945,6.779891911959945,0.0,6.779891911959945
Cc1ccc(S(=O)(=O)N(Cc2ccccc2)Cc2ccc(N3CCCCC3)cc2)cc1,7.356547323513812,1,1,1,1,7.356547323513812,7.356547323513812,0.0,7.356547323513812
Cc1ccc(S(=O)(=O)N(Cc2ccccc2)Cc2ccc(OC(C)C)cc2)cc1,6.7594507517174005,1,1,1,1,6.7594507517174005,6.7594507517174005,0.0,6.7594507517174005
Cc1ccc(S(=O)(=O)N[C@H]2CCCOc3c2nn(-c2ccccc2Cl)c3-c2ccc(Cl)cc2)cc1,5.782516055786093,1,1,1,1,5.782516055786093,5.782516055786093,0.0,5.782516055786093
Cc1ccc(S(=O)(=O)c2ccc([C@H](C)NS(C)(=O)=O)cc2)c(S(=O)(=O)c2ccccc2F)c1,9.301029995663981,1,1,1,1,9.301029995663981,9.301029995663981,0.0,9.301029995663981
Cc1ccc([C@@H](c2ccc(Cl)cc2Cl)N2CCN(C(=O)NC3CCCCC3)CC2)cc1,6.644356949779131,1,1,1,1,6.644356949779131,6.644356949779131,0.0,6.644356949779131
Cc1ccc([C@H](c2ccc(Cl)cc2Cl)N2CCN(C(=O)NC3CCCCC3)CC2)cc1,6.6154673845057514,1,1,1,1,6.6154673845057514,6.6154673845057514,0.0,6.6154673845057514
Cc1ccc2c(=O)c(C(=O)NC3CCCC3)cn(CCN3CCOCC3)c2n1,7.301029995663981,1,1,1,1,7.301029995663981,7.301029995663981,0.0,7.301029995663981
Cc1ccc2c(C(=O)C3C(C)(C)C3(C)C)cn(CC3CCOCC3)c2c1,9.762970143904866,3,2,2,1,9.698970004336019,9.830031826003108,0.1310618216670889,9.823908740944319
Cc1ccc2c(c1)-c1c(O)cc(C34CC5CC(CC(C5)C3)C4)cc1OC2(C)C,7.197226274708024,1,1,1,1,7.197226274708024,7.197226274708024,0.0,7.197226274708024
Cc1ccc2c(c1)Cc1c(C(=O)NC3CCCCC3)nn(-c3ccc(Cl)cc3Cl)c1-2,8.119987161633228,1,1,1,1,8.119987161633228,8.119987161633228,0.0,8.119987161633228
Cc1ccc2c(c1)Cc1c(C(=O)NN3CCCCC3)nn(-c3ccc(Cl)cc3Cl)c1-2,10.414869142302521,2,2,2,1,10.397940008672037,10.431798275933005,0.03385826726096752,10.414869142302521
Cc1cccc(-c2c(O)cc(C(=O)c3ccccc3)cc2O)c1,6.494850021680094,1,1,1,1,6.494850021680094,6.494850021680094,0.0,6.494850021680094
Cc1cccc(-c2c(O)cc(C(=O)c3cccs3)cc2O)c1,6.010995384301463,1,1,1,1,6.010995384301463,6.010995384301463,0.0,6.010995384301463
Cc1cccc(C(=O)c2cc(O)c(-c3cc(Cl)cc(Cl)c3)c(O)c2)c1,5.582030357785262,1,1,1,1,5.582030357785262,5.582030357785262,0.0,5.582030357785262
Cc1cccc(Cn2cc(C(=O)N[C@@H]3C(C)(C)C4CC[C@]3(C)C4)c(=O)c3ccc(F)cc32)c1,7.501689446210399,1,1,1,1,7.501689446210399,7.501689446210399,0.0,7.501689446210399
Cc1cccc(Cn2cc(C(=O)N[C@@H]3C(C)(C)C4CC[C@]3(C)C4)c(=O)c3ccc(Sc4ccccc4)cc32)c1,6.856672870007953,1,1,1,1,6.856672870007953,6.856672870007953,0.0,6.856672870007953
Cc1cccc2c1CCN2C(=O)C12CC3CC(CC(C3)C1)C2,6.769551078621726,1,1,1,1,6.769551078621726,6.769551078621726,0.0,6.769551078621726
Cc1cccc2c1N(C(=O)C13CC4CC(CC(C4)C1)C3)CC2,6.221848749616356,1,1,1,1,6.221848749616356,6.221848749616356,0.0,6.221848749616356
Cc1ccccc1CN1CCN(c2ncnc3c2nc(-c2ccccc2Cl)n3-c2ccc(Cl)cc2)CC1,5.337242168318426,1,1,1,1,5.337242168318426,5.337242168318426,0.0,5.337242168318426
Cc1ccccc1Cc1cc2c(C)c(O)c(C)c(C)c2oc1=O,5.806875401645538,1,1,1,1,5.806875401645538,5.806875401645538,0.0,5.806875401645538
Cc1ccn(Cc2ccc(F)cc2)c(=O)c1C(=O)NC1CCCCCC1,8.229147988357855,1,1,1,1,8.229147988357855,8.229147988357855,0.0,8.229147988357855
Cc1ccnc(OCc2ccc(F)cc2)c1C(=O)NC1CCCCCC1,7.334419008982047,1,1,1,1,7.334419008982047,7.334419008982047,0.0,7.334419008982047
Cc1cnc(NC(=O)C(C)(C)C)cc1CN1CCOCC1,7.0915149811213505,1,1,1,1,7.0915149811213505,7.0915149811213505,0.0,7.0915149811213505
Cc1cnc(NC(=O)C2(C)CCCCC2C)cc1CN1CCOCC1,8.721246399047171,1,1,1,1,8.721246399047171,8.721246399047171,0.0,8.721246399047171
Cc1nc(-c2ccccc2)c(-c2ccccc2)n1CCCCCCNC(=O)Oc1ccccc1F,4.552841968657781,1,1,1,1,4.552841968657781,4.552841968657781,0.0,4.552841968657781
Cc1nc(C(=O)NC23CC4CC(CC(C4)C2)C3)c(Br)n1-c1ccccc1,8.075720713938118,1,1,1,1,8.075720713938118,8.075720713938118,0.0,8.075720713938118
Cc1nc(C(=O)NC23CC4CC(CC(C4)C2)C3)c(C)n1-c1ccccc1,8.568636235841012,1,1,1,1,8.568636235841012,8.568636235841012,0.0,8.568636235841012
Cc1nc(C(=O)NC23CC4CC(CC(C4)C2)C3)c(C)n1C1CCCCC1,7.698970004336019,1,1,1,1,7.698970004336019,7.698970004336019,0.0,7.698970004336019
Cc1nc(C(=O)NC23CC4CC(CC(C4)C2)C3)c(Cl)n1-c1ccccc1,7.623423042943488,1,1,1,1,7.623423042943488,7.623423042943488,0.0,7.623423042943488
Cc1nc(C(=O)NC23CC4CC(CC2C4)C3)c(C)n1-c1ccccc1,8.013228265733755,1,1,1,1,8.013228265733755,8.013228265733755,0.0,8.013228265733755
Cc1nc(C(=O)NC2C3CC4CC(C3)C2C4)c(C)n1-c1ccccc1,8.013228265733755,1,1,1,1,8.013228265733755,8.013228265733755,0.0,8.013228265733755
Cc1nc(C(=O)NC2C3CC4CC(C3)CC2C4)c(C)n1-c1ccccc1,7.860120913598763,1,1,1,1,7.860120913598763,7.860120913598763,0.0,7.860120913598763
Cc1nc(C(=O)NC[C@H]2C[C@@H]3C[C@H](C2)C3(C)C)c(C)n1-c1ccccc1,7.698970004336019,1,1,1,1,7.698970004336019,7.698970004336019,0.0,7.698970004336019
Cc1nc(C(=O)NCc2ccccc2C(F)(F)F)c(C)n1-c1ccccc1,8.455931955649724,1,1,1,1,8.455931955649724,8.455931955649724,0.0,8.455931955649724
Cc1nc(C(=O)Nc2ccccc2C(F)(F)F)c(C)n1-c1ccccc1,8.455931955649724,1,1,1,1,8.455931955649724,8.455931955649724,0.0,8.455931955649724
Cc1nc(CN2CCN(c3ncnc4c3nc(-c3ccccc3Cl)n4-c3ccc(Cl)cc3)CC2)no1,5.443697499232712,1,1,1,1,5.443697499232712,5.443697499232712,0.0,5.443697499232712
Cc1nc(N2CCN(C)CC2)c2nc(-c3ccccc3Cl)n(C3CCOCC3)c2n1,7.414869142302521,2,2,2,1,7.3979400086720375,7.431798275933005,0.03385826726096752,7.414869142302521
Cc1nc(N2CCN(C)CC2)c2nc(-c3ccccc3Cl)n([C@@H]3CCOC3)c2n1,7.698970004336019,1,1,1,1,7.698970004336019,7.698970004336019,0.0,7.698970004336019
Cc1nc(N2CCN(C)CC2)c2nc(-c3ccccc3Cl)n([C@H]3CCOC3)c2n1,7.318758762624412,1,1,1,1,7.318758762624412,7.318758762624412,0.0,7.318758762624412
Cc1nc(N2CCN(C)CC2)c2nc(-c3ccccc3Cl)oc2n1,7.560667306169737,1,1,1,1,7.560667306169737,7.560667306169737,0.0,7.560667306169737
Cc1nc(OCCCCCn2cc(CCCn3cc(Br)c(C)c(NC(=O)C4CCCCCC4)c3=O)nn2)c(C(=O)NC2CCCCCC2)cc1Br,8.721246399047171,1,1,1,1,8.721246399047171,8.721246399047171,0.0,8.721246399047171
Cc1nc(OCc2ccc(F)cc2)c(C(=O)NC2CCCCCC2)cc1-c1ccc(F)cc1,6.274905478918531,1,1,1,1,6.274905478918531,6.274905478918531,0.0,6.274905478918531
Cc1nc(OCc2ccc(F)cc2)c(C(=O)NC2CCCCCC2)cc1Br,8.823908740944319,1,1,1,1,8.823908740944319,8.823908740944319,0.0,8.823908740944319
Cc1ncsc1CCn1cc(C(=O)C2C(C)(C)C2(C)C)c2ccccc21,7.742328053455809,2,1,1,1,7.739928612014925,7.7447274948966935,0.004798882881768662,7.742328053455809
Cc1nn(C)c2c1c(=O)c(C(=O)NC1CCCCC1)cn2Cc1ccccc1,6.0195421077239,1,1,1,1,6.0195421077239,6.0195421077239,0.0,6.0195421077239
Cc1noc([C@@H](NC(=O)n2c(=O)n(CCN3CCOCC3)c3ccccc32)C(C)(C)C)n1,7.823908740944319,1,1,1,1,7.823908740944319,7.823908740944319,0.0,7.823908740944319
Cc1nonc1Cn1nnc2c(N3CCC(N=C=S)C3)nc(C(C)(C)C)nc21,6.370590400897282,1,1,1,1,6.370590400897282,6.370590400897282,0.0,6.370590400897282
Cc1nonc1Cn1nnc2c(N3CCC(N=C=S)C3)nc(C(F)(F)c3ccccc3)nc21,5.835647144215563,1,1,1,1,5.835647144215563,5.835647144215563,0.0,5.835647144215563
Cc1nonc1Cn1nnc2c(N3CCC(N=[N+]=[N-])C3)nc(C(C)(C)C)nc21,6.863279432843593,1,1,1,1,6.863279432843593,6.863279432843593,0.0,6.863279432843593
Cc1nonc1Cn1nnc2c(N3CCC(N=[N+]=[N-])C3)nc(C(F)(F)c3ccccc3)nc21,5.884722408604098,1,1,1,1,5.884722408604098,5.884722408604098,0.0,5.884722408604098
Cc1nonc1Cn1nnc2c(N3CCC4(C3)N=N4)nc(C(C)(C)C)nc21,7.79317412396815,1,1,1,1,7.79317412396815,7.79317412396815,0.0,7.79317412396815
Cc1nonc1Cn1nnc2c(N3CCC4(C3)N=N4)nc(C(F)(F)c3ccccc3)nc21,7.341988603342887,1,1,1,1,7.341988603342887,7.341988603342887,0.0,7.341988603342887
Cc1nonc1Cn1nnc2c(N3CC[C@@H](S)C3)nc(C(C)(C)C)nc21,6.1938200260161125,1,1,1,1,6.1938200260161125,6.1938200260161125,0.0,6.1938200260161125
Cc1nonc1Cn1nnc2c(N3CC[C@H](S)C3)nc(C(C)(C)C)nc21,6.815308569182401,1,1,1,1,6.815308569182401,6.815308569182401,0.0,6.815308569182401
Cc1s/c(=N\C(=O)C2C(C)(C)C2(C)C)n(CCCC[18F])c1C,9.397940008672037,1,1,1,1,9.397940008672037,9.397940008672037,0.0,9.397940008672037
Cc1s/c(=N\C(=O)C2C(C)(C)C2(C)C)n(CCO[11CH3])c1C,9.193820026016112,1,1,1,1,9.193820026016112,9.193820026016112,0.0,9.193820026016112
Cc1s/c(=N\C(=O)c2cc(C(F)(F)F)ccc2OC[C@@H]2CCCN2C)n(CC2CC2)c1C,7.522878745280337,1,1,1,1,7.522878745280337,7.522878745280337,0.0,7.522878745280337
Clc1ccc(-n2c(-c3ccccc3Cl)nc3c(N4CCC(Nc5ccccn5)CC4)ncnc32)cc1,5.508638306165727,1,1,1,1,5.508638306165727,5.508638306165727,0.0,5.508638306165727
Clc1ccc(-n2c(-c3ccccc3Cl)nc3c(N4CCC(c5nc6ccccc6[nH]5)CC4)ncnc32)cc1,6.080921907623926,1,1,1,1,6.080921907623926,6.080921907623926,0.0,6.080921907623926
Clc1ccc(-n2c(-c3ccccc3Cl)nc3c(N4CCN(C5CCCCC5)CC4)ncnc32)cc1,6.958607314841775,1,1,1,1,6.958607314841775,6.958607314841775,0.0,6.958607314841775
Clc1ccc(-n2c(-c3ccccc3Cl)nc3c(N4CCN(CCc5ccccc5)CC4)ncnc32)cc1,5.6777807052660805,1,1,1,1,5.6777807052660805,5.6777807052660805,0.0,5.6777807052660805
Clc1ccc(-n2c(-c3ccccc3Cl)nc3c(N4CCN(CCc5ccncc5)CC4)ncnc32)cc1,6.200659450546418,1,1,1,1,6.200659450546418,6.200659450546418,0.0,6.200659450546418
Clc1ccc(-n2c(-c3ccccc3Cl)nc3c(N4CCN(Cc5ccccc5)CC4)ncnc32)cc1,6.366531544420413,1,1,1,1,6.366531544420413,6.366531544420413,0.0,6.366531544420413
Clc1ccc(-n2c(-c3ccccc3Cl)nc3c(N4CCN(Cc5ccncc5)CC4)ncnc32)cc1,5.769551078621726,1,1,1,1,5.769551078621726,5.769551078621726,0.0,5.769551078621726
Clc1ccc(-n2c(-c3ccccc3Cl)nc3c(N4CCN(c5ccccn5)CC4)ncnc32)cc1,5.853871964321762,1,1,1,1,5.853871964321762,5.853871964321762,0.0,5.853871964321762
Clc1ccc(Nc2ccc(CN3CCO[C@@H](c4ccccc4)C3)cn2)c(Cl)c1,5.576754126063192,1,1,1,1,5.576754126063192,5.576754126063192,0.0,5.576754126063192
Clc1cccc(-c2ccc(CN3CCO[C@@H](c4ccccc4)C3)cc2)c1Cl,6.744406033341388,2,2,1,1,6.505845405981557,6.982966660701219,0.4771212547196626,6.744406033341388
Cn1c(=O)c2c(nc(NCCc3c[nH]c4ccccc34)n2Cc2ccc(Cl)cc2)n(C)c1=O,6.317854923626168,1,1,1,1,6.317854923626168,6.317854923626168,0.0,6.317854923626168
Cn1c(=O)c2c(nc(NCCc3c[nH]c4ccccc34)n2Cc2cccc(Br)c2)n(C)c1=O,6.46344155742847,1,1,1,1,6.46344155742847,6.46344155742847,0.0,6.46344155742847
Cn1c(=O)c2c(nc(NCCc3c[nH]c4ccccc34)n2Cc2cccc(Cl)c2)n(C)c1=O,6.047691990337874,1,1,1,1,6.047691990337874,6.047691990337874,0.0,6.047691990337874
Cn1c(=O)c2c(nc(NCCc3c[nH]c4ccccc34)n2Cc2ccccc2Br)n(C)c1=O,5.772113295386326,1,1,1,1,5.772113295386326,5.772113295386326,0.0,5.772113295386326
Cn1c(C(C)(C)C)c/c(=N/C(=O)c2cc(C(F)(F)F)ccc2ONC(C)(C)C)n1CC1CC1,7.267606240177031,1,1,1,1,7.267606240177031,7.267606240177031,0.0,7.267606240177031
Cn1c(C(C)(C)C)c/c(=N/C(=O)c2cc(C(F)(F)F)ccc2ONC(C)(C)C)n1CC1CCC1,7.568636235841012,1,1,1,1,7.568636235841012,7.568636235841012,0.0,7.568636235841012
Cn1c(C(C)(C)C)c/c(=N/C(=O)c2cc(C(F)(F)F)ccc2ONC(C)(C)C)n1CCC(F)(F)F,7.167491087293763,1,1,1,1,7.167491087293763,7.167491087293763,0.0,7.167491087293763
Cn1c(C(C)(C)C)c/c(=N/C(=O)c2cc(C(F)(F)F)ccc2ONC(C)(C)C)n1C[C@H]1CCCO1,7.619788758288394,1,1,1,1,7.619788758288394,7.619788758288394,0.0,7.619788758288394
Cn1c(C(C)(C)C)c/c(=N\C(=O)c2cc(C#N)ccc2ONC(C)(C)C)n1C[C@H]1CCCO1,6.679853713888946,1,1,1,1,6.679853713888946,6.679853713888946,0.0,6.679853713888946
Cn1c(C(C)(C)C)c/c(=N\C(=O)c2cc(C(F)(F)F)ccc2OCC(C)(C)O)n1C[C@H]1CCCO1,8.229147988357855,1,1,1,1,8.229147988357855,8.229147988357855,0.0,8.229147988357855
Cn1c(C(C)(C)C)c/c(=N\C(=O)c2cc(Cl)ccc2ONC(C)(C)C)n1C[C@H]1CCCO1,7.2839966563652006,1,1,1,1,7.2839966563652006,7.2839966563652006,0.0,7.2839966563652006
Cn1cc(C(=O)N[C@@H]2C(C)(C)C3CC[C@]2(C)C3)c(=O)c2ccc(F)cc21,7.027334407733889,1,1,1,1,7.027334407733889,7.027334407733889,0.0,7.027334407733889
Cn1cc(C(=O)N[C@@H]2C(C)(C)C3CC[C@]2(C)C3)c(=O)c2ccc(Sc3ccccc3)cc21,7.795880017344075,1,1,1,1,7.795880017344075,7.795880017344075,0.0,7.795880017344075
Cn1cc(C(=O)c2cc(O)c3c(c2)OC(C)(C)[C@@H]2CC[C@@H](O)C[C@@H]32)c2ccccc21,5.52201102374911,1,1,1,1,5.52201102374911,5.52201102374911,0.0,5.52201102374911
Cn1cc(CC(=O)NC23CC4CC(CC(C4)C2)C3)c2cc(-c3ccccc3)ccc21,7.008773924307505,1,1,1,1,7.008773924307505,7.008773924307505,0.0,7.008773924307505
Cn1cc2c(n1)c(O)c(C(=O)NC13CC4CC(CC(C4)C1)C3)c(=O)n2CCCCF,8.67778070526608,1,1,1,1,8.67778070526608,8.67778070526608,0.0,8.67778070526608
Cn1cc2c(n1)c(O)c(C(=O)NC13CC4CC(CC(C4)C1)C3)c(=O)n2CCCCO,7.844663962534938,1,1,1,1,7.844663962534938,7.844663962534938,0.0,7.844663962534938
Cn1cc2c(n1)c(O)c(C(=O)NC13CC4CC(CC(O)(C4)C1)C3)c(=O)n2CCCCF,8.207608310501746,1,1,1,1,8.207608310501746,8.207608310501746,0.0,8.207608310501746
Cn1ccnc1CCn1cc(C(=O)C2C(C)(C)C2(C)C)c2ccccc21,6.802942338689878,2,1,1,1,6.795880017344075,6.810004660035681,0.014124642691606404,6.802942338689878
Cn1ccnc1COc1ccc(C(F)(F)F)cc1C(=O)/N=c1\sc(C(C)(C)C)cn1C[C@H]1CCCO1,7.275724130399211,1,1,1,1,7.275724130399211,7.275724130399211,0.0,7.275724130399211
Cn1cncc1COc1ccc(C(F)(F)F)cc1C(=O)/N=c1\sc(C(C)(C)C)cn1C[C@H]1CCCO1,6.939302159646388,1,1,1,1,6.939302159646388,6.939302159646388,0.0,6.939302159646388
Cn1nc(OCCc2ccccc2)c2cc([N+](=O)[O-])ccc21,5.920818753952375,1,1,1,1,5.920818753952375,5.920818753952375,0.0,5.920818753952375
Cn1nc(OCc2ccc3ccccc3c2)c2cc([N+](=O)[O-])ccc21,5.455931955649724,1,1,1,1,5.455931955649724,5.455931955649724,0.0,5.455931955649724
Cn1nc(OCc2ccc3ccccc3c2)c2ccccc21,4.995678626217358,1,1,1,1,4.995678626217358,4.995678626217358,0.0,4.995678626217358
Cn1nc(OCc2cccc3ccccc23)c2cc([N+](=O)[O-])ccc21,6.6020599913279625,1,1,1,1,6.6020599913279625,6.6020599913279625,0.0,6.6020599913279625
Cn1nnc([C@@H](NC(=O)n2c(=O)n(CCN3CCOCC3)c3ccccc32)C(C)(C)C)n1,8.301029995663981,1,1,1,1,8.301029995663981,8.301029995663981,0.0,8.301029995663981
FC(F)(F)c1cccc(-c2c[nH]c(-c3cccc(CN4CCOCC4)c3)n2)c1,7.376750709602099,1,1,1,1,7.376750709602099,7.376750709602099,0.0,7.376750709602099
FC(F)(F)c1ccccc1Cn1nnc2c(N3CCC4(C3)N=N4)nc(C(F)(F)c3ccccc3)nc21,9.096910013008056,1,1,1,1,9.096910013008056,9.096910013008056,0.0,9.096910013008056
FC(F)(c1ccccc1)c1nc(N2CCC(N=C=S)C2)c2nnn(Cc3ccccc3Cl)c2n1,5.906928693623937,1,1,1,1,5.906928693623937,5.906928693623937,0.0,5.906928693623937
FC(F)(c1ccccc1)c1nc(N2CCC3(C2)N=N3)c2nnn(Cc3ccccc3Cl)c2n1,8.00436480540245,1,1,1,1,8.00436480540245,8.00436480540245,0.0,8.00436480540245
FC1(F)CCN(c2nc(C(F)(F)c3ccccc3)nc3c2nnn3Cc2ccccc2CCSSc2ccccn2)C1,6.581698708680255,1,1,1,1,6.581698708680255,6.581698708680255,0.0,6.581698708680255
Fc1ccc(N2CCN(c3ncnc4c3nc(-c3ccccc3Cl)n4-c3ccc(Cl)cc3)CC2)cc1,5.292429823902063,1,1,1,1,5.292429823902063,5.292429823902063,0.0,5.292429823902063
Fc1ccccc1CN1CCN(c2ncnc3c2nc(-c2ccccc2Cl)n3-c2ccc(Cl)cc2)CC1,5.638272163982407,1,1,1,1,5.638272163982407,5.638272163982407,0.0,5.638272163982407
Fc1ccccc1CSc1nnc2c3ccccc3n(Cc3ccccc3)c2n1,6.667561540084394,1,1,1,1,6.667561540084394,6.667561540084394,0.0,6.667561540084394
N#C/C(=C\c1cn(CCN2CCCCC2)c2ccccc12)S(=O)(=O)c1ccccc1,8.122462949120763,2,1,1,1,8.119987161633228,8.1249387366083,0.004951574975072148,8.122462949120763
N#C/C(=C\c1cn(CCN2CCOCC2)c2ccccc12)S(=O)(=O)c1ccccc1,7.9907620972629605,2,1,1,1,7.99012436628784,7.991399828238082,0.001275461950242196,7.9907620972629605
N#CC(c1ccccc1)N1CCN(c2ncnc3c2nc(-c2ccccc2Cl)n3-c2ccc(Cl)cc2)CC1,6.337242168318426,1,1,1,1,6.337242168318426,6.337242168318426,0.0,6.337242168318426
N#CC1(C(=O)NC2CCCOc3c2nn(-c2ccccc2Cl)c3-c2ccc(Cl)cc2)CC1,4.673664139071248,1,1,1,1,4.673664139071248,4.673664139071248,0.0,4.673664139071248
N#CC1(CNS(=O)(=O)C(F)(F)F)CCN(S(=O)(=O)c2ccc(Cl)cc2S(=O)(=O)c2ccccc2F)CC1,7.425968732272281,1,1,1,1,7.425968732272281,7.425968732272281,0.0,7.425968732272281
N#CCn1nnc(Cc2ccc(-c3ccccc3)cc2)n1,5.207608310501746,1,1,1,1,5.207608310501746,5.207608310501746,0.0,5.207608310501746
N#Cc1c(C(=O)NCc2ccc(Cl)c(Cl)c2)nn(-c2ccccc2)c1-n1cccc1,5.404503778174426,1,1,1,1,5.404503778174426,5.404503778174426,0.0,5.404503778174426
N#Cc1c(C(=O)NN2CCCCC2)nc(-c2ccc(Cl)cc2Cl)n1-c1ccc(Cl)cc1,5.798602875679549,1,1,1,1,5.798602875679549,5.798602875679549,0.0,5.798602875679549
N#Cc1c(C(F)(F)F)ccc2c1Oc1c(cccc1OS(=O)(=O)CCCC(F)(F)F)C2,5.935542010773082,1,1,1,1,5.935542010773082,5.935542010773082,0.0,5.935542010773082
N#Cc1c(C(F)(F)F)ccc2c1oc1c(OS(=O)(=O)CCCC(F)(F)F)cccc12,6.596879478824182,1,1,1,1,6.596879478824182,6.596879478824182,0.0,6.596879478824182
N#Cc1c(C(F)(F)F)ccc2c1oc1cc(OS(=O)(=O)CCCC(F)(F)F)ccc12,6.498940737782249,1,1,1,1,6.498940737782249,6.498940737782249,0.0,6.498940737782249
N#Cc1c(C(F)(F)F)ccc2c1oc1ccc(OS(=O)(=O)CCCC(F)(F)F)cc12,5.482804102050025,1,1,1,1,5.482804102050025,5.482804102050025,0.0,5.482804102050025
N#Cc1c(C(F)(F)F)ccc2c1oc1cccc(OS(=O)(=O)CCCC(F)(F)F)c12,5.7435227937583235,1,1,1,1,5.7435227937583235,5.7435227937583235,0.0,5.7435227937583235
N#Cc1c(Oc2cccc(OS(=O)(=O)CCCC(F)(F)F)c2)cccc1C(F)(F)F,7.341988603342887,2,2,1,1,7.341988603342887,7.341988603342887,0.0,7.341988603342887
N#Cc1cc(-c2c(O)cc(C(=O)c3ccccc3)cc2O)ccc1F,5.735418270761922,1,1,1,1,5.735418270761922,5.735418270761922,0.0,5.735418270761922
N#Cc1cc(F)ccc1-c1nnc(CCC(=O)Nc2ccc3c(c2)c2ccccc2n3CCF)o1,6.6595558851598815,1,1,1,1,6.6595558851598815,6.6595558851598815,0.0,6.6595558851598815
N#Cc1cc(F)ccc1-c1noc(CCC(=O)Nc2ccc3c(c2)c2ccccc2n3CCF)n1,6.066512712151295,1,1,1,1,6.066512712151295,6.066512712151295,0.0,6.066512712151295
N#Cc1cc(F)ccc1-c1noc(CCC(=O)Nc2ccc3c(c2)c2ccccc2n3CCO)n1,6.313363730737707,1,1,1,1,6.313363730737707,6.313363730737707,0.0,6.313363730737707
N#Cc1ccc(C(=O)NC[C@@H]2CC[C@@H](c3ccc(Cl)cc3Cl)N(c3ccc(Cl)cc3)C2)cc1,5.8517059025652545,1,1,1,1,5.8517059025652545,5.8517059025652545,0.0,5.8517059025652545
N#Cc1ccc(Cn2c3c(cc(C(=O)NC4(C(=O)O)CCCCC4)c2=O)CCCCCC3)cc1,6.84163750790475,1,1,1,1,6.84163750790475,6.84163750790475,0.0,6.84163750790475
N#Cc1ccc(Cn2cc(/C=C3/C(=O)C4CCN3CC4)c3ccccc32)cc1,6.943095148663527,1,1,1,1,6.943095148663527,6.943095148663527,0.0,6.943095148663527
N#Cc1ccccc1CSc1nnc2c(n1)[nH]c1cccc(Br)c12,7.647817481888637,1,1,1,1,7.647817481888637,7.647817481888637,0.0,7.647817481888637
N#Cc1ccccc1CSc1nnc2c(n1)[nH]c1ccccc12,6.449771646944906,1,1,1,1,6.449771646944906,6.449771646944906,0.0,6.449771646944906
N#Cc1ccccc1CSc1nnc2c3ccccc3n(C(=O)C3CCCC3)c2n1,6.494850021680094,1,1,1,1,6.494850021680094,6.494850021680094,0.0,6.494850021680094
N#Cc1ccccc1CSc1nnc2c3ccccc3n(C(=O)C3CCCCC3)c2n1,7.522878745280337,1,1,1,1,7.522878745280337,7.522878745280337,0.0,7.522878745280337
N#Cc1ccccc1CSc1nnc2c3ccccc3n(C(=O)c3ccc(OC(F)(F)F)cc3)c2n1,6.42021640338319,1,1,1,1,6.42021640338319,6.42021640338319,0.0,6.42021640338319
N#Cc1ccccc1CSc1nnc2c3ccccc3n(C(=O)c3ccccc3)c2n1,6.522878745280337,1,1,1,1,6.522878745280337,6.522878745280337,0.0,6.522878745280337
N#Cc1ccccc1CSc1nnc2c3ccccc3n(C(=O)c3ccco3)c2n1,6.309803919971486,1,1,1,1,6.309803919971486,6.309803919971486,0.0,6.309803919971486
N#Cc1ccccc1CSc1nnc2c3ccccc3n(C(=O)c3ccno3)c2n1,6.346787486224656,1,1,1,1,6.346787486224656,6.346787486224656,0.0,6.346787486224656
N#Cc1ccccc1CSc1nnc2c3ccccc3n(Cc3ccccc3)c2n1,7.958607314841775,1,1,1,1,7.958607314841775,7.958607314841775,0.0,7.958607314841775
N#Cc1ccccc1CSc1nnc2c3ccccc3n(Cc3ccccc3[N+](=O)[O-])c2n1,6.537602002101044,1,1,1,1,6.537602002101044,6.537602002101044,0.0,6.537602002101044
N/C(=N/C(=N/S(=O)(=O)N1CCCCC1)N1CC(c2ccccc2)C(c2ccc(Cl)cc2)=N1)c1ccc(Cl)cc1,7.769551078621726,1,1,1,1,7.769551078621726,7.769551078621726,0.0,7.769551078621726
N/C(=N/C(=N/S(=O)(=O)N1CCCCC1)N1CC(c2ccccc2)C(c2ccc(Cl)cc2)=N1)c1ccc(F)cc1,7.443697499232712,1,1,1,1,7.443697499232712,7.443697499232712,0.0,7.443697499232712
N/C(=N\C(=N\S(=O)(=O)N1CCC(C(F)(F)F)CC1)N1CC(c2ccccc2)C(c2ccc(Cl)cc2)=N1)c1ccc(Cl)cc1,7.698970004336019,1,1,1,1,7.698970004336019,7.698970004336019,0.0,7.698970004336019
N/C(=N\C(=N\S(=O)(=O)N1CCC(C(F)(F)F)CC1)N1CC(c2ccccc2)C(c2ccc(Cl)cc2)=N1)c1ccc(F)cc1,7.853871964321762,1,1,1,1,7.853871964321762,7.853871964321762,0.0,7.853871964321762
N/C(=N\C(=N\S(=O)(=O)N1CCC(F)(F)CC1)N1CC(c2ccccc2)C(c2ccc(Cl)cc2)=N1)c1ccc(F)cc1,7.552841968657781,1,1,1,1,7.552841968657781,7.552841968657781,0.0,7.552841968657781
NC(=O)C1(c2ccccc2)CCN(c2ncnc3c2nc(-c2ccccc2Cl)n3-c2ccc(Cl)cc2)CC1,5.259084923518717,1,1,1,1,5.259084923518717,5.259084923518717,0.0,5.259084923518717
NC(=O)CN1CCN(Cc2nc(-c3cn(CC4CCOCC4)c4c(Cl)cccc34)no2)CC1,7.299988937677888,1,1,1,1,7.299988937677888,7.299988937677888,0.0,7.299988937677888
NC1(c2ccccc2)CCN(c2ncnc3c2nc(-c2ccccc2Cl)n3-c2ccc(Cl)cc2)CC1,5.780677491580663,1,1,1,1,5.780677491580663,5.780677491580663,0.0,5.780677491580663
NCC1(CNS(=O)(=O)C(F)(F)F)CCN(S(=O)(=O)c2ccc(Cl)cc2S(=O)(=O)c2ccccc2F)CC1,6.693574972449312,1,1,1,1,6.693574972449312,6.693574972449312,0.0,6.693574972449312
NCCOCCOc1ccc(-c2cc(=O)c3ccccc3o2)cc1,7.698970004336019,1,1,1,1,7.698970004336019,7.698970004336019,0.0,7.698970004336019
NCCSSCCc1ccccc1Cn1nnc2c(N3CCC(F)(F)C3)nc(C(F)(F)c3ccccc3)nc21,6.752026733638194,1,1,1,1,6.752026733638194,6.752026733638194,0.0,6.752026733638194
Nc1ccc(C(C(=O)NCCC(c2ccccc2)c2ccccc2)c2ccccc2)cc1,5.920818753952375,1,1,1,1,5.920818753952375,5.920818753952375,0.0,5.920818753952375
Nc1ccc(C(NC(=O)Cc2ccccc2)NC(=O)Cc2ccccc2)cc1,4.901356101157322,2,1,1,1,4.901355928131701,4.901356274182943,3.460512418840267e-07,4.901356101157322
Nc1ccc2c(=O)cc(C(=O)NC3CCCCC3)n(Cc3ccccc3)c2n1,5.102372908709558,1,1,1,1,5.102372908709558,5.102372908709558,0.0,5.102372908709558
Nc1ccc2c(c1)c(OCc1ccc3ccccc3c1)nn2CCN1CCCCC1,5.698970004336019,1,1,1,1,5.698970004336019,5.698970004336019,0.0,5.698970004336019
Nc1ccc2c(c1)c(OCc1cccc3ccccc13)nn2CCN1CCCC1,5.301029995663981,1,1,1,1,5.301029995663981,5.301029995663981,0.0,5.301029995663981
Nc1ccc2c(c1)c(OCc1ccccc1)nn2Cc1ccccc1,5.795880017344075,1,1,1,1,5.795880017344075,5.795880017344075,0.0,5.795880017344075
O/N=C1/C(=C/c2cn(Cc3ccc(Cl)cc3)c3ccccc23)N2CCC1CC2,6.97061622231479,1,1,1,1,6.97061622231479,6.97061622231479,0.0,6.97061622231479
O/N=C1/C(=C/c2cn(Cc3ccccc3)c3ccccc23)N2CCC1CC2,7.163675884293248,1,1,1,1,7.163675884293248,7.163675884293248,0.0,7.163675884293248
O=C(/C=C/C=C/c1ccc2ccccc2c1)NC1CC1,6.0915149811213505,1,1,1,1,6.0915149811213505,6.0915149811213505,0.0,6.0915149811213505
O=C(/C=C/C=C/c1ccc2ccccc2c1)NCCO,5.896196279044043,1,1,1,1,5.896196279044043,5.896196279044043,0.0,5.896196279044043
O=C(/C=C/c1ccc2ccccc2c1)CCC(=O)NCCO,5.987162775294828,1,1,1,1,5.987162775294828,5.987162775294828,0.0,5.987162775294828
O=C(/C=C/c1ccc2ccccc2c1)CCCC(=O)NC1CC1,5.690369832574101,1,1,1,1,5.690369832574101,5.690369832574101,0.0,5.690369832574101
O=C(/C=C/c1ccc2ccccc2c1)CCCC(=O)NCCO,5.987162775294828,1,1,1,1,5.987162775294828,5.987162775294828,0.0,5.987162775294828
O=C(C1C2CC3CC(C2)CC1C3)N1CCc2ccccc21,6.494850021680094,1,1,1,1,6.494850021680094,6.494850021680094,0.0,6.494850021680094
O=C(C1CCC1)N1CCN(C(c2ccccc2)c2ccc(Cl)cc2Cl)CC1,5.674484336636851,1,1,1,1,5.674484336636851,5.674484336636851,0.0,5.674484336636851
O=C(C1CCCC1)N1CCN(C(c2ccccc2)c2ccc(Cl)cc2Cl)CC1,5.311135431945209,1,1,1,1,5.311135431945209,5.311135431945209,0.0,5.311135431945209
O=C(C1CCCCC1)N1CCN(C(c2ccccc2)c2ccc(Cl)cc2Cl)CC1,5.533428927613645,1,1,1,1,5.533428927613645,5.533428927613645,0.0,5.533428927613645
O=C(C1CCCCC1)N1CCN(C(c2ccccc2)c2ccccc2)CC1,5.515700160653214,1,1,1,1,5.515700160653214,5.515700160653214,0.0,5.515700160653214
O=C(C1CCSCC1)N1CCN(c2ncnc3c2nc(-c2ccccc2Cl)n3-c2ccc(Cl)cc2)CC1,6.275724130399211,1,1,1,1,6.275724130399211,6.275724130399211,0.0,6.275724130399211
O=C(C1COc2ccccc2O1)N1CCN(c2ncnc3c2nc(-c2ccccc2Cl)n3-c2ccc(Cl)cc2)CC1,6.214670164989233,1,1,1,1,6.214670164989233,6.214670164989233,0.0,6.214670164989233
O=C(CC1CCCC1)NC1CCN(c2ncnc3c2nc(-c2ccccc2Cl)n3-c2ccc(Cl)cc2)CC1,6.244887733604928,1,1,1,1,6.244887733604928,6.244887733604928,0.0,6.244887733604928
O=C(CC1CCCCC1)NC1CCN(c2ncnc3c2nc(-c2ccccc2Cl)n3-c2ccc(Cl)cc2)CC1,5.627087997029893,1,1,1,1,5.627087997029893,5.627087997029893,0.0,5.627087997029893
O=C(CC1CCCCC1)c1nn(-c2ccc(Cl)cc2Cl)c2c1CCCc1cc(Cl)ccc1-2,6.488116639021126,1,1,1,1,6.488116639021126,6.488116639021126,0.0,6.488116639021126
O=C(CC1CCOC1)N1CCN(c2ncnc3c2nc(-c2ccccc2Cl)n3-c2ccc(Cl)cc2)CC1,5.522878745280337,1,1,1,1,5.522878745280337,5.522878745280337,0.0,5.522878745280337
O=C(CCC(=O)NCCO)CCc1ccc(-c2ccccc2)cc1,5.647817481888637,1,1,1,1,5.647817481888637,5.647817481888637,0.0,5.647817481888637
O=C(CCCCCCCCCCCCCCCOc1cccc(O)c1)Nc1ccc(O)cc1,5.0,1,1,1,1,5.0,5.0,0.0,5.0
O=C(CCCCCCCCCCOc1cc(O)cc(O)c1)NC1CC1,5.0,1,1,1,1,5.0,5.0,0.0,5.0
O=C(CCCCCCCCCCOc1cc(O)cc(O)c1)NCC1CC1,5.0,1,1,1,1,5.0,5.0,0.0,5.0
O=C(CCCCCCCCCCOc1cc(O)cc(O)c1)NCCO,5.0,1,1,1,1,5.0,5.0,0.0,5.0
O=C(CCCCCCCCCCOc1cccc(O)c1)NC1CC1,5.267606240177031,1,1,1,1,5.267606240177031,5.267606240177031,0.0,5.267606240177031
O=C(CCCOc1ccc(Cl)cc1Cl)NN/C=C1\C=CC=CC1=O,8.443697499232712,1,1,1,1,8.443697499232712,8.443697499232712,0.0,8.443697499232712
O=C(CCCc1nc(-c2ccc(Cl)cc2)no1)Nc1ccc2c(c1)c1ccccc1n2CCO,6.2335871528876,1,1,1,1,6.2335871528876,6.2335871528876,0.0,6.2335871528876
O=C(CCCc1nc(-c2ccc(F)cc2Br)no1)Nc1ccc2c(c1)c1ccccc1n2CCF,6.252588192113577,1,1,1,1,6.252588192113577,6.252588192113577,0.0,6.252588192113577
O=C(CCc1nc(-c2ccc(Br)cc2F)no1)Nc1ccc2c(c1)c1ccccc1n2CCF,6.3223930472795065,1,1,1,1,6.3223930472795065,6.3223930472795065,0.0,6.3223930472795065
O=C(CCc1nc(-c2ccc(Cl)cc2)no1)Nc1ccc2c(c1)c1ccccc1n2CCF,6.536107011014092,1,1,1,1,6.536107011014092,6.536107011014092,0.0,6.536107011014092
O=C(CCc1nc(-c2ccc(Cl)cc2)no1)Nc1ccc2c(c1)c1ccccc1n2CCO,6.00436480540245,1,1,1,1,6.00436480540245,6.00436480540245,0.0,6.00436480540245
O=C(CCc1nc(-c2ccc(F)cc2)no1)Nc1ccc2c(c1)c1ccccc1n2CCCO,6.709965388637482,1,1,1,1,6.709965388637482,6.709965388637482,0.0,6.709965388637482
O=C(CCc1nc(-c2ccc(F)cc2)no1)Nc1ccc2c(c1)c1ccccc1n2CCF,7.3872161432802645,1,1,1,1,7.3872161432802645,7.3872161432802645,0.0,7.3872161432802645
O=C(CCc1nc(-c2ccc(F)cc2)no1)Nc1ccc2c(c1)c1ccccc1n2CCO,5.958607314841775,1,1,1,1,5.958607314841775,5.958607314841775,0.0,5.958607314841775
O=C(CCc1nc(-c2ccc(F)cc2Br)no1)Nc1ccc2c(c1)c1ccccc1n2CCCCO,7.017728766960431,1,1,1,1,7.017728766960431,7.017728766960431,0.0,7.017728766960431
O=C(CCc1nc(-c2ccc(F)cc2Br)no1)Nc1ccc2c(c1)c1ccccc1n2CCCF,5.7447274948966935,1,1,1,1,5.7447274948966935,5.7447274948966935,0.0,5.7447274948966935
O=C(CCc1nc(-c2ccc(F)cc2Br)no1)Nc1ccc2c(c1)c1ccccc1n2CCCO,7.481486060122112,1,1,1,1,7.481486060122112,7.481486060122112,0.0,7.481486060122112
O=C(CCc1nc(-c2ccc(F)cc2Br)no1)Nc1ccc2c(c1)c1ccccc1n2CCF,8.236572006437063,1,1,1,1,8.236572006437063,8.236572006437063,0.0,8.236572006437063
O=C(CCc1nc(-c2ccc(F)cc2Br)no1)Nc1ccc2c(c1)c1ccccc1n2CCO,6.435333935747911,1,1,1,1,6.435333935747911,6.435333935747911,0.0,6.435333935747911
O=C(CCc1nnc(-c2ccc(Br)cc2F)o1)Nc1ccc2c(c1)c1ccccc1n2CCF,6.497572880015568,1,1,1,1,6.497572880015568,6.497572880015568,0.0,6.497572880015568
O=C(CCc1nnc(-c2ccc(F)cc2Br)o1)Nc1ccc2c(c1)c1ccccc1n2CCF,7.6020599913279625,1,1,1,1,7.6020599913279625,7.6020599913279625,0.0,7.6020599913279625
O=C(CN1CCCCC1)N1CCN(c2ncnc3c2nc(-c2ccccc2Cl)n3-c2ccc(Cl)cc2)CC1,5.301029995663981,1,1,1,1,5.301029995663981,5.301029995663981,0.0,5.301029995663981
O=C(Cc1c[nH]c2ccc(-c3ccccc3)cc12)NC12CC3CC(CC(C3)C1)C2,7.149966742310231,1,1,1,1,7.149966742310231,7.149966742310231,0.0,7.149966742310231
O=C(Cc1ccc(Br)cc1)NCCC(c1ccccc1)c1ccccc1,5.886056647693163,1,1,1,1,5.886056647693163,5.886056647693163,0.0,5.886056647693163
O=C(Cc1ccc(Cl)cc1)NC(NC(=O)Cc1ccc(Cl)cc1)c1ccc(C(F)(F)F)cc1,6.995678626217357,2,1,1,1,6.995678626217357,6.995678626217357,0.0,6.995678626217357
O=C(Cc1ccc(Cl)cc1)NC(NC(=O)Cc1ccc(Cl)cc1)c1ccc(Cl)cc1,6.8124792791635365,2,1,1,1,6.8124792791635365,6.8124792791635365,0.0,6.8124792791635365
O=C(Cc1ccc(Cl)cc1)NC(NC(=O)Cc1ccc(Cl)cc1)c1ccccc1C(F)(F)F,6.801342913045577,2,1,1,1,6.801342913045577,6.801342913045577,0.0,6.801342913045577
O=C(Cc1ccc(Cl)cc1)NC(NC(=O)Cc1ccc(Cl)cc1)c1ccccc1F,4.964570061679838,2,1,1,1,4.964569861544224,4.964570261815452,4.002712277184628e-07,4.964570061679838
O=C(Cc1ccc(Cl)cc1)NCCC(c1ccccc1)c1ccccc1,5.619788758288394,1,1,1,1,5.619788758288394,5.619788758288394,0.0,5.619788758288394
O=C(Cc1ccccc1)NC(/C=C/c1ccccc1)NC(=O)Cc1ccccc1,5.245422343955269,2,1,1,1,5.245422343955269,5.245422343955269,0.0,5.245422343955269
O=C(Cc1ccccc1)NC(CCc1ccccc1)NC(=O)Cc1ccccc1,5.030630921282201,2,1,1,1,5.030630688266473,5.03063115429793,4.6603145698043136e-07,5.030630921282201
O=C(Cc1ccccc1)NC(NC(=O)Cc1ccccc1)c1ccc(Br)cc1,5.652474840001311,2,1,1,1,5.652474840001311,5.652474840001311,0.0,5.652474840001311
O=C(Cc1ccccc1)NC(NC(=O)Cc1ccccc1)c1ccc(C(F)(F)F)cc1,6.2247537402597635,2,1,1,1,6.2247537402597635,6.2247537402597635,0.0,6.2247537402597635
O=C(Cc1ccccc1)NC(NC(=O)Cc1ccccc1)c1ccc(Cl)cc1,5.5113083016830595,2,1,1,1,5.5113083016830595,5.5113083016830595,0.0,5.5113083016830595
O=C(Cc1ccccc1)NC(NC(=O)Cc1ccccc1)c1ccc(F)cc1,4.96257370127712,2,1,1,1,4.962573502059376,4.9625739004948635,3.984354872699214e-07,4.96257370127712
O=C(Cc1ccccc1)NC(NC(=O)Cc1ccccc1)c1ccc(N(Cc2ccccc2)Cc2ccccc2)cc1,6.692503962086787,2,1,1,1,6.692503962086787,6.692503962086787,0.0,6.692503962086787
O=C(Cc1ccccc1)NC(NC(=O)Cc1ccccc1)c1ccc(N2CCCC2)cc1,7.1487416512809245,2,1,1,1,7.1487416512809245,7.1487416512809245,0.0,7.1487416512809245
O=C(Cc1ccccc1)NC(NC(=O)Cc1ccccc1)c1ccc(N2CCCCC2)cc1,6.22548303427145,2,1,1,1,6.22548303427145,6.22548303427145,0.0,6.22548303427145
O=C(Cc1ccccc1)NC(NC(=O)Cc1ccccc1)c1cccc(F)c1,4.897223213729696,2,1,1,1,4.897223042342833,4.8972233851165585,3.427737258476782e-07,4.897223213729696
O=C(Cc1ccccc1)NC(NC(=O)Cc1ccccc1)c1ccccc1,5.0030509701827155,2,1,1,1,5.0030507515046185,5.0030511888608125,4.3735619392748504e-07,5.0030509701827155
O=C(Cc1ccccc1)NC(NC(=O)Cc1ccccc1)c1ccccc1C(F)(F)F,4.928854893884514,2,1,1,1,4.928854709548917,4.928855078220111,3.686711940176224e-07,4.928854893884514
O=C(Cc1ccccc1)NC(NC(=O)Cc1ccccc1)c1ccccc1F,4.451856178177539,2,1,1,1,4.451855993789923,4.451856362565154,3.6877523079681396e-07,4.451856178177539
O=C(Cc1cn(Cc2ccccc2)c2ccc(-c3ccccc3)cc12)NC12CC3CC(CC(C3)C1)C2,6.723538195826755,1,1,1,1,6.723538195826755,6.723538195826755,0.0,6.723538195826755
O=C(N/N=C1\C(=O)N(CCC2CCCCC2)c2ccccc21)c1ccccc1,7.230622673923861,1,1,1,1,7.230622673923861,7.230622673923861,0.0,7.230622673923861
O=C(N/N=C1\C(=O)N(Cc2ccccc2)c2ccccc21)c1ccccc1,7.732828271596986,1,1,1,1,7.732828271596986,7.732828271596986,0.0,7.732828271596986
O=C(N1CCCCC1)N1CC(O[C@@H](c2ccc(Cl)cc2)c2cccnc2Cl)C1,5.1432711096171175,1,1,1,1,5.1432711096171175,5.1432711096171175,0.0,5.1432711096171175
O=C(N1CCCCC1)N1CC(O[C@H](c2ccc(Cl)cc2)c2cccnc2Cl)C1,4.962573502059376,1,1,1,1,4.962573502059376,4.962573502059376,0.0,4.962573502059376
O=C(N1CCCCC1)N1CCN(C(c2ccccc2)c2ccc(Cl)cc2Cl)CC1,6.005682847330363,1,1,1,1,6.005682847330363,6.005682847330363,0.0,6.005682847330363
O=C(N1CCCc2ccccc21)C12CC3CC(CC(C3)C1)C2,6.102372908709558,1,1,1,1,6.102372908709558,6.102372908709558,0.0,6.102372908709558
O=C(N1CCN(C(c2ccccc2)c2ccc(Cl)cc2Cl)CC1)C12CC3CC(CC(C3)C1)C2,7.6020599913279625,1,1,1,1,7.6020599913279625,7.6020599913279625,0.0,7.6020599913279625
O=C(N1CCN(c2ncnc3c2nc(-c2ccccc2Cl)n3-c2ccc(Cl)cc2)CC1)C(F)(F)F,6.886056647693163,1,1,1,1,6.886056647693163,6.886056647693163,0.0,6.886056647693163
O=C(N1CCOCC1)N1CCN(C(c2ccccc2)c2ccc(Cl)cc2Cl)CC1,6.209011524911184,1,1,1,1,6.209011524911184,6.209011524911184,0.0,6.209011524911184
O=C(N1CCc2cc(F)ccc21)C12CC3CC(CC(C3)C1)C2,6.698970004336019,1,1,1,1,6.698970004336019,6.698970004336019,0.0,6.698970004336019
O=C(N1CCc2ccc(C(F)(F)F)cc21)C12CC3CC(CC(C3)C1)C2,5.6020599913279625,1,1,1,1,5.6020599913279625,5.6020599913279625,0.0,5.6020599913279625
O=C(N1CCc2ccccc21)C12CC3CC(CC(C3)C1)C2,6.337242168318426,1,1,1,1,6.337242168318426,6.337242168318426,0.0,6.337242168318426
O=C(N1CCc2ccccc21)C12CC3CC(CC1C3)C2,6.301029995663981,1,1,1,1,6.301029995663981,6.301029995663981,0.0,6.301029995663981
O=C(N1Cc2ccccc2C1)C12CC3CC(CC(C3)C1)C2,6.301029995663981,1,1,1,1,6.301029995663981,6.301029995663981,0.0,6.301029995663981
O=C(NC1(C(=O)O)CCCC1)c1cc2c(n(CC3CCCCC3)c1=O)CCCCCC2,7.251811972993799,1,1,1,1,7.251811972993799,7.251811972993799,0.0,7.251811972993799
O=C(NC1(C(=O)O)CCCCC1)c1cc2c(n(CC3CCCCC3)c1=O)CCCCCC2,8.173925197299173,1,1,1,1,8.173925197299173,8.173925197299173,0.0,8.173925197299173
O=C(NC1(C(=O)O)CCCCC1)c1cc2c(n(CC3CCCO3)c1=O)CCCCCC2,6.607303046740334,1,1,1,1,6.607303046740334,6.607303046740334,0.0,6.607303046740334
O=C(NC1(C(=O)O)CCCCC1)c1cc2c(n(Cc3ccc(F)cc3)c1=O)CCCCCC2,7.795880017344075,1,1,1,1,7.795880017344075,7.795880017344075,0.0,7.795880017344075
O=C(NC1(C(=O)O)CCCCCCC1)c1cc2c(n(CC3CCCCC3)c1=O)CCCCCC2,8.207608310501746,1,1,1,1,8.207608310501746,8.207608310501746,0.0,8.207608310501746
O=C(NC1(C(F)(F)F)CCCC1)N1CCN(c2ncnc3c2nc(-c2ccccc2Cl)n3-c2ccc(Cl)cc2)CC1,5.886056647693163,1,1,1,1,5.886056647693163,5.886056647693163,0.0,5.886056647693163
O=C(NC1(c2ccccc2)CC1)c1nn(-c2ccc(F)cc2F)c2c1C[C@@H]1C[C@H]21,6.847289918438195,2,2,2,1,6.684029654543082,7.010550182333308,0.3265205277902261,6.847289918438195
O=C(NC1(c2ccccn2)CCC1)c1nn(CC2CCOCC2)c2c1C[C@H]1C[C@@H]21,6.738506781520684,2,2,2,1,6.245651664288982,7.231361898752386,0.9857102344634043,6.738506781520684
O=C(NC12CC3CC(CC(C3)C1)C2)N1Cc2ccccc2C1,6.568636235841012,1,1,1,1,6.568636235841012,6.568636235841012,0.0,6.568636235841012
O=C(NC12CC3CC(CC(C3)C1)C2)c1c[nH]c2c(-c3ccccc3)cccc2c1=O,6.657577319177793,1,1,1,1,6.657577319177793,6.657577319177793,0.0,6.657577319177793
O=C(NC12CC3CC(CC(C3)C1)C2)c1cc(-c2ccccc2)nn(C2CCCC2)c1=O,8.356547323513812,1,1,1,1,8.356547323513812,8.356547323513812,0.0,8.356547323513812
O=C(NC12CC3CC(CC(C3)C1)C2)c1ccc(O)cc1,5.97469413473523,1,1,1,1,5.97469413473523,5.97469413473523,0.0,5.97469413473523
O=C(NC12CC3CC(CC(C3)C1)C2)c1ccc(OCc2ccccc2)cc1,5.414539270491499,1,1,1,1,5.414539270491499,5.414539270491499,0.0,5.414539270491499
O=C(NC12CC3CC(CC(C3)C1)C2)c1cccc(OCc2ccccc2)c1,6.504455662453552,1,1,1,1,6.504455662453552,6.504455662453552,0.0,6.504455662453552
O=C(NC12CC3CC(CC(C3)C1)C2)c1ccccc1OCC1CCCCC1,7.696803942579511,1,1,1,1,7.696803942579511,7.696803942579511,0.0,7.696803942579511
O=C(NC12CC3CC(CC(C3)C1)C2)c1ccccc1OCc1ccccc1,7.8297382846050425,1,1,1,1,7.8297382846050425,7.8297382846050425,0.0,7.8297382846050425
O=C(NC12CC3CC(CC(C3)C1)C2)c1cccn1Cc1ccc(F)cc1,8.0,1,1,1,1,8.0,8.0,0.0,8.0
O=C(NC12CC3CC(CC(C3)C1)C2)c1cn(CCN2CCOCC2)c2ccccc2c1=O,6.818156412055227,1,1,1,1,6.818156412055227,6.818156412055227,0.0,6.818156412055227
O=C(NC12CC3CC(CC(C3)C1)C2)c1cn2c3c(cccc3c1=O)OCC2C1CC1,8.049635145623878,1,1,1,1,8.049635145623878,8.049635145623878,0.0,8.049635145623878
O=C(NC12CC3CC(CC(C3)C1)C2)c1cn2c3c(cccc3c1=O)OCC2c1ccccc1,7.847711655616943,1,1,1,1,7.847711655616943,7.847711655616943,0.0,7.847711655616943
O=C(NC12CC3CC(CC(C3)C1)C2)c1cn2c3c(cccc3c1=O)OC[C@H]2Cc1ccccc1,8.429457060118102,1,1,1,1,8.429457060118102,8.429457060118102,0.0,8.429457060118102
O=C(NC12CC3CC(CC(C3)C1)C2)c1nc(Cl)n(-c2ccccc2)c1Cl,7.301029995663981,1,1,1,1,7.301029995663981,7.301029995663981,0.0,7.301029995663981
O=C(NC12CC3CC(CC(C3)C1)C2)c1nn(-c2ccc(Cl)cc2Cl)c2c1Cc1cc(C3CC3)ccc1-2,8.397940008672037,1,1,1,1,8.397940008672037,8.397940008672037,0.0,8.397940008672037
O=C(NC12CC3CC(CC(C3)C1)C2)c1nn(CCN2CCOCC2)c2ccccc12,9.823908740944319,1,1,1,1,9.823908740944319,9.823908740944319,0.0,9.823908740944319
O=C(NC1CC1)c1cnn(-c2ccc(Cl)cc2Cl)c1-c1ccc(Cl)cc1,4.6777807052660805,1,1,1,1,4.6777807052660805,4.6777807052660805,0.0,4.6777807052660805
O=C(NC1CCC1)[C@@H]1CC[C@@H](c2ccc(Cl)cc2Cl)N(c2ccc(Cl)cc2)C1,5.858863909879261,1,1,1,1,5.858863909879261,5.858863909879261,0.0,5.858863909879261
O=C(NC1CCCC1)N1CCN(c2ncnc3c2nc(-c2ccccc2Cl)n3-c2ccc(Cl)cc2)CC1,6.130768280269024,1,1,1,1,6.130768280269024,6.130768280269024,0.0,6.130768280269024
O=C(NC1CCCC1)c1cn2c3c(cccc3c1=O)OCC2c1ccccc1,7.008773924307505,1,1,1,1,7.008773924307505,7.008773924307505,0.0,7.008773924307505
O=C(NC1CCCCC1)N1CC(Cc2ccccc2)C(c2ccccc2)=N1,6.297569463554474,1,1,1,1,6.297569463554474,6.297569463554474,0.0,6.297569463554474
O=C(NC1CCCCC1)N1CCN(C(c2ccc(C(F)(F)F)cc2)c2ccc(Cl)cc2Cl)CC1,6.562249437179612,1,1,1,1,6.562249437179612,6.562249437179612,0.0,6.562249437179612
O=C(NC1CCCCC1)N1CCN(C(c2ccc(Cl)cc2)c2ccc(Cl)cc2Cl)CC1,7.585026652029182,1,1,1,1,7.585026652029182,7.585026652029182,0.0,7.585026652029182
O=C(NC1CCCCC1)N1CCN(C(c2ccc(F)cc2)c2ccc(Cl)cc2Cl)CC1,6.798602875679549,1,1,1,1,6.798602875679549,6.798602875679549,0.0,6.798602875679549
O=C(NC1CCCCC1)N1CCN(C(c2ccc(Oc3ccccc3)cc2)c2ccc(Cl)cc2Cl)CC1,7.2839966563652006,1,1,1,1,7.2839966563652006,7.2839966563652006,0.0,7.2839966563652006
O=C(NC1CCCCC1)N1CCN(C(c2cccc(Cl)c2)c2ccc(Cl)cc2Cl)CC1,6.39040559077478,1,1,1,1,6.39040559077478,6.39040559077478,0.0,6.39040559077478
O=C(NC1CCCCC1)N1CCN(C(c2ccccc2)c2c(Cl)cccc2Cl)CC1,6.080398976215889,1,1,1,1,6.080398976215889,6.080398976215889,0.0,6.080398976215889
O=C(NC1CCCCC1)N1CCN(C(c2ccccc2)c2cc(Cl)ccc2Cl)CC1,6.046240308266771,1,1,1,1,6.046240308266771,6.046240308266771,0.0,6.046240308266771
O=C(NC1CCCCC1)N1CCN(C(c2ccccc2)c2ccc(Br)cc2F)CC1,6.492144128304169,1,1,1,1,6.492144128304169,6.492144128304169,0.0,6.492144128304169
O=C(NC1CCCCC1)N1CCN(C(c2ccccc2)c2ccc(Cl)c(Cl)c2)CC1,6.448550002027124,1,1,1,1,6.448550002027124,6.448550002027124,0.0,6.448550002027124
O=C(NC1CCCCC1)N1CCN(C(c2ccccc2)c2ccc(Cl)cc2Cl)CC1,6.364516253185088,1,1,1,1,6.364516253185088,6.364516253185088,0.0,6.364516253185088
O=C(NC1CCCCC1)N1CCN(C(c2ccccc2)c2ccc(Cl)cc2F)CC1,6.279014255846261,1,1,1,1,6.279014255846261,6.279014255846261,0.0,6.279014255846261
O=C(NC1CCCCC1)N1CCN(C(c2ccccc2)c2ccc(F)cc2Cl)CC1,5.886056647693163,1,1,1,1,5.886056647693163,5.886056647693163,0.0,5.886056647693163
O=C(NC1CCCCC1)N1CCN(C(c2ccccc2)c2ccccc2)CC1,5.618523909724971,1,1,1,1,5.618523909724971,5.618523909724971,0.0,5.618523909724971
O=C(NC1CCCCC1)N1CCN(c2ncnc3c2nc(-c2ccccc2Cl)n3-c2ccc(Cl)cc2)CC1,6.207608310501746,1,1,1,1,6.207608310501746,6.207608310501746,0.0,6.207608310501746
O=C(NC1CCCCC1)[C@@H]1CC[C@@H](c2ccc(Cl)cc2Cl)N(c2ccc(Cl)cc2)C1,6.434152181326482,1,1,1,1,6.434152181326482,6.434152181326482,0.0,6.434152181326482
O=C(NC1CCCCC1)c1c(O)c2cccnc2n(CCN2CCOCC2)c1=O,8.619788758288394,1,1,1,1,8.619788758288394,8.619788758288394,0.0,8.619788758288394
O=C(NC1CCCCC1)c1c(O)c2cccnc2n(Cc2ccccc2)c1=O,7.102372908709558,1,1,1,1,7.102372908709558,7.102372908709558,0.0,7.102372908709558
O=C(NC1CCCCC1)c1cc(-c2ccccc2)nn(Cc2ccc(F)cc2)c1=O,7.356547323513812,1,1,1,1,7.356547323513812,7.356547323513812,0.0,7.356547323513812
O=C(NC1CCCCC1)c1cc(-n2cccc2)n(-c2ccc(Cl)cc2)n1,5.756961951313706,1,1,1,1,5.756961951313706,5.756961951313706,0.0,5.756961951313706
O=C(NC1CCCCC1)c1cc2ccccc2n(CCN2CCOCC2)c1=O,8.045757490560675,1,1,1,1,8.045757490560675,8.045757490560675,0.0,8.045757490560675
O=C(NC1CCCCC1)c1cc2ccccc2n(Cc2ccc(F)cc2)c1=O,8.537602002101044,1,1,1,1,8.537602002101044,8.537602002101044,0.0,8.537602002101044
O=C(NC1CCCCC1)c1cc2ccccc2n(Cc2ccccc2)c1=O,7.795880017344075,1,1,1,1,7.795880017344075,7.795880017344075,0.0,7.795880017344075
O=C(NC1CCCCC1)c1cc2ccccc2nc1OCc1ccc(F)cc1,6.886056647693163,1,1,1,1,6.886056647693163,6.886056647693163,0.0,6.886056647693163
O=C(NC1CCCCC1)c1cc2cccnc2n(CCN2CCOCC2)c1=O,8.102372908709558,1,1,1,1,8.102372908709558,8.102372908709558,0.0,8.102372908709558
O=C(NC1CCCCC1)c1cc2cccnc2n(Cc2ccc(F)cc2)c1=O,8.657577319177793,1,1,1,1,8.657577319177793,8.657577319177793,0.0,8.657577319177793
O=C(NC1CCCCC1)c1cc2cccnc2n(Cc2ccccc2)c1=O,7.508638306165727,1,1,1,1,7.508638306165727,7.508638306165727,0.0,7.508638306165727
O=C(NC1CCCCC1)c1cccn(CCN2CCOCC2)c1=O,5.102372908709558,1,1,1,1,5.102372908709558,5.102372908709558,0.0,5.102372908709558
O=C(NC1CCCCC1)c1cccn(Cc2ccc(F)cc2)c1=O,7.698970004336019,1,1,1,1,7.698970004336019,7.698970004336019,0.0,7.698970004336019
O=C(NC1CCCCC1)c1cccn(Cc2ccccc2)c1=O,6.698970004336019,1,1,1,1,6.698970004336019,6.698970004336019,0.0,6.698970004336019
O=C(NC1CCCCC1)c1cccnc1OCc1ccc(F)cc1,6.6020599913279625,1,1,1,1,6.6020599913279625,6.6020599913279625,0.0,6.6020599913279625
O=C(NC1CCCCC1)c1cccnc1OCc1ccccc1,6.03810452633215,1,1,1,1,6.03810452633215,6.03810452633215,0.0,6.03810452633215
O=C(NC1CCCCC1)c1cn(-c2ccc(Cl)cc2)c(-c2ccc(Cl)cc2Cl)n1,6.619788758288394,1,1,1,1,6.619788758288394,6.619788758288394,0.0,6.619788758288394
O=C(NC1CCCCC1)c1cn(-c2ccc(Cl)cc2)c(-c2ccccc2Cl)n1,5.638272163982407,1,1,1,1,5.638272163982407,5.638272163982407,0.0,5.638272163982407
O=C(NC1CCCCC1)c1cn2c3c(cccc3c1=O)OCC2C1CC1,7.815308569182401,1,1,1,1,7.815308569182401,7.815308569182401,0.0,7.815308569182401
O=C(NC1CCCCC1)c1cn2c3c(cccc3c1=O)OCC2c1ccccc1,8.598599459218455,1,1,1,1,8.598599459218455,8.598599459218455,0.0,8.598599459218455
O=C(NC1CCCCC1)c1nn(-c2ccc(Cl)cc2Cl)c2c1CCCc1cc(Cl)ccc1-2,7.747146969020107,1,1,1,1,7.747146969020107,7.747146969020107,0.0,7.747146969020107
O=C(NC1CCCCC1)n1c(=O)n(CCN2CCOCC2)c2ccccc21,7.221848749616356,1,1,1,1,7.221848749616356,7.221848749616356,0.0,7.221848749616356
O=C(NC1CCCCC1O)c1cn(-c2ccc(Cl)cc2)c(-c2ccc(Cl)cc2Cl)n1,5.958607314841775,1,1,1,1,5.958607314841775,5.958607314841775,0.0,5.958607314841775
O=C(NC1CCCCCC1)c1c(-c2ccccc2)c(Br)cn(Cc2ccc(F)cc2)c1=O,6.359518563029578,1,1,1,1,6.359518563029578,6.359518563029578,0.0,6.359518563029578
O=C(NC1CCCCCC1)c1c(-c2ccccc2)ccn(Cc2ccc(F)cc2)c1=O,6.7281583934635005,1,1,1,1,6.7281583934635005,6.7281583934635005,0.0,6.7281583934635005
O=C(NC1CCCCCC1)c1c(O)c2cccnc2n(CCN2CCOCC2)c1=O,8.744727494896694,1,1,1,1,8.744727494896694,8.744727494896694,0.0,8.744727494896694
O=C(NC1CCCCCC1)c1cc(-c2ccc(F)cc2)cn(CCN2CCOCC2)c1=O,7.200659450546418,1,1,1,1,7.200659450546418,7.200659450546418,0.0,7.200659450546418
O=C(NC1CCCCCC1)c1cc(-c2ccc(F)cc2)cn(Cc2ccc(F)cc2)c1=O,8.55284196865778,1,1,1,1,8.55284196865778,8.55284196865778,0.0,8.55284196865778
O=C(NC1CCCCCC1)c1cc(-c2ccccc2)cn(Cc2ccc(F)cc2)c1=O,8.920818753952375,1,1,1,1,8.920818753952375,8.920818753952375,0.0,8.920818753952375
O=C(NC1CCCCCC1)c1cc(-c2ccccc2)nn(C2CCCC2)c1=O,7.886056647693163,1,1,1,1,7.886056647693163,7.886056647693163,0.0,7.886056647693163
O=C(NC1CCCCCC1)c1cc(-c2ccccc2)nn(Cc2ccc(F)cc2)c1=O,7.795880017344075,1,1,1,1,7.795880017344075,7.795880017344075,0.0,7.795880017344075
O=C(NC1CCCCCC1)c1cc(/C=C/c2ccccc2)cn(Cc2ccc(F)cc2)c1=O,8.102372908709558,1,1,1,1,8.102372908709558,8.102372908709558,0.0,8.102372908709558
O=C(NC1CCCCCC1)c1cc(Br)cn(CCN2CCOCC2)c1=O,7.187086643357144,1,1,1,1,7.187086643357144,7.187086643357144,0.0,7.187086643357144
O=C(NC1CCCCCC1)c1cc(Br)cn(Cc2ccc(F)cc2)c1=O,8.657577319177793,1,1,1,1,8.657577319177793,8.657577319177793,0.0,8.657577319177793
O=C(NC1CCCCCC1)c1cc2ccccc2n(CCN2CCOCC2)c1=O,8.698970004336019,1,1,1,1,8.698970004336019,8.698970004336019,0.0,8.698970004336019
O=C(NC1CCCCCC1)c1cc2ccccc2n(Cc2ccc(F)cc2)c1=O,9.602059991327963,1,1,1,1,9.602059991327963,9.602059991327963,0.0,9.602059991327963
O=C(NC1CCCCCC1)c1cc2cccnc2n(CCN2CCOCC2)c1=O,8.522878745280337,1,1,1,1,8.522878745280337,8.522878745280337,0.0,8.522878745280337
O=C(NC1CCCCCC1)c1cc2cccnc2n(Cc2ccc(F)cc2)c1=O,9.154901959985743,1,1,1,1,9.154901959985743,9.154901959985743,0.0,9.154901959985743
O=C(NC1CCCCCC1)c1cc2cccnc2n(Cc2ccccc2)c1=O,7.657577319177793,1,1,1,1,7.657577319177793,7.657577319177793,0.0,7.657577319177793
O=C(NC1CCCCCC1)c1cccn(CCN2CCOCC2)c1=O,6.102372908709558,1,1,1,1,6.102372908709558,6.102372908709558,0.0,6.102372908709558
O=C(NC1CCCCCC1)c1cccn(Cc2ccc(Cl)cc2)c1=O,8.3767507096021,1,1,1,1,8.3767507096021,8.3767507096021,0.0,8.3767507096021
O=C(NC1CCCCCC1)c1cccn(Cc2ccc(F)cc2)c1=O,8.10790539730952,1,1,1,1,8.10790539730952,8.10790539730952,0.0,8.10790539730952
O=C(NC1CCCCCC1)c1cccn(Cc2ccc(I)cc2)c1=O,6.7281583934635005,1,1,1,1,6.7281583934635005,6.7281583934635005,0.0,6.7281583934635005
O=C(NC1CCCCCC1)c1cccn(Cc2cccc(I)c2)c1=O,6.401209493236885,1,1,1,1,6.401209493236885,6.401209493236885,0.0,6.401209493236885
O=C(NC1CCCCCC1)c1cccn(Cc2ccccc2)c1=O,8.096910013008056,1,1,1,1,8.096910013008056,8.096910013008056,0.0,8.096910013008056
O=C(NC1CCCCCC1)c1cccnc1OCc1ccc(F)cc1,7.6020599913279625,1,1,1,1,7.6020599913279625,7.6020599913279625,0.0,7.6020599913279625
O=C(NC1CCCCCC1)c1cccnc1OCc1ccccc1,6.317854923626168,1,1,1,1,6.317854923626168,6.317854923626168,0.0,6.317854923626168
O=C(NC1CCCCCC1)c1cn(CCN2CCOCC2)c2ccccc2c1=O,7.552841968657781,1,1,1,1,7.552841968657781,7.552841968657781,0.0,7.552841968657781
O=C(NC1CCCCCC1)c1cn(Cc2ccccc2)c2ccccc2c1=O,8.193820026016112,1,1,1,1,8.193820026016112,8.193820026016112,0.0,8.193820026016112
O=C(NC1CCCCCC1)c1cn2c3c(cccc3c1=O)OCC2C1CC1,8.505845405981557,1,1,1,1,8.505845405981557,8.505845405981557,0.0,8.505845405981557
O=C(NC1CCCCCC1)c1cn2c3c(cccc3c1=O)OCC2c1ccccc1,9.09151498112135,1,1,1,1,9.09151498112135,9.09151498112135,0.0,9.09151498112135
O=C(NC1CCCOc2c1nn(-c1ccccc1Cl)c2-c1ccc(Cl)cc1)C1CCCCC1,6.020907099361674,1,1,1,1,6.020907099361674,6.020907099361674,0.0,6.020907099361674
O=C(NC1CCCOc2c1nn(-c1ccccc1Cl)c2-c1ccc(Cl)cc1)C1CCOCC1,4.818156412055227,1,1,1,1,4.818156412055227,4.818156412055227,0.0,4.818156412055227
O=C(NC1CCCOc2c1nn(-c1ccccc1Cl)c2-c1ccc(Cl)cc1)c1ccno1,4.91721462968355,1,1,1,1,4.91721462968355,4.91721462968355,0.0,4.91721462968355
O=C(NC1CCCOc2c1nn(-c1ccccc1Cl)c2-c1ccc(Cl)cc1)c1ccon1,4.772113295386326,1,1,1,1,4.772113295386326,4.772113295386326,0.0,4.772113295386326
O=C(NC1CCCc2ccccc21)c1nc2ccccc2s1,5.97469413473523,1,1,1,1,5.97469413473523,5.97469413473523,0.0,5.97469413473523
O=C(NC1CCN(c2ncnc3c2nc(-c2ccccc2Cl)n3-c2ccc(C(F)(F)F)nc2)CC1)c1ccccc1,6.130768280269024,1,1,1,1,6.130768280269024,6.130768280269024,0.0,6.130768280269024
O=C(NC1CCN(c2ncnc3c2nc(-c2ccccc2Cl)n3-c2ccc(Cl)cc2)CC1)C1CCCC1,7.220403508742176,1,1,1,1,7.220403508742176,7.220403508742176,0.0,7.220403508742176
O=C(NC1CCN(c2ncnc3c2nc(-c2ccccc2Cl)n3-c2ccc(Cl)cc2)CC1)C1CCCCC1,6.078313524516398,1,1,1,1,6.078313524516398,6.078313524516398,0.0,6.078313524516398
O=C(NC1CCN(c2ncnc3c2nc(-c2ccccc2Cl)n3-c2ccc(Cl)cc2)CC1)C1CCSCC1,5.721246399047171,1,1,1,1,5.721246399047171,5.721246399047171,0.0,5.721246399047171
O=C(NC1CCN(c2ncnc3c2nc(-c2ccccc2Cl)n3-c2ccc(Cl)cc2)CC1)OC1CCC1,5.978810700930062,1,1,1,1,5.978810700930062,5.978810700930062,0.0,5.978810700930062
O=C(NC1CCN(c2ncnc3c2nc(-c2ccccc2Cl)n3-c2ccc(Cl)cc2)CC1)OCc1ccccc1,6.1487416512809245,1,1,1,1,6.1487416512809245,6.1487416512809245,0.0,6.1487416512809245
O=C(NC1CCN(c2ncnc3c2nc(-c2ccccc2Cl)n3-c2ccc(Cl)cc2)CC1)Oc1ccccc1,4.972691172964454,1,1,1,1,4.972691172964454,4.972691172964454,0.0,4.972691172964454
O=C(NC1CCN(c2ncnc3c2nc(-c2ccccc2Cl)n3-c2ccc(Cl)cc2)CC1)c1ccc(F)c(F)c1,5.229147988357855,1,1,1,1,5.229147988357855,5.229147988357855,0.0,5.229147988357855
O=C(NC1CCN(c2ncnc3c2nc(-c2ccccc2Cl)n3-c2ccc(Cl)cc2)CC1)c1ccc(F)cc1,5.0,1,1,1,1,5.0,5.0,0.0,5.0
O=C(NC1CCN(c2ncnc3c2nc(-c2ccccc2Cl)n3-c2ccc(Cl)cc2)CC1)c1ccccc1F,5.221848749616356,1,1,1,1,5.221848749616356,5.221848749616356,0.0,5.221848749616356
O=C(NC1CCOc2ccccc21)n1c(=O)n(CCN2CCOCC2)c2ccccc21,7.130768280269024,1,1,1,1,7.130768280269024,7.130768280269024,0.0,7.130768280269024
O=C(NC1c2ccccc2CCC1O)n1c(=O)n(CCN2CCOCC2)c2ccccc21,7.292429823902063,1,1,1,1,7.292429823902063,7.292429823902063,0.0,7.292429823902063
O=C(NCC12CC3CC(CC(C3)C1)C2)c1nn(-c2ccc(Cl)cc2Cl)c2c1CCCc1cc(Cl)ccc1-2,7.876148359032914,1,1,1,1,7.876148359032914,7.876148359032914,0.0,7.876148359032914
O=C(NCC1CCCCC1)N1CCN(c2ncnc3c2nc(-c2ccccc2Cl)n3-c2ccc(Cl)cc2)CC1,6.130768280269024,1,1,1,1,6.130768280269024,6.130768280269024,0.0,6.130768280269024
O=C(NCC1CCCCC1)c1nn(-c2ccc(Cl)cc2Cl)c2c1CCCc1cc(Cl)ccc1-2,7.497572880015567,1,1,1,1,7.497572880015567,7.497572880015567,0.0,7.497572880015567
O=C(NCCC(c1ccccc1)c1ccccc1)C(Cl)(c1ccccc1)c1ccccc1,5.853871964321762,1,1,1,1,5.853871964321762,5.853871964321762,0.0,5.853871964321762
O=C(NCCC(c1ccccc1)c1ccccc1)C(O)(c1ccccc1)c1ccccc1,5.638272163982407,1,1,1,1,5.638272163982407,5.638272163982407,0.0,5.638272163982407
O=C(NCCC(c1ccccc1)c1ccccc1)C(c1ccccc1)c1ccc(O)cc1,5.958607314841775,1,1,1,1,5.958607314841775,5.958607314841775,0.0,5.958607314841775
O=C(NCCC(c1ccccc1)c1ccccc1)C(c1ccccc1)c1ccc([N+](=O)[O-])cc1,6.102372908709558,1,1,1,1,6.102372908709558,6.102372908709558,0.0,6.102372908709558
O=C(NCCC(c1ccccc1)c1ccccc1)C(c1ccccc1)c1ccccc1,5.102372908709558,1,1,1,1,5.102372908709558,5.102372908709558,0.0,5.102372908709558
O=C(NCCCc1ccccc1)C(c1ccccc1)c1ccc(Br)cc1,5.7447274948966935,1,1,1,1,5.7447274948966935,5.7447274948966935,0.0,5.7447274948966935
O=C(NCCCc1ccccc1)C(c1ccccc1)c1ccc(Cl)cc1,5.619788758288394,1,1,1,1,5.619788758288394,5.619788758288394,0.0,5.619788758288394
O=C(NCCO)C1CCN(Cc2nc(-c3cn(CC4CCOCC4)c4c(Cl)cccc34)no2)CC1,7.700057099977233,1,1,1,1,7.700057099977233,7.700057099977233,0.0,7.700057099977233
O=C(NCCO)[C@H]1CCCN(Cc2nc(-c3cn(CC4CCS(=O)(=O)CC4)c4c(Cl)cccc34)ns2)C1,7.700057099977233,1,1,1,1,7.700057099977233,7.700057099977233,0.0,7.700057099977233
O=C(NCCc1ccc(F)cc1)c1cc2cccnc2n(Cc2ccccc2)c1=O,7.156144577376839,1,1,1,1,7.156144577376839,7.156144577376839,0.0,7.156144577376839
O=C(NC[C@H]1CCCO1)c1nn(-c2ccc(Cl)cc2Cl)c2c1CCCc1cc(Cl)ccc1-2,7.283162276700476,1,1,1,1,7.283162276700476,7.283162276700476,0.0,7.283162276700476
O=C(NCc1ccc(Cl)cc1)[C@@H]1CC[C@@H](c2ccc(Cl)cc2Cl)N(c2ccc(Cl)cc2)C1,5.733768303310107,1,1,1,1,5.733768303310107,5.733768303310107,0.0,5.733768303310107
O=C(NCc1cccc(Cl)c1)c1ccc2c(c1)N=C(N1CCC(F)(F)CC1)c1ccccc1S2,5.899998417198648,1,1,1,1,5.899998417198648,5.899998417198648,0.0,5.899998417198648
O=C(NCc1ccccc1)c1cc2c(n(CCCN3CCOCC3)c1=O)CCCCCC2,6.679853713888946,1,1,1,1,6.679853713888946,6.679853713888946,0.0,6.679853713888946
O=C(NCc1ccccc1)c1ccc(Br)c(S(=O)(=O)N2CCCCC2)c1,6.443697499232712,1,1,1,1,6.443697499232712,6.443697499232712,0.0,6.443697499232712
O=C(NCc1ccccc1)c1ccc(Br)c(S(=O)(=O)N2CCOCC2)c1,6.096910013008056,1,1,1,1,6.096910013008056,6.096910013008056,0.0,6.096910013008056
O=C(NCc1ccccc1)c1cccn1Cc1ccc(F)cc1,6.151195298948196,1,1,1,1,6.151195298948196,6.151195298948196,0.0,6.151195298948196
O=C(NCc1cccnc1)c1ccc(Br)c(S(=O)(=O)N2CCCCC2)c1,6.494850021680094,1,1,1,1,6.494850021680094,6.494850021680094,0.0,6.494850021680094
O=C(NCc1ccco1)c1cccn1Cc1ccc(-c2ccccc2)cc1,6.638272163982407,1,1,1,1,6.638272163982407,6.638272163982407,0.0,6.638272163982407
O=C(NN1CCCC1)c1nn(-c2ccc(Cl)cc2Cl)c2c1CCCc1cc(Cl)ccc1-2,6.739928612014925,1,1,1,1,6.739928612014925,6.739928612014925,0.0,6.739928612014925
O=C(NN1CCCC1)c1nn(-c2ccc(Cl)cc2Cl)c2c1Cc1cc(C3CC3)ccc1-2,6.818156412055227,1,1,1,1,6.818156412055227,6.818156412055227,0.0,6.818156412055227
O=C(NN1CCCC1)c1nn(-c2ccc(Cl)cc2Cl)c2c1Cc1cc(C3CCCCC3)ccc1-2,6.288192770958808,1,1,1,1,6.288192770958808,6.288192770958808,0.0,6.288192770958808
O=C(NN1CCCCC1)N1CCN(C(c2ccccc2)c2ccc(Cl)cc2Cl)CC1,5.981715691573469,1,1,1,1,5.981715691573469,5.981715691573469,0.0,5.981715691573469
O=C(NN1CCCCC1)c1cc(-c2ccccc2)n(-c2ccccc2)n1,4.554863031286696,1,1,1,1,4.554863031286696,4.554863031286696,0.0,4.554863031286696
O=C(NN1CCCCC1)c1cn(-c2ccc(Cl)cc2)c(-c2ccc(Cl)cc2Cl)n1,6.266000713461613,1,1,1,1,6.266000713461613,6.266000713461613,0.0,6.266000713461613
O=C(NN1CCCCC1)c1cn(-c2ccc(Cl)cc2Cl)c(-c2ccc(C#Cc3ccc(C(F)(F)F)cc3)s2)c1CNS(=O)(=O)N1CCCC1,7.6777807052660805,1,1,1,1,7.6777807052660805,7.6777807052660805,0.0,7.6777807052660805
O=C(NN1CCCCC1)c1cnn(-c2ccc(Cl)cc2Cl)c1-c1ccc(I)cc1,5.721246399047171,1,1,1,1,5.721246399047171,5.721246399047171,0.0,5.721246399047171
O=C(NN1CCCCC1)c1nc(-c2ccc(Cl)cc2)c(-c2ccc(Cl)cc2Cl)s1,5.330869152626668,1,1,1,1,5.330869152626668,5.330869152626668,0.0,5.330869152626668
O=C(NN1CCCCC1)c1nc(-c2ccc(Cl)cc2Cl)c(-c2ccc(Cl)cc2)s1,5.2335127937603065,1,1,1,1,5.2335127937603065,5.2335127937603065,0.0,5.2335127937603065
O=C(NN1CCCCC1)c1nc(-c2ccc(Cl)cc2Cl)n(-c2ccc(Cl)cc2)c1Br,6.127261172527332,1,1,1,1,6.127261172527332,6.127261172527332,0.0,6.127261172527332
O=C(NN1CCCCC1)c1nc(-c2ccc(Cl)cc2Cl)n(-c2ccc(Cl)cc2)c1CF,6.042871802323187,1,1,1,1,6.042871802323187,6.042871802323187,0.0,6.042871802323187
O=C(NN1CCCCC1)c1nc(-c2ccc(Cl)cc2Cl)n(-c2ccc(Cl)cc2)c1CO,5.124707174628992,1,1,1,1,5.124707174628992,5.124707174628992,0.0,5.124707174628992
O=C(NN1CCCCC1)c1nc(-c2ccc(Cl)cc2Cl)n(-c2ccc(Cl)cc2)c1Cl,6.08460016478773,1,1,1,1,6.08460016478773,6.08460016478773,0.0,6.08460016478773
O=C(NN1CCCCC1)c1nc(-c2ccc(Cl)cc2Cl)n(-c2ccc(Cl)cc2)c1I,5.742081549685942,1,1,1,1,5.742081549685942,5.742081549685942,0.0,5.742081549685942
O=C(NN1CCCCC1)c1nc(-c2ccc(Cl)cc2Cl)n(-c2ccc(Cl)cc2)n1,5.448306084872775,1,1,1,1,5.448306084872775,5.448306084872775,0.0,5.448306084872775
O=C(NN1CCCCC1)c1nn(-c2ccc(Cl)cc2Cl)c2c1CCCCc1cc(Cl)ccc1-2,6.308034897232639,1,1,1,1,6.308034897232639,6.308034897232639,0.0,6.308034897232639
O=C(NN1CCCCC1)c1nn(-c2ccc(Cl)cc2Cl)c2c1CCCc1cc(Cl)ccc1-2,7.161852605029786,2,1,1,1,7.0695604052333,7.2541448048262716,0.18458439959297124,7.161852605029786
O=C(NN1CCCCC1)c1nn(-c2ccc(Cl)cc2Cl)c2c1Cc1cc(C3CC3)ccc1-2,7.158452834743446,1,1,1,1,7.158452834743446,7.158452834743446,0.0,7.158452834743446
O=C(NN1CCCCC1)c1nn(-c2ccc(Cl)cc2Cl)c2c1Cc1cc(C3CCCCC3)ccc1-2,6.293282217663242,1,1,1,1,6.293282217663242,6.293282217663242,0.0,6.293282217663242
O=C(NN1CCCCC1)c1nn(-c2ccc(Cl)cc2Cl)c2c1ccc1cc(C3CC3)ccc12,6.0835460514500745,1,1,1,1,6.0835460514500745,6.0835460514500745,0.0,6.0835460514500745
O=C(NN1CCCCCC1)c1nn(-c2ccc(Cl)cc2Cl)c2c1CCCc1cc(Cl)ccc1-2,7.55129368009492,1,1,1,1,7.55129368009492,7.55129368009492,0.0,7.55129368009492
O=C(NN1CCOCC1)c1nn(-c2ccc(Cl)cc2Cl)c2c1Cc1cc(C3CC3)ccc1-2,6.703334809738469,1,1,1,1,6.703334809738469,6.703334809738469,0.0,6.703334809738469
O=C(N[C@@H](C(=O)O)c1ccccc1)c1cc2c(n(CC3CCCCC3)c1=O)CCCCCC2,8.522878745280337,1,1,1,1,8.522878745280337,8.522878745280337,0.0,8.522878745280337
O=C(N[C@@H](Cc1ccccc1)C(=O)O)c1cc2c(n(CC3CCCCC3)c1=O)CCCCCC2,7.481486060122112,1,1,1,1,7.481486060122112,7.481486060122112,0.0,7.481486060122112
O=C(N[C@@H]1CCCC[C@H]1O)c1cc(-c2ccc(Cl)cc2)c(OCC2CC2)cn1,5.816445466381138,1,1,1,1,5.816445466381138,5.816445466381138,0.0,5.816445466381138
O=C(N[C@@H]1CCCC[C@H]1O)c1ccc(OCC2CC2)c(-c2ccc(Cl)cc2)n1,6.06398920428479,1,1,1,1,6.06398920428479,6.06398920428479,0.0,6.06398920428479
O=C(N[C@@H]1CCCC[C@H]1O)c1cnc(OCC2CC2)c(-c2cc(C(F)(F)F)ccc2Cl)c1,5.681936665037238,1,1,1,1,5.681936665037238,5.681936665037238,0.0,5.681936665037238
O=C(N[C@@H]1CCCC[C@H]1O)c1cnc(OCC2CC2)c(-c2ccc(Cl)c(Cl)c2)c1,5.899629454882437,1,1,1,1,5.899629454882437,5.899629454882437,0.0,5.899629454882437
O=C(N[C@@H]1CCCC[C@H]1O)c1cnc(OCC2CC2)c(-c2ccc(Cl)cc2)n1,6.096367483915762,1,1,1,1,6.096367483915762,6.096367483915762,0.0,6.096367483915762
O=C(N[C@@H]1CCCc2ccccc21)N1Cc2ccccc2N(CCN2CCOCC2)C1=O,8.045757490560675,1,1,1,1,8.045757490560675,8.045757490560675,0.0,8.045757490560675
O=C(N[C@@H]1CCCc2ccccc21)n1c(=O)n(CCN2CCOCC2)c2ccccc21,8.154901959985743,1,1,1,1,8.154901959985743,8.154901959985743,0.0,8.154901959985743
O=C(N[C@@H]1c2ccccc2C[C@@H]1O)c1cn(-c2ccc(Cl)cc2)c(-c2ccccc2Cl)n1,5.292429823902063,1,1,1,1,5.292429823902063,5.292429823902063,0.0,5.292429823902063
O=C(N[C@H](C(=O)O)C1CCCCC1)c1cc2c(n(CC3CCCCC3)c1=O)CCCCCC2,6.954677021213342,1,1,1,1,6.954677021213342,6.954677021213342,0.0,6.954677021213342
O=C(N[C@H](C(=O)O)c1ccccc1)c1cc2c(n(CC3CCCCC3)c1=O)CCCCCC2,8.920818753952375,1,1,1,1,8.920818753952375,8.920818753952375,0.0,8.920818753952375
O=C(N[C@H]1CCCC[C@@H]1O)c1cn(-c2ccc(Cl)cc2)c(-c2ccccc2Cl)n1,5.275724130399211,1,1,1,1,5.275724130399211,5.275724130399211,0.0,5.275724130399211
O=C(N[C@H]1CCCC[C@@H]1O)c1cnc(OCC2CC2)c(-c2ccc(Cl)cc2)c1,5.578889870206566,1,1,1,1,5.578889870206566,5.578889870206566,0.0,5.578889870206566
O=C(N[C@H]1CCCC[C@@H]1O)n1c(=O)n(CCN2CCOCC2)c2ccccc21,6.315154638355588,1,1,1,1,6.315154638355588,6.315154638355588,0.0,6.315154638355588
O=C(N[C@H]1CCC[C@@H]1O)c1cn(-c2ccc(Cl)cc2)c(-c2ccccc2Cl)n1,5.200659450546418,1,1,1,1,5.200659450546418,5.200659450546418,0.0,5.200659450546418
O=C(N[C@H]1c2ccccc2C[C@H]1O)c1cn(-c2ccc(Cl)cc2)c(-c2ccccc2Cl)n1,5.920818753952375,1,1,1,1,5.920818753952375,5.920818753952375,0.0,5.920818753952375
O=C(Nc1ccc(Cl)cc1)Nc1cccc(-c2cccc(N3CCCC3)c2)c1,4.302770657240282,1,1,1,1,4.302770657240282,4.302770657240282,0.0,4.302770657240282
O=C(Nc1ccc(Cl)cc1)Nc1cccc(Nc2cccc(N3CCCC3)n2)c1,4.279014255846261,1,1,1,1,4.279014255846261,4.279014255846261,0.0,4.279014255846261
O=C(Nc1ccc(F)c(F)c1)N1CCN(c2ncnc3c2nc(-c2ccccc2Cl)n3-c2ccc(Cl)cc2)CC1,5.376750709602099,1,1,1,1,5.376750709602099,5.376750709602099,0.0,5.376750709602099
O=C(Nc1ccc(F)cc1)N1CCN(c2ncnc3c2nc(-c2ccccc2Cl)n3-c2ccc(Cl)cc2)CC1,5.698970004336019,1,1,1,1,5.698970004336019,5.698970004336019,0.0,5.698970004336019
O=C(Nc1ccc(F)cc1F)N1CCN(c2ncnc3c2nc(-c2ccccc2Cl)n3-c2ccc(Cl)cc2)CC1,5.494850021680094,1,1,1,1,5.494850021680094,5.494850021680094,0.0,5.494850021680094
O=C(Nc1cccc(-c2ccccc2)c1)c1cccn1Cc1ccc(F)cc1,6.853871964321762,1,1,1,1,6.853871964321762,6.853871964321762,0.0,6.853871964321762
O=C(Nc1cccc(CO)c1)c1cccn1Cc1ccc(F)cc1,6.6020599913279625,1,1,1,1,6.6020599913279625,6.6020599913279625,0.0,6.6020599913279625
O=C(Nc1cccc2ccccc12)N1Cc2ccccc2N(CCN2CCOCC2)C1=O,7.3872161432802645,1,1,1,1,7.3872161432802645,7.3872161432802645,0.0,7.3872161432802645
O=C(Nc1cccc2ccccc12)c1cccn1Cc1ccc(F)cc1,7.221848749616356,1,1,1,1,7.221848749616356,7.221848749616356,0.0,7.221848749616356
O=C(Nc1cccc2ccccc12)n1c(=O)n(CCN2CCOCC2)c2ccccc21,8.096910013008056,1,1,1,1,8.096910013008056,8.096910013008056,0.0,8.096910013008056
O=C(Nc1ccccc1)N1CCN(c2ncnc3c2nc(-c2ccccc2Cl)n3-c2ccc(Cl)cc2)CC1,5.619788758288394,1,1,1,1,5.619788758288394,5.619788758288394,0.0,5.619788758288394
O=C(Nc1ccccc1F)N1CCN(c2ncnc3c2nc(-c2ccccc2Cl)n3-c2ccc(Cl)cc2)CC1,5.886056647693163,1,1,1,1,5.886056647693163,5.886056647693163,0.0,5.886056647693163
O=C(Nc1ccccc1Oc1ccccc1)c1ccc(S(=O)(=O)N2CCc3ccccc32)cc1,5.0,1,1,1,1,5.0,5.0,0.0,5.0
O=C(Nc1ccccn1)N1CCN(c2ncnc3c2nc(-c2ccccc2Cl)n3-c2ccc(Cl)cc2)CC1,5.1487416512809245,1,1,1,1,5.1487416512809245,5.1487416512809245,0.0,5.1487416512809245
O=C(Nc1cccnn1)N1CCC(=Cc2cccc(Oc3ccc(C(F)(F)F)cn3)c2)CC1,5.292429823902063,1,1,1,1,5.292429823902063,5.292429823902063,0.0,5.292429823902063
O=C(Nc1sc2c(c1C(=O)N1CC(F)(F)C1)CCOC2)c1c(F)cccc1C(F)(F)F,6.35261702988538,1,1,1,1,6.35261702988538,6.35261702988538,0.0,6.35261702988538
O=C(Nc1sc2c(c1C(=O)N1CC(F)(F)C1)CCOC2)c1ccccc1C(F)(F)F,7.088842391260023,1,1,1,1,7.088842391260023,7.088842391260023,0.0,7.088842391260023
O=C(Nc1sc2c(c1C(=O)N1CC(F)(F)C1)CCOC2)c1ccccc1OC(F)(F)F,6.619788758288394,1,1,1,1,6.619788758288394,6.619788758288394,0.0,6.619788758288394
O=C(Nc1sc2c(c1C(=O)N1CCCCC1)CCOC2)c1ccccc1C(F)(F)F,6.617982957425132,1,1,1,1,6.617982957425132,6.617982957425132,0.0,6.617982957425132
O=C(Nc1sc2c(c1C(=O)N1CCCCC1)CCOC2)c1ccccc1OC(F)(F)F,6.459670525209127,1,1,1,1,6.459670525209127,6.459670525209127,0.0,6.459670525209127
O=C(O)CCc1csc(NC(=O)c2cc3c(n(CC4CCCCC4)c2=O)CCCCCC3)n1,7.7447274948966935,1,1,1,1,7.7447274948966935,7.7447274948966935,0.0,7.7447274948966935
O=C(O)CNC(=O)c1cc2c(n(CC3CCCCC3)c1=O)CCCCCC2,6.752026733638194,1,1,1,1,6.752026733638194,6.752026733638194,0.0,6.752026733638194
O=C(O)Cc1ccc(NC(=O)c2cc3c(n(CC4CCCCC4)c2=O)CCCCCC3)cc1,7.130768280269024,1,1,1,1,7.130768280269024,7.130768280269024,0.0,7.130768280269024
O=C(O)Cc1cccc(NC(=O)c2cc3c(n(CC4CCCCC4)c2=O)CCCCCC3)c1,6.920818753952375,1,1,1,1,6.920818753952375,6.920818753952375,0.0,6.920818753952375
O=C(O)Cc1ccccc1NC(=O)c1cc2c(n(CC3CCCCC3)c1=O)CCCCCC2,7.337242168318426,1,1,1,1,7.337242168318426,7.337242168318426,0.0,7.337242168318426
O=C(O)Cc1cnc(NC(=O)c2cc3c(n(CC4CCCCC4)c2=O)CCCCCC3)s1,8.337242168318426,1,1,1,1,8.337242168318426,8.337242168318426,0.0,8.337242168318426
O=C(O)Cc1csc(NC(=O)c2cc3c(n(CC4CCCCC4)c2=O)CCCCCC3)n1,7.657577319177793,1,1,1,1,7.657577319177793,7.657577319177793,0.0,7.657577319177793
O=C(O)c1ccc(CNC(=O)c2cc3c(n(CC4CCCCC4)c2=O)CCCCCC3)cc1,6.0347982989740885,1,1,1,1,6.0347982989740885,6.0347982989740885,0.0,6.0347982989740885
O=C(O)c1ccc(NC(=O)c2cc3c(n(CC4CCCCC4)c2=O)CCCCCC3)cc1,6.97061622231479,1,1,1,1,6.97061622231479,6.97061622231479,0.0,6.97061622231479
O=C(O)c1cccc(NC(=O)c2cc3c(n(CC4CCCCC4)c2=O)CCCCCC3)c1,6.211831628858832,1,1,1,1,6.211831628858832,6.211831628858832,0.0,6.211831628858832
O=C(O)c1ccccc1NC(=O)c1cc2c(n(CC3CCCCC3)c1=O)CCCCCC2,6.7423214251308154,1,1,1,1,6.7423214251308154,6.7423214251308154,0.0,6.7423214251308154
O=C(O)c1cnc(NC(=O)c2cc3c(n(CC4CCCCC4)c2=O)CCCCCC3)s1,6.053056729302174,1,1,1,1,6.053056729302174,6.053056729302174,0.0,6.053056729302174
O=C(OC1CCC1)N1CCN(c2ncnc3c2nc(-c2ccccc2Cl)n3-c2ccc(Cl)cc2)CC1,5.468521082957745,1,1,1,1,5.468521082957745,5.468521082957745,0.0,5.468521082957745
O=C(OCC1CCC1)N1CCN(c2ncnc3c2nc(-c2ccccc2Cl)n3-c2ccc(Cl)cc2)CC1,5.337242168318426,1,1,1,1,5.337242168318426,5.337242168318426,0.0,5.337242168318426
O=C(OCCCn1c2ccccc2c2cc(C(=O)N3CCCCC3)ccc21)N1CCS(=O)(=O)CC1,7.136677139879544,1,1,1,1,7.136677139879544,7.136677139879544,0.0,7.136677139879544
O=C(O[C@@H]1Cc2c(O)cc(O)cc2O[C@@H]1c1cc(O)c(O)c(O)c1)c1cc(O)c(O)c(O)c1,4.368556230986828,1,1,1,1,4.368556230986828,4.368556230986828,0.0,4.368556230986828
O=C(O[C@@H]1Cc2c(O)cc(O)cc2O[C@@H]1c1ccc(O)c(O)c1)c1cc(O)c(O)c(O)c1,4.0195421077238995,1,1,1,1,4.0195421077238995,4.0195421077238995,0.0,4.0195421077238995
O=C(c1c(NC(=O)C23CC4CC(CC2C4)C3)sc2c1CCOC2)N1CC(F)(F)C1,8.250031916490597,1,1,1,1,8.250031916490597,8.250031916490597,0.0,8.250031916490597
O=C(c1c(NC(=O)C23CC4CC(CC2C4)C3)sc2c1CCOC2)N1CCOCC1,7.0400051616715835,1,1,1,1,7.0400051616715835,7.0400051616715835,0.0,7.0400051616715835
O=C(c1cc(O)c(-c2cc(C(F)(F)F)cc(C(F)(F)F)c2)c(O)c1)c1cccs1,6.7281583934635005,1,1,1,1,6.7281583934635005,6.7281583934635005,0.0,6.7281583934635005
O=C(c1cc(O)c(-c2cc(Cl)cc(Cl)c2)c(O)c1)C1CCCCC1,5.798876102792621,1,1,1,1,5.798876102792621,5.798876102792621,0.0,5.798876102792621
O=C(c1cc(O)c(-c2cc(Cl)ccc2Cl)c(O)c1)c1cccs1,6.349692476868063,1,1,1,1,6.349692476868063,6.349692476868063,0.0,6.349692476868063
O=C(c1cc(O)c(-c2cccc(C(F)(F)F)c2)c(O)c1)c1cccs1,6.8124792791635365,1,1,1,1,6.8124792791635365,6.8124792791635365,0.0,6.8124792791635365
O=C(c1cc(O)c(-c2cccc(CO)c2)c(O)c1)c1cccs1,5.076600533841283,1,1,1,1,5.076600533841283,5.076600533841283,0.0,5.076600533841283
O=C(c1cc2ccccc2s1)c1cccc2ccccc12,6.0,1,1,1,1,6.0,6.0,0.0,6.0
O=C(c1ccc(Cl)cc1)c1cc(O)c(-c2cc(Cl)cc(Cl)c2)c(O)c1,6.918292729902651,1,1,1,1,6.918292729902651,6.918292729902651,0.0,6.918292729902651
O=C(c1ccc2c(c1)c1ccccc1n2CC1CCOCC1)N1CCCCC1,7.698970004336019,1,1,1,1,7.698970004336019,7.698970004336019,0.0,7.698970004336019
O=C(c1ccc2c(c1)c1ccccc1n2CCCCl)N1CCCCC1,7.055517327849831,1,1,1,1,7.055517327849831,7.055517327849831,0.0,7.055517327849831
O=C(c1ccc2c(c1)c1ccccc1n2CCCN1CCCCC1)N1CCCCC1,5.663740447985807,1,1,1,1,5.663740447985807,5.663740447985807,0.0,5.663740447985807
O=C(c1ccc2c(c1)c1ccccc1n2CCCN1CCS(=O)(=O)CC1)N1CCCCC1,6.603800652904264,1,1,1,1,6.603800652904264,6.603800652904264,0.0,6.603800652904264
O=C(c1ccc2c(c1)c1ccccc1n2CCCl)N1CCCCC1,6.284832642151542,1,1,1,1,6.284832642151542,6.284832642151542,0.0,6.284832642151542
O=C(c1ccc2c(c1)c1ccccc1n2Cc1ccccn1)N1CCCCC1,6.667561540084394,1,1,1,1,6.667561540084394,6.667561540084394,0.0,6.667561540084394
O=C(c1ccc2c(c1)c1ccccc1n2Cc1cccnc1)N1CCCCC1,6.221848749616356,1,1,1,1,6.221848749616356,6.221848749616356,0.0,6.221848749616356
O=C(c1ccc2c(c1)c1ccccc1n2Cc1ccncc1)N1CCCCC1,7.040958607678906,1,1,1,1,7.040958607678906,7.040958607678906,0.0,7.040958607678906
O=C(c1ccc2ccccc2c1)c1cn2c3c(cccc13)OCC2CN1CCOCC1,8.481486060122112,1,1,1,1,8.481486060122112,8.481486060122112,0.0,8.481486060122112
O=C(c1cccc2ccccc12)c1cn(CC2CCOCC2)c2ccc(O)cc12,6.560036064079095,1,1,1,1,6.560036064079095,6.560036064079095,0.0,6.560036064079095
O=C(c1cccc2ccccc12)c1cn(CCN2CCOCC2)c2ccc(O)cc12,6.772113295386326,1,1,1,1,6.772113295386326,6.772113295386326,0.0,6.772113295386326
O=C(c1cccc2ccccc12)c1csc2ccccc12,6.698970004336019,1,1,1,1,6.698970004336019,6.698970004336019,0.0,6.698970004336019
O=C(c1cccc2ccccc12)n1c(C2CCC2)nc2ccccc21,5.853871964321762,1,1,1,1,5.853871964321762,5.853871964321762,0.0,5.853871964321762
O=C(c1cccc2ccccc12)n1c(C2CCCC2)nc2ccccc21,6.154901959985743,1,1,1,1,6.154901959985743,6.154901959985743,0.0,6.154901959985743
O=C(c1cccc2ccccc12)n1c(C2CCCCC2)nc2ccccc21,6.3979400086720375,1,1,1,1,6.3979400086720375,6.3979400086720375,0.0,6.3979400086720375
O=C(c1ccccc1)c1cc(O)c(-c2cc(C(F)(F)F)cc(C(F)(F)F)c2)c(O)c1,6.667561540084394,1,1,1,1,6.667561540084394,6.667561540084394,0.0,6.667561540084394
O=C(c1ccccc1)c1cc(O)c(-c2cc(Cl)ccc2Cl)c(O)c1,6.632644078973981,1,1,1,1,6.632644078973981,6.632644078973981,0.0,6.632644078973981
O=C(c1ccccc1)c1cc(O)c(-c2cc(F)cc(F)c2)c(O)c1,5.786747947803603,1,1,1,1,5.786747947803603,5.786747947803603,0.0,5.786747947803603
O=C(c1ccccc1)c1cc(O)c(-c2ccc3c(c2)OCCO3)c(O)c1,5.324221658325914,1,1,1,1,5.324221658325914,5.324221658325914,0.0,5.324221658325914
O=C(c1ccccc1)c1cc(O)c(-c2cccc(C(F)(F)F)c2)c(O)c1,6.690369832574101,1,1,1,1,6.690369832574101,6.690369832574101,0.0,6.690369832574101
O=C(c1ccccc1)c1cc(O)c(-c2cccc(CO)c2)c(O)c1,5.603103550857476,1,1,1,1,5.603103550857476,5.603103550857476,0.0,5.603103550857476
O=C(c1ccccc1)c1cc(O)c(-c2ccoc2)c(O)c1,5.876801924968001,1,1,1,1,5.876801924968001,5.876801924968001,0.0,5.876801924968001
O=C(c1ccccc1)n1c2ccccc2c2nnc(SCc3ccccc3[N+](=O)[O-])nc21,6.628932137728263,1,1,1,1,6.628932137728263,6.628932137728263,0.0,6.628932137728263
O=C(c1ccccc1Cl)c1cccn1CC12CC3CC(CC(C3)C1)C2,6.173925197299173,1,1,1,1,6.173925197299173,6.173925197299173,0.0,6.173925197299173
O=C(c1cn(CC2CCOCC2)c2ccccc12)C12CC3CC(CC(C3)O1)C2,8.229590093514206,2,1,1,1,8.229147988357855,8.230032198670557,0.0008842103127015832,8.229590093514206
O=C(c1cn(CC2CCOCC2)c2ccccc12)C12CC3CC(CC1C3)C2,8.67388650219666,2,1,1,1,8.669992299127241,8.67778070526608,0.0077884061388395764,8.67388650219666
O=C(c1cn(CC2CCOCC2)c2ccccc12)C1CCCC1,7.9593983803467125,2,1,1,1,7.958607314841775,7.96018944585165,0.0015821310098749208,7.9593983803467125
O=C(c1cn(CC2CCOCC2)c2ccccc12)[C@@H]1CC12CCCCC2,8.587546764348943,2,1,1,1,8.585026652029182,8.590066876668706,0.005040224639524027,8.587546764348943
O=C(c1cn(CCC2CCCCC2)c2ccccc2c1=O)c1cccc2ccccc12,5.777283528852417,1,1,1,1,5.777283528852417,5.777283528852417,0.0,5.777283528852417
O=C(c1cn(CCN2CCOCC2)c2ccc(O)cc12)C1CCCCC1,6.048031415507089,1,1,1,1,6.048031415507089,6.048031415507089,0.0,6.048031415507089
O=C(c1cn(CCN2CCOCC2)c2ccccc12)C12CC3CC(CC1C3)C2,7.644109035201688,2,1,1,1,7.638272163982407,7.649945906420969,0.011673742438562229,7.644109035201688
O=C(c1cn(CCN2CCOCC2)c2ccccc12)C1CCCCC1,6.860057981489657,2,1,1,1,6.859995049380551,6.860120913598763,0.00012586421821225713,6.860057981489657
O=C(c1cn(CCN2CCOCC2)c2ccccc12)C1CCCCCC1,7.9543072289608165,2,1,1,1,7.950007143079858,7.958607314841775,0.008600171761917075,7.9543072289608165
O=C(c1cn(CCN2CCOCC2)c2ccccc12)[C@@H]1CC12CCCCC2,7.457989056996664,2,1,1,1,7.455931955649724,7.460046158343603,0.0041142026938789655,7.457989056996664
O=C(c1cn(Cc2ccc(Br)cc2)c2ccccc2c1=O)c1cccc2ccccc12,6.015022873584506,1,1,1,1,6.015022873584506,6.015022873584506,0.0,6.015022873584506
O=C(c1cn(Cc2ccc(Cl)cc2)c2ccccc2c1=O)c1cccc2ccccc12,5.950781977329818,1,1,1,1,5.950781977329818,5.950781977329818,0.0,5.950781977329818
O=C(c1cn(Cc2ccc(F)cc2)c2ccccc2c1=O)c1cccc2ccccc12,6.647817481888637,1,1,1,1,6.647817481888637,6.647817481888637,0.0,6.647817481888637
O=C(c1cn(Cc2ccccc2)c2ccccc2c1=O)c1cccc2ccccc12,6.1830961606243395,1,1,1,1,6.1830961606243395,6.1830961606243395,0.0,6.1830961606243395
O=C(c1cn2c3c(cccc13)OC[C@H]2C1CCCCC1)N1CCN2CCCC[C@H]2C1,9.400007822415901,1,1,1,1,9.400007822415901,9.400007822415901,0.0,9.400007822415901
O=C(c1nn(-c2ccc(Cl)cc2Cl)c2c1Cc1cc(C3CC3)ccc1-2)N1CCCCC1,6.3829996588791005,1,1,1,1,6.3829996588791005,6.3829996588791005,0.0,6.3829996588791005
O=C1/C(=C/c2ccc(-c3ccccc3)cc2)N=C2SCCCCN12,5.265200170411153,1,1,1,1,5.265200170411153,5.265200170411153,0.0,5.265200170411153
O=C1/C(=C/c2cccc(OCc3ccc(Cl)cc3)c2)N=C2SCCCCN12,5.3819519032879075,1,1,1,1,5.3819519032879075,5.3819519032879075,0.0,5.3819519032879075
O=C1/C(=C/c2cccc(OCc3ccc(Cl)cc3)c2)N=C2SCCCN12,5.39469495385889,1,1,1,1,5.39469495385889,5.39469495385889,0.0,5.39469495385889
O=C1/C(=C/c2cccc(OCc3ccc(Cl)cc3Cl)c2)N=C2SCCCCN12,5.782516055786093,1,1,1,1,5.782516055786093,5.782516055786093,0.0,5.782516055786093
O=C1/C(=C/c2cccc(OCc3ccc(Cl)cc3Cl)c2)N=C2SCCCN12,6.022276394711152,1,1,1,1,6.022276394711152,6.022276394711152,0.0,6.022276394711152
O=C1/C(=C/c2cccc(OCc3ccc(F)cc3)c2)N=C2SCCCCN12,5.806875401645538,1,1,1,1,5.806875401645538,5.806875401645538,0.0,5.806875401645538
O=C1/C(=C/c2cccc(OCc3ccccc3)c2)N=C2SCCCCN12,5.7423214251308154,1,1,1,1,5.7423214251308154,5.7423214251308154,0.0,5.7423214251308154
O=C1/C(=C/c2cccc(OCc3ccccc3)c2)N=C2SCCCN12,5.954677021213342,1,1,1,1,5.954677021213342,5.954677021213342,0.0,5.954677021213342
O=C1/C(=C/c2cccc(OCc3ccccc3Cl)c2)N=C2SCCCCN12,6.008773924307505,1,1,1,1,6.008773924307505,6.008773924307505,0.0,6.008773924307505
O=C1/C(=C/c2cn(Cc3ccc(Br)cc3)c3ncccc23)N2CCC1CC2,6.204119982655925,1,1,1,1,6.204119982655925,6.204119982655925,0.0,6.204119982655925
O=C1/C(=C/c2cn(Cc3ccc(Cl)cc3)c3ccccc23)N2CCC1CC2,7.692503962086787,1,1,1,1,7.692503962086787,7.692503962086787,0.0,7.692503962086787
O=C1/C(=C/c2cn(Cc3ccc(Cl)cc3)c3ncccc23)N2CCC1CC2,6.939302159646388,1,1,1,1,6.939302159646388,6.939302159646388,0.0,6.939302159646388
O=C1/C(=C/c2cn(Cc3ccc(F)cc3)c3ccccc23)N2CCC1CC2,8.876148359032914,1,1,1,1,8.876148359032914,8.876148359032914,0.0,8.876148359032914
O=C1/C(=C/c2cn(Cc3ccc(F)cc3)c3ncccc23)N2CCC1CC2,7.625251653989896,1,1,1,1,7.625251653989896,7.625251653989896,0.0,7.625251653989896
O=C1/C(=C/c2cn(Cc3ccccc3)c3ccccc23)N2CCC1CC2,7.931814138253838,1,1,1,1,7.931814138253838,7.931814138253838,0.0,7.931814138253838
O=C1/C(=C/c2cn(Cc3ccccc3)c3ncccc23)N2CCC1CC2,6.958607314841775,1,1,1,1,6.958607314841775,6.958607314841775,0.0,6.958607314841775
O=C1/C(=C/c2cn(Cc3ccccc3Br)c3ccccc23)N2CCC1CC2,6.47755576649368,1,1,1,1,6.47755576649368,6.47755576649368,0.0,6.47755576649368
O=C1CCCN1C1CCCOc2c1nn(-c1ccccc1Cl)c2-c1ccc(Cl)cc1,4.121478204498794,1,1,1,1,4.121478204498794,4.121478204498794,0.0,4.121478204498794
O=C1[C@@H](Cc2ccc(F)c(F)c2)CC[C@H](c2ccc(Cl)cc2)N1c1ccc(Cl)cc1,6.241088107602026,1,1,1,1,6.241088107602026,6.241088107602026,0.0,6.241088107602026
O=S(=O)(C1CC1)N1CCN(c2ncnc3c2nc(-c2ccccc2Cl)n3-c2ccc(Cl)cc2)CC1,5.638272163982407,1,1,1,1,5.638272163982407,5.638272163982407,0.0,5.638272163982407
O=S(=O)(CC1CCCCC1)N1CCN(c2ncnc3c2nc(-c2ccccc2Cl)n3-c2ccc(Cl)cc2)CC1,7.040958607678906,1,1,1,1,7.040958607678906,7.040958607678906,0.0,7.040958607678906
O=S(=O)(CC1CCOCC1)N1CCN(c2ncnc3c2nc(-c2ccccc2Cl)n3-c2ccc(Cl)cc2)CC1,5.522878745280337,1,1,1,1,5.522878745280337,5.522878745280337,0.0,5.522878745280337
O=S(=O)(CCC(F)(F)F)N1CCN(c2ncnc3c2nc(-c2ccccc2Cl)n3-c2ccc(Cl)cc2)CC1,6.301029995663981,1,1,1,1,6.301029995663981,6.301029995663981,0.0,6.301029995663981
O=S(=O)(CCC(F)(F)F)NC1CCN(c2ncnc3c2nc(-c2ccccc2Cl)n3-c2ccc(Cl)cc2)CC1,6.376750709602099,1,1,1,1,6.376750709602099,6.376750709602099,0.0,6.376750709602099
O=S(=O)(CCCC(F)(F)F)Oc1cccc(Oc2cccc3c2C[C@H](CO)C3)c1,8.369979148886591,1,1,1,1,8.369979148886591,8.369979148886591,0.0,8.369979148886591
O=S(=O)(F)c1ccccc1Cn1nnc2c(N3CCC(F)(F)C3)nc(C(F)(F)c3ccccc3)nc21,6.200659450546418,1,1,1,1,6.200659450546418,6.200659450546418,0.0,6.200659450546418
O=S(=O)(F)c1ccccc1Cn1nnc2c(N3CC[C@H](O)C3)nc(C(F)(F)c3ccccc3)nc21,5.948076083953893,1,1,1,1,5.948076083953893,5.948076083953893,0.0,5.948076083953893
O=S(=O)(NC1CCCCC1)NC1CCN(c2ncnc3c2nc(-c2ccccc2Cl)n3-c2ccc(Cl)cc2)CC1,6.481486060122112,1,1,1,1,6.481486060122112,6.481486060122112,0.0,6.481486060122112
O=S(=O)(NC1CCCCC1)[C@@H]1CC[C@@H](c2ccc(Cl)cc2Cl)N(c2ccc(Cl)cc2)C1,6.434152181326482,1,1,1,1,6.434152181326482,6.434152181326482,0.0,6.434152181326482
O=S(=O)(NC1CCN(c2ncnc3c2nc(-c2ccccc2Cl)n3-c2ccc(C(F)(F)F)nc2)CC1)c1ccccc1F,6.3979400086720375,1,1,1,1,6.3979400086720375,6.3979400086720375,0.0,6.3979400086720375
O=S(=O)(NC1CCN(c2ncnc3c2nc(-c2ccccc2Cl)n3-c2ccc(Cl)cc2)CC1)C(F)(F)F,5.346690987061521,1,1,1,1,5.346690987061521,5.346690987061521,0.0,5.346690987061521
O=S(=O)(NC1CCN(c2ncnc3c2nc(-c2ccccc2Cl)n3-c2ccc(Cl)cc2)CC1)c1ccc(F)cc1,5.045757490560675,1,1,1,1,5.045757490560675,5.045757490560675,0.0,5.045757490560675
O=S(=O)(NC1CCN(c2ncnc3c2nc(-c2ccccc2Cl)n3-c2ccc(Cl)cc2)CC1)c1ccccc1,5.2317319835484515,1,1,1,1,5.2317319835484515,5.2317319835484515,0.0,5.2317319835484515
O=S(=O)(NC1CCN(c2ncnc3c2nc(-c2ccccc2Cl)n3-c2ccc(Cl)cc2)CC1)c1ccccc1F,5.070581074285707,1,1,1,1,5.070581074285707,5.070581074285707,0.0,5.070581074285707
O=S(=O)(NC1CCN(c2ncnc3c2nc(-c2ccccc2Cl)n3-c2ccc(OC(F)F)nc2)CC1)c1ccc(F)c(F)c1,6.065501548756432,1,1,1,1,6.065501548756432,6.065501548756432,0.0,6.065501548756432
O=S(=O)(NC1CCN(c2ncnc3c2nc(-c2ccccc2Cl)n3-c2ccc(OC(F)F)nc2)CC1)c1ccccc1F,6.721246399047171,1,1,1,1,6.721246399047171,6.721246399047171,0.0,6.721246399047171
O=S(=O)(NCCCCNS(=O)(=O)C(F)(F)F)c1ccc(Cl)cc1S(=O)(=O)c1ccccc1F,6.7447274948966935,1,1,1,1,6.7447274948966935,6.7447274948966935,0.0,6.7447274948966935
O=S(=O)(N[C@H]1CCCOc2c1nn(-c1ccccc1Cl)c2-c1ccc(Cl)cc1)c1ccc(Cl)cc1,5.714442690992226,1,1,1,1,5.714442690992226,5.714442690992226,0.0,5.714442690992226
O=S(=O)(N[C@H]1CC[C@@H](NS(=O)(=O)C(F)(F)F)CC1)c1ccc(Cl)cc1S(=O)(=O)c1ccccc1F,5.889410289700751,1,1,1,1,5.889410289700751,5.889410289700751,0.0,5.889410289700751
O=S(=O)(N[C@H]1CC[C@H](CNS(=O)(=O)C(F)(F)F)CC1)c1ccc(Cl)cc1S(=O)(=O)c1ccccc1F,7.366531544420413,1,1,1,1,7.366531544420413,7.366531544420413,0.0,7.366531544420413
O=S(=O)(N[C@H]1CC[C@H](NS(=O)(=O)C(F)(F)F)CC1)c1ccc(Cl)cc1S(=O)(=O)c1ccccc1F,6.630784142589857,1,1,1,1,6.630784142589857,6.630784142589857,0.0,6.630784142589857
O=S(=O)([C@@H]1CC[C@@H](c2ccc(Cl)cc2Cl)N(c2ccc(Cl)cc2)C1)N1CCCCC1,5.733768303310107,1,1,1,1,5.733768303310107,5.733768303310107,0.0,5.733768303310107
O=S(=O)(c1ccc(Cl)cc1)N(Cc1ccc(N2CCCCC2)cc1)c1ccccc1,6.853871964321762,1,1,1,1,6.853871964321762,6.853871964321762,0.0,6.853871964321762
O=S(=O)(c1ccc(Cl)cc1)N1CCC(N[C@H]2CCCOc3c2nn(-c2ccccc2Cl)c3-c2ccc(Cl)cc2)CC1,6.896196279044043,1,1,1,1,6.896196279044043,6.896196279044043,0.0,6.896196279044043
O=S(=O)(c1ccccc1F)c1cc(Cl)ccc1S(=O)(=O)N1CC(CCNS(=O)(=O)C(F)(F)F)C1,7.036212172654444,1,1,1,1,7.036212172654444,7.036212172654444,0.0,7.036212172654444
O=S(=O)(c1ccccc1F)c1cc(Cl)ccc1S(=O)(=O)N1CCC(CNS(=O)(=O)C(F)(F)F)(c2ccccc2)CC1,6.455931955649724,1,1,1,1,6.455931955649724,6.455931955649724,0.0,6.455931955649724
O=S(=O)(c1ccccc1F)c1cc(Cl)ccc1S(=O)(=O)N1CCC(CNS(=O)(=O)C(F)(F)F)CC1,8.259637310505756,1,1,1,1,8.259637310505756,8.259637310505756,0.0,8.259637310505756
O=S(=O)(c1ccccc1F)c1cc(Cl)ccc1S(=O)(=O)N1CCC(CO)(CNS(=O)(=O)C(F)(F)F)CC1,8.522878745280337,1,1,1,1,8.522878745280337,8.522878745280337,0.0,8.522878745280337
O=S(=O)(c1ccccc1F)c1cc(Cl)ccc1S(=O)(=O)N1CCC(F)(CNS(=O)(=O)C(F)(F)F)CC1,8.119186407719209,1,1,1,1,8.119186407719209,8.119186407719209,0.0,8.119186407719209
O=S(=O)(c1ccccc1F)c1cc(Cl)ccc1S(=O)(=O)N1CCC(NS(=O)(=O)C(F)(F)F)C1,5.530177984021837,1,1,1,1,5.530177984021837,5.530177984021837,0.0,5.530177984021837
O=S(=O)(c1ccccc1F)c1cc(Cl)ccc1S(=O)(=O)N1CCC2(CC1)CC2NS(=O)(=O)C(F)(F)F,8.769551078621726,1,1,1,1,8.769551078621726,8.769551078621726,0.0,8.769551078621726
O=S(=O)(c1ccccc1F)c1cc(Cl)ccc1S(=O)(=O)N1CCC2(CC1)CCN(S(=O)(=O)C(F)(F)F)C2,6.1249387366083,1,1,1,1,6.1249387366083,6.1249387366083,0.0,6.1249387366083
O=S(=O)(c1ccccc1F)c1cc(Cl)ccc1S(=O)(=O)N1C[C@@H]2[C@H](C1)[C@H]2NS(=O)(=O)C(F)(F)F,8.823908740944319,1,1,1,1,8.823908740944319,8.823908740944319,0.0,8.823908740944319
O=S(=O)(c1ccccc1F)c1ccc(C(F)(F)F)cc1S(=O)(=O)N1CCC2(CC1)CC2NS(=O)(=O)C(F)(F)F,8.698970004336019,1,1,1,1,8.698970004336019,8.698970004336019,0.0,8.698970004336019
O=S(=O)(c1ccccc1F)c1ccc(OC(F)(F)F)cc1S(=O)(=O)N1CCC2(CC1)CC2NS(=O)(=O)C(F)(F)F,8.522878745280337,1,1,1,1,8.522878745280337,8.522878745280337,0.0,8.522878745280337
O=S(=O)(c1ccccn1)c1ccc(C(F)(F)F)cc1S(=O)(=O)N1CCC2(CC1)CC2NS(=O)(=O)C(F)(F)F,8.301029995663981,1,1,1,1,8.301029995663981,8.301029995663981,0.0,8.301029995663981
O=S(=O)(c1ccccn1)c1ccc(Cl)cc1S(=O)(=O)N1CCC2(CC1)CC2NS(=O)(=O)C(F)(F)F,8.795880017344075,1,1,1,1,8.795880017344075,8.795880017344075,0.0,8.795880017344075
O=S(=O)(c1ccccn1)c1ccc(OC(F)(F)F)cc1S(=O)(=O)N1CCC2(CC1)CC2NS(=O)(=O)C(F)(F)F,9.045757490560675,1,1,1,1,9.045757490560675,9.045757490560675,0.0,9.045757490560675
O=S(=O)(c1ccccn1)c1ccccc1S(=O)(=O)N1CCC2(CC1)CC2NS(=O)(=O)C(F)(F)F,7.958607314841775,1,1,1,1,7.958607314841775,7.958607314841775,0.0,7.958607314841775
O=S1(=O)CCN(/C(=N\S(=O)(=O)c2ccc(Cl)cc2)N2CC(c3ccccc3)C(c3ccc(Cl)cc3)=N2)CC1,6.243363891754152,1,1,1,1,6.243363891754152,6.243363891754152,0.0,6.243363891754152
O=[N+]([O-])c1ccc2[nH]nc(OCc3ccc4ccccc4c3)c2c1,5.301029995663981,1,1,1,1,5.301029995663981,5.301029995663981,0.0,5.301029995663981
O=[N+]([O-])c1ccc2[nH]nc(OCc3cccc4ccccc34)c2c1,6.045757490560675,1,1,1,1,6.045757490560675,6.045757490560675,0.0,6.045757490560675
O=[N+]([O-])c1ccc2c(c1)c(OCC1CCCCC1)nn2Cc1ccccc1,7.045757490560675,1,1,1,1,7.045757490560675,7.045757490560675,0.0,7.045757490560675
O=[N+]([O-])c1ccc2c(c1)c(OCc1ccc3ccccc3c1)nn2CCN1CCCCC1,6.301029995663981,1,1,1,1,6.301029995663981,6.301029995663981,0.0,6.301029995663981
O=[N+]([O-])c1ccc2c(c1)c(OCc1ccc3ccccc3c1)nn2CCN1CCOCC1,6.301029995663981,1,1,1,1,6.301029995663981,6.301029995663981,0.0,6.301029995663981
O=[N+]([O-])c1ccc2c(c1)c(OCc1ccc3ccccc3c1)nn2Cc1ccccc1,6.3979400086720375,1,1,1,1,6.3979400086720375,6.3979400086720375,0.0,6.3979400086720375
O=[N+]([O-])c1ccc2c(c1)c(OCc1cccc3ccccc13)nn2CCN1CCCC1,6.886056647693163,1,1,1,1,6.886056647693163,6.886056647693163,0.0,6.886056647693163
O=[N+]([O-])c1ccc2c(c1)c(OCc1cccc3ccccc13)nn2Cc1cccc2ccccc12,6.619788758288394,1,1,1,1,6.619788758288394,6.619788758288394,0.0,6.619788758288394
O=[N+]([O-])c1ccc2c(c1)c(OCc1ccccc1)nn2Cc1ccccc1,6.3979400086720375,1,1,1,1,6.3979400086720375,6.3979400086720375,0.0,6.3979400086720375
O=[N+]([O-])c1ccccc1CSc1nnc2c(n1)[nH]c1ccccc12,6.809668301829708,1,1,1,1,6.809668301829708,6.809668301829708,0.0,6.809668301829708
O=c1c2cn(CCN3CCOCC3)c3ccccc3c-2nn1-c1ccccc1,5.642065152999546,1,1,1,1,5.642065152999546,5.642065152999546,0.0,5.642065152999546
O=c1c2cn(Cc3ccccc3)c3cc(Cl)ccc3c-2nn1C1CCCCC1,5.785156151952302,1,1,1,1,5.785156151952302,5.785156151952302,0.0,5.785156151952302
O=c1c2cn(Cc3ccccc3)c3ccccc3c-2nn1C1CCCCC1,6.102372908709558,1,1,1,1,6.102372908709558,6.102372908709558,0.0,6.102372908709558
OC(CC1CCCCC1)c1nn(-c2ccc(Cl)cc2Cl)c2c1CCCc1cc(Cl)ccc1-2,7.619788758288394,1,1,1,1,7.619788758288394,7.619788758288394,0.0,7.619788758288394
OC1/C(=C/c2cn(Cc3ccc(Cl)cc3)c3ccccc23)N2CCC1CC2,6.94692155651658,1,1,1,1,6.94692155651658,6.94692155651658,0.0,6.94692155651658
OC1/C(=C/c2cn(Cc3ccccc3)c3ccccc23)N2CCC1CC2,7.257274868695301,1,1,1,1,7.257274868695301,7.257274868695301,0.0,7.257274868695301
OCCSSCCc1ccccc1Cn1nnc2c(N3CCC(F)(F)C3)nc(C(F)(F)c3ccccc3)nc21,6.860120913598763,1,1,1,1,6.860120913598763,6.860120913598763,0.0,6.860120913598763
S=C(NC1CCCCC1)N1CCN(C(c2ccccc2)c2ccc(Cl)cc2Cl)CC1,6.171984935776023,1,1,1,1,6.171984935776023,6.171984935776023,0.0,6.171984935776023
S=C(NC1CCCCC1)N1CCN(C(c2ccccc2)c2ccccc2)CC1,5.729088360589519,1,1,1,1,5.729088360589519,5.729088360589519,0.0,5.729088360589519
[11CH3]OC(=O)c1c(NC(=O)C23CC4CC(CC(O)(C4)C2)C3)sc2c1CCCC2,8.481486060122112,1,1,1,1,8.481486060122112,8.481486060122112,0.0,8.481486060122112
[N-]=[N+]=NC1CCN(c2nc(C(F)(F)c3ccccc3)nc3c2nnn3Cc2ccccc2Cl)C1,6.137272471682025,1,1,1,1,6.137272471682025,6.137272471682025,0.0,6.137272471682025
c1ccc(COc2nn(Cc3ccccc3)c3ccccc23)cc1,5.454692883534176,1,1,1,1,5.454692883534176,5.454692883534176,0.0,5.454692883534176
c1ccc2c(COc3n[nH]c4ccccc34)cccc2c1,6.356547323513812,1,1,1,1,6.356547323513812,6.356547323513812,0.0,6.356547323513812
c1ccc2c(COc3nn(CCN4CCCC4)c4ccccc34)cccc2c1,6.3979400086720375,1,1,1,1,6.3979400086720375,6.3979400086720375,0.0,6.3979400086720375
c1ccc2c(COc3nn(CCN4CCCCC4)c4ccccc34)cccc2c1,6.619788758288394,1,1,1,1,6.619788758288394,6.619788758288394,0.0,6.619788758288394
c1ccc2c(c1)c(OCC1CCCCC1)nn2CC1CCCCC1,5.886056647693163,1,1,1,1,5.886056647693163,5.886056647693163,0.0,5.886056647693163
c1ccc2cc(COc3n[nH]c4ccccc34)ccc2c1,5.154901959985743,1,1,1,1,5.154901959985743,5.154901959985743,0.0,5.154901959985743
c1ccc2cc(COc3nn(CCN4CCCCC4)c4ccccc34)ccc2c1,5.698970004336019,1,1,1,1,5.698970004336019,5.698970004336019,0.0,5.698970004336019
