split_strategy,rdkit_smiles,scaffold,cv_validation_fold
random,C/N=C(\NS(=O)(=O)N1CCOCC1)N1CC(c2ccccc2)C(c2ccc(Cl)cc2)=N1,N=C(NS(=O)(=O)N1CCOCC1)N1CC(c2ccccc2)C(c2ccccc2)=N1,1
random,C/N=C(\NS(=O)(=O)N1CCSCC1)N1CC(c2ccccc2)C(c2ccc(Cl)cc2)=N1,N=C(NS(=O)(=O)N1CCSCC1)N1CC(c2ccccc2)C(c2ccccc2)=N1,1
random,C1=C(CCN2CCOCC2)c2ccccc2/C1=C/c1cccc2ccccc12,C(=C1C=C(CCN2CCOCC2)c2ccccc21)c1cccc2ccccc12,1
random,C=C(C)[C@H]1CCC(C)=CC1c1c(O)cc(CCCCC)cc1O,C1=CC(c2ccccc2)CCC1,1
random,C=C(C)[C@H]1CCC(C)=C[C@@H]1c1c(O)cc(CCC)c(C(=O)OC)c1O,C1=CC(c2ccccc2)CCC1,1
random,C=C(C)[C@H]1CCC(C)=C[C@@H]1c1c(O)cc(CCC)cc1O,C1=CC(c2ccccc2)CCC1,1
random,C=C1CC/C=C/CC[C@@H]2[C@@H]1CC2(C)C,C=C1CCC=CCCC2CCC12,1
random,C=CC(C=C)(NC(=O)c1ccc(N2CC(OC)C2)c(OC[C@H]2C[C@@H]2CO)n1)C(=O)OCCCF,c1cnc(OCC2CC2)c(N2CCC2)c1,1
random,C=CCN1Cc2c(n(S(=O)(=O)CC)c3ccc(C(=O)N4CCC(C)CC4)cc23)C1,O=C(c1ccc2[nH]c3c(c2c1)CNC3)N1CCCCC1,1
random,C=CCNCCCCCCCCCCCOc1cc(O)cc(CCCCC)c1,c1ccccc1,1
random,C=CCc1ccc(CN(Cc2ccccc2)S(=O)(=O)c2ccc(C)cc2)cc1,O=S(=O)(c1ccccc1)N(Cc1ccccc1)Cc1ccccc1,1
random,C=CCc1ccc(OC)c(-c2ccc(OC)c(CC=C)c2)c1,c1ccc(-c2ccccc2)cc1,1
random,C=CCn1cc(C(=O)NC23CC4CC(CC(C4)C2)C3)c2cc(-c3ccc(O)cc3)ccc21,O=C(NC12CC3CC(CC(C3)C1)C2)c1c[nH]c2ccc(-c3ccccc3)cc12,1
random,C=Cn1cc(C(=O)N[C@@H]2C(C)(C)C3CC[C@]2(C)C3)c(=O)c2ccc(F)cc21,O=C(NC1CC2CCC1C2)c1c[nH]c2ccccc2c1=O,1
random,CC(=O)N/C(N)=N/C(=N/S(=O)(=O)c1ccc(Cl)cc1)N1C[C@H](c2ccccc2)C(c2ccc(Cl)cc2)=N1,O=S(=O)(N=CN1CC(c2ccccc2)C(c2ccccc2)=N1)c1ccccc1,1
random,CC(=O)N1CCC[C@@H]1COc1ccc(C(F)(F)F)cc1C(=O)/N=c1\sc(C(C)(C)C)cn1C[C@H]1CCCO1,O=C(N=c1sccn1CC1CCCO1)c1ccccc1OCC1CCCN1,1
random,CC(=O)OCCCCn1cccc1C(=O)c1ccccc1Cl,O=C(c1ccccc1)c1ccc[nH]1,1
random,CC(=O)Oc1cccc(Cn2cccc2C(=O)c2ccccc2Cl)c1,O=C(c1ccccc1)c1cccn1Cc1ccccc1,1
random,CC(C(=O)NCCC(c1ccccc1)c1ccccc1)(c1ccccc1)c1ccccc1,O=C(NCCC(c1ccccc1)c1ccccc1)C(c1ccccc1)c1ccccc1,1
random,CC(C)(C(=O)OCCCBr)c1cc(O)c2c(c1)OC(C)(C)[C@@H]1CC=C(CO)C[C@@H]21,C1=CCC2c3ccccc3OCC2C1,1
random,CC(C)(C(=O)OCCCN1CCOCC1)c1cc(O)c2c(c1)OC(C)(C)[C@@H]1CC=C(CO)C[C@@H]21,O=C(Cc1ccc2c(c1)OCC1CC=CCC21)OCCCN1CCOCC1,1
random,CC(C)(C)NOc1ccc(C(F)(F)F)cc1C(=O)/N=c1\sc(C(C)(C)C)nn1CC1CCCCO1,O=C(N=c1scnn1CC1CCCCO1)c1ccccc1,1
random,CC(C)(C)OC(=O)NCCOCCOc1ccc(-c2cc(=O)c3c(OCc4ccccc4)cccc3o2)cc1,O=c1cc(-c2ccccc2)oc2cccc(OCc3ccccc3)c12,1
random,CC(C)(C)OC(=O)NNc1ccc(C(F)(F)F)cc1C(=O)/N=c1/sc(C(C)(C)C)cn1C[C@H]1CCCO1,O=C(N=c1sccn1CC1CCCO1)c1ccccc1,1
random,CC(C)(C)c1cc(-c2csc(C3(N4CCOCC4)CCOCC3)n2)cc(C(C)(C)C)c1O,c1ccc(-c2csc(C3(N4CCOCC4)CCOCC3)n2)cc1,1
random,CC(C)(C)c1cn(C[C@H]2CCCO2)/c(=N/C(=O)c2cc(C(F)(F)F)ccc2OC[C@@H]2CCCN2S(C)(=O)=O)s1,O=C(N=c1sccn1CC1CCCO1)c1ccccc1OCC1CCCN1,1
random,CC(C)(C)c1cn(C[C@H]2CCCO2)/c(=N/C(=O)c2cc(C(F)(F)F)ccc2OC[C@@H]2CNCCO2)s1,O=C(N=c1sccn1CC1CCCO1)c1ccccc1OCC1CNCCO1,1
random,CC(C)(C)c1nc(N2CCC(F)(F)C2)c2nn(Cc3ccc(C4(C(F)(F)F)N=N4)cc3Cl)nc2n1,c1nc(N2CCCC2)c2nn(Cc3ccc(C4N=N4)cc3)nc2n1,1
random,CC(C)(C)c1nc(N2CCC(F)(F)C2)c2nnn(Cc3ccccc3CCS(=O)(=O)F)c2n1,c1ccc(Cn2nnc3c(N4CCCC4)ncnc32)cc1,1
random,CC(C)(C)c1nc(N2CCC(F)(F)C2)c2nnn(Cc3ccccc3CCSSCC(O)CO)c2n1,c1ccc(Cn2nnc3c(N4CCCC4)ncnc32)cc1,1
random,CC(C)(C)c1nc(N2CCC(F)(F)C2)c2nnn(Cc3ccccc3CCSSc3ccccn3)c2n1,c1ccc(SSCCc2ccccc2Cn2nnc3c(N4CCCC4)ncnc32)nc1,1
random,CC(C)(C)c1nc(N2CCC(F)(F)C2)c2nnn(Cc3ccccc3CSSCCO)c2n1,c1ccc(Cn2nnc3c(N4CCCC4)ncnc32)cc1,1
random,CC(C)(C)c1nc(N2CCC(N=C=S)C2)c2nnn(Cc3ccccc3Cl)c2n1,c1ccc(Cn2nnc3c(N4CCCC4)ncnc32)cc1,1
random,CC(C)(CCCCCCN=[N+]=[N-])c1cc(O)c2c(c1)OC(C)(C)[C@@H]1CC[C@@H](CO)C[C@@H]21,c1ccc2c(c1)OCC1CCCCC21,1
random,CC(C)(NC(=O)c1cc2c(n(CC3CCCCC3)c1=O)CCCCCC2)C(=O)NCCCO,O=c1ccc2c(n1CC1CCCCC1)CCCCCC2,1
random,CC(C)(NC(=O)c1cc2c(n(CC3CCCCC3)c1=O)CCCCCC2)C(=O)NN,O=c1ccc2c(n1CC1CCCCC1)CCCCCC2,1
random,CC(C)(O)CCOc1ccc(C(F)(F)F)cc1C(=O)/N=c1\sc(C(C)(C)C)cn1C[C@H]1CCCO1,O=C(N=c1sccn1CC1CCCO1)c1ccccc1,1
random,CC(C)C1(CNS(=O)(=O)C(F)(F)F)CCN(S(=O)(=O)c2ccc(Cl)cc2S(=O)(=O)c2ccccc2F)CC1,O=S(=O)(c1ccccc1)c1ccccc1S(=O)(=O)N1CCCCC1,1
random,CC(C)C1COc2cccc3c(=O)c(C(=O)NC45CC6CC(CC(C6)C4)C5)cn1c23,O=C(NC12CC3CC(CC(C3)C1)C2)c1cn2c3c(cccc3c1=O)OCC2,1
random,CC(C)CCC(=O)NC1CCN(c2ncnc3c2nc(-c2ccccc2Cl)n3-c2ccc(Cl)cc2)CC1,c1ccc(-c2nc3c(N4CCCCC4)ncnc3n2-c2ccccc2)cc1,1
random,CC(C)CNC(=O)c1ccc(Br)c(S(=O)(=O)N(C)Cc2ccccc2)c1,O=S(=O)(NCc1ccccc1)c1ccccc1,1
random,CC(C)Cc1sc2ccccc2c1C(=O)c1cccc2ccccc12,O=C(c1cccc2ccccc12)c1csc2ccccc12,1
random,CC(C)Cn1cc(C(C)(C)C)s/c1=N\C(=O)c1cc(C(F)(F)F)ccc1OCCO,O=C(N=c1[nH]ccs1)c1ccccc1,1
random,CC(C)Cn1cc(C(C)(C)C)s/c1=N\C(=O)c1cc(C(F)(F)F)ccc1O[C@H]1CCN(C)C1,O=C(N=c1[nH]ccs1)c1ccccc1OC1CCNC1,1
random,CC(C)Cn1cc(C(C)(C)C)s/c1=N\C(=O)c1cc(Cl)ccc1OCC1CCO1,O=C(N=c1[nH]ccs1)c1ccccc1OCC1CCO1,1
random,CC(C)N1CCC[C@H]1COc1ccc(C(F)(F)F)cc1C(=O)/N=c1\sc(C(C)(C)C)cn1C[C@H]1CCCO1,O=C(N=c1sccn1CC1CCCO1)c1ccccc1OCC1CCCN1,1
random,CC(C)Oc1ccc(C(NC(=O)Cc2ccccc2)NC(=O)Cc2ccccc2)cc1,O=C(Cc1ccccc1)NC(NC(=O)Cc1ccccc1)c1ccccc1,1
random,CC(C)c1nc2ccccc2n1C(=O)c1cccc2ccccc12,O=C(c1cccc2ccccc12)n1cnc2ccccc21,1
random,CC(NS(C)(=O)=O)c1ccc(C(=O)c2ccc(OC(F)(F)F)cc2S(=O)(=O)c2ccccc2F)cc1,O=C(c1ccccc1)c1ccccc1S(=O)(=O)c1ccccc1,1
random,CC(O)C1(CNS(=O)(=O)C(F)(F)F)CCN(S(=O)(=O)c2ccc(Cl)cc2S(=O)(=O)c2ccccc2F)CC1,O=S(=O)(c1ccccc1)c1ccccc1S(=O)(=O)N1CCCCC1,1
random,CC(c1ccncc1)N1CCN(c2ncnc3c2nc(-c2ccccc2Cl)n3-c2ccc(Cl)cc2)CC1,c1ccc(-c2nc3c(N4CCN(Cc5ccncc5)CC4)ncnc3n2-c2ccccc2)cc1,1
random,CC1(C)C(C(=O)c2cn(CC3CCOC3)c3ccccc23)C1(C)C,O=C(c1cn(CC2CCOC2)c2ccccc12)C1CC1,1
random,CC1(C)C(C(=O)c2cn(CC3CCOCC3)c3c(COc4ccccc4)cccc23)C1(C)C,O=C(c1cn(CC2CCOCC2)c2c(COc3ccccc3)cccc12)C1CC1,1
random,CC1(C)C(C(=O)c2cn(CC3CCOCC3)c3cc4c(cc23)OCO4)C1(C)C,O=C(c1cn(CC2CCOCC2)c2cc3c(cc12)OCO3)C1CC1,1
random,CC1(C)C(C(=O)c2cn(CC3CCOCC3)c3ccc(Br)cc23)C1(C)C,O=C(c1cn(CC2CCOCC2)c2ccccc12)C1CC1,1
random,CC1(C)C(C(=O)c2cn(CC3OCCO3)c3ccccc23)C1(C)C,O=C(c1cn(CC2OCCO2)c2ccccc12)C1CC1,1
random,CC1(C)C(C(=O)c2cn(CCN3C(=O)CCC3=O)c3ccccc23)C1(C)C,O=C(c1cn(CCN2C(=O)CCC2=O)c2ccccc12)C1CC1,1
random,CC1(C)C(C(=O)c2cn(CCN3CCCCC3)c3ccccc23)C1(C)C,O=C(c1cn(CCN2CCCCC2)c2ccccc12)C1CC1,1
random,CC1(C)C(C(=O)c2cn(CCN3CCOCC3)c3cccc(N)c23)C1(C)C,O=C(c1cn(CCN2CCOCC2)c2ccccc12)C1CC1,1
random,CC1(C)C(C(=O)c2cn(CCN3CCOCC3)c3ccccc23)C1(C)C,O=C(c1cn(CCN2CCOCC2)c2ccccc12)C1CC1,1
random,CC1(C)C(C(=O)c2cn(Cc3ccncc3)c3ccccc23)C1(C)C,O=C(c1cn(Cc2ccncc2)c2ccccc12)C1CC1,1
random,CC1(C)C2CC[C@](C)(C2)[C@@H]1NC(=O)c1cn(CCCCSc2ccccc2)c2cc(Sc3ccccc3)ccc2c1=O,O=C(NC1CC2CCC1C2)c1cn(CCCCSc2ccccc2)c2cc(Sc3ccccc3)ccc2c1=O,1
random,CC1(C)CN(C(=O)C23CC4CC(CC(C4)C2)C3)c2ccccc21,O=C(N1CCc2ccccc21)C12CC3CC(CC(C3)C1)C2,1
random,CC1(C)Oc2cc(C(=O)NC34CC5CC(CC(C5)C3)C4)cc(O)c2[C@@H]2C[C@H](O)CC[C@H]21,O=C(NC12CC3CC(CC(C3)C1)C2)c1ccc2c(c1)OCC1CCCCC21,1
random,CC1(C)Oc2cc(C(=O)c3c[nH]c4ccccc34)cc(O)c2[C@@H]2C[C@H](O)CC[C@H]21,O=C(c1ccc2c(c1)OCC1CCCCC21)c1c[nH]c2ccccc12,1
random,CC1(C)Oc2cc(C(=O)c3cc4ccccc4o3)cc(O)c2[C@@H]2C[C@H](O)CC[C@H]21,O=C(c1ccc2c(c1)OCC1CCCCC21)c1cc2ccccc2o1,1
random,CC1(C)Oc2cc(C(=O)c3coc4ccccc34)cc(O)c2[C@@H]2C[C@H](O)CC[C@H]21,O=C(c1ccc2c(c1)OCC1CCCCC21)c1coc2ccccc12,1
random,CC1(C)Oc2cc(C3(CCCCCCCN=C=S)CCCC3)cc(O)c2[C@@H]2C[C@H](CN=C=S)CC[C@H]21,c1cc2c(cc1C1CCCC1)OCC1CCCCC21,1
random,CC1(C)Oc2cc(C3(CCCCCCCN=C=S)CCCC3)cc(O)c2[C@@H]2C[C@H](CO)CC[C@H]21,c1cc2c(cc1C1CCCC1)OCC1CCCCC21,1
random,CC1(C)Oc2cc(C34CC5CC(CC(CN=C=S)(C5)O3)C4)cc(O)c2[C@@H]2C[C@H](O)CC[C@H]21,c1cc2c(cc1C13CC4CC(CC(C4)O1)C3)OCC1CCCCC21,1
random,CC1(C)Oc2cc(CN3C4CC5CC3CC(C4)O5)cc(O)c2[C@@H]2C[C@H](O)CC[C@H]21,c1cc2c(cc1CN1C3CC4CC1CC(C3)O4)OCC1CCCCC21,1
random,CC1(C)Oc2cc([C@]34CC5CC(C[C@@](CN=[N+]=[N-])(C5)C3)C4)cc(O)c2[C@@H]2C[C@H](O)CC[C@H]21,c1cc2c(cc1C13CC4CC(CC(C4)C1)C3)OCC1CCCCC21,1
random,CC1(C)Oc2cc([C@]34CC5CC(C[C@@](N=[N+]=[N-])(C5)C3)C4)cc(O)c2[C@@H]2C[C@H](O)CC[C@H]21,c1cc2c(cc1C13CC4CC(CC(C4)C1)C3)OCC1CCCCC21,1
random,CC1(C)[C@@H]2CC[C@]1(C)[C@H](NC(=O)c1nn(-c3ccc(Cl)cc3Cl)c3c1Cc1cc(C4CC4)ccc1-3)C2,O=C(NC1CC2CCC1C2)c1nn(-c2ccccc2)c2c1Cc1cc(C3CC3)ccc1-2,1
random,CC1=CC[C@@H]2[C@@H](C1)c1c(O)cc(C(C)(C)C(=O)OCCCCC#N)cc1OC2(C)C,C1=CCC2c3ccccc3OCC2C1,1
random,CC1=CC[C@@H]2[C@@H](C1)c1c(O)cc(C(C)(C)c3ccc(Br)cc3)cc1OC2(C)C,C1=CCC2c3ccc(Cc4ccccc4)cc3OCC2C1,1
random,CC1=CC[C@@H]2[C@@H](C1)c1c(O)cc(C(C)(C)c3cccc(Br)c3)cc1OC2(C)C,C1=CCC2c3ccc(Cc4ccccc4)cc3OCC2C1,1
random,CC1=CC[C@@H]2[C@@H](C1)c1c(O)cc(CC(=O)OCCCCC#N)cc1OC2(C)C,C1=CCC2c3ccccc3OCC2C1,1
random,CC1=CC[C@H]2[C@H](C1)c1c(O)cc(/C(C)=N/OCCCC(F)(F)F)cc1OC2(C)C,C1=CCC2c3ccccc3OCC2C1,1
random,CC1=CC[C@H]2[C@H](C1)c1c(O)cc(/C(C)=N/OCCCCF)cc1OC2(C)C,C1=CCC2c3ccccc3OCC2C1,1
random,CC1=CC[C@H]2[C@H](C1)c1c(O)cc(/C(C)=N/OCCCn3ccnc3)cc1OC2(C)C,C1=CCC2c3ccc(C=NOCCCn4ccnc4)cc3OCC2C1,1
random,CC1=CC[C@H]2[C@H](C1)c1c(O)cc(/C(C)=N/OCCN3CCCC3)cc1OC2(C)C,C1=CCC2c3ccc(C=NOCCN4CCCC4)cc3OCC2C1,1
random,CC1=CC[C@H]2[C@H](C1)c1c(O)cc(/C(C)=N\OCCCC#N)cc1OC2(C)C,C1=CCC2c3ccccc3OCC2C1,1
random,CC1=CC[C@H]2[C@H](C1)c1c(O)cc(/C(C)=N\OCCCc3ccccc3)cc1OC2(C)C,C1=CCC2c3ccc(C=NOCCCc4ccccc4)cc3OCC2C1,1
random,CC1CCC(NC(=O)c2cc3cc(-c4ccco4)cnc3n(Cc3ccc(F)cc3)c2=O)CC1,O=C(NC1CCCCC1)c1cc2cc(-c3ccco3)cnc2n(Cc2ccccc2)c1=O,1
random,CC1CCC(NC(=O)c2cc3cc(Br)cnc3n(CCN3CCOCC3)c2=O)CC1,O=C(NC1CCCCC1)c1cc2cccnc2n(CCN2CCOCC2)c1=O,1
random,CC1CCC(NC(=O)c2cc3cccnc3n(CCCCCF)c2=O)CC1,O=C(NC1CCCCC1)c1cc2cccnc2[nH]c1=O,1
random,CC1CCC(NC(=O)c2cc3cccnc3n(CCCCF)c2=O)CC1,O=C(NC1CCCCC1)c1cc2cccnc2[nH]c1=O,1
random,CC1CCC(NC(=O)c2cc3cccnc3n(CCCCO)c2=O)CC1,O=C(NC1CCCCC1)c1cc2cccnc2[nH]c1=O,1
random,CC1CCC(NC(=O)c2cc3cccnc3n(CCO)c2=O)CC1,O=C(NC1CCCCC1)c1cc2cccnc2[nH]c1=O,1
random,CC1CCC(NC(=O)c2cc3cccnc3n(Cc3ccccc3)c2=O)CC1,O=C(NC1CCCCC1)c1cc2cccnc2n(Cc2ccccc2)c1=O,1
random,CC1CCC(NC(=O)c2cccnc2OCc2ccccc2)CC1,O=C(NC1CCCCC1)c1cccnc1OCc1ccccc1,1
random,CC1CCN(C(=O)c2ccc3c(c2)c2c(n3S(=O)(=O)C(C)C)CN(C3CCCC3)C2)CC1,O=C(c1ccc2[nH]c3c(c2c1)CN(C1CCCC1)C3)N1CCCCC1,1
random,CC1Oc2cccc3c(=O)c(C(=O)NC45CC6CC(CC(C6)C4)C5)cn(c23)C1c1ccccc1,O=C(NC12CC3CC(CC(C3)C1)C2)c1cn2c3c(cccc3c1=O)OCC2c1ccccc1,1
random,CCC(C)(C)C(=O)Nc1cc(C)c(C)c(S(=O)(=O)N2CCSC2)c1,O=S(=O)(c1ccccc1)N1CCSC1,1
random,CCC(C)(C)C(=O)Nc1cc(C)c(C)c(S(=O)(=O)N2CC[C@H](O)C2)c1,O=S(=O)(c1ccccc1)N1CCCC1,1
random,CCC(C)(C)C(=O)Nc1cc(CN2CCOCC2)c(C)cc1C,c1ccc(CN2CCOCC2)cc1,1
random,CCC(C)(C)C(=O)Nc1cc(CN2CCOCC2)c(N)cn1,c1cc(CN2CCOCC2)ccn1,1
random,CCC(C)(C)C(=O)Nc1cc(S(=O)(=O)N2CCOCC2)c(C)c(C)c1C,O=S(=O)(c1ccccc1)N1CCOCC1,1
random,CCC(C)(C)C(=O)Nc1cc(S(=O)(=O)N2CCOCC2)c(C)cc1C,O=S(=O)(c1ccccc1)N1CCOCC1,1
random,CCC(C)(C)c1ccc([C@@H]2CCC[C@@H](O)C2)cc1,c1ccc(C2CCCCC2)cc1,1
random,CCC(CC)(NC(=O)c1ccc(N2CC(F)C2)c(OC[C@@H]2C[C@H]2CO)n1)C(=O)N[C@H](CO)CC(C)C,c1cnc(OCC2CC2)c(N2CCC2)c1,1
random,CCC(CC)(NC(=O)c1ccc(N2CC(F)C2)c(OC[C@@H]2C[C@H]2CO)n1)C(=O)OCCCF,c1cnc(OCC2CC2)c(N2CCC2)c1,1
random,CCC(CC)(NC(=O)c1ccc(N2CC(OC)C2)c(OCC2CC2)n1)C(=O)NCCCF,c1cnc(OCC2CC2)c(N2CCC2)c1,1
random,CCC(CC)(NC(=O)c1ccc(N2CC(OC)C2)c(OCC2CC2)n1)C(=O)NCCF,c1cnc(OCC2CC2)c(N2CCC2)c1,1
random,CCC(CC)(NC(=O)c1ccc(N2CCCC2)c(OCC2(CO)COC2)n1)C(=O)OCCF,c1cnc(OCC2COC2)c(N2CCCC2)c1,1
random,CCC/C=C\C#C/C=C\C=C\CC/C=C/C=C/C(=O)NCC(C)C,ACYCLIC,1
random,CCC1COc2c(F)ccc3c(=O)c(C(=O)NC45CC6CC(CC(C6)C4)C5)cn1c23,O=C(NC12CC3CC(CC(C3)C1)C2)c1cn2c3c(cccc3c1=O)OCC2,1
random,CCC1COc2c(N3CCCC3)ccc3c(=O)c(C(=O)NC45CC6CC(CC(C6)C4)C5)cn1c23,O=C(NC12CC3CC(CC(C3)C1)C2)c1cn2c3c(c(N4CCCC4)ccc3c1=O)OCC2,1
random,CCC1COc2cccc3c(=O)c(C(=O)N(C(C)C)C(C)C)cn1c23,O=c1ccn2c3c(cccc13)OCC2,1
random,CCC1COc2cccc3c(=O)c(C(=O)NC45CC6CC(CC(C6)C4)C5)cn1c23,O=C(NC12CC3CC(CC(C3)C1)C2)c1cn2c3c(cccc3c1=O)OCC2,1
random,CCCC(C)(C)c1cc(Br)c2c(c1)OC(C)(C)[C@@H]1CC=C(C)C[C@@H]21,C1=CCC2c3ccccc3OCC2C1,1
random,CCCC(C)O/N=C(\C)c1cc(O)c2c(c1)OC(C)(C)[C@H]1CC=C(C)C[C@H]21,C1=CCC2c3ccccc3OCC2C1,1
random,CCCC1COc2cccc3c(=O)c(C(=O)NC45CC6CC(C)(CC(C)(C6)C4)C5)cn1c23,O=C(NC12CC3CC(CC(C3)C1)C2)c1cn2c3c(cccc3c1=O)OCC2,1
random,CCCC1COc2cccc3c(=O)c(C(=O)NC45CC6CC(CC(C6)C4)C5)cn1c23,O=C(NC12CC3CC(CC(C3)C1)C2)c1cn2c3c(cccc3c1=O)OCC2,1
random,CCCCC(=O)NC1CCN(c2ncnc3c2nc(-c2ccccc2Cl)n3-c2ccc(Cl)cc2)CC1,c1ccc(-c2nc3c(N4CCCCC4)ncnc3n2-c2ccccc2)cc1,1
random,CCCCC(=O)OCC(C)(C)c1cc(O)c2c(c1)OC(C)(C)[C@@H]1CC=C(C)C[C@@H]21,C1=CCC2c3ccccc3OCC2C1,1
random,CCCCC(C)(C)c1cc(Br)c2c(c1)OC(C)(C)[C@@H]1CC=C(C)C[C@@H]21,C1=CCC2c3ccccc3OCC2C1,1
random,CCCCC/C=C\C/C=C\C/C=C\C/C=C\CCCC(=O)N(C)c1c(C)n(C)n(-c2ccccc2)c1=O,O=c1cc[nH]n1-c1ccccc1,1
random,CCCCC/C=C\C/C=C\C/C=C\C/C=C\CCCC(=O)N1CCN(c2ccc(C)c(C)c2)CC1,c1ccc(N2CCNCC2)cc1,1
random,CCCCC/C=C\C/C=C\C/C=C\C/C=C\CCCC(=O)N1CCN(c2ccc(F)cc2)CC1,c1ccc(N2CCNCC2)cc1,1
random,CCCCC/C=C\C/C=C\C/C=C\C/C=C\CCCC(=O)N[C@H]1C[C@@H]1O,C1CC1,1
random,CCCCC/C=C\C/C=C\C/C=C\C/C=C\CCCC(=O)Nc1ccc(O)c(OC)c1,c1ccccc1,1
random,CCCCC/C=C\C/C=C\C/C=C\C/C=C\CCCCOC(CO)COC(=O)CCCCCNC(=O)CCCC[C@@H]1SC[C@@H]2NC(=O)N[C@@H]21,O=C1NC2CSCC2N1,1
random,CCCCC/C=C\C/C=C\C/C=C\[C@@H](C)/C=C\CCCC(=O)NCCO,ACYCLIC,1
random,CCCCC/C=C\C/C=C\C/C=C\[C@H](C)/C=C\CCCC(=O)NCCO,ACYCLIC,1
random,CCCCC/C=C\C/C=C\C/C=C\[C@H](C)/C=C\CCCC(=O)N[C@H](C)CO,ACYCLIC,1
random,CCCCC/C=C\[C@H](C)/C=C\C/C=C\C/C=C\CCCC(=O)NCCCl,ACYCLIC,1
random,CCCCC1(c2cc(O)c3cc(Cc4ccccn4)c(=O)oc3c2)CCCCC1,O=c1oc2cc(C3CCCCC3)ccc2cc1Cc1ccccn1,1
random,CCCCCC(NC(=O)Cc1ccccc1)NC(=O)Cc1ccccc1,O=C(Cc1ccccc1)NCNC(=O)Cc1ccccc1,1
random,CCCCCC1=NN(C(=O)NC23CC4CC(CC(C4)C2)C3)CC1c1ccccc1,O=C(NC12CC3CC(CC(C3)C1)C2)N1CC(c2ccccc2)C=N1,1
random,CCCCCC1=NN(C(=O)NC2C3CC4CC(C3)CC2C4)CC1c1ccccc1,O=C(NC1C2CC3CC(C2)CC1C3)N1CC(c2ccccc2)C=N1,1
random,CCCCCC1=NN(C(=O)NC2CCCc3ccccc32)CC1c1ccccc1,O=C(NC1CCCc2ccccc21)N1CC(c2ccccc2)C=N1,1
random,CCCCCC1=NN(C(=O)NC[C@@H]2CC[C@H]3C[C@@H]2C3(C)C)CC1c1ccccc1,O=C(NCC1CCC2CC1C2)N1CC(c2ccccc2)C=N1,1
random,CCCCCCC(C)(C)C1=CC(=O)C2=C(OC(C)(C)c3cn(CC)nc32)C1=O,O=C1C=CC(=O)C2=C1OCc1c[nH]nc12,1
random,CCCCCCC(C)(C)C1=CC2=C(C(=O)C1=O)c1nn(C)cc1C(C)(C)O2,O=C1C=CC2=C(C1=O)c1n[nH]cc1CO2,1
random,CCCCCCC(C)(C)c1cc(O)cc(OCCCCCCCCCCC(=O)NCCc2ccc(O)c(O)c2)c1,O=C(CCCCCCCCCCOc1ccccc1)NCCc1ccccc1,1
random,CCCCCCC(C)(C)c1cc(O)cc(OCCCCCCCCCCC(=O)N[C@H](C)CO)c1,c1ccccc1,1
random,CCCCCCC(C)(C)c1cc(O)cc(OCCCCCCCCCCCC(=O)OC(CO)CO)c1,c1ccccc1,1
random,CCCCCCC(C)(C)c1cc(OC)c(C2(O)CCOCC2)c(OC)c1,c1ccc(C2CCOCC2)cc1,1
random,CCCCCCC(C)(C)c1cc(OC)c2c(c1)OC(C)(C)c1cn[nH]c1-2,c1ccc2c(c1)OCc1cn[nH]c1-2,1
random,CCCCCCC(C)(C)c1cc(OCCCO)c2c(c1)OC(C)(C)c1cn(CC)nc1-2,c1ccc2c(c1)OCc1c[nH]nc1-2,1
random,CCCCCCC(C)(C)c1cc(OCCCO)c2c(c1)OC(C)(C)c1cn[nH]c1-2,c1ccc2c(c1)OCc1cn[nH]c1-2,1
random,CCCCCCC(C)(C)c1cc(OCCCO)c2c(c1)OC(C)(C)c1cnn(CC)c1-2,c1ccc2c(c1)OCc1cn[nH]c1-2,1
random,CCCCCCC(C)(C)c1cc(OCCCO)c2c(c1)OC(C)(C)c1cnoc1-2,c1ccc2c(c1)OCc1cnoc1-2,1
random,CCCCCCC(C)(C)c1cc2c(c3c1CCCO3)-c1c(cnn1CC)C(C)(C)O2,c1n[nH]c2c1COc1ccc3c(c1-2)OCCC3,1
random,CCCCCCC(C)(C)c1ccc(-c2cc(C)cc(C)c2)c(CO)c1,c1ccc(-c2ccccc2)cc1,1
random,CCCCCCC(C)(C)c1ccc(-c2cc(C)cc(C)c2)c(O)c1,c1ccc(-c2ccccc2)cc1,1
random,CCCCCCC(C)(C)c1ccc(-c2ccc(C)c(C)c2)c(O)c1,c1ccc(-c2ccccc2)cc1,1
random,CCCCCCC(C)(C)c1ccc(-c2cccc(OC)c2)c(O)c1,c1ccc(-c2ccccc2)cc1,1
random,CCCCCCC(C)(C)c1ccc(OCC/C=C\C/C=C\CCCC(=O)N[C@H](C)CO)cc1,c1ccccc1,1
random,CCCCCCC(C)(C)c1ccc([C@H]2CCC[C@@H](O)C2)c(OC)c1,c1ccc(C2CCCCC2)cc1,1
random,CCCCCCCC(C)(C)c1ccc([C@@H]2C[C@H](O)CC[C@H]2CCCO)cc1,c1ccc(C2CCCCC2)cc1,1
random,CCCCCCCCC(C)(C)c1ccc([C@H]2CCC[C@@H](O)C2)cc1,c1ccc(C2CCCCC2)cc1,1
random,CCCCCCCCN1C(=O)C2C3c4ccccc4C(c4ccccc43)C2C1=O,O=C1NC(=O)C2C3c4ccccc4C(c4ccccc43)C12,1
random,CCCCCCCN(Cc1ccc(N(CC)CC)cc1)C(=O)C1CCCCC1,O=C(NCc1ccccc1)C1CCCCC1,1
random,CCCCCCCN(Cc1ccc(N(CC)CC)cc1)C(=O)Cc1ccccc1,O=C(Cc1ccccc1)NCc1ccccc1,1
random,CCCCCCCN1C(=O)C2C3c4ccccc4C(c4ccccc43)C2C1=O,O=C1NC(=O)C2C3c4ccccc4C(c4ccccc43)C12,1
random,CCCCCCCNc1ccc(-c2ccccc2)cc1C(=O)NC12CC3CC(CC(C3)C1)C2,O=C(NC12CC3CC(CC(C3)C1)C2)c1cccc(-c2ccccc2)c1,1
random,CCCCCCCn1c2ccccc2c2cc(C(=O)N3CCCCC3)ccc21,O=C(c1ccc2[nH]c3ccccc3c2c1)N1CCCCC1,1
random,CCCCCCN1C(=O)/C(=N\NC(=O)OC(C)(C)C)c2ccccc21,N=C1C(=O)Nc2ccccc21,1
random,CCCCCCNC(=O)c1cn(CCCCC)c2ccc(Br)cc2c1=O,O=c1cc[nH]c2ccccc12,1
random,CCCCCC[Si](C)(C)c1cc(O)c2c(c1)OC(C)(C)[C@@H]1CCC(C)=C[C@@H]21,C1=CC2c3ccccc3OCC2CC1,1
random,CCCCCC[Si](C)(C)c1cc(O)c2c(c1)OC(C)(C)c1ccc(CO)cc1-2,c1ccc2c(c1)COc1ccccc1-2,1
random,CCCCCCc1c(O)cccc1OCCCCCCCC(=O)NC1CC1,O=C(CCCCCCCOc1ccccc1)NC1CC1,1
random,CCCCCCc1c(O)cccc1OCCCCCCCCCCC(=O)NCCc1ccc(O)c(O)c1,O=C(CCCCCCCCCCOc1ccccc1)NCCc1ccccc1,1
random,CCCCCCc1cc(O)c2c(c1)OC(C)(C)C1=C2CCN(C)C1,c1ccc2c(c1)OCC1=C2CCNC1,1
random,CCCCCCc1ccc(O)cc1OCCCCCCCCCCC(=O)NCCO,c1ccccc1,1
random,CCCCCCc1ccc(OC)cc1OCCCCCCCCCCC(=O)NCC1CC1,O=C(CCCCCCCCCCOc1ccccc1)NCC1CC1,1
random,CCCCCCc1ccc(OCCCCCCCCCCC(=O)NCC2CC2)cc1O,O=C(CCCCCCCCCCOc1ccccc1)NCC1CC1,1
random,CCCCCCc1ccc(OCCCCCCCCCCC(=O)NCCO)cc1O,c1ccccc1,1
random,CCCCCCn1cc(C(=O)NC2CCCCC2)c(=O)c2c(C)nn(C)c21,O=C(NC1CCCCC1)c1c[nH]c2[nH]ncc2c1=O,1
random,CCCCCCn1cc(C(=O)c2cccc3ccccc23)c(=O)c2ccccc21,O=C(c1c[nH]c2ccccc2c1=O)c1cccc2ccccc12,1
random,CCCCCNc1ccc(-c2ccc(F)cc2)cc1C(=O)NC12CC3CC(CC(C3)C1)C2,O=C(NC12CC3CC(CC(C3)C1)C2)c1cccc(-c2ccccc2)c1,1
random,CCCCCNc1ccc(-c2ccccc2)cc1C(=O)NC12CC3CC(CC(C3)C1)C2,O=C(NC12CC3CC(CC(C3)C1)C2)c1cccc(-c2ccccc2)c1,1
random,CCCCCOc1c(OC)ccc2c1CCN(CCc1ccc(O)cc1)C2=O,O=C1c2ccccc2CCN1CCc1ccccc1,1
random,CCCCCOc1c(OC)ccc2c1CN(CCc1ccc(N)cc1)C2=O,O=C1c2ccccc2CN1CCc1ccccc1,1
random,CCCCCOc1c(OC)ccc2cc(C(=O)NCCc3ccccc3F)c(=O)[nH]c12,O=C(NCCc1ccccc1)c1cc2ccccc2[nH]c1=O,1
random,CCCCCOc1ccc(C(=O)c2cccc3ccccc23)c2ccccc12,O=C(c1cccc2ccccc12)c1cccc2ccccc12,1
random,CCCCCS(=O)(=O)NC1CCN(c2ncnc3c2nc(-c2ccccc2Cl)n3-c2ccc(Cl)cc2)CC1,c1ccc(-c2nc3c(N4CCCCC4)ncnc3n2-c2ccccc2)cc1,1
random,CCCCCc1cc(O)c2c(c1)OC(C)(C)[C@@H]1C=C[C@@](C)(O)C[C@@H]21,C1=CC2COc3ccccc3C2CC1,1
random,CCCCCc1cc(O)c2c(c1)OC1=C(CC[C@H](C)C1)C2(C)C,c1ccc2c(c1)CC1=C(CCCC1)O2,1
random,CCCCCc1cc(O)cc(OCCCCCCCC(=O)OC(CO)CO)c1,c1ccccc1,1
random,CCCCCc1cc(O)cc(OCCCCCCCCCCC(=O)NCC(F)(F)F)c1,c1ccccc1,1
random,CCCCCc1cc(O)cc(OCCCCCCCCCCC(=O)NN(C)C)c1,c1ccccc1,1
random,CCCCCc1cc(O)cc(OCCCCCCCCCCC(=O)OC(CO)CO)c1,c1ccccc1,1
random,CCCCCc1cc(O)cc(OCCCCCCCCCCC(=O)OCC(O)CO)c1,c1ccccc1,1
random,CCCCCc1cc(OC)c2cc(Cc3ccccc3C)c(=O)oc2c1,O=c1oc2ccccc2cc1Cc1ccccc1,1
random,CCCCCc1cc(OC)c2cc(Cc3ccccc3Cl)c(=O)oc2c1,O=c1oc2ccccc2cc1Cc1ccccc1,1
random,CCCCCc1cc(OC)c2cc(Cc3cccnc3)c(=O)oc2c1,O=c1oc2ccccc2cc1Cc1cccnc1,1
random,CCCCCc1cc(OCC)cc(OCCCCCCCCCCC(=O)NC2CC2)c1,O=C(CCCCCCCCCCOc1ccccc1)NC1CC1,1
random,CCCCCc1cc2c(c(O)c1C(=O)O)[C@@H]1C=C(C)CC[C@H]1C(C)(C)O2,C1=CC2c3ccccc3OCC2CC1,1
random,CCCCCc1cc2c(c(O)c1C(=O)O)[C@@H]1C=C(COC(C)=O)CC[C@H]1C(C)(C)O2,C1=CC2c3ccccc3OCC2CC1,1
random,CCCCCc1cc2c(c(OS(=O)(=O)c3ccc(C)cc3)c1)[C@@H]1[C@H](O)C(C)=CC[C@H]1C(C)(C)O2,O=S(=O)(Oc1cccc2c1C1CC=CCC1CO2)c1ccccc1,1
random,CCCCCn1c(=O)c(C(=O)NC23CC4CC(CC(C4)C2)C3)c(O)c2nn(CCO)cc21,O=C(NC12CC3CC(CC(C3)C1)C2)c1cc2n[nH]cc2[nH]c1=O,1
random,CCCCCn1c(=O)sc2cc(C(=O)C34CC5CC(CC(C5)C3)C4)ccc21,O=C(c1ccc2[nH]c(=O)sc2c1)C12CC3CC(CC(C3)C1)C2,1
random,CCCCCn1c(=O)sc2cc(C(OC)C34CC5CC(CC(C5)C3)C4)ccc21,O=c1[nH]c2ccc(CC34CC5CC(CC(C5)C3)C4)cc2s1,1
random,CCCCCn1c(C)c(C(=O)NC(C)c2ccccc2)c(=O)c2ccccc21,O=C(NCc1ccccc1)c1c[nH]c2ccccc2c1=O,1
random,CCCCCn1c(C)c(C(=O)c2ccc(F)c3ccccc23)c2ccccc21,O=C(c1cccc2ccccc12)c1c[nH]c2ccccc12,1
random,CCCCCn1c2ccccc2c2cc(C(=O)N3CCCCC3)ccc21,O=C(c1ccc2[nH]c3ccccc3c2c1)N1CCCCC1,1
random,CCCCCn1c2ccccc2c2cc(C(=O)N3CCOCC3)ccc21,O=C(c1ccc2[nH]c3ccccc3c2c1)N1CCOCC1,1
random,CCCCCn1c2ccccc2c2cc(C(=O)OCC)ncc21,c1ccc2c(c1)[nH]c1cnccc12,1
random,CCCCCn1cc(-c2nnc(C34CC5CC(CC(C5)C3)C4)o2)c(=O)c2cc(-c3ccco3)ccc21,O=c1c(-c2nnc(C34CC5CC(CC(C5)C3)C4)o2)c[nH]c2ccc(-c3ccco3)cc12,1
random,CCCCCn1cc(C(=O)Cc2ccc(C)cc2)c2ccccc21,O=C(Cc1ccccc1)c1c[nH]c2ccccc12,1
random,CCCCCn1cc(C(=O)Cc2ccc(F)cc2)c2ccccc21,O=C(Cc1ccccc1)c1c[nH]c2ccccc12,1
random,CCCCCn1cc(C(=O)Cc2cccc(Cl)c2)c2ccccc21,O=C(Cc1ccccc1)c1c[nH]c2ccccc12,1
random,CCCCCn1cc(C(=O)Cc2cccc(OC)c2)c2ccccc21,O=C(Cc1ccccc1)c1c[nH]c2ccccc12,1
random,CCCCCn1cc(C(=O)Cc2ccccc2Cl)c2ccccc21,O=C(Cc1ccccc1)c1c[nH]c2ccccc12,1
random,CCCCCn1cc(C(=O)Cc2ccccc2F)c2ccccc21,O=C(Cc1ccccc1)c1c[nH]c2ccccc12,1
random,CCCCCn1cc(C(=O)NC23CC4CC(C)(CC(C)(C4)C2)C3)c(=O)n2ncnc12,O=C(NC12CC3CC(CC(C3)C1)C2)c1c[nH]c2ncnn2c1=O,1
random,CCCCCn1cc(C(=O)NC23CC4CC(CC(C4)C2)C3)c(=O)c(-c2ccc(CC)cc2)c1C,O=C(NC12CC3CC(CC(C3)C1)C2)c1c[nH]cc(-c2ccccc2)c1=O,1
random,CCCCCn1cc(C(=O)NC23CC4CC(CC(C4)C2)C3)c(=O)c2c(C(C)(C)C)nn(C)c21,O=C(NC12CC3CC(CC(C3)C1)C2)c1c[nH]c2[nH]ncc2c1=O,1
random,CCCCCn1cc(C(=O)NC23CC4CC(CC(C4)C2)C3)c(=O)c2c(CC)nn(C)c21,O=C(NC12CC3CC(CC(C3)C1)C2)c1c[nH]c2[nH]ncc2c1=O,1
random,CCCCCn1cc(C(=O)NC23CC4CC(CC(C4)C2)C3)c(=O)c2cc(-c3cc(C)c(OC)c(C)c3)ccc21,O=C(NC12CC3CC(CC(C3)C1)C2)c1c[nH]c2ccc(-c3ccccc3)cc2c1=O,1
random,CCCCCn1cc(C(=O)NC23CC4CC(CC(C4)C2)C3)c(=O)c2cc(-c3ccc(O)cc3)ccc21,O=C(NC12CC3CC(CC(C3)C1)C2)c1c[nH]c2ccc(-c3ccccc3)cc2c1=O,1
random,CCCCCn1cc(C(=O)NC23CC4CC(CC(C4)C2)C3)c(=O)c2cc(-c3cnn(CC(C)C)c3)ccc21,O=C(NC12CC3CC(CC(C3)C1)C2)c1c[nH]c2ccc(-c3cn[nH]c3)cc2c1=O,1
random,CCCCCn1cc(C(=O)NC23CC4CC(CC(C4)C2)C3)c(=O)c2cc(/C=C/c3ccccc3)ccc21,O=C(NC12CC3CC(CC(C3)C1)C2)c1c[nH]c2ccc(C=Cc3ccccc3)cc2c1=O,1
random,CCCCCn1cc(C(=O)NC23CC4CC(CC(C4)C2)C3)c(=O)c2cc(CCc3ccccc3)ccc21,O=C(NC12CC3CC(CC(C3)C1)C2)c1c[nH]c2ccc(CCc3ccccc3)cc2c1=O,1
random,CCCCCn1cc(C(=O)NC23CC4CC(CC(C4)C2)C3)c(=O)c2cc(I)ccc21,O=C(NC12CC3CC(CC(C3)C1)C2)c1c[nH]c2ccccc2c1=O,1
random,CCCCCn1cc(C(=O)NC23CC4CC(CC(C4)C2)C3)c(=O)c2cc(Oc3ccc(F)c(Cl)c3)ccc21,O=C(NC12CC3CC(CC(C3)C1)C2)c1c[nH]c2ccc(Oc3ccccc3)cc2c1=O,1
random,CCCCCn1cc(C(=O)NC23CC4CC(CC(C4)C2)C3)c(=O)c2cc(Sc3ccccc3)ccc21,O=C(NC12CC3CC(CC(C3)C1)C2)c1c[nH]c2ccc(Sc3ccccc3)cc2c1=O,1
random,CCCCCn1cc(C(=O)NC23CC4CC(CC(C4)C2)C3)c(=O)c2ccc(S(=O)(=O)c3ccccc3)cc21,O=C(NC12CC3CC(CC(C3)C1)C2)c1c[nH]c2cc(S(=O)(=O)c3ccccc3)ccc2c1=O,1
random,CCCCCn1cc(C(=O)NC23CC4CC(CC(C4)C2)C3)c(=O)c2ccc([S+]([O-])c3ccccc3)cc21,O=C(NC12CC3CC(CC(C3)C1)C2)c1c[nH]c2cc([SH+]c3ccccc3)ccc2c1=O,1
random,CCCCCn1cc(C(=O)NC23CC4CC(CC(C4)C2)C3)c(=O)c2ccccc21,O=C(NC12CC3CC(CC(C3)C1)C2)c1c[nH]c2ccccc2c1=O,1
random,CCCCCn1cc(C(=O)NC23CC4CC(CC(C4)C2)C3)c(=O)c2cnn(C)c21,O=C(NC12CC3CC(CC(C3)C1)C2)c1c[nH]c2[nH]ncc2c1=O,1
random,CCCCCn1cc(C(=O)NC23CC4CC(CC(C4)C2)C3)c(=O)n2nc(-c3ccc(C)cc3)cc12,O=C(NC12CC3CC(CC(C3)C1)C2)c1c[nH]c2cc(-c3ccccc3)nn2c1=O,1
random,CCCCCn1cc(C(=O)NC23CC4CC(CC(C4)C2)C3)c(=O)n2nc(-c3ccccc3)cc12,O=C(NC12CC3CC(CC(C3)C1)C2)c1c[nH]c2cc(-c3ccccc3)nn2c1=O,1
random,CCCCCn1cc(C(=O)NC23CC4CC(CC(C4)C2)C3)c(=O)n2nc(-c3ccccc3Cl)cc12,O=C(NC12CC3CC(CC(C3)C1)C2)c1c[nH]c2cc(-c3ccccc3)nn2c1=O,1
random,CCCCCn1cc(C(=O)NC23CC4CC(CC(C4)C2)C3)c(=O)n2nc(C)c(Br)c12,O=C(NC12CC3CC(CC(C3)C1)C2)c1c[nH]c2ccnn2c1=O,1
random,CCCCCn1cc(C(=O)NC23CC4CC(CC(C4)C2)C3)c(=O)n2nc(N(C)Cc3ccccc3)nc12,O=C(NC12CC3CC(CC(C3)C1)C2)c1c[nH]c2nc(NCc3ccccc3)nn2c1=O,1
random,CCCCCn1cc(C(=O)NC2CCCCC2)c(=O)n2nc(-c3ccc(Cl)cc3Cl)cc12,O=C(NC1CCCCC1)c1c[nH]c2cc(-c3ccccc3)nn2c1=O,1
random,CCCCCn1cc(C(=O)NC2CCCCCC2)c(=O)c2c(-c3ccc(Cl)cc3)nn(C)c21,O=C(NC1CCCCCC1)c1c[nH]c2[nH]nc(-c3ccccc3)c2c1=O,1
random,CCCCCn1cc(C(=O)NC2CCCCCC2)c(=O)c2c(C)noc21,O=C(NC1CCCCCC1)c1c[nH]c2oncc2c1=O,1
random,CCCCCn1cc(C(=O)NCC23CC4CC(C)(CC(C)(C4)C2)C3)c(=O)cc1-c1ccccc1,O=C(NCC12CC3CC(CC(C3)C1)C2)c1c[nH]c(-c2ccccc2)cc1=O,1
random,CCCCCn1cc(C(=O)NN2CCCCC2)c(=O)c2cc(Br)ccc21,O=C(NN1CCCCC1)c1c[nH]c2ccccc2c1=O,1
random,CCCCCn1cc(C(=O)NN2CCCCC2)c(=O)cc1-c1ccccc1,O=C(NN1CCCCC1)c1c[nH]c(-c2ccccc2)cc1=O,1
random,CCCCCn1cc(C(=O)N[C@@H]2C(C)(C)C3CC[C@]2(C)C3)c(=O)c2ccc(F)cc21,O=C(NC1CC2CCC1C2)c1c[nH]c2ccccc2c1=O,1
random,CCCCCn1cc(C(=O)N[C@H](C(N)=O)C(C)C)c2cccnc21,c1cnc2[nH]ccc2c1,1
random,CCCCCn1cc(C(=O)N[C@H](C)c2ccc3ccccc3c2)c(=O)c2ccccc21,O=C(NCc1ccc2ccccc2c1)c1c[nH]c2ccccc2c1=O,1
random,CCCCCn1cc(C(=O)N[C@H]2CCCc3ccccc32)c(=O)cc1-c1ccccc1,O=C(NC1CCCc2ccccc21)c1c[nH]c(-c2ccccc2)cc1=O,1
random,CCCCCn1cc(C(=O)N[C@H]2CC[C@H](C)CC2)c(=O)c2c(C)nn(C)c21,O=C(NC1CCCCC1)c1c[nH]c2[nH]ncc2c1=O,1
random,CCCCCn1cc(C(=O)Nc2ccc(C#N)cc2)c(=O)c2ccccc21,O=C(Nc1ccccc1)c1c[nH]c2ccccc2c1=O,1
random,CCCCCn1cc(C(=O)Nc2ccccc2)c(=O)c2c(C)nn(C)c21,O=C(Nc1ccccc1)c1c[nH]c2[nH]ncc2c1=O,1
random,CCCCCn1cc(C(=O)c2c3ccccc3cc3ccccc23)c(=O)c2ccccc21,O=C(c1c[nH]c2ccccc2c1=O)c1c2ccccc2cc2ccccc12,1
random,CCCCCn1cc(C(=O)c2ccc(F)c3ccccc23)c2ccccc21,O=C(c1cccc2ccccc12)c1c[nH]c2ccccc12,1
random,CCCCCn1cc(C(=O)c2cccc3c2CC(C)(C)C3)c2ccccc21,O=C(c1cccc2c1CCC2)c1c[nH]c2ccccc12,1
random,CCCCCn1cc(C(=O)c2cccc3cccc(Br)c23)c2ccccc21,O=C(c1cccc2ccccc12)c1c[nH]c2ccccc12,1
random,CCCCCn1cc(C(=O)c2cccc3cccc(Cl)c23)c2ccccc21,O=C(c1cccc2ccccc12)c1c[nH]c2ccccc12,1
random,CCCCCn1cc(C(=O)c2cccc3ccccc23)c2cccc(F)c21,O=C(c1cccc2ccccc12)c1c[nH]c2ccccc12,1
random,CCCCCn1cc(C(=O)c2cccc3ccccc23)cc1-c1ccc(C(F)(F)F)cc1,O=C(c1c[nH]c(-c2ccccc2)c1)c1cccc2ccccc12,1
random,CCCCCn1cc(C(=O)c2cccc3ccccc23)cc1-c1ccc(CC)cc1,O=C(c1c[nH]c(-c2ccccc2)c1)c1cccc2ccccc12,1
random,CCCCCn1cc(C(=O)c2cccc3ccccc23)cc1-c1cccc2ccccc12,O=C(c1c[nH]c(-c2cccc3ccccc23)c1)c1cccc2ccccc12,1
random,CCCCCn1cc(C(=O)c2ccccc2-c2ccccc2)c2ccccc21,O=C(c1ccccc1-c1ccccc1)c1c[nH]c2ccccc12,1
random,CCCCCn1cc(CC(=O)NC23CC4CC(CC(C4)C2)C3)c2cc(-c3ccco3)ccc21,O=C(Cc1c[nH]c2ccc(-c3ccco3)cc12)NC12CC3CC(CC(C3)C1)C2,1
random,CCCCCn1cc(NC(=O)OC(C)(C)C)c(=O)cc1-c1ccccc1,O=c1cc[nH]c(-c2ccccc2)c1,1
random,CCCCCn1cc2c(=O)n(C3CCCCC3)nc-2c2ccccc21,O=c1c2c[nH]c3ccccc3c-2nn1C1CCCCC1,1
random,CCCCCn1cc2c(=O)n(CC3CC3)nc-2c2ccccc21,O=c1c2c[nH]c3ccccc3c-2nn1CC1CC1,1
random,CCCCNC(=O)c1nn(-c2ccc(Cl)cc2Cl)c(-n2c(C)ccc2C)c1C,c1ccc(-n2nccc2-n2cccc2)cc1,1
random,CCCCOC(=O)C(C)(C)c1cc(O)c2c(c1)OC(C)(C)[C@@H]1CCC(=O)C[C@@H]21,O=C1CCC2COc3ccccc3C2C1,1
random,CCCCOC(=O)C(C)(C)c1cc(O)c2c(c1)OC(C)(C)[C@@H]1CC[C@@H](CO)C[C@@H]21,c1ccc2c(c1)OCC1CCCCC21,1
random,CCCCOC(=O)C(C)(C)c1cc(O)c2c(c1)OC(C)(C)[C@@H]1CC[C@H](O)C[C@@H]21,c1ccc2c(c1)OCC1CCCCC21,1
random,CCCCOC(=O)[C@H](C)c1cc(O)c2c(c1)OC(C)(C)[C@@H]1CC=C(C)C[C@@H]21,C1=CCC2c3ccccc3OCC2C1,1
random,CCCCc1[nH]c2ccc(-c3ccco3)cc2c(=O)c1C(=O)NC12CC3CC(CC(C3)C1)C2,O=C(NC12CC3CC(CC(C3)C1)C2)c1c[nH]c2ccc(-c3ccco3)cc2c1=O,1
random,CCCCc1[nH]c2ccc(Br)cc2c(=O)c1C(=O)NC12CC3CC(CC(C3)C1)C2,O=C(NC12CC3CC(CC(C3)C1)C2)c1c[nH]c2ccccc2c1=O,1
random,CCCCc1ccc(C(=O)c2cn(CCC)c3ccccc23)c2ccccc12,O=C(c1cccc2ccccc12)c1c[nH]c2ccccc12,1
random,CCCCc1nc2ccccc2n1C(=O)c1cccc2ccccc12,O=C(c1cccc2ccccc12)n1cnc2ccccc21,1
random,CCCCc1sc(NC(=O)C23CC4CC(CC(C4)C2)C3)c(C(=O)OC)c1C,O=C(Nc1cccs1)C12CC3CC(CC(C3)C1)C2,1
random,CCCCn1/c(=N/C(=O)c2cc(C(F)(F)F)ccc2O/N=C(\C)C(F)(F)F)cc(C(C)(C)C)n1C,O=C(N=c1cc[nH][nH]1)c1ccccc1,1
random,CCCCn1/c(=N/C(=O)c2cc(C(F)(F)F)ccc2OCCNC(C)=O)sc2ccncc21,O=C(N=c1[nH]c2cnccc2s1)c1ccccc1,1
random,CCCCn1/c(=N\C(=O)c2cc(C(F)(F)F)ccc2ONC(C)(C)C)cc(C(C)(C)C)n1C,O=C(N=c1cc[nH][nH]1)c1ccccc1,1
random,CCCCn1c(=O)c(C(=O)NC23CC4CC(CC(C4)C2)C3)c(O)c2c1cnn2CCO,O=C(NC12CC3CC(CC(C3)C1)C2)c1cc2[nH]ncc2[nH]c1=O,1
random,CCCCn1c(=O)c(C(=O)NC23CC4CC(CC(C4)C2)C3)c(O)c2nn(C)cc21,O=C(NC12CC3CC(CC(C3)C1)C2)c1cc2n[nH]cc2[nH]c1=O,1
random,CCCCn1c(C)c(C)cc(NC(=O)Cc2ccccc2)c1=O,O=C(Cc1ccccc1)Nc1ccc[nH]c1=O,1
random,CCCCn1c(C)c(C)cc(NC(=O)c2ccc3ccccc3c2)c1=O,O=C(Nc1ccc[nH]c1=O)c1ccc2ccccc2c1,1
random,CCCCn1c(C)c(C)cc(NC(=O)c2cccc(C)c2)c1=O,O=C(Nc1ccc[nH]c1=O)c1ccccc1,1
random,CCCCn1c(CC)c(C)cc(C(=O)NC2(C(=O)O)CCCCC2)c1=O,O=C(NC1CCCCC1)c1ccc[nH]c1=O,1
random,CCCCn1c(CCC)c(Br)cc(C(=O)NC2(C(=O)O)CCCCC2)c1=O,O=C(NC1CCCCC1)c1ccc[nH]c1=O,1
random,CCCCn1c2c(cc(C(=O)NC(C)(C)c3ccccc3)c1=O)CCCCCC2,O=C(NCc1ccccc1)c1cc2c([nH]c1=O)CCCCCC2,1
random,CCCCn1c2c(cc(C(=O)NCc3ccccc3)c1=O)COCC2,O=C(NCc1ccccc1)c1cc2c([nH]c1=O)CCOC2,1
random,CCCCn1c2ccccc2c2cc(C(=O)N3CCCCC3)ccc21,O=C(c1ccc2[nH]c3ccccc3c2c1)N1CCCCC1,1
random,CCCCn1cc(C(=O)C2C(C)(C)C2(C)C)c2ccccc21,O=C(c1c[nH]c2ccccc12)C1CC1,1
random,CCCCn1cc(C(=O)N[C@@H](Cc2ccccc2)C(N)=O)c2cccnc21,O=C(NCCc1ccccc1)c1c[nH]c2ncccc12,1
random,CCCCn1cc(C(=O)N[C@H](C(N)=O)C(C)C)c2ccccc21,c1ccc2[nH]ccc2c1,1
random,CCCCn1cc(C(C)(C)C)s/c1=N\C(=O)c1cc(C(F)(F)F)ccc1NNC(=O)c1ccncc1,O=C(NNc1ccccc1C(=O)N=c1[nH]ccs1)c1ccncc1,1
random,CCCCn1cc(C(C)(C)C)s/c1=N\C(=O)c1cc(C(F)(F)F)ccc1OCC(C)(C)O,O=C(N=c1[nH]ccs1)c1ccccc1,1
random,CCCCn1cc(C(C)(C)C)s/c1=N\C(=O)c1cc(C(F)(F)F)ccc1OC[C@@H]1CCCN1C,O=C(N=c1[nH]ccs1)c1ccccc1OCC1CCCN1,1
random,CCCCn1nc(C(C)(C)C)s/c1=N/C(=O)c1cc(C(F)(F)F)ccc1ONC(=O)OC(C)(C)C,O=C(N=c1[nH]ncs1)c1ccccc1,1
random,CCCCn1nc(C(C)(C)C)s/c1=N\C(=O)c1cc(C(F)(F)F)ccc1/N=N/C(C)(C)C,O=C(N=c1[nH]ncs1)c1ccccc1,1
random,CCCCn1nc(C(C)(C)C)s/c1=N\C(=O)c1cc(C(F)(F)F)ccc1NN=C(C)C,O=C(N=c1[nH]ncs1)c1ccccc1,1
random,CCCCn1nc(C(C)(C)C)s/c1=N\C(=O)c1cc(C(F)(F)F)ccc1NNCc1ccccc1,O=C(N=c1[nH]ncs1)c1ccccc1NNCc1ccccc1,1
random,CCCCn1nc(C(C)(C)C)s/c1=N\C(=O)c1cc(C(F)(F)F)ccc1O/N=C(\C)C(C)(C)C,O=C(N=c1[nH]ncs1)c1ccccc1,1
random,CCCCn1nc(C(C)(C)C)s/c1=N\C(=O)c1cc(C(F)(F)F)ccc1O/N=C(\C)C(C)=O,O=C(N=c1[nH]ncs1)c1ccccc1,1
random,CCCCn1nc(C(C)(C)C)s/c1=N\C(=O)c1cc(C(F)(F)F)ccc1O/N=C(\N)C(C)(C)C,O=C(N=c1[nH]ncs1)c1ccccc1,1
random,CCCCn1nc(C(C)(C)C)s/c1=N\C(=O)c1cc(C(F)(F)F)ccc1O/N=C(\N)c1ccc(F)cc1,O=C(N=c1[nH]ncs1)c1ccccc1ON=Cc1ccccc1,1
random,CCCCn1nc(C(C)(C)C)s/c1=N\C(=O)c1cc(C(F)(F)F)ccc1ON=C(C)C,O=C(N=c1[nH]ncs1)c1ccccc1,1
random,CCCCn1nc(C(C)(C)C)s/c1=N\C(=O)c1cc(C(F)(F)F)ccc1ONC(=O)C(C)(C)C,O=C(N=c1[nH]ncs1)c1ccccc1,1
random,CCCCn1nc(C2(C)CC2)s/c1=N\C(=O)c1cc(C(F)(F)F)ccc1ONC(C)(C)C,O=C(N=c1[nH]nc(C2CC2)s1)c1ccccc1,1
random,CCCNC(=O)c1c(NC(=O)C23CC4CC(CC2C4)C3)sc2c1CCN(C)C2,O=C(Nc1cc2c(s1)CNCC2)C12CC3CC(CC1C3)C2,1
random,CCCOC(=O)N1CCC(NC(=O)c2nn(-c3ccc(Cl)cc3Cl)c(-c3ccc(Cl)cc3)c2C)CC1,O=C(NC1CCNCC1)c1cc(-c2ccccc2)n(-c2ccccc2)n1,1
random,CCCOc1c(OC)ccc2cc(C(=O)NCCc3ccccc3)c(=O)[nH]c12,O=C(NCCc1ccccc1)c1cc2ccccc2[nH]c1=O,1
random,CCCSC(=S)N1CC(C)(C)CS/C1=N\c1ccccc1C(C)C,c1ccc(N=C2NCCCS2)cc1,1
random,CCCc1ccc(/C=C2\C=C(CCN3CCOCC3)c3ccccc32)c2ccccc12,C(=C1C=C(CCN2CCOCC2)c2ccccc21)c1cccc2ccccc12,1
random,CCCc1ccc(C(=O)c2c(C)n(CCC)c3ccccc23)c2ccccc12,O=C(c1cccc2ccccc12)c1c[nH]c2ccccc12,1
random,CCCc1ccc(C(=O)c2cc(O)c(-c3cc(Cl)cc(Cl)c3)c(O)c2)cc1,O=C(c1ccccc1)c1ccc(-c2ccccc2)cc1,1
random,CCCc1ccc(CN(Cc2ccccc2)S(=O)(=O)c2ccc(C)cc2)cc1,O=S(=O)(c1ccccc1)N(Cc1ccccc1)Cc1ccccc1,1
random,CCCn1c(C)c(C(=O)c2ccc(CC)c3ccccc23)c2ccccc21,O=C(c1cccc2ccccc12)c1c[nH]c2ccccc12,1
random,CCCn1c(C)c(C(=O)c2ccc(OCC)c3ccccc23)c2ccccc21,O=C(c1cccc2ccccc12)c1c[nH]c2ccccc12,1
random,CCCn1c(C)c(C(=O)c2cccc3ccccc23)c2ccccc21,O=C(c1cccc2ccccc12)c1c[nH]c2ccccc12,1
random,CCCn1cc(C(=O)C2C(C)(C)C2(C)C)c2ccccc21,O=C(c1c[nH]c2ccccc12)C1CC1,1
random,CCCn1cc(C(=O)c2ccc(Cl)c3ccccc23)c2ccccc21,O=C(c1cccc2ccccc12)c1c[nH]c2ccccc12,1
random,CCCn1cc(C(=O)c2cccc3cccc(Cl)c23)c2ccccc21,O=C(c1cccc2ccccc12)c1c[nH]c2ccccc12,1
random,CCCn1cc(C(=O)c2cccc3cccc(I)c23)c2ccccc21,O=C(c1cccc2ccccc12)c1c[nH]c2ccccc12,1
random,CCN(CC)Oc1ccc(C(F)(F)F)cc1C(=O)/N=c1\sc(C(C)(C)C)cn1C[C@H]1CCCO1,O=C(N=c1sccn1CC1CCCO1)c1ccccc1,1
random,CCN(CC)S(=O)(=O)N/C(=N\C)N1CC(c2ccccc2)C(c2ccc(Cl)cc2)=N1,c1ccc(C2=NNCC2c2ccccc2)cc1,1
random,CCN(CC)S(=O)(=O)N/C(=N\C)N1CC(c2cccnc2)C(c2ccc(Cl)cc2)=N1,c1ccc(C2=NNCC2c2cccnc2)cc1,1
random,CCN(CC)c1ccc(CN(C(=O)Cc2ccc(Cl)cc2)c2ccc(C)cc2)cc1,O=C(Cc1ccccc1)N(Cc1ccccc1)c1ccccc1,1
random,CCN(CC)c1ccc(CN(CC2CCCCC2)S(=O)(=O)c2ccc(C)cc2)cc1,O=S(=O)(c1ccccc1)N(Cc1ccccc1)CC1CCCCC1,1
random,CCN(CC)c1ccc(CN(Cc2ccccc2)S(=O)(=O)c2ccc3ccccc3c2)cc1,O=S(=O)(c1ccc2ccccc2c1)N(Cc1ccccc1)Cc1ccccc1,1
random,CCN(CC)c1ccc(CN(Cc2ccco2)S(=O)(=O)c2ccc(C(C)C)cc2)cc1,O=S(=O)(c1ccccc1)N(Cc1ccccc1)Cc1ccco1,1
random,CCN(CC)c1ccc(CN(Cc2ccco2)S(=O)(=O)c2ccc(OC)cc2)cc1,O=S(=O)(c1ccccc1)N(Cc1ccccc1)Cc1ccco1,1
random,CCN(CC)c1ccc(CN([C@]23C[C@H]4C[C@H](C[C@H](C4)C2)C3)S(=O)(=O)c2ccc(C)cc2)cc1,O=S(=O)(c1ccccc1)N(Cc1ccccc1)C12CC3CC(CC(C3)C1)C2,1
random,CCN(CC)c1ccc(CN(c2ccc(C)cc2)S(=O)(=O)c2ccc(F)cc2)cc1,O=S(=O)(c1ccccc1)N(Cc1ccccc1)c1ccccc1,1
random,CCN(CC)c1ccc(CN(c2ccc(C)cc2)S(=O)(=O)c2ccccc2)cc1,O=S(=O)(c1ccccc1)N(Cc1ccccc1)c1ccccc1,1
random,CCN(CC)c1ccc(CN(c2ccc(Cl)cc2)S(=O)(=O)c2ccc(C)cc2)cc1,O=S(=O)(c1ccccc1)N(Cc1ccccc1)c1ccccc1,1
random,CCN(CC)c1ccc(CN(c2ccc(Cl)cc2)S(=O)(=O)c2ccc(F)cc2)cc1,O=S(=O)(c1ccccc1)N(Cc1ccccc1)c1ccccc1,1
random,CCN(CC)c1ccc(CN(c2ccc(Cl)cc2)S(=O)(=O)c2cccc(C)c2)cc1,O=S(=O)(c1ccccc1)N(Cc1ccccc1)c1ccccc1,1
random,CCN1C(=O)C(Sc2nc3ccccc3o2)c2ccccc2C1C,O=C1NCc2ccccc2C1Sc1nc2ccccc2o1,1
random,CCN1CCN(c2nc(C)nc3sc(-c4ccccc4)cc23)CC1,c1ccc(-c2cc3c(N4CCNCC4)ncnc3s2)cc1,1
random,CCN1CCN(c2ncnc3oc(-c4ccccc4Cl)nc23)CC1,c1ccc(-c2nc3c(N4CCNCC4)ncnc3o2)cc1,1
random,CCNC(=O)NCCCCCSc1ccc2ccccc2c1,c1ccc2ccccc2c1,1
random,CCOC(=O)C(C)(C)c1cc(O)c(-c2cc(C)cc(C)c2)c(O)c1,c1ccc(-c2ccccc2)cc1,1
random,CCOC(=O)C(C)(C)c1cc(O)c(-c2cccc(C#N)c2)c(O)c1,c1ccc(-c2ccccc2)cc1,1
random,CCOC(=O)C(C)(C)c1cc(OC)c(-c2cc(C)cc(C)c2)c(OC)c1,c1ccc(-c2ccccc2)cc1,1
random,CCOC(=O)C(CC)(CC)NC(=O)c1ccc(C2CCCC2)c(OCC2CC2)n1,c1cnc(OCC2CC2)c(C2CCCC2)c1,1
random,CCOCCn1cc(C(=O)NC23CC4CC(CC(C4)C2)C3)c(=O)c2cccc(OC)c21,O=C(NC12CC3CC(CC(C3)C1)C2)c1c[nH]c2ccccc2c1=O,1
random,CCOc1ccc(C(O)c2nc3cc(C(=O)N(CC)CC)ccc3n2CCC(C)C)cc1,c1ccc(Cc2nc3ccccc3[nH]2)cc1,1
random,CCOc1ccc(CNc2nc3cc(C(=O)N(CC)CC)ccc3n2CCC(C)C)cc1,c1ccc(CNc2nc3ccccc3[nH]2)cc1,1
random,CCOc1ccc(Cc2nc3cc(C(=O)N(CC)CC)ccc3n2CC2CCC2)cc1,c1ccc(Cc2nc3ccccc3n2CC2CCC2)cc1,1
random,CCOc1ccc(Cc2nc3cc(C(=O)N(CC)CC)ccc3n2CCOCCOCCNc2c3c(nc4ccccc24)CCCC3)cc1,c1ccc(Cc2nc3ccccc3n2CCOCCOCCNc2c3c(nc4ccccc24)CCCC3)cc1,1
random,CCOc1ccc(Cc2nc3cc(C(=O)N(CC)CC)ccc3n2C[C@@H]2CCCN2C)cc1,c1ccc(Cc2nc3ccccc3n2CC2CCCN2)cc1,1
random,CCOc1ccc(Cc2nc3cc(C(=O)NCCC(C)C)ccc3n2CCC(C)C)cc1,c1ccc(Cc2nc3ccccc3[nH]2)cc1,1
random,CCOc1ccc(Nc2nc3cc(C(=O)N(CC)CC)ccc3n2CCC(C)C)cc1,c1ccc(Nc2nc3ccccc3[nH]2)cc1,1
random,CCS(=O)(=O)n1c2c(c3cc(C(=O)N(C)CCC(C)C)ccc31)CN(C1CCCC1)C2,c1ccc2c3c([nH]c2c1)CN(C1CCCC1)C3,1
random,CC[C@H]1CC[C@H](C(=O)c2cn(CCN3CCOCC3)c3ccccc23)CC1,O=C(c1cn(CCN2CCOCC2)c2ccccc12)C1CCCCC1,1
random,CC[Si](C)(C)c1cc(O)c2c(c1)OC(C)(C)[C@@H]1CCC(C)=C[C@@H]21,C1=CC2c3ccccc3OCC2CC1,1
random,CCc1c(C(=O)NC2C(C)(C)[C@@H]3CC[C@@]2(C)C3)c2cccc(OC)c2n1CCN1CCOCC1,O=C(NC1CC2CCC1C2)c1cn(CCN2CCOCC2)c2ccccc12,1
random,CCc1c(C(=O)NC2CCCCC2)nn(-c2ccc(Cl)c(Cl)c2)c1-n1c(C)ccc1C,O=C(NC1CCCCC1)c1cc(-n2cccc2)n(-c2ccccc2)n1,1
random,CCc1c(C(=O)NC2CCCCC2)nn(-c2ccc(Cl)c(Cl)c2)c1-n1cccc1,O=C(NC1CCCCC1)c1cc(-n2cccc2)n(-c2ccccc2)n1,1
random,CCc1c(C(=O)NCc2ccc(Cl)c(Cl)c2)nn(-c2ccc(Cl)c(Cl)c2)c1-n1c(C)ccc1C,O=C(NCc1ccccc1)c1cc(-n2cccc2)n(-c2ccccc2)n1,1
random,CCc1c(C(=O)NCc2ccc(Cl)c(Cl)c2)nn(-c2ccc(Cl)cc2Cl)c1-n1c(C)ccc1C,O=C(NCc1ccccc1)c1cc(-n2cccc2)n(-c2ccccc2)n1,1
random,CCc1c(C(=O)NN2CCCCC2)nn(-c2ccc(Cl)cc2Cl)c1-c1ccc(Br)cc1,O=C(NN1CCCCC1)c1cc(-c2ccccc2)n(-c2ccccc2)n1,1
random,CCc1c(C)cc(C(=O)NC2(C(=O)O)CCCCC2)c(=O)n1Cc1ccc(F)cc1,O=C(NC1CCCCC1)c1cccn(Cc2ccccc2)c1=O,1
random,CCc1c(C)sc(NC(=O)C23CC4CC(CC(C4)C2)C3)c1C(=O)OC,O=C(Nc1cccs1)C12CC3CC(CC(C3)C1)C2,1
random,CCc1cc2c(cc1O)OC1=C(CC[C@@H](C)C1)C2(C)C,c1ccc2c(c1)CC1=C(CCCC1)O2,1
random,CCc1ccc(C(=O)c2cc(O)c(-c3cc(Cl)cc(Cl)c3)c(O)c2)cc1,O=C(c1ccccc1)c1ccc(-c2ccccc2)cc1,1
random,CCc1nc(C(=O)NC23CC4CC(CC(C4)C2)C3)c(C)n1-c1ccccc1,O=C(NC12CC3CC(CC(C3)C1)C2)c1cn(-c2ccccc2)cn1,1
random,CN(C)C1(c2nc(-c3cc(C(C)(C)C)c(O)c(C(C)(C)C)c3)cs2)CCSCC1,c1ccc(-c2csc(C3CCSCC3)n2)cc1,1
random,CN(C)CCNC(=O)C(C)(C)NC(=O)c1cc2c(n(CC3CCCCC3)c1=O)CCCCCC2,O=c1ccc2c(n1CC1CCCCC1)CCCCCC2,1
random,CN(C)c1ccc(/C=C2\N=C3SCCCN3C2=O)cc1,O=C1C(=Cc2ccccc2)N=C2SCCCN12,1
random,CN(CCCCCCCOc1ccc(-c2oc3ccccc3c2C(=O)c2ccc(OCCN3CCOCC3)cc2)cc1)Cc1ccccc1,O=C(c1ccc(OCCN2CCOCC2)cc1)c1c(-c2ccc(OCCCCCCCNCc3ccccc3)cc2)oc2ccccc12,1
random,CN(CCO)C(=O)C(C)(C)NC(=O)c1cc2c(n(CC3CCCCC3)c1=O)CCCCCC2,O=c1ccc2c(n1CC1CCCCC1)CCCCCC2,1
random,CN(Cc1ccccc1)C(=O)N1CC(O[C@@H](c2ccc(Cl)cc2)c2cccnc2Cl)C1,O=C(NCc1ccccc1)N1CC(OC(c2ccccc2)c2cccnc2)C1,1
random,CN(Cc1ccccc1)S(=O)(=O)c1cc(C(=O)NCC(C)(C)C)ccc1Br,O=S(=O)(NCc1ccccc1)c1ccccc1,1
random,CN1C(=O)CC[C@H]1COc1ccc(C(F)(F)F)cc1C(=O)/N=c1\sc(C(C)(C)C)cn1C[C@H]1CCCO1,O=C1CCC(COc2ccccc2C(=O)N=c2sccn2CC2CCCO2)N1,1
random,CN1CCC(COc2ccc(C(F)(F)F)cc2C(=O)/N=c2\sc(C(C)(C)C)cn2C[C@H]2CCCO2)CC1,O=C(N=c1sccn1CC1CCCO1)c1ccccc1OCC1CCNCC1,1
random,CN1CCC[C@H]1CNc1ccc(C(F)(F)F)cc1C(=O)/N=c1\sc(C(C)(C)C)cn1C[C@H]1CCCO1,O=C(N=c1sccn1CC1CCCO1)c1ccccc1NCC1CCCN1,1
random,CN1CCC[C@H]1COc1ccc(C#N)cc1C(=O)/N=c1\sc(C(C)(C)C)cn1C[C@H]1CCCO1,O=C(N=c1sccn1CC1CCCO1)c1ccccc1OCC1CCCN1,1
random,CN1CCC[C@H]1COc1ccc(C(F)(F)F)cc1C(=O)/N=c1\sc(C(C)(C)C)cn1CC1(O)CCC1,O=C(N=c1sccn1CC1CCC1)c1ccccc1OCC1CCCN1,1
random,CO/C=C\[C@@H]1CC[C@@H]2[C@@H](C1)c1c(O)cc(C34CC5CC(CC(C5)C3)C4)cc1OC2(C)C,c1cc2c(cc1C13CC4CC(CC(C4)C1)C3)OCC1CCCCC21,1
random,COC(=O)CCCCOc1cccc2c(C(=O)c3ccc(OC)cc3)cn(CC3CCOCC3)c12,O=C(c1ccccc1)c1cn(CC2CCOCC2)c2ccccc12,1
random,COC(=O)Cn1nnc(Cc2ccc(-c3ccccc3)cc2)n1,c1ccc(-c2ccc(Cc3nn[nH]n3)cc2)cc1,1
random,COC(=O)c1c(C)noc1NC(=O)C12CC3CC(CC(C3)C1)C2,O=C(Nc1ccno1)C12CC3CC(CC(C3)C1)C2,1
random,COC(=O)c1cc(O)c(-c2cc(C)cc(C)c2)c(O)c1,c1ccc(-c2ccccc2)cc1,1
random,COC1CN(c2ccc(C(=O)NCC3(O)CCCCC3)nc2OCC2CC2)C1,O=C(NCC1CCCCC1)c1ccc(N2CCC2)c(OCC2CC2)n1,1
random,COCC(=O)NC1CCCOc2c1nn(-c1ccccc1Cl)c2-c1ccc(Cl)cc1,c1ccc(-c2c3c(nn2-c2ccccc2)CCCCO3)cc1,1
random,COCCCn1cc(C(=O)C2C(C)(C)C2(C)C)c2ccccc21,O=C(c1c[nH]c2ccccc12)C1CC1,1
random,COCCNC(=O)c1c(NC(=O)c2c(F)cccc2C(F)(F)F)sc2c1CCOC2,O=C(Nc1cc2c(s1)COCC2)c1ccccc1,1
random,COCCOCC(C)(C)c1cc(NC(=O)c2ccc(C3CCCC3)c(OCC3CC3)n2)on1,O=C(Nc1ccno1)c1ccc(C2CCCC2)c(OCC2CC2)n1,1
random,COCCn1cc(C(=O)C2C(C)(C)C2(C)C)c2ccccc21,O=C(c1c[nH]c2ccccc12)C1CC1,1
random,COCCn1cc(C(=O)N[C@@H]2C(C)(C)C3CC[C@]2(C)C3)c(=O)c2ccc(Sc3ccccc3)cc21,O=C(NC1CC2CCC1C2)c1c[nH]c2cc(Sc3ccccc3)ccc2c1=O,1
random,COCCn1cc(C(=O)c2cccc3ccccc23)c2cccnc21,O=C(c1cccc2ccccc12)c1c[nH]c2ncccc12,1
random,COCc1ccc2c(c1)c(C(=O)C1C(C)(C)C1(C)C)cn2CC1CCOCC1,O=C(c1cn(CC2CCOCC2)c2ccccc12)C1CC1,1
random,COc1c(C)c(C)c2oc(=O)c(Cc3ccccc3C)cc2c1C,O=c1oc2ccccc2cc1Cc1ccccc1,1
random,COc1c(C)cc(-c2ccccc2)cc1C(=O)NC1CCCCCC1,O=C(NC1CCCCCC1)c1cccc(-c2ccccc2)c1,1
random,COc1c(Cc2ccc(F)cc2)cc(-c2ccccc2)cc1C(=O)N[C@H]1CC[C@@H](C)CC1,O=C(NC1CCCCC1)c1cc(Cc2ccccc2)cc(-c2ccccc2)c1,1
random,COc1c(Cc2ccccc2)cc(-c2ccccc2)cc1C(=O)N[C@H]1CC[C@H](C)CC1,O=C(NC1CCCCC1)c1cc(Cc2ccccc2)cc(-c2ccccc2)c1,1
random,COc1cc(C)cc2oc(=O)c(Cc3ccccc3Cl)cc12,O=c1oc2ccccc2cc1Cc1ccccc1,1
random,COc1cc2c(cc1O)c(C(=O)C1C(C)(C)C1(C)C)cn2CC1CCOCC1,O=C(c1cn(CC2CCOCC2)c2ccccc12)C1CC1,1
random,COc1cc2c(cc1OCc1ccccc1)c(C(=O)C1C(C)(C)C1(C)C)cn2CC1CCOCC1,O=C(c1cn(CC2CCOCC2)c2ccc(OCc3ccccc3)cc12)C1CC1,1
random,COc1ccc(-c2oc3ccccc3c2C(=O)c2ccc(NCc3ccc(F)cc3)cc2)cc1,O=C(c1ccc(NCc2ccccc2)cc1)c1c(-c2ccccc2)oc2ccccc12,1
random,COc1ccc(C(=O)c2cn(CC3CCOCC3)c3c(OCCCCC(=O)O)cccc23)cc1,O=C(c1ccccc1)c1cn(CC2CCOCC2)c2ccccc12,1
random,COc1ccc(C(=O)c2cn(CC3CCOCC3)c3c(OCCCCCCNC(C)=O)cccc23)cc1,O=C(c1ccccc1)c1cn(CC2CCOCC2)c2ccccc12,1
random,COc1ccc(C(=O)n2c(C3CCCCC3)nc3ccccc32)cc1,O=C(c1ccccc1)n1c(C2CCCCC2)nc2ccccc21,1
random,COc1ccc(C(C(=O)NCCC(c2ccccc2)c2ccccc2)c2ccccc2)cc1,O=C(NCCC(c1ccccc1)c1ccccc1)C(c1ccccc1)c1ccccc1,1
random,COc1ccc(CCNC(=O)c2nn(-c3ccc(Cl)cc3Cl)c(-n3cccc3)c2C)cc1Cl,O=C(NCCc1ccccc1)c1cc(-n2cccc2)n(-c2ccccc2)n1,1
random,COc1ccc(COc2n[nH]c3ccc([N+](=O)[O-])cc23)cc1,c1ccc(COc2n[nH]c3ccccc23)cc1,1
random,COc1ccc(COc2nn(CCN(C(C)C)C(C)C)c3ccc([N+](=O)[O-])cc23)cc1,c1ccc(COc2n[nH]c3ccccc23)cc1,1
random,COc1ccc(OC)c(N(CC(=O)NCc2ccncc2)S(=O)(=O)c2ccc(C)cc2)c1,O=C(CN(c1ccccc1)S(=O)(=O)c1ccccc1)NCc1ccncc1,1
random,COc1ccc2c(c1)OC(C)(C)c1cnn(CNC(=O)CN3CCN(c4ccccc4)CC3)c1-2,O=C(CN1CCN(c2ccccc2)CC1)NCn1ncc2c1-c1ccccc1OC2,1
random,COc1cccc(C(=O)NC23CC4CC(CC(C4)C2)C3)c1OC,O=C(NC12CC3CC(CC(C3)C1)C2)c1ccccc1,1
random,COc1cccc2c(-c3nsc(CN4CCN(CC(N)=O)CC4)n3)cn(CC3CCOCC3)c12,c1ccc2c(c1)c(-c1nsc(CN3CCNCC3)n1)cn2CC1CCOCC1,1
random,COc1cccc2c(=O)c(C(=O)NC34CC5CC(CC(C5)C3)C4)cn(CCOCC[18F])c12,O=C(NC12CC3CC(CC(C3)C1)C2)c1c[nH]c2ccccc2c1=O,1
random,COc1cccc2c(C(=O)C3C(C)(C)C3(C)C)cn(CC3CCOCC3)c12,O=C(c1cn(CC2CCOCC2)c2ccccc12)C1CC1,1
random,COc1ccccc1/N=C1\OCC2(CCCCC2)CN1C(=S)SC,c1ccc(N=C2NCC3(CCCCC3)CO2)cc1,1
random,COc1ccccc1Cc1cc2c(ccc3ccccc32)oc1=O,O=c1oc2ccc3ccccc3c2cc1Cc1ccccc1,1
random,COc1ccccc1Cn1ccc2c(c1=O)c1cccc(OC)c1n2CCN1CCOCC1,O=c1c2c3ccccc3n(CCN3CCOCC3)c2ccn1Cc1ccccc1,1
random,CS(=O)(=O)N1CCN(c2ncnc3c2nc(-c2ccccc2Cl)n3-c2ccc(Cl)cc2)CC1,c1ccc(-c2nc3c(N4CCNCC4)ncnc3n2-c2ccccc2)cc1,1
random,CSC(=O)N1CC2(CCCCC2)CN/C1=N\c1cccc2ccccc12,c1ccc2c(N=C3NCC4(CCCCC4)CN3)cccc2c1,1
random,CSC(=S)N1CC(C)(C)CS/C1=N\c1cccc(C(C)C)c1,c1ccc(N=C2NCCCS2)cc1,1
random,CSC(=S)N1CC2(CCCCC2)CO/C1=N\c1cccc2c1CCCC2,c1cc2c(c(N=C3NCC4(CCCCC4)CO3)c1)CCCC2,1
random,CSC(=S)N1CC2(CCCCC2)CS/C1=N\c1ccc2c(c1)CCCC2,c1cc2c(cc1N=C1NCC3(CCCCC3)CS1)CCCC2,1
random,CSC(=S)N1CC2(CCCCC2)CS/C1=N\c1cccc2c1CCC2,c1cc2c(c(N=C3NCC4(CCCCC4)CS3)c1)CCC2,1
random,CSC(=S)N1CC2(CCCCC2)CS/C1=N\c1cccc2ncccc12,c1cc(N=C2NCC3(CCCCC3)CS2)c2cccnc2c1,1
random,CSC(=S)N1CC2(CCCCC2)CS/C1=N\c1cccc2nsnc12,c1cc(N=C2NCC3(CCCCC3)CS2)c2nsnc2c1,1
random,CSC1=NC(=O)/C(=C/c2cccc(OCc3ccc(Cl)cc3)c2)N1,O=C1N=CNC1=Cc1cccc(OCc2ccccc2)c1,1
random,CSSC1CCN(c2nc(C(F)(F)c3ccccc3)nc3c2nnn3Cc2ccccc2Cl)C1,c1ccc(Cc2nc(N3CCCC3)c3nnn(Cc4ccccc4)c3n2)cc1,1
random,C[C@@H]1CCC2=C(C1)Oc1cc(O)ccc1C2(C)C,c1ccc2c(c1)CC1=C(CCCC1)O2,1
random,C[C@H](NS(C)(=O)=O)c1ccc(S(=O)(=O)c2ccc(Cl)cc2S(=O)(=O)c2ccccc2OC(F)(F)F)cc1,O=S(=O)(c1ccccc1)c1ccccc1S(=O)(=O)c1ccccc1,1
random,C[C@H](NS(C)(=O)=O)c1ccc(S(=O)(=O)c2ccc(O)cc2S(=O)(=O)c2ccc(Cl)cc2)cc1,O=S(=O)(c1ccccc1)c1ccccc1S(=O)(=O)c1ccccc1,1
random,C[C@H]1CC(CNS(=O)(=O)C(F)(F)F)CCN1S(=O)(=O)c1ccc(Cl)cc1S(=O)(=O)c1ccccc1F,O=S(=O)(c1ccccc1)c1ccccc1S(=O)(=O)N1CCCCC1,1
random,C[C@H]1CC[C@@H](NC(=O)c2cc3cccnc3n(Cc3ccccc3)c2=O)CC1,O=C(NC1CCCCC1)c1cc2cccnc2n(Cc2ccccc2)c1=O,1
random,C[C@H]1CC[C@H](NC(=O)c2cc3cc(Br)cnc3n(Cc3ccc(F)cc3)c2=O)CC1,O=C(NC1CCCCC1)c1cc2cccnc2n(Cc2ccccc2)c1=O,1
random,C[C@H]1COc2cccc3c(=O)c(C(=O)NC45CC6CC(CC(C6)C4)C5)cn1c23,O=C(NC12CC3CC(CC(C3)C1)C2)c1cn2c3c(cccc3c1=O)OCC2,1
random,C[S+]([O-])c1c(C(=O)NN2CCCCC2)nn(-c2ccc(Cl)cc2Cl)c1-c1ccc(Cl)cc1,O=C(NN1CCCCC1)c1cc(-c2ccccc2)n(-c2ccccc2)n1,1
random,Cc1c(-c2ccc(F)cc2)cc(C(=O)NC2CCCCCC2)c(=O)n1Cc1ccc(F)cc1,O=C(NC1CCCCCC1)c1cc(-c2ccccc2)cn(Cc2ccccc2)c1=O,1
random,Cc1c(C(=O)NC(C)(C)C)nn(-c2ccc(Cl)cc2Cl)c1-n1c(C)ccc1C,c1ccc(-n2nccc2-n2cccc2)cc1,1
random,Cc1c(C(=O)NC(C)C)nn(-c2ccc(Cl)cc2Cl)c1-n1cccc1,c1ccc(-n2nccc2-n2cccc2)cc1,1
random,Cc1c(C(=O)NC2CCCC2)oc2ccc(S(=O)(=O)N3CC(C)CC(C)C3)cc12,O=C(NC1CCCC1)c1cc2cc(S(=O)(=O)N3CCCCC3)ccc2o1,1
random,Cc1c(C(=O)NC2CCCCC2)nn(-c2ccc(Cl)c(Cl)c2)c1-n1cccc1Cl,O=C(NC1CCCCC1)c1cc(-n2cccc2)n(-c2ccccc2)n1,1
random,Cc1c(C(=O)NC2CCCCC2)nn(-c2ccc(Cl)cc2Cl)c1-n1cccc1,O=C(NC1CCCCC1)c1cc(-n2cccc2)n(-c2ccccc2)n1,1
random,Cc1c(C(=O)NC2CCCCCC2)nn(-c2ccc(Cl)c(Cl)c2)c1-n1cccc1,O=C(NC1CCCCCC1)c1cc(-n2cccc2)n(-c2ccccc2)n1,1
random,Cc1c(C(=O)NC2CCCCCC2)nn(-c2ccc(Cl)cc2Cl)c1-n1c(C)ccc1C,O=C(NC1CCCCCC1)c1cc(-n2cccc2)n(-c2ccccc2)n1,1
random,Cc1c(C(=O)NC2CCCCCC2)nn(-c2ccc(F)cc2F)c1-n1c(C)ccc1C,O=C(NC1CCCCCC1)c1cc(-n2cccc2)n(-c2ccccc2)n1,1
random,Cc1c(C(=O)NC2CCN(C(=O)C3CCCC3)CC2)nn(-c2ccc(Cl)cc2Cl)c1-c1ccc(Cl)cc1,O=C(NC1CCN(C(=O)C2CCCC2)CC1)c1cc(-c2ccccc2)n(-c2ccccc2)n1,1
random,Cc1c(C(=O)NCC2CCCCC2)nn(-c2ccc(Cl)cc2)c1-n1cccc1,O=C(NCC1CCCCC1)c1cc(-n2cccc2)n(-c2ccccc2)n1,1
random,Cc1c(C(=O)NCCCCCCCNCCCCCCCN)nn(-c2ccc(Cl)cc2Cl)c1-c1ccc(Cl)cc1,c1ccc(-c2ccnn2-c2ccccc2)cc1,1
random,Cc1c(C(=O)NCCCCCCCNCCCCCCCNC(=O)c2nn(-c3ccc(Cl)cc3Cl)c(-c3ccc(Cl)cc3)c2C)nn(-c2ccc(Cl)cc2Cl)c1-c1ccc(Cl)cc1,O=C(NCCCCCCCNCCCCCCCNC(=O)c1cc(-c2ccccc2)n(-c2ccccc2)n1)c1cc(-c2ccccc2)n(-c2ccccc2)n1,1
random,Cc1c(C(=O)NCCCCCCCNS(C)(=O)=O)nn(-c2ccc(Cl)cc2Cl)c1-c1ccc(Cl)cc1,c1ccc(-c2ccnn2-c2ccccc2)cc1,1
random,Cc1c(C(=O)NCCc2ccc(Cl)c(Cl)c2)nn(-c2ccc(F)cc2F)c1-n1cccc1,O=C(NCCc1ccccc1)c1cc(-n2cccc2)n(-c2ccccc2)n1,1
random,Cc1c(C(=O)NCCc2ccc(Cl)cc2Cl)nn(-c2ccc(F)cc2F)c1-n1cccc1,O=C(NCCc1ccccc1)c1cc(-n2cccc2)n(-c2ccccc2)n1,1
random,Cc1c(C(=O)NC[C@H]2C[C@@H]3C[C@H](C2)C3(C)C)ncn1-c1ccccc1,O=C(NCC1CC2CC(C1)C2)c1cn(-c2ccccc2)cn1,1
random,Cc1c(C(=O)NCc2ccc(Cl)c(Cl)c2)nn(-c2ccc(Cl)c(Cl)c2)c1-n1c(Cl)ccc1Cl,O=C(NCc1ccccc1)c1cc(-n2cccc2)n(-c2ccccc2)n1,1
random,Cc1c(C(=O)NCc2ccc(Cl)c(Cl)c2)nn(-c2ccc(Cl)cc2Cl)c1-n1cc2c(c1)CCCC2,O=C(NCc1ccccc1)c1cc(-n2cc3c(c2)CCCC3)n(-c2ccccc2)n1,1
random,Cc1c(C(=O)NN2CCCCC2)nn(-c2ccc(Cl)cc2)c1-n1cccc1,O=C(NN1CCCCC1)c1cc(-n2cccc2)n(-c2ccccc2)n1,1
random,Cc1c(C(=O)N[C@H]2CC[C@H](O)CC2)nc(-c2ccc(Cl)cc2Cl)n1-c1ccc(Cl)cc1,O=C(NC1CCCCC1)c1cn(-c2ccccc2)c(-c2ccccc2)n1,1
random,Cc1c(C(=O)Nc2ccc(Cl)cc2)nn(-c2ccc(Cl)c(Cl)c2)c1-n1cccc1,O=C(Nc1ccccc1)c1cc(-n2cccc2)n(-c2ccccc2)n1,1
random,Cc1c(CCN2CCOCC2)c2cc(OCC[18F])ccc2n1C(=O)c1cccc(Cl)c1Cl,O=C(c1ccccc1)n1cc(CCN2CCOCC2)c2ccccc21,1
random,Cc1c(F)cc(C(=O)NC2CCCCCC2)c(=O)n1Cc1ccc(F)cc1,O=C(NC1CCCCCC1)c1cccn(Cc2ccccc2)c1=O,1
random,Cc1c2c(n(-c3ccc(Cl)cc3Cl)c1-c1ccc(Cl)cc1)CCN(N1CCCCC1)C2=O,O=C1c2cc(-c3ccccc3)n(-c3ccccc3)c2CCN1N1CCCCC1,1
random,Cc1cc(-c2cc(C(=O)N[C@H]3CC[C@H](C)CC3)c(=O)n(Cc3ccc(F)cc3)n2)ccc1Cl,O=C(NC1CCCCC1)c1cc(-c2ccccc2)nn(Cc2ccccc2)c1=O,1
random,Cc1cc(C(=O)NCCc2ccccc2)c(C)n1-c1ccccc1,O=C(NCCc1ccccc1)c1ccn(-c2ccccc2)c1,1
random,Cc1cc(C)cc(-c2ccc(C(C)(C)CCCCCO)cc2O)c1,c1ccc(-c2ccccc2)cc1,1
random,Cc1cc(C)cc(-c2ccc(C(C)(C)CCCO)cc2O)c1,c1ccc(-c2ccccc2)cc1,1
random,Cc1cc(Cl)ccc1-c1c(C)c(C(=O)NN2CCCCC2)nn1-c1c(Cl)cc(Cl)cc1Cl,O=C(NN1CCCCC1)c1cc(-c2ccccc2)n(-c2ccccc2)n1,1
random,Cc1cc(NC(=O)C(C)(C)C)cc(S(=O)(=O)N2CCOCC2)c1C,O=S(=O)(c1ccccc1)N1CCOCC1,1
random,Cc1cc2c3c(c1)c(=O)c(C(=O)NC1CCCCC1)cn3C(c1ccccc1)CO2,O=C(NC1CCCCC1)c1cn2c3c(cccc3c1=O)OCC2c1ccccc1,1
random,Cc1ccc(-c2cc(C(=O)NC34CC5CC(CC(C5)C3)C4)c(=O)n(C3CCCC3)n2)cc1Cl,O=C(NC12CC3CC(CC(C3)C1)C2)c1cc(-c2ccccc2)nn(C2CCCC2)c1=O,1
random,Cc1ccc(-c2cc(C(C)(C)C)[nH]n2)cc1S(=O)(=O)N1CCOCC1,O=S(=O)(c1cccc(-c2cc[nH]n2)c1)N1CCOCC1,1
random,Cc1ccc(-c2n[nH]c(C(C)(C)C)n2)cc1S(=O)(=O)N1CCOCC1,O=S(=O)(c1cccc(-c2nc[nH]n2)c1)N1CCOCC1,1
random,Cc1ccc(-c2nc(CC3CCCCC3)cs2)cc1S(=O)(=O)N1CCOCC1,O=S(=O)(c1cccc(-c2nc(CC3CCCCC3)cs2)c1)N1CCOCC1,1
random,Cc1ccc(C(=O)NC2C(C)(C)[C@@H]3CC[C@@]2(C)C3)cc1CN1CCOCC1,O=C(NC1CC2CCC1C2)c1cccc(CN2CCOCC2)c1,1
random,Cc1ccc(C(=O)NC2C3CC4CC(C3)CC2C4)cc1S(=O)(=O)N1CCOCC1,O=C(NC1C2CC3CC(C2)CC1C3)c1cccc(S(=O)(=O)N2CCOCC2)c1,1
random,Cc1ccc(C(=O)N[C@H]2CC3CC[C@@]2(C)C3(C)C)cc1S(=O)(=O)N1CCOCC1,O=C(NC1CC2CCC1C2)c1cccc(S(=O)(=O)N2CCOCC2)c1,1
random,Cc1ccc(C(=O)Oc2cccc3cccnc23)cc1S(=O)(=O)N1CCCCC1,O=C(Oc1cccc2cccnc12)c1cccc(S(=O)(=O)N2CCCCC2)c1,1
random,Cc1ccc(C(C(=O)NCCC(c2ccccc2)c2ccccc2)c2ccccc2)cc1,O=C(NCCC(c1ccccc1)c1ccccc1)C(c1ccccc1)c1ccccc1,1
random,Cc1ccc(C(NC(=O)Cc2ccc(Cl)cc2)NC(=O)Cc2ccc(Cl)cc2)cc1,O=C(Cc1ccccc1)NC(NC(=O)Cc1ccccc1)c1ccccc1,1
random,Cc1ccc(C(NC(=O)Cc2ccccc2)NC(=O)Cc2ccccc2)cc1,O=C(Cc1ccccc1)NC(NC(=O)Cc1ccccc1)c1ccccc1,1
random,Cc1ccc(Cn2cc(C(=O)NC[C@@H]3CCC4C[C@@H]3C4(C)C)cc2-c2ccc(Cl)c(C)c2)cc1,O=C(NCC1CCC2CC1C2)c1cc(-c2ccccc2)n(Cc2ccccc2)c1,1
random,Cc1ccc(Cn2cc(C(=O)N[C@@H](C)C3CCCCC3)cc2-c2ccc(Cl)c(C)c2)cc1,O=C(NCC1CCCCC1)c1cc(-c2ccccc2)n(Cc2ccccc2)c1,1
random,Cc1ccc(Cn2cc(C(=O)N[C@@H]3C(C)(C)C4CC[C@@]3(C)C4)cc2-c2ccc(Cl)c(C)c2)cc1,O=C(NC1CC2CCC1C2)c1cc(-c2ccccc2)n(Cc2ccccc2)c1,1
random,Cc1ccc(Cn2cc(C(=O)N[C@@H]3C(C)(C)[C@@H]4CC[C@@]3(C)C4)cc2-c2ccc(Cl)c(C)c2)cc1,O=C(NC1CC2CCC1C2)c1cc(-c2ccccc2)n(Cc2ccccc2)c1,1
random,Cc1ccc(Cn2nc(C(=O)NCC3CCC4CC3C4(C)C)c3c2-c2cc(Cl)ccc2CCC3)cc1,O=C(NCC1CCC2CC1C2)c1nn(Cc2ccccc2)c2c1CCCc1ccccc1-2,1
random,Cc1ccc(NC(=O)C(C(C)(C)C)C(C)(C)C)cc1S(=O)(=O)N1CCOCC1,O=S(=O)(c1ccccc1)N1CCOCC1,1
random,Cc1ccc(NC(=O)C(C)(C(F)(F)F)C(F)(F)F)cc1CN1CCOCC1,c1ccc(CN2CCOCC2)cc1,1
random,Cc1ccc(NC(=O)C2CCCCC2(C)C)cc1S(=O)(=O)N1CCOCC1,O=C(Nc1cccc(S(=O)(=O)N2CCOCC2)c1)C1CCCCC1,1
random,Cc1ccc(NC(=O)C2CCCCC2C)cc1CN1CCOCC1,O=C(Nc1cccc(CN2CCOCC2)c1)C1CCCCC1,1
random,Cc1ccc(NC(=O)c2nn(-c3ccc(Cl)cc3Cl)c(-c3ccc(Cl)cc3)c2C)cn1,O=C(Nc1cccnc1)c1cc(-c2ccccc2)n(-c2ccccc2)n1,1
random,Cc1ccc(S(=O)(=O)N(Cc2ccc(N3CCCCC3)cc2)c2ccccc2)cc1,O=S(=O)(c1ccccc1)N(Cc1ccc(N2CCCCC2)cc1)c1ccccc1,1
random,Cc1cccc(Cn2cc(C(=O)N[C@@H]3C(C)(C)C4CC[C@]3(C)C4)c(=O)c3ccc(Sc4ccccc4)cc32)c1,O=C(NC1CC2CCC1C2)c1cn(Cc2ccccc2)c2cc(Sc3ccccc3)ccc2c1=O,1
random,Cc1ccccc1CN1CCN(c2ncnc3c2nc(-c2ccccc2Cl)n3-c2ccc(Cl)cc2)CC1,c1ccc(CN2CCN(c3ncnc4c3nc(-c3ccccc3)n4-c3ccccc3)CC2)cc1,1
random,Cc1nc(C(=O)NC23CC4CC(CC(C4)C2)C3)c(Cl)n1-c1ccccc1,O=C(NC12CC3CC(CC(C3)C1)C2)c1cn(-c2ccccc2)cn1,1
random,Cc1nc(C(=O)NC2C3CC4CC(C3)CC2C4)c(C)n1-c1ccccc1,O=C(NC1C2CC3CC(C2)CC1C3)c1cn(-c2ccccc2)cn1,1
random,Cc1nc(CN2CCN(c3ncnc4c3nc(-c3ccccc3Cl)n4-c3ccc(Cl)cc3)CC2)no1,c1ccc(-c2nc3c(N4CCN(Cc5ncon5)CC4)ncnc3n2-c2ccccc2)cc1,1
random,Cc1nc(N2CCN(C)CC2)c2nc(-c3ccccc3Cl)n([C@@H]3CCOC3)c2n1,c1ccc(-c2nc3c(N4CCNCC4)ncnc3n2C2CCOC2)cc1,1
random,Cc1nc(OCc2ccc(F)cc2)c(C(=O)NC2CCCCCC2)cc1-c1ccc(F)cc1,O=C(NC1CCCCCC1)c1cc(-c2ccccc2)cnc1OCc1ccccc1,1
random,Cc1ncsc1CCn1cc(C(=O)C2C(C)(C)C2(C)C)c2ccccc21,O=C(c1cn(CCc2cncs2)c2ccccc12)C1CC1,1
random,Cc1nonc1Cn1nnc2c(N3CCC(N=C=S)C3)nc(C(F)(F)c3ccccc3)nc21,c1ccc(Cc2nc(N3CCCC3)c3nnn(Cc4cnon4)c3n2)cc1,1
random,Cc1nonc1Cn1nnc2c(N3CCC4(C3)N=N4)nc(C(C)(C)C)nc21,c1nc(N2CCC3(C2)N=N3)c2nnn(Cc3cnon3)c2n1,1
random,Clc1ccc(-n2c(-c3ccccc3Cl)nc3c(N4CCC(c5nc6ccccc6[nH]5)CC4)ncnc32)cc1,c1ccc(-c2nc3c(N4CCC(c5nc6ccccc6[nH]5)CC4)ncnc3n2-c2ccccc2)cc1,1
random,Cn1c(C(C)(C)C)c/c(=N/C(=O)c2cc(C(F)(F)F)ccc2ONC(C)(C)C)n1CCC(F)(F)F,O=C(N=c1cc[nH][nH]1)c1ccccc1,1
random,Cn1cc2c(n1)c(O)c(C(=O)NC13CC4CC(CC(C4)C1)C3)c(=O)n2CCCCF,O=C(NC12CC3CC(CC(C3)C1)C2)c1cc2n[nH]cc2[nH]c1=O,1
random,FC(F)(F)c1cccc(-c2c[nH]c(-c3cccc(CN4CCOCC4)c3)n2)c1,c1ccc(-c2c[nH]c(-c3cccc(CN4CCOCC4)c3)n2)cc1,1
random,Fc1ccccc1CN1CCN(c2ncnc3c2nc(-c2ccccc2Cl)n3-c2ccc(Cl)cc2)CC1,c1ccc(CN2CCN(c3ncnc4c3nc(-c3ccccc3)n4-c3ccccc3)CC2)cc1,1
random,Fc1ccccc1CSc1nnc2c3ccccc3n(Cc3ccccc3)c2n1,c1ccc(CSc2nnc3c4ccccc4n(Cc4ccccc4)c3n2)cc1,1
random,N#C/C(=C\c1cn(CCN2CCCCC2)c2ccccc12)S(=O)(=O)c1ccccc1,O=S(=O)(C=Cc1cn(CCN2CCCCC2)c2ccccc12)c1ccccc1,1
random,N#CC(c1ccccc1)N1CCN(c2ncnc3c2nc(-c2ccccc2Cl)n3-c2ccc(Cl)cc2)CC1,c1ccc(CN2CCN(c3ncnc4c3nc(-c3ccccc3)n4-c3ccccc3)CC2)cc1,1
random,N#Cc1ccccc1CSc1nnc2c(n1)[nH]c1ccccc12,c1ccc(CSc2nnc3c(n2)[nH]c2ccccc23)cc1,1
random,N#Cc1ccccc1CSc1nnc2c3ccccc3n(C(=O)C3CCCC3)c2n1,O=C(C1CCCC1)n1c2ccccc2c2nnc(SCc3ccccc3)nc21,1
random,N/C(=N/C(=N/S(=O)(=O)N1CCCCC1)N1CC(c2ccccc2)C(c2ccc(Cl)cc2)=N1)c1ccc(Cl)cc1,O=S(=O)(N=C(N=Cc1ccccc1)N1CC(c2ccccc2)C(c2ccccc2)=N1)N1CCCCC1,1
random,N/C(=N\C(=N\S(=O)(=O)N1CCC(C(F)(F)F)CC1)N1CC(c2ccccc2)C(c2ccc(Cl)cc2)=N1)c1ccc(F)cc1,O=S(=O)(N=C(N=Cc1ccccc1)N1CC(c2ccccc2)C(c2ccccc2)=N1)N1CCCCC1,1
random,Nc1ccc2c(c1)c(OCc1cccc3ccccc13)nn2CCN1CCCC1,c1ccc2c(COc3nn(CCN4CCCC4)c4ccccc34)cccc2c1,1
random,Nc1ccc2c(c1)c(OCc1ccccc1)nn2Cc1ccccc1,c1ccc(COc2nn(Cc3ccccc3)c3ccccc23)cc1,1
random,O=C(C1C2CC3CC(C2)CC1C3)N1CCc2ccccc21,O=C(C1C2CC3CC(C2)CC1C3)N1CCc2ccccc21,1
random,O=C(C1CCCCC1)N1CCN(C(c2ccccc2)c2ccccc2)CC1,O=C(C1CCCCC1)N1CCN(C(c2ccccc2)c2ccccc2)CC1,1
random,O=C(C1COc2ccccc2O1)N1CCN(c2ncnc3c2nc(-c2ccccc2Cl)n3-c2ccc(Cl)cc2)CC1,O=C(C1COc2ccccc2O1)N1CCN(c2ncnc3c2nc(-c2ccccc2)n3-c2ccccc2)CC1,1
random,O=C(CCc1nc(-c2ccc(Cl)cc2)no1)Nc1ccc2c(c1)c1ccccc1n2CCF,O=C(CCc1nc(-c2ccccc2)no1)Nc1ccc2[nH]c3ccccc3c2c1,1
random,O=C(CCc1nc(-c2ccc(F)cc2)no1)Nc1ccc2c(c1)c1ccccc1n2CCO,O=C(CCc1nc(-c2ccccc2)no1)Nc1ccc2[nH]c3ccccc3c2c1,1
random,O=C(CCc1nc(-c2ccc(F)cc2Br)no1)Nc1ccc2c(c1)c1ccccc1n2CCF,O=C(CCc1nc(-c2ccccc2)no1)Nc1ccc2[nH]c3ccccc3c2c1,1
random,O=C(CCc1nc(-c2ccc(F)cc2Br)no1)Nc1ccc2c(c1)c1ccccc1n2CCO,O=C(CCc1nc(-c2ccccc2)no1)Nc1ccc2[nH]c3ccccc3c2c1,1
random,O=C(Cc1ccc(Cl)cc1)NCCC(c1ccccc1)c1ccccc1,O=C(Cc1ccccc1)NCCC(c1ccccc1)c1ccccc1,1
random,O=C(Cc1ccccc1)NC(/C=C/c1ccccc1)NC(=O)Cc1ccccc1,O=C(Cc1ccccc1)NC(C=Cc1ccccc1)NC(=O)Cc1ccccc1,1
random,O=C(Cc1ccccc1)NC(NC(=O)Cc1ccccc1)c1ccc(C(F)(F)F)cc1,O=C(Cc1ccccc1)NC(NC(=O)Cc1ccccc1)c1ccccc1,1
random,O=C(Cc1ccccc1)NC(NC(=O)Cc1ccccc1)c1cccc(F)c1,O=C(Cc1ccccc1)NC(NC(=O)Cc1ccccc1)c1ccccc1,1
random,O=C(Cc1ccccc1)NC(NC(=O)Cc1ccccc1)c1ccccc1F,O=C(Cc1ccccc1)NC(NC(=O)Cc1ccccc1)c1ccccc1,1
random,O=C(N1CCc2ccc(C(F)(F)F)cc21)C12CC3CC(CC(C3)C1)C2,O=C(N1CCc2ccccc21)C12CC3CC(CC(C3)C1)C2,1
random,O=C(NC1(C(=O)O)CCCC1)c1cc2c(n(CC3CCCCC3)c1=O)CCCCCC2,O=C(NC1CCCC1)c1cc2c(n(CC3CCCCC3)c1=O)CCCCCC2,1
random,O=C(NC1(C(=O)O)CCCCC1)c1cc2c(n(Cc3ccc(F)cc3)c1=O)CCCCCC2,O=C(NC1CCCCC1)c1cc2c(n(Cc3ccccc3)c1=O)CCCCCC2,1
random,O=C(NC12CC3CC(CC(C3)C1)C2)c1cc(-c2ccccc2)nn(C2CCCC2)c1=O,O=C(NC12CC3CC(CC(C3)C1)C2)c1cc(-c2ccccc2)nn(C2CCCC2)c1=O,1
random,O=C(NC12CC3CC(CC(C3)C1)C2)c1ccccc1OCc1ccccc1,O=C(NC12CC3CC(CC(C3)C1)C2)c1ccccc1OCc1ccccc1,1
random,O=C(NC12CC3CC(CC(C3)C1)C2)c1cccn1Cc1ccc(F)cc1,O=C(NC12CC3CC(CC(C3)C1)C2)c1cccn1Cc1ccccc1,1
random,O=C(NC12CC3CC(CC(C3)C1)C2)c1nn(CCN2CCOCC2)c2ccccc12,O=C(NC12CC3CC(CC(C3)C1)C2)c1nn(CCN2CCOCC2)c2ccccc12,1
random,O=C(NC1CCC1)[C@@H]1CC[C@@H](c2ccc(Cl)cc2Cl)N(c2ccc(Cl)cc2)C1,O=C(NC1CCC1)C1CCC(c2ccccc2)N(c2ccccc2)C1,1
random,O=C(NC1CCCC1)N1CCN(c2ncnc3c2nc(-c2ccccc2Cl)n3-c2ccc(Cl)cc2)CC1,O=C(NC1CCCC1)N1CCN(c2ncnc3c2nc(-c2ccccc2)n3-c2ccccc2)CC1,1
random,O=C(NC1CCCCC1)N1CCN(C(c2cccc(Cl)c2)c2ccc(Cl)cc2Cl)CC1,O=C(NC1CCCCC1)N1CCN(C(c2ccccc2)c2ccccc2)CC1,1
random,O=C(NC1CCCCC1)N1CCN(C(c2ccccc2)c2ccc(Cl)c(Cl)c2)CC1,O=C(NC1CCCCC1)N1CCN(C(c2ccccc2)c2ccccc2)CC1,1
random,O=C(NC1CCCCC1)N1CCN(C(c2ccccc2)c2ccc(F)cc2Cl)CC1,O=C(NC1CCCCC1)N1CCN(C(c2ccccc2)c2ccccc2)CC1,1
random,O=C(NC1CCCCC1)[C@@H]1CC[C@@H](c2ccc(Cl)cc2Cl)N(c2ccc(Cl)cc2)C1,O=C(NC1CCCCC1)C1CCC(c2ccccc2)N(c2ccccc2)C1,1
random,O=C(NC1CCCCC1)c1cc2ccccc2n(Cc2ccccc2)c1=O,O=C(NC1CCCCC1)c1cc2ccccc2n(Cc2ccccc2)c1=O,1
random,O=C(NC1CCCCC1)c1nn(-c2ccc(Cl)cc2Cl)c2c1CCCc1cc(Cl)ccc1-2,O=C(NC1CCCCC1)c1nn(-c2ccccc2)c2c1CCCc1ccccc1-2,1
random,O=C(NC1CCCCC1O)c1cn(-c2ccc(Cl)cc2)c(-c2ccc(Cl)cc2Cl)n1,O=C(NC1CCCCC1)c1cn(-c2ccccc2)c(-c2ccccc2)n1,1
random,O=C(NC1CCCCCC1)c1cc(-c2ccccc2)cn(Cc2ccc(F)cc2)c1=O,O=C(NC1CCCCCC1)c1cc(-c2ccccc2)cn(Cc2ccccc2)c1=O,1
random,O=C(NC1CCCCCC1)c1cc2ccccc2n(CCN2CCOCC2)c1=O,O=C(NC1CCCCCC1)c1cc2ccccc2n(CCN2CCOCC2)c1=O,1
random,O=C(NC1CCCCCC1)c1cc2cccnc2n(Cc2ccccc2)c1=O,O=C(NC1CCCCCC1)c1cc2cccnc2n(Cc2ccccc2)c1=O,1
random,O=C(NC1CCCCCC1)c1cccn(Cc2ccccc2)c1=O,O=C(NC1CCCCCC1)c1cccn(Cc2ccccc2)c1=O,1
random,O=C(NC1CCCCCC1)c1cccnc1OCc1ccccc1,O=C(NC1CCCCCC1)c1cccnc1OCc1ccccc1,1
random,O=C(NC1CCCOc2c1nn(-c1ccccc1Cl)c2-c1ccc(Cl)cc1)c1ccno1,O=C(NC1CCCOc2c1nn(-c1ccccc1)c2-c1ccccc1)c1ccno1,1
random,O=C(NC1CCCOc2c1nn(-c1ccccc1Cl)c2-c1ccc(Cl)cc1)c1ccon1,O=C(NC1CCCOc2c1nn(-c1ccccc1)c2-c1ccccc1)c1ccon1,1
random,O=C(NC1CCN(c2ncnc3c2nc(-c2ccccc2Cl)n3-c2ccc(Cl)cc2)CC1)OCc1ccccc1,O=C(NC1CCN(c2ncnc3c2nc(-c2ccccc2)n3-c2ccccc2)CC1)OCc1ccccc1,1
random,O=C(NCCC(c1ccccc1)c1ccccc1)C(c1ccccc1)c1ccccc1,O=C(NCCC(c1ccccc1)c1ccccc1)C(c1ccccc1)c1ccccc1,1
random,O=C(NCc1ccccc1)c1ccc(Br)c(S(=O)(=O)N2CCCCC2)c1,O=C(NCc1ccccc1)c1cccc(S(=O)(=O)N2CCCCC2)c1,1
random,O=C(NCc1cccnc1)c1ccc(Br)c(S(=O)(=O)N2CCCCC2)c1,O=C(NCc1cccnc1)c1cccc(S(=O)(=O)N2CCCCC2)c1,1
random,O=C(NN1CCCCC1)c1nc(-c2ccc(Cl)cc2Cl)n(-c2ccc(Cl)cc2)c1Cl,O=C(NN1CCCCC1)c1cn(-c2ccccc2)c(-c2ccccc2)n1,1
random,O=C(N[C@@H](C(=O)O)c1ccccc1)c1cc2c(n(CC3CCCCC3)c1=O)CCCCCC2,O=C(NCc1ccccc1)c1cc2c(n(CC3CCCCC3)c1=O)CCCCCC2,1
random,O=C(N[C@@H](Cc1ccccc1)C(=O)O)c1cc2c(n(CC3CCCCC3)c1=O)CCCCCC2,O=C(NCCc1ccccc1)c1cc2c(n(CC3CCCCC3)c1=O)CCCCCC2,1
random,O=C(Nc1ccc(F)c(F)c1)N1CCN(c2ncnc3c2nc(-c2ccccc2Cl)n3-c2ccc(Cl)cc2)CC1,O=C(Nc1ccccc1)N1CCN(c2ncnc3c2nc(-c2ccccc2)n3-c2ccccc2)CC1,1
random,O=C(Nc1cccc(-c2ccccc2)c1)c1cccn1Cc1ccc(F)cc1,O=C(Nc1cccc(-c2ccccc2)c1)c1cccn1Cc1ccccc1,1
random,O=C(Nc1ccccn1)N1CCN(c2ncnc3c2nc(-c2ccccc2Cl)n3-c2ccc(Cl)cc2)CC1,O=C(Nc1ccccn1)N1CCN(c2ncnc3c2nc(-c2ccccc2)n3-c2ccccc2)CC1,1
random,O=C(Nc1sc2c(c1C(=O)N1CCCCC1)CCOC2)c1ccccc1OC(F)(F)F,O=C(Nc1sc2c(c1C(=O)N1CCCCC1)CCOC2)c1ccccc1,1
random,O=C(O[C@@H]1Cc2c(O)cc(O)cc2O[C@@H]1c1ccc(O)c(O)c1)c1cc(O)c(O)c(O)c1,O=C(OC1Cc2ccccc2OC1c1ccccc1)c1ccccc1,1
random,O=C(c1cc(O)c(-c2cccc(CO)c2)c(O)c1)c1cccs1,O=C(c1ccc(-c2ccccc2)cc1)c1cccs1,1
random,O=C(c1ccc2c(c1)c1ccccc1n2CCCl)N1CCCCC1,O=C(c1ccc2[nH]c3ccccc3c2c1)N1CCCCC1,1
random,O=C(c1ccc2c(c1)c1ccccc1n2Cc1ccccn1)N1CCCCC1,O=C(c1ccc2c(c1)c1ccccc1n2Cc1ccccn1)N1CCCCC1,1
random,O=C(c1ccc2c(c1)c1ccccc1n2Cc1cccnc1)N1CCCCC1,O=C(c1ccc2c(c1)c1ccccc1n2Cc1cccnc1)N1CCCCC1,1
random,O=C(c1cccc2ccccc12)c1cn(CC2CCOCC2)c2ccc(O)cc12,O=C(c1cccc2ccccc12)c1cn(CC2CCOCC2)c2ccccc12,1
random,O=C(c1cccc2ccccc12)c1cn(CCN2CCOCC2)c2ccc(O)cc12,O=C(c1cccc2ccccc12)c1cn(CCN2CCOCC2)c2ccccc12,1
random,O=C(c1ccccc1Cl)c1cccn1CC12CC3CC(CC(C3)C1)C2,O=C(c1ccccc1)c1cccn1CC12CC3CC(CC(C3)C1)C2,1
random,O=C(c1cn(CC2CCOCC2)c2ccccc12)C1CCCC1,O=C(c1cn(CC2CCOCC2)c2ccccc12)C1CCCC1,1
random,O=C(c1nn(-c2ccc(Cl)cc2Cl)c2c1Cc1cc(C3CC3)ccc1-2)N1CCCCC1,O=C(c1nn(-c2ccccc2)c2c1Cc1cc(C3CC3)ccc1-2)N1CCCCC1,1
random,O=C1/C(=C/c2cccc(OCc3ccc(Cl)cc3)c2)N=C2SCCCN12,O=C1C(=Cc2cccc(OCc3ccccc3)c2)N=C2SCCCN12,1
random,O=C1/C(=C/c2cccc(OCc3ccc(Cl)cc3Cl)c2)N=C2SCCCN12,O=C1C(=Cc2cccc(OCc3ccccc3)c2)N=C2SCCCN12,1
random,O=C1/C(=C/c2cccc(OCc3ccccc3Cl)c2)N=C2SCCCCN12,O=C1C(=Cc2cccc(OCc3ccccc3)c2)N=C2SCCCCN12,1
random,O=C1/C(=C/c2cn(Cc3ccc(Cl)cc3)c3ccccc23)N2CCC1CC2,O=C1C(=Cc2cn(Cc3ccccc3)c3ccccc23)N2CCC1CC2,1
random,O=C1/C(=C/c2cn(Cc3ccc(Cl)cc3)c3ncccc23)N2CCC1CC2,O=C1C(=Cc2cn(Cc3ccccc3)c3ncccc23)N2CCC1CC2,1
random,O=C1CCCN1C1CCCOc2c1nn(-c1ccccc1Cl)c2-c1ccc(Cl)cc1,O=C1CCCN1C1CCCOc2c1nn(-c1ccccc1)c2-c1ccccc1,1
random,O=S(=O)(CCC(F)(F)F)NC1CCN(c2ncnc3c2nc(-c2ccccc2Cl)n3-c2ccc(Cl)cc2)CC1,c1ccc(-c2nc3c(N4CCCCC4)ncnc3n2-c2ccccc2)cc1,1
random,O=S(=O)(NC1CCN(c2ncnc3c2nc(-c2ccccc2Cl)n3-c2ccc(Cl)cc2)CC1)c1ccccc1,O=S(=O)(NC1CCN(c2ncnc3c2nc(-c2ccccc2)n3-c2ccccc2)CC1)c1ccccc1,1
random,O=S(=O)(NC1CCN(c2ncnc3c2nc(-c2ccccc2Cl)n3-c2ccc(OC(F)F)nc2)CC1)c1ccccc1F,O=S(=O)(NC1CCN(c2ncnc3c2nc(-c2ccccc2)n3-c2cccnc2)CC1)c1ccccc1,1
random,O=S(=O)(N[C@H]1CC[C@H](NS(=O)(=O)C(F)(F)F)CC1)c1ccc(Cl)cc1S(=O)(=O)c1ccccc1F,O=S(=O)(NC1CCCCC1)c1ccccc1S(=O)(=O)c1ccccc1,1
random,O=S(=O)(c1ccc(Cl)cc1)N1CCC(N[C@H]2CCCOc3c2nn(-c2ccccc2Cl)c3-c2ccc(Cl)cc2)CC1,O=S(=O)(c1ccccc1)N1CCC(NC2CCCOc3c2nn(-c2ccccc2)c3-c2ccccc2)CC1,1
random,O=S(=O)(c1ccccn1)c1ccc(C(F)(F)F)cc1S(=O)(=O)N1CCC2(CC1)CC2NS(=O)(=O)C(F)(F)F,O=S(=O)(c1ccccn1)c1ccccc1S(=O)(=O)N1CCC2(CC1)CC2,1
random,O=[N+]([O-])c1ccc2c(c1)c(OCc1ccccc1)nn2Cc1ccccc1,c1ccc(COc2nn(Cc3ccccc3)c3ccccc23)cc1,1
random,O=c1c2cn(CCN3CCOCC3)c3ccccc3c-2nn1-c1ccccc1,O=c1c2cn(CCN3CCOCC3)c3ccccc3c-2nn1-c1ccccc1,1
random,C#CCNC(=O)CCC/C=C\C/C=C\C/C=C\[C@@H](C)/C=C\CCCCC,ACYCLIC,2
random,C#CCn1cc(C(=O)NC23CC4CC(CC(C4)C2)C3)c(=O)c2cc(Br)ccc21,O=C(NC12CC3CC(CC(C3)C1)C2)c1c[nH]c2ccccc2c1=O,2
random,C#Cc1cccc(C2(C(F)(F)F)N=N2)c1Cn1nnc2c(N3CCC(F)(F)C3)nc(C(C)(C)C)nc21,c1ccc(C2N=N2)c(Cn2nnc3c(N4CCCC4)ncnc32)c1,2
random,C#Cc1ccccc1Cn1nnc2c(N3CCC4(C3)N=N4)nc(C(C)(C)C)nc21,c1ccc(Cn2nnc3c(N4CCC5(C4)N=N5)ncnc32)cc1,2
random,C/C(N)=N\C(=N\S(=O)(=O)N1CCCCC1)N1C[C@H](c2ccccc2)C(c2ccc(Cl)cc2)=N1,O=S(=O)(N=CN1CC(c2ccccc2)C(c2ccccc2)=N1)N1CCCCC1,2
random,C/N=C(\NS(=O)(=O)N(C)C)N1CC(c2ccccc2)C(c2ccc(Cl)cc2)=N1,c1ccc(C2=NNCC2c2ccccc2)cc1,2
random,C=C(C)[C@H]1CCC(CO)=C[C@@H]1c1c(O)cc(CCCCC)cc1O,C1=CC(c2ccccc2)CCC1,2
random,C=C(c1ccc([C@H](C)NS(C)(=O)=O)cc1)c1ccc(OC(F)(F)F)cc1S(=O)(=O)c1ccccc1F,C=C(c1ccccc1)c1ccccc1S(=O)(=O)c1ccccc1,2
random,C=C1CC[C@@H]2[C@H](c3c(O)cc(CCCCC)cc3OC2(C)C)[C@H]1O,C=C1CCC2COc3ccccc3C2C1,2
random,C=CCCCn1cc(C(=O)c2ccc3c(c2)CC(C)(C)C3)c2ccccc21,O=C(c1ccc2c(c1)CCC2)c1c[nH]c2ccccc12,2
random,C=CCCn1cc(C(=O)NC23CC4CC(CC(C4)C2)C3)c(=O)c2cc(Br)ccc21,O=C(NC12CC3CC(CC(C3)C1)C2)c1c[nH]c2ccccc2c1=O,2
random,C=CCNC(=O)CCCCCCCCCCOc1cc(O)cc(CCCCC)c1,c1ccccc1,2
random,C=CCOc1cc(CCCCC)cc(OCCCCCCCCCCC(=O)NC2CC2)c1,O=C(CCCCCCCCCCOc1ccccc1)NC1CC1,2
random,C=CCn1c2c(c3cc(C(=O)N4CCC(C)CC4)ccc31)CN(CC1CC1)CC2,O=C(c1ccc2[nH]c3c(c2c1)CN(CC1CC1)CC3)N1CCCCC1,2
random,C=CCn1cc(CC(=O)NC23CC4CC(CC(C4)C2)C3)c2cc(Br)ccc21,O=C(Cc1c[nH]c2ccccc12)NC12CC3CC(CC(C3)C1)C2,2
random,C=CCn1cc(CC(=O)NC2CCCCC2)c2cc(OCc3cccc(OC)c3)ccc21,O=C(Cc1c[nH]c2ccc(OCc3ccccc3)cc12)NC1CCCCC1,2
random,CC(=O)NCCNC(=O)C(C)(C)NC(=O)c1cc2c(n(CC3CCCCC3)c1=O)CCCCCC2,O=c1ccc2c(n1CC1CCCCC1)CCCCCC2,2
random,CC(=O)NOc1ccc(C(F)(F)F)cc1C(=O)/N=c1\sc(C(C)(C)C)cn1C[C@H]1CCCO1,O=C(N=c1sccn1CC1CCCO1)c1ccccc1,2
random,CC(=O)SC(CCc1ccccc1)[C@H]1C(=O)N(c2ccc(F)cc2)[C@@H]1c1ccc(O)cc1,O=C1C(CCCc2ccccc2)C(c2ccccc2)N1c1ccccc1,2
random,CC(C)(C)C(=O)OCC1=CC[C@@H]2[C@@H](C1)c1c(O)cc(C34CC5CC(CC(C5)C3)C4)cc1OC2(C)C,C1=CCC2c3ccc(C45CC6CC(CC(C6)C4)C5)cc3OCC2C1,2
random,CC(C)(C)CNC(=O)c1ccc(Br)c(S(=O)(=O)N2CCCCC2)c1,O=S(=O)(c1ccccc1)N1CCCCC1,2
random,CC(C)(C)NC(=O)NC1(c2ccccc2)CCN(c2ncnc3c2nc(-c2ccccc2Cl)n3-c2ccc(Cl)cc2)CC1,c1ccc(-c2nc3c(N4CCC(c5ccccc5)CC4)ncnc3n2-c2ccccc2)cc1,2
random,CC(C)(C)NC(=O)c1nn(-c2ccc(F)cc2F)c2c1[C@H]1CC[C@@H]2C1,c1ccc(-n2ncc3c2C2CCC3C2)cc1,2
random,CC(C)(C)NOc1ccc(C(F)(F)F)cc1C(=O)/N=c1\sc(C(C)(C)C)nn1CC1CC1,O=C(N=c1scnn1CC1CC1)c1ccccc1,2
random,CC(C)(C)NOc1ccc(C(F)(F)F)cc1C(=O)/N=c1\sc(C(C)(C)C)nn1CCCCF,O=C(N=c1[nH]ncs1)c1ccccc1,2
random,CC(C)(C)c1cn(C[C@H]2CCCO2)/c(=N/C(=O)c2cc(C(F)(F)F)ccc2OC[C@@H]2CCN2)s1,O=C(N=c1sccn1CC1CCCO1)c1ccccc1OCC1CCN1,2
random,CC(C)(C)c1cn(C[C@H]2CCCO2)/c(=N/C(=O)c2cc(C(F)(F)F)ccc2OCc2ccccc2)s1,O=C(N=c1sccn1CC1CCCO1)c1ccccc1OCc1ccccc1,2
random,CC(C)(C)c1cn(C[C@H]2CCCO2)/c(=N/C(=O)c2cc(C(F)(F)F)ccc2OCc2ccccn2)s1,O=C(N=c1sccn1CC1CCCO1)c1ccccc1OCc1ccccn1,2
random,CC(C)(C)c1cn(C[C@H]2CCCO2)/c(=N/C(=O)c2cc(C(F)(F)F)ccc2OCc2nccs2)s1,O=C(N=c1sccn1CC1CCCO1)c1ccccc1OCc1nccs1,2
random,CC(C)(C)c1nc(N2CCC(F)(F)C2)c2nnn(Cc3ccc(C4(C(F)(F)F)N=N4)cc3Cl)c2n1,c1nc(N2CCCC2)c2nnn(Cc3ccc(C4N=N4)cc3)c2n1,2
random,CC(C)(C)c1nc(N2CCC(F)(F)C2)c2nnn(Cc3ccccc3CN=C=S)c2n1,c1ccc(Cn2nnc3c(N4CCCC4)ncnc32)cc1,2
random,CC(C)(C)c1nc(N2CCC(F)(F)C2)c2nnn(Cc3ccccc3S(=O)(=O)F)c2n1,c1ccc(Cn2nnc3c(N4CCCC4)ncnc32)cc1,2
random,CC(C)(C)c1nc(N2CCC(N=[N+]=[N-])C2)c2nnn(Cc3ccccc3Cl)c2n1,c1ccc(Cn2nnc3c(N4CCCC4)ncnc32)cc1,2
random,CC(C)(C)c1nc(N2CC[C@H](O)C2)c2nnn(Cc3ccccc3CS(=O)(=O)F)c2n1,c1ccc(Cn2nnc3c(N4CCCC4)ncnc32)cc1,2
random,CC(C)(C)c1nc(N2CC[C@H](O)C2)c2nnn(Cc3ccccc3S(=O)(=O)F)c2n1,c1ccc(Cn2nnc3c(N4CCCC4)ncnc32)cc1,2
random,CC(C)(C)c1nc(N2CC[C@H](S)C2)c2nnn(Cc3ccccc3Cl)c2n1,c1ccc(Cn2nnc3c(N4CCCC4)ncnc32)cc1,2
random,CC(C)(NC(=O)c1cc2c(n(CC3CCCCC3)c1=O)CCCCCC2)C(=O)N1CCC(C(N)=O)CC1,O=C(NCC(=O)N1CCCCC1)c1cc2c(n(CC3CCCCC3)c1=O)CCCCCC2,2
random,CC(C)(OC(=O)c1ccc(C2CCCC2)c(OCC2CC2)n1)c1cc(N)on1,O=C(OCc1ccon1)c1ccc(C2CCCC2)c(OCC2CC2)n1,2
random,CC(C)C(=O)N(C)C1CCCOc2c1nn(-c1ccccc1Cl)c2-c1ccc(Cl)cc1,c1ccc(-c2c3c(nn2-c2ccccc2)CCCCO3)cc1,2
random,CC(C)CNC(=O)c1ccc(Br)c(S(=O)(=O)N2CCCCC2)c1,O=S(=O)(c1ccccc1)N1CCCCC1,2
random,CC(C)C[C@@H](COCCF)NC(=O)c1ccc(N2CCCC2)c(OCC2COC2)n1,c1cnc(OCC2COC2)c(N2CCCC2)c1,2
random,CC(C)Cn1cc(C(C)(C)C)s/c1=N\C(=O)c1cc(Br)ccc1OC[C@@H]1CCCN1C,O=C(N=c1[nH]ccs1)c1ccccc1OCC1CCCN1,2
random,CC(C)Cn1cc(C(C)(C)C)s/c1=N\C(=O)c1cc(C(F)(F)F)ccc1OC[C@@H]1CCN1,O=C(N=c1[nH]ccs1)c1ccccc1OCC1CCN1,2
random,CC(C)Cn1cc(C(C)(C)C)s/c1=N\C(=O)c1cc(C(F)(F)F)ccc1OCc1ccco1,O=C(N=c1[nH]ccs1)c1ccccc1OCc1ccco1,2
random,CC(C)NC(=O)NC1(c2ccccc2)CCN(c2ncnc3c2nc(-c2ccccc2Cl)n3-c2ccc(Cl)cc2)CC1,c1ccc(-c2nc3c(N4CCC(c5ccccc5)CC4)ncnc3n2-c2ccccc2)cc1,2
random,CC(C)[C@@H]1COc2cccc3c(=O)c(C(=O)NC45CC6CC(CC(C6)C4)C5)cn1c23,O=C(NC12CC3CC(CC(C3)C1)C2)c1cn2c3c(cccc3c1=O)OCC2,2
random,CC(C)n1c(=O)sc2cc(C(=O)C34CC5CC(CC(C5)C3)C4)ccc21,O=C(c1ccc2[nH]c(=O)sc2c1)C12CC3CC(CC(C3)C1)C2,2
random,CC1(C(=O)c2cn(CC3CCOCC3)c3ccccc23)CC(F)(F)C1(F)F,O=C(c1cn(CC2CCOCC2)c2ccccc12)C1CCC1,2
random,CC1(C)C(C(=O)c2cn(CC3CCOCC3)c3c(OCc4ccccc4)cccc23)C1(C)C,O=C(c1cn(CC2CCOCC2)c2c(OCc3ccccc3)cccc12)C1CC1,2
random,CC1(C)C(C(=O)c2cn(CC3CCOCC3)c3cc(C#N)ccc23)C1(C)C,O=C(c1cn(CC2CCOCC2)c2ccccc12)C1CC1,2
random,CC1(C)C(C(=O)c2cn(CC3CCOCC3)c3cc(O)c(O)cc23)C1(C)C,O=C(c1cn(CC2CCOCC2)c2ccccc12)C1CC1,2
random,CC1(C)C(C(=O)c2cn(CC3CCOCC3)c3ccc(F)cc23)C1(C)C,O=C(c1cn(CC2CCOCC2)c2ccccc12)C1CC1,2
random,CC1(C)C(C(=O)c2cn(CC3CCOCC3)c3ccc(OCCCCBr)cc23)C1(C)C,O=C(c1cn(CC2CCOCC2)c2ccccc12)C1CC1,2
random,CC1(C)C(C(=O)c2cn(CC3CCOCC3)c3ccc(OCc4ccccc4)cc23)C1(C)C,O=C(c1cn(CC2CCOCC2)c2ccc(OCc3ccccc3)cc12)C1CC1,2
random,CC1(C)C(C(=O)c2cn(CC3CCOCC3)c3cccc(O)c23)C1(C)C,O=C(c1cn(CC2CCOCC2)c2ccccc12)C1CC1,2
random,CC1(C)C(C(=O)c2cn(CC3CCOCC3)c3ccccc23)C1(C)C,O=C(c1cn(CC2CCOCC2)c2ccccc12)C1CC1,2
random,CC1(C)C(C(=O)c2cn(CCC(N)=O)c3ccccc23)C1(C)C,O=C(c1c[nH]c2ccccc12)C1CC1,2
random,CC1(C)C(C(=O)c2cn(CCCCCO)c3ccccc23)C1(C)C,O=C(c1c[nH]c2ccccc12)C1CC1,2
random,CC1(C)C(C(=O)c2cn(CCCCO)c3ccccc23)C1(C)C,O=C(c1c[nH]c2ccccc12)C1CC1,2
random,CC1(C)C(C(=O)c2cn(CCN3CCCC3)c3ccccc23)C1(C)C,O=C(c1cn(CCN2CCCC2)c2ccccc12)C1CC1,2
random,CC1(C)C(C(=O)c2cn(CCN3CCOCC3)c3cccc([N+](=O)[O-])c23)C1(C)C,O=C(c1cn(CCN2CCOCC2)c2ccccc12)C1CC1,2
random,CC1(C)C(C(=O)c2cn(CCO)c3ccccc23)C1(C)C,O=C(c1c[nH]c2ccccc12)C1CC1,2
random,CC1(C)C(C(=O)c2cn(CCc3ccccn3)c3ccccc23)C1(C)C,O=C(c1cn(CCc2ccccn2)c2ccccc12)C1CC1,2
random,CC1(C)C(C(=O)c2cn(CCc3ccncc3)c3ccccc23)C1(C)C,O=C(c1cn(CCc2ccncc2)c2ccccc12)C1CC1,2
random,CC1(C)C(C(=O)c2cn(CCc3nsc(Cl)n3)c3ccccc23)C1(C)C,O=C(c1cn(CCc2ncsn2)c2ccccc12)C1CC1,2
random,CC1(C)C(C(=O)c2cn(C[C@@H]3CCCO3)c3ccccc23)C1(C)C,O=C(c1cn(CC2CCCO2)c2ccccc12)C1CC1,2
random,CC1(C)C(C(=O)c2cn(C[C@H]3CCCO3)c3ccccc23)C1(C)C,O=C(c1cn(CC2CCCO2)c2ccccc12)C1CC1,2
random,CC1(C)C(C(=O)c2cn(Cc3ccccc3)c3ccccc23)C1(C)C,O=C(c1cn(Cc2ccccc2)c2ccccc12)C1CC1,2
random,CC1(C)C2CC[C@@](C)(C2)C1NC(=O)c1nn(-c2ccc(Cl)cc2Cl)c2c1CCc1cc(C3CC3)ccc1-2,O=C(NC1CC2CCC1C2)c1nn(-c2ccccc2)c2c1CCc1cc(C3CC3)ccc1-2,2
random,CC1(C)COc2cccc3c(=O)c(C(=O)NC45CC6CC(CC(C6)C4)C5)cn1c23,O=C(NC12CC3CC(CC(C3)C1)C2)c1cn2c3c(cccc3c1=O)OCC2,2
random,CC1(C)Cc2ccc(C#N)cc2[C@@H]1NC(=O)c1cc2cc(Cl)ccc2[nH]1,O=C(NC1CCc2ccccc21)c1cc2ccccc2[nH]1,2
random,CC1(C)Oc2cc(C34CC5CC(CC(C5)C3)C4)cc(O)c2[C@@H]2CC(=O)CC[C@H]21,O=C1CCC2COc3cc(C45CC6CC(CC(C6)C4)C5)ccc3C2C1,2
random,CC1(C)Oc2cc(C34CC5CC(CC(C5)C3)C4)cc(O)c2[C@@H]2C[C@@H](CC=O)CC[C@H]21,c1cc2c(cc1C13CC4CC(CC(C4)C1)C3)OCC1CCCCC21,2
random,CC1(C)Oc2cc(C34CC5CC(CC(C5)C3)C4)cc(O)c2[C@@H]2C[C@@H](CCO)CC[C@H]21,c1cc2c(cc1C13CC4CC(CC(C4)C1)C3)OCC1CCCCC21,2
random,CC1(C)Oc2cc(C34CC5CC(CC(C5)C3)C4)cc(O)c2[C@@H]2C[C@@H](O)CC[C@H]21,c1cc2c(cc1C13CC4CC(CC(C4)C1)C3)OCC1CCCCC21,2
random,CC1(C)Oc2cc(C34CC5CC(CC(C5)C3)C4)cc(O)c2[C@@H]2C[C@H](CCO)CC[C@H]21,c1cc2c(cc1C13CC4CC(CC(C4)C1)C3)OCC1CCCCC21,2
random,CC1(C)Oc2cc(C34CC5CC(CC(C5)C3)C4)cc(O)c2[C@@H]2C[C@H](CO)CC[C@H]21,c1cc2c(cc1C13CC4CC(CC(C4)C1)C3)OCC1CCCCC21,2
random,CC1(C)Oc2cc(C34CC5CC(CC(C5)C3)C4)cc(O)c2[C@@H]2C[C@H](O)CC[C@H]21,c1cc2c(cc1C13CC4CC(CC(C4)C1)C3)OCC1CCCCC21,2
random,CC1(C)Oc2cc(C34CC5CC(CC(C5)O3)C4)cc(O)c2[C@@H]2C[C@@H](O)CC[C@H]21,c1cc2c(cc1C13CC4CC(CC(C4)O1)C3)OCC1CCCCC21,2
random,CC1(C)Oc2cc(C34CC5CC(CC(CN=C=S)(C5)O3)C4)cc(O)c2[C@@H]2C[C@H](CO)CC[C@H]21,c1cc2c(cc1C13CC4CC(CC(C4)O1)C3)OCC1CCCCC21,2
random,CC1(C)Oc2cc(CNC3C4CC5CC(C4)CC3C5)cc(O)c2[C@@H]2C[C@H](O)CC[C@H]21,c1cc2c(cc1CNC1C3CC4CC(C3)CC1C4)OCC1CCCCC21,2
random,CC1(C)Oc2cc(N3C4CC5CC3CC(C4)O5)cc(O)c2[C@@H]2C[C@@H](O)CC[C@H]21,c1cc2c(cc1N1C3CC4CC1CC(C3)O4)OCC1CCCCC21,2
random,CC1(C)Oc2cc([C@]34CC5CC(C[C@@](N=C=S)(C5)C3)C4)cc(O)c2[C@@H]2C[C@H](O)CC[C@H]21,c1cc2c(cc1C13CC4CC(CC(C4)C1)C3)OCC1CCCCC21,2
random,CC12CC3CC(C)(C1)CC(NC(=O)c1cn(CCN4CCOCC4)c4ccccc4c1=O)(C3)C2,O=C(NC12CC3CC(CC(C3)C1)C2)c1cn(CCN2CCOCC2)c2ccccc2c1=O,2
random,CC1=CC[C@@H]2[C@@H](C1)c1c(O)cc(C(C)(C)C(=O)OCCCCCBr)cc1OC2(C)C,C1=CCC2c3ccccc3OCC2C1,2
random,CC1=CC[C@@H]2[C@@H](C1)c1c(O)cc(C(C)(C)C(=O)OCCCCn3ccnc3)cc1OC2(C)C,O=C(Cc1ccc2c(c1)OCC1CC=CCC21)OCCCCn1ccnc1,2
random,CC1=CC[C@H]2[C@@H](C1)c1c(O)cc(C(C)(C)C(=O)OCCCCCBr)cc1OC2(C)C,C1=CCC2c3ccccc3OCC2C1,2
random,CC1=CC[C@H]2[C@H](C1)c1c(O)cc(/C(C)=N/OCCCc3ccccc3)cc1OC2(C)C,C1=CCC2c3ccc(C=NOCCCc4ccccc4)cc3OCC2C1,2
random,CC1CCC(NC(=O)c2c(O)c3cccnc3n(CCCO)c2=O)CC1,O=C(NC1CCCCC1)c1cc2cccnc2[nH]c1=O,2
random,CC1CCC(NC(=O)c2cc3cc(Br)cnc3n(Cc3ccc(F)cc3)c2=O)CC1,O=C(NC1CCCCC1)c1cc2cccnc2n(Cc2ccccc2)c1=O,2
random,CC1CCC(NC(=O)c2cc3ccccc3n(CCCO)c2=O)CC1,O=C(NC1CCCCC1)c1cc2ccccc2[nH]c1=O,2
random,CC1CCC(NC(=O)c2cc3ccccc3n(Cc3ccc(F)cc3)c2=O)CC1,O=C(NC1CCCCC1)c1cc2ccccc2n(Cc2ccccc2)c1=O,2
random,CC1CCC(NC(=O)c2cc3cccnc3n(CCCC(=O)O)c2=O)CC1,O=C(NC1CCCCC1)c1cc2cccnc2[nH]c1=O,2
random,CC1CCC(NC(=O)c2cccnc2OCc2ccc(F)cc2)CC1,O=C(NC1CCCCC1)c1cccnc1OCc1ccccc1,2
random,CC1CCN(C(=O)c2ccc3[nH]c4c(c3c2)CN(C2CCCC2)C4)CC1,O=C(c1ccc2[nH]c3c(c2c1)CN(C1CCCC1)C3)N1CCCCC1,2
random,CC1CCN(C(=O)c2ccc3c(c2)c2c(n3S(=O)(=O)C3CC3)CN(C3CCCC3)C2)CC1,O=C(c1ccc2c(c1)c1c(n2S(=O)(=O)C2CC2)CN(C2CCCC2)C1)N1CCCCC1,2
random,CC1CCN(C(=O)c2ccc3c(c2)c2c(n3S(=O)(=O)c3ccccc3)CN(C3CCCC3)C2)CC1,O=C(c1ccc2c(c1)c1c(n2S(=O)(=O)c2ccccc2)CN(C2CCCC2)C1)N1CCCCC1,2
random,CC1COc2cccc3c(=O)c(C(=O)NC4CCCCCC4)cn1c23,O=C(NC1CCCCCC1)c1cn2c3c(cccc3c1=O)OCC2,2
random,CCC(C)(C)C(=O)Nc1cc(CN2CCOCC2)c(C)cc1F,c1ccc(CN2CCOCC2)cc1,2
random,CCC(C)(C)c1ccc([C@@H]2C[C@H](O)CC[C@H]2CCCO)cc1,c1ccc(C2CCCCC2)cc1,2
random,CCC(CC)(NC(=O)c1ccc(N2CC(F)C2)c(OC[C@H]2C[C@@H]2CO)n1)C(=O)N[C@H](CO)CC(C)C,c1cnc(OCC2CC2)c(N2CCC2)c1,2
random,CCC(CC)(NC(=O)c1ccc(N2CC(O)C2)c(OC[C@H]2C[C@@H]2COCc2ccccc2)n1)C(=O)OCCCF,c1ccc(COCC2CC2COc2ncccc2N2CCC2)cc1,2
random,CCC(CC)(NC(=O)c1ccc(N2CC(OC)C2)c(OC[C@H]2C[C@@H]2CO)n1)C(=O)N[C@H](CO)CC(C)C,c1cnc(OCC2CC2)c(N2CCC2)c1,2
random,CCC(CC)(NC(=O)c1ccc(N2CCCC2)c(OCC2(CO)COC2)n1)C(=O)OCCCF,c1cnc(OCC2COC2)c(N2CCCC2)c1,2
random,CCC/C=C/C/C=C/CCC/C=C/C=C/C(=O)NCC(C)CC,ACYCLIC,2
random,CCC1(CNS(=O)(=O)C(F)(F)F)CCN(S(=O)(=O)c2ccc(Cl)cc2S(=O)(=O)c2ccccc2F)CC1,O=S(=O)(c1ccccc1)c1ccccc1S(=O)(=O)N1CCCCC1,2
random,CCC1COc2c(OC)ccc3c(=O)c(C(=O)NC45CC6CC(CC(C6)C4)C5)cn1c23,O=C(NC12CC3CC(CC(C3)C1)C2)c1cn2c3c(cccc3c1=O)OCC2,2
random,CCC1COc2cccc3c(=O)c(C(=O)NC4CCCCCC4)cn1c23,O=C(NC1CCCCCC1)c1cn2c3c(cccc3c1=O)OCC2,2
random,CCCC/C=C\C1(c2cc(O)c3c(c2)OC(C)(C)[C@@H]2CCC(=O)C[C@@H]32)CCC1,O=C1CCC2COc3cc(C4CCC4)ccc3C2C1,2
random,CCCC1COc2cccc3c(=O)c(C(=O)NC4CCCCC4)cn1c23,O=C(NC1CCCCC1)c1cn2c3c(cccc3c1=O)OCC2,2
random,CCCCC(=O)N1CCC(NC(=O)c2nn(-c3ccc(Cl)cc3Cl)c(-c3ccc(Cl)cc3)c2C)CC1,O=C(NC1CCNCC1)c1cc(-c2ccccc2)n(-c2ccccc2)n1,2
random,CCCCC(C)(C)c1ccc([C@@H]2CCC[C@@H](O)C2)cc1,c1ccc(C2CCCCC2)cc1,2
random,CCCCC/C=C\C/C=C\C/C=C\C/C=C\CCCC(=O)NCCc1ccc(OC)cc1OC,c1ccccc1,2
random,CCCCC/C=C\C/C=C\C/C=C\C/C=C\CCCC(=O)NCc1cc(OC)ccc1OC,c1ccccc1,2
random,CCCCC/C=C\C/C=C\C/C=C\C/C=C\CCCC(=O)N[C@@H]1C[C@@H]1O,C1CC1,2
random,CCCCC/C=C\C/C=C\C/C=C\C/C=C\CCCC(=O)N[C@H]1C[C@H]1O,C1CC1,2
random,CCCCC/C=C\C/C=C\C/C=C\C/C=C\CCCC(=O)OC(CO)CO,ACYCLIC,2
random,CCCCC1(c2cc(O)c3cc(C)c(=O)oc3c2)CCCC1,O=c1ccc2ccc(C3CCCC3)cc2o1,2
random,CCCCC1(c2cc(OC)c3cc(Cc4ccccc4OC)c(=O)oc3c2)CCCC1,O=c1oc2cc(C3CCCC3)ccc2cc1Cc1ccccc1,2
random,CCCCCC1=CC(=O)C2=C(OC(C)(C)[C@@H]3CC[C@](C)(OCC)C=C23)C1=O,O=C1C=CC(=O)C2=C1OCC1CCCC=C21,2
random,CCCCCC1=NN(C(=O)NC2CCCCCC2)CC1c1ccccc1,O=C(NC1CCCCCC1)N1CC(c2ccccc2)C=N1,2
random,CCCCCC1=NN(C(=O)NCC2CCCCC2)CC1c1ccccc1,O=C(NCC1CCCCC1)N1CC(c2ccccc2)C=N1,2
random,CCCCCC1=NN(C(=O)Nc2cccc3ccccc23)CC1c1ccccc1,O=C(Nc1cccc2ccccc12)N1CC(c2ccccc2)C=N1,2
random,CCCCCCC(C)(C)C1=CC2=C(C(=O)C1=O)c1[nH]ncc1C(C)(C)O2,O=C1C=CC2=C(C1=O)c1[nH]ncc1CO2,2
random,CCCCCCC(C)(C)c1cc(Br)c2c(c1)OC(C)(C)[C@@H]1CC=C(C)C[C@@H]21,C1=CCC2c3ccccc3OCC2C1,2
random,CCCCCCC(C)(C)c1cc(O)c2c(c1)OC(C)(C)[C@@H]1CC=C(OO)C[C@@H]21,C1=CCC2c3ccccc3OCC2C1,2
random,CCCCCCC(C)(C)c1cc(O)c2c(c1)OC(C)(C)[C@@H]1CCOC(=O)C[C@@H]21,O=C1CC2c3ccccc3OCC2CCO1,2
random,CCCCCCC(C)(C)c1cc(O)c2c(c1)OC(C)(C)[C@H]1CC=C(C)C[C@H]21,C1=CCC2c3ccccc3OCC2C1,2
random,CCCCCCC(C)(C)c1cc(O)c2c(c1)OC(C)(C)[C@H]1CC=C(CO)C[C@H]21,C1=CCC2c3ccccc3OCC2C1,2
random,CCCCCCC(C)(C)c1cc(O)c2c(c1)oc(=O)c1ccc(OC)cc12,O=c1oc2ccccc2c2ccccc12,2
random,CCCCCCC(C)(C)c1cc(O)c2cc(Cc3ccccc3)c(=O)oc2c1,O=c1oc2ccccc2cc1Cc1ccccc1,2
random,CCCCCCC(C)(C)c1cc(O)c2cc(Cc3ccccc3O)c(=O)oc2c1,O=c1oc2ccccc2cc1Cc1ccccc1,2
random,CCCCCCC(C)(C)c1cc(O)cc(OCCCCCCCC(=O)N[C@H](C)CO)c1,c1ccccc1,2
random,CCCCCCC(C)(C)c1cc(O)cc(OCCCCCCCC(=O)OC(CO)CO)c1,c1ccccc1,2
random,CCCCCCC(C)(C)c1cc(O)cc(OCCCCCCCCCCC(=O)NCc2ccc(O)c(OC)c2)c1,O=C(CCCCCCCCCCOc1ccccc1)NCc1ccccc1,2
random,CCCCCCC(C)(C)c1cc(O)cc(OCCCCCCCCCCCC(=O)NC2CC2)c1,O=C(CCCCCCCCCCCOc1ccccc1)NC1CC1,2
random,CCCCCCC(C)(C)c1cc(O)cc(OCCCCCCCCCCCC(=O)NCCO)c1,c1ccccc1,2
random,CCCCCCC(C)(C)c1cc(O)cc(OCCCCCCCCCCCCOC(CO)CO)c1,c1ccccc1,2
random,CCCCCCC(C)(C)c1cc(OC(C)=O)c2c(c1)OC(C)(C)[C@@H]1CC=C(C(=O)O)C[C@@H]21,C1=CCC2c3ccccc3OCC2C1,2
random,CCCCCCC(C)(C)c1cc(OC)c([C@@]2(O)CCC[C@@H](C)C2)c(OC)c1,c1ccc(C2CCCCC2)cc1,2
random,CCCCCCC(C)(C)c1cc(OC)cc(OCCCCCCCC(=O)NC2CC2)c1,O=C(CCCCCCCOc1ccccc1)NC1CC1,2
random,CCCCCCC(C)(C)c1cc(OC)cc(OCCCCCCCC(=O)NCCO)c1,c1ccccc1,2
random,CCCCCCC(C)(C)c1cc(OC)cc(OCCCCCCCCCCC(=O)NCC2CC2)c1,O=C(CCCCCCCCCCOc1ccccc1)NCC1CC1,2
random,CCCCCCC(C)(C)c1cc(OCCO)c2c(c1)OC(C)(C)c1cn(CC)nc1-2,c1ccc2c(c1)OCc1c[nH]nc1-2,2
random,CCCCCCC(C)(C)c1ccc(-c2cc(C)cc(C)c2)c(CN2CCOCC2)c1,c1ccc(-c2ccccc2CN2CCOCC2)cc1,2
random,CCCCCCC(C)(C)c1ccc(-c2cc(C)cc(C)c2)c(OC)c1,c1ccc(-c2ccccc2)cc1,2
random,CCCCCCC(O)(CC(=O)O)c1cc(O)c2c(c1)OC(C)(C)[C@@H]1CC=C(C)C[C@@H]21,C1=CCC2c3ccccc3OCC2C1,2
random,CCCCCCC1(c2cc(O)c3c(c2)OC(C)(C)[C@@H]2CC=C(C)C[C@@H]32)OCCO1,C1=CCC2c3ccc(C4OCCO4)cc3OCC2C1,2
random,CCCCCCC1(c2cc(O)c3c(c2)OC(C)(C)[C@@H]2CCC(=O)C[C@@H]32)CCCC1,O=C1CCC2COc3cc(C4CCCC4)ccc3C2C1,2
random,CCCCCCCC/C=C/C(=O)NCCc1cc(OC)cc(OC)c1,c1ccccc1,2
random,CCCCCCCC/C=C\CCCCCCCC(=O)N(O)CCO,ACYCLIC,2
random,CCCCCCCN(Cc1ccc(N(CC)CC)cc1)S(=O)(=O)CCCC,c1ccccc1,2
random,CCCCCCCN(Cc1ccc(N(CC)CC)cc1)S(=O)(=O)c1ccc(C(C)C)cc1,O=S(=O)(NCc1ccccc1)c1ccccc1,2
random,CCCCCCCN(Cc1ccc(N(CC)CC)cc1)S(=O)(=O)c1ccc(C)cc1,O=S(=O)(NCc1ccccc1)c1ccccc1,2
random,CCCCCCCN(Cc1ccc(N(CC)CC)cc1)S(=O)(=O)c1ccc(F)cc1,O=S(=O)(NCc1ccccc1)c1ccccc1,2
random,CCCCCCCNC(=O)c1nn(-c2ccc(Cl)cc2Cl)c(-n2c(C)ccc2C)c1C,c1ccc(-n2nccc2-n2cccc2)cc1,2
random,CCCCCCCNc1ccc(C(=O)c2c(-c3ccc(OC)cc3)oc3ccccc23)cc1,O=C(c1ccccc1)c1c(-c2ccccc2)oc2ccccc12,2
random,CCCCCCCc1cc(O)c2c(c1)OC(C)(C)[C@@H]1CCC(C)=C[C@@H]21,C1=CC2c3ccccc3OCC2CC1,2
random,CCCCCC[Si](C)(C)c1cc(O)c(C2CCCCCC2)c(O)c1,c1ccc(C2CCCCCC2)cc1,2
random,CCCCCC[Si](C)(C)c1cc(O)c([C@H]2C=C(CO)[C@H]3C[C@@H]2C3(C)C)c(O)c1,C1=CC(c2ccccc2)C2CC1C2,2
random,CCCCCC[Si](C)(C)c1cc(OC)c([C@H]2C=C(CO)[C@H]3C[C@@H]2C3(C)C)c(OC)c1,C1=CC(c2ccccc2)C2CC1C2,2
random,CCCCCCc1c(O)cccc1OCCCCCCCC(=O)NCCO,c1ccccc1,2
random,CCCCCCc1c(O)cccc1OCCCCCCCCCCC(=O)NCC1CC1,O=C(CCCCCCCCCCOc1ccccc1)NCC1CC1,2
random,CCCCCCc1ccc(O)cc1OCCCCCCCCCCCNC(=O)C1CC1,O=C(NCCCCCCCCCCCOc1ccccc1)C1CC1,2
random,CCCCCCc1ccc(OCCCCCC(=O)NC2CC2)cc1O,O=C(CCCCCOc1ccccc1)NC1CC1,2
random,CCCCCCc1ccc(OCCCCCCCCCCC(=O)NCC2CC2)cc1OC,O=C(CCCCCCCCCCOc1ccccc1)NCC1CC1,2
random,CCCCCCc1ccc(OCCCCCCCCCCC(=O)OC(CO)CO)cc1O,c1ccccc1,2
random,CCCCCCc1ccc(OCCCCCCCCCCCC(=O)NC2CC2)cc1O,O=C(CCCCCCCCCCCOc1ccccc1)NC1CC1,2
random,CCCCCCc1ccc(OCCCCCCCCCCOC(CO)CO)cc1O,c1ccccc1,2
random,CCCCCCn1nc2c3ccccc3n(CCCCC)cc-2c1=O,O=c1[nH]nc2c3ccccc3[nH]cc1-2,2
random,CCCCCNc1c(OC)ccc2c1CN(CCc1ccc(O)cc1)C2=O,O=C1c2ccccc2CN1CCc1ccccc1,2
random,CCCCCNc1ccccc1C(=O)NC12CC3CC(CC(C3)C1)C2,O=C(NC12CC3CC(CC(C3)C1)C2)c1ccccc1,2
random,CCCCCOc1c(OC)ccc2c(=O)n(CCc3ccncc3)ccc12,O=c1c2ccccc2ccn1CCc1ccncc1,2
random,CCCCCOc1c(OC)ccc2c1C(=O)N(CCc1ccc(O)cc1)C2=O,O=C1c2ccccc2C(=O)N1CCc1ccccc1,2
random,CCCCCOc1c(OC)ccc2cc(C(=O)N3CCCC(C(=O)OCC)C3)c(=O)[nH]c12,O=C(c1cc2ccccc2[nH]c1=O)N1CCCCC1,2
random,CCCCCOc1c(OC)ccc2cc(C(=O)NCCc3ccc(O)c(OC)c3)c(=O)[nH]c12,O=C(NCCc1ccccc1)c1cc2ccccc2[nH]c1=O,2
random,CCCCCOc1ccc(C(=O)NCCc2ccc(O)cc2)cc1OCCCCC,O=C(NCCc1ccccc1)c1ccccc1,2
random,CCCCCOc1ccc2c(c1OCCCCC)CN(CCc1ccc(N)cc1)C2=O,O=C1c2ccccc2CN1CCc1ccccc1,2
random,CCCCCOc1ccc2cc(C(=O)NCCc3ccc(F)cc3)c(=O)[nH]c2c1OCCCCC,O=C(NCCc1ccccc1)c1cc2ccccc2[nH]c1=O,2
random,CCCCCOc1ccccc1-c1cc(C(=O)N(CC(C)C)CC(C)C)no1,c1ccc(-c2ccno2)cc1,2
random,CCCCCOc1ccccc1-c1cc(C(=O)NC23CC4CC(CC2C4)C3)no1,O=C(NC12CC3CC(CC1C3)C2)c1cc(-c2ccccc2)on1,2
random,CCCCCOc1ccccc1-c1cc(C(=O)NC2CCCCC2)no1,O=C(NC1CCCCC1)c1cc(-c2ccccc2)on1,2
random,CCCCCOc1ccccc1-c1cc(C(=O)NC2CCCCCCC2)no1,O=C(NC1CCCCCCC1)c1cc(-c2ccccc2)on1,2
random,CCCCCc1cc(O)c(C/C=C(\C)CC/C=C(\C)CCC=C(C)C)c(O)c1,c1ccccc1,2
random,CCCCCc1cc(O)c([C@H]2C=C(CO)CC[C@@H]2C(C)C)c(O)c1,C1=CC(c2ccccc2)CCC1,2
random,CCCCCc1cc(O)c2c(c1)OC(C)(C)[C@@H]1CC=C(C)[C@H](O)[C@@H]21,C1=CCC2c3ccccc3OCC2C1,2
random,CCCCCc1cc(O)c2cc(Cc3cccc(C)c3)c(=O)oc2c1,O=c1oc2ccccc2cc1Cc1ccccc1,2
random,CCCCCc1cc(O)c2cc(Cc3cccc(Cl)c3)c(=O)oc2c1,O=c1oc2ccccc2cc1Cc1ccccc1,2
random,CCCCCc1cc(O)cc(OCCCCCCCCCCC(=O)NC2CC2)c1,O=C(CCCCCCCCCCOc1ccccc1)NC1CC1,2
random,CCCCCc1cc(O)cc(OCCCCCCCCCCC(=O)N[C@H](C)CO)c1,c1ccccc1,2
random,CCCCCc1cc(O)cc(OCCCCCCCCCCCNC2CC2)c1,c1ccc(OCCCCCCCCCCCNC2CC2)cc1,2
random,CCCCCc1cc(OC)c2cc(Cc3cccc(Cl)c3)c(=O)oc2c1,O=c1oc2ccccc2cc1Cc1ccccc1,2
random,CCCCCc1cc(OC)c2cc(Cc3ccccn3)c(=O)oc2c1,O=c1oc2ccccc2cc1Cc1ccccn1,2
random,CCCCCc1cc(OC)cc(OCCCCCCCC(=O)NCCO)c1,c1ccccc1,2
random,CCCCCc1cc(OC)cc(OCCCCCCCCCCC(=O)NC(CO)CO)c1,c1ccccc1,2
random,CCCCCc1ccc(OCCCCCCCCCCC(=O)NC2CC2)cc1O,O=C(CCCCCCCCCCOc1ccccc1)NC1CC1,2
random,CCCCCc1ccc2c(c1)OC(C)(C)[C@@H]1CC=C(C)C[C@@H]21,C1=CCC2c3ccccc3OCC2C1,2
random,CCCCCc1sc2ccccc2c1C(=O)c1cccc2ccccc12,O=C(c1cccc2ccccc12)c1csc2ccccc12,2
random,CCCCCn1/c(=N\C(=O)C23CC4CC(CC(C4)C2)C3)sc2ccccc21,O=C(N=c1[nH]c2ccccc2s1)C12CC3CC(CC(C3)C1)C2,2
random,CCCCCn1c(=O)sc2cc(/C(=N\OC)C34CC5CC(CC(C5)C3)C4)ccc21,N=C(c1ccc2[nH]c(=O)sc2c1)C12CC3CC(CC(C3)C1)C2,2
random,CCCCCn1c(=O)sc2cc(C(=O)C3CCCCC3)ccc21,O=C(c1ccc2[nH]c(=O)sc2c1)C1CCCCC1,2
random,CCCCCn1c(C)c(C(=O)Cc2ccc(OC)cc2)c2ccccc21,O=C(Cc1ccccc1)c1c[nH]c2ccccc12,2
random,CCCCCn1c(C)c(C(=O)Cc2cccc(F)c2)c2ccccc21,O=C(Cc1ccccc1)c1c[nH]c2ccccc12,2
random,CCCCCn1c(C)c(C(=O)Cc2ccccc2F)c2ccccc21,O=C(Cc1ccccc1)c1c[nH]c2ccccc12,2
random,CCCCCn1c(C)c(C(=O)NC23CC4CC(C)(CC(C)(C4)C2)C3)c(=O)c2ccccc21,O=C(NC12CC3CC(CC(C3)C1)C2)c1c[nH]c2ccccc2c1=O,2
random,CCCCCn1c(C)c(C(=O)c2cccc3ccc(CC)cc23)c2ccccc21,O=C(c1cccc2ccccc12)c1c[nH]c2ccccc12,2
random,CCCCCn1c2ccccc2c2cc(C(=O)N(CC)CC)ccc21,c1ccc2c(c1)[nH]c1ccccc12,2
random,CCCCCn1c2ccccc2c2cc(C(=O)N3CCCCC3)ncc21,O=C(c1cc2c(cn1)[nH]c1ccccc12)N1CCCCC1,2
random,CCCCCn1c2ccccc2c2cc(C(=O)N3CCN(C(=O)OC(C)(C)C)CC3)ccc21,O=C(c1ccc2[nH]c3ccccc3c2c1)N1CCNCC1,2
random,CCCCCn1c2ccccc2c2cc(C(=O)N3CCNCC3)ccc21,O=C(c1ccc2[nH]c3ccccc3c2c1)N1CCNCC1,2
random,CCCCCn1c2ccccc2c2cc(C(=O)NN3CCCCC3)ncc21,O=C(NN1CCCCC1)c1cc2c(cn1)[nH]c1ccccc12,2
random,CCCCCn1c2ccccc2c2cc(CN3CCN(C)CC3)ccc21,c1ccc2c(c1)[nH]c1ccc(CN3CCNCC3)cc12,2
random,CCCCCn1cc(C(=O)C(=O)NC23CC4CC(CC(C4)C2)C3)c2cc(-c3ccccc3)ccc21,O=C(NC12CC3CC(CC(C3)C1)C2)C(=O)c1c[nH]c2ccc(-c3ccccc3)cc12,2
random,CCCCCn1cc(C(=O)Cc2ccccc2C)c2ccccc21,O=C(Cc1ccccc1)c1c[nH]c2ccccc12,2
random,CCCCCn1cc(C(=O)N2CCC[C@H]2C(N)=O)c(=O)c2ccc(Sc3ccccc3)cc21,O=C(c1c[nH]c2cc(Sc3ccccc3)ccc2c1=O)N1CCCC1,2
random,CCCCCn1cc(C(=O)NC(C)C)c(=O)c2ccc(Sc3ccccc3)cc21,O=c1cc[nH]c2cc(Sc3ccccc3)ccc12,2
random,CCCCCn1cc(C(=O)NC(C)CCC(C)C)c(=O)c2c(C)nn(C)c21,O=c1cc[nH]c2[nH]ncc12,2
random,CCCCCn1cc(C(=O)NC(CC)CO)c(=O)c2ccc(Sc3ccccc3)cc21,O=c1cc[nH]c2cc(Sc3ccccc3)ccc12,2
random,CCCCCn1cc(C(=O)NC23CC4CC(C)(CC(C)(C4)C2)C3)c(=O)c2ccc(Cl)cc21,O=C(NC12CC3CC(CC(C3)C1)C2)c1c[nH]c2ccccc2c1=O,2
random,CCCCCn1cc(C(=O)NC23CC4CC(C)(CC(C)(C4)C2)C3)c(=O)c2cccc(Cl)c21,O=C(NC12CC3CC(CC(C3)C1)C2)c1c[nH]c2ccccc2c1=O,2
random,CCCCCn1cc(C(=O)NC23CC4CC(CC(C4)C2)C3)c(=O)c(-c2ccncc2)c1C,O=C(NC12CC3CC(CC(C3)C1)C2)c1c[nH]cc(-c2ccncc2)c1=O,2
random,CCCCCn1cc(C(=O)NC23CC4CC(CC(C4)C2)C3)c(=O)c2cc(-c3ccccc3)cc(OC)c21,O=C(NC12CC3CC(CC(C3)C1)C2)c1c[nH]c2ccc(-c3ccccc3)cc2c1=O,2
random,CCCCCn1cc(C(=O)NC23CC4CC(CC(C4)C2)C3)c(=O)c2cc(-c3ccco3)ccc21,O=C(NC12CC3CC(CC(C3)C1)C2)c1c[nH]c2ccc(-c3ccco3)cc2c1=O,2
random,CCCCCn1cc(C(=O)NC23CC4CC(CC(C4)C2)C3)c(=O)c2cc(/C=C/C(C)(C)C)ccc21,O=C(NC12CC3CC(CC(C3)C1)C2)c1c[nH]c2ccccc2c1=O,2
random,CCCCCn1cc(C(=O)NC23CC4CC(CC(C4)C2)C3)c(=O)c2cc(C(C)C)ccc21,O=C(NC12CC3CC(CC(C3)C1)C2)c1c[nH]c2ccccc2c1=O,2
random,CCCCCn1cc(C(=O)NC23CC4CC(CC(C4)C2)C3)c(=O)c2cc(F)c(-n3cccc3)cc21,O=C(NC12CC3CC(CC(C3)C1)C2)c1c[nH]c2cc(-n3cccc3)ccc2c1=O,2
random,CCCCCn1cc(C(=O)NC23CC4CC(CC(C4)C2)C3)c(=O)c2cc([S+]([O-])c3ccccc3)ccc21,O=C(NC12CC3CC(CC(C3)C1)C2)c1c[nH]c2ccc([SH+]c3ccccc3)cc2c1=O,2
random,CCCCCn1cc(C(=O)NC23CC4CC(CC(C4)C2)C3)c(=O)c2ccc(F)cc21,O=C(NC12CC3CC(CC(C3)C1)C2)c1c[nH]c2ccccc2c1=O,2
random,CCCCCn1cc(C(=O)NC23CC4CC(CC(C4)C2)C3)c(=O)c2cccc(C)c21,O=C(NC12CC3CC(CC(C3)C1)C2)c1c[nH]c2ccccc2c1=O,2
random,CCCCCn1cc(C(=O)NC23CC4CC(CC(C4)C2)C3)c(=O)cc1-c1cccc(Cl)c1,O=C(NC12CC3CC(CC(C3)C1)C2)c1c[nH]c(-c2ccccc2)cc1=O,2
random,CCCCCn1cc(C(=O)NC23CC4CC(CC(C4)C2)C3)c(=O)cc1-c1ccccc1Cl,O=C(NC12CC3CC(CC(C3)C1)C2)c1c[nH]c(-c2ccccc2)cc1=O,2
random,CCCCCn1cc(C(=O)NC23CC4CC(CC(C4)C2)C3)c(=O)n2nc(-c3ccc(Cl)cc3Cl)cc12,O=C(NC12CC3CC(CC(C3)C1)C2)c1c[nH]c2cc(-c3ccccc3)nn2c1=O,2
random,CCCCCn1cc(C(=O)NC23CC4CC(CC(C4)C2)C3)c(=O)n2nc(-c3ccccc3C)cc12,O=C(NC12CC3CC(CC(C3)C1)C2)c1c[nH]c2cc(-c3ccccc3)nn2c1=O,2
random,CCCCCn1cc(C(=O)NC23CC4CC(CC(C4)C2)C3)c(=O)n2nc(CC)cc12,O=C(NC12CC3CC(CC(C3)C1)C2)c1c[nH]c2ccnn2c1=O,2
random,CCCCCn1cc(C(=O)NC23CC4CC(CC(C4)C2)C3)c(=O)n2nc(SC)nc12,O=C(NC12CC3CC(CC(C3)C1)C2)c1c[nH]c2ncnn2c1=O,2
random,CCCCCn1cc(C(=O)NC23CC4CC(CC(C4)C2)C3)c(=O)n2ncnc12,O=C(NC12CC3CC(CC(C3)C1)C2)c1c[nH]c2ncnn2c1=O,2
random,CCCCCn1cc(C(=O)NC23CC4CC(CC(C4)C2)C3)c2ccc(-c3ccccc3)cc21,O=C(NC12CC3CC(CC(C3)C1)C2)c1c[nH]c2cc(-c3ccccc3)ccc12,2
random,CCCCCn1cc(C(=O)NC2C(C)(C)[C@@H]3CC[C@@]2(C)C3)c(=O)c2cc(-c3ccco3)ccc21,O=C(NC1CC2CCC1C2)c1c[nH]c2ccc(-c3ccco3)cc2c1=O,2
random,CCCCCn1cc(C(=O)NC2C3CC4CC(C3)CC2C4)c(=O)c2ccccc21,O=C(NC1C2CC3CC(C2)CC1C3)c1c[nH]c2ccccc2c1=O,2
random,CCCCCn1cc(C(=O)NC2CCCCC2)c(=O)cc1-c1ccccc1,O=C(NC1CCCCC1)c1c[nH]c(-c2ccccc2)cc1=O,2
random,CCCCCn1cc(C(=O)NC2CCCCC2)c(=O)n2nc(-c3ccc(C)cc3)cc12,O=C(NC1CCCCC1)c1c[nH]c2cc(-c3ccccc3)nn2c1=O,2
random,CCCCCn1cc(C(=O)NC2CCCCCC2)c(=O)n2nc(N3CCN(C)CC3)nc12,O=C(NC1CCCCCC1)c1c[nH]c2nc(N3CCNCC3)nn2c1=O,2
random,CCCCCn1cc(C(=O)NC2CCCCCC2)c(=O)n2nc(N3CCOCC3)nc12,O=C(NC1CCCCCC1)c1c[nH]c2nc(N3CCOCC3)nn2c1=O,2
random,CCCCCn1cc(C(=O)NC2CN3CCC2CC3)c(=O)c2ccc(Sc3ccccc3)cc21,O=C(NC1CN2CCC1CC2)c1c[nH]c2cc(Sc3ccccc3)ccc2c1=O,2
random,CCCCCn1cc(C(=O)NCC23CC4CC(CC(C4)C2)C3)c(=O)c2ccccc21,O=C(NCC12CC3CC(CC(C3)C1)C2)c1c[nH]c2ccccc2c1=O,2
random,CCCCCn1cc(C(=O)NOCc2ccccc2)c(=O)c2ccc(Sc3ccccc3)cc21,O=C(NOCc1ccccc1)c1c[nH]c2cc(Sc3ccccc3)ccc2c1=O,2
random,CCCCCn1cc(C(=O)N[C@H](C)c2ccccc2)c(=O)c2ccc(OCC)cc21,O=C(NCc1ccccc1)c1c[nH]c2ccccc2c1=O,2
random,CCCCCn1cc(C(=O)Nc2ccc3ccccc3c2)c2ccccc21,O=C(Nc1ccc2ccccc2c1)c1c[nH]c2ccccc12,2
random,CCCCCn1cc(C(=O)Nc2cccc3ccccc23)c2ccccc21,O=C(Nc1cccc2ccccc12)c1c[nH]c2ccccc12,2
random,CCCCCn1cc(C(=O)c2ccc(C)c3ccccc23)c2ccccc21,O=C(c1cccc2ccccc12)c1c[nH]c2ccccc12,2
random,CCCCCn1cc(C(=O)c2ccc(OC)c3ccccc23)c2ccccc21,O=C(c1cccc2ccccc12)c1c[nH]c2ccccc12,2
random,CCCCCn1cc(C(=O)c2cccc(-c3ccccc3)c2)c2ccccc21,O=C(c1cccc(-c2ccccc2)c1)c1c[nH]c2ccccc12,2
random,CCCCCn1cc(C(=O)c2cccc3cccc(I)c23)c2ccccc21,O=C(c1cccc2ccccc12)c1c[nH]c2ccccc12,2
random,CCCCCn1cc(C(=O)c2cccc3ccccc23)c(=O)c2ccccc21,O=C(c1c[nH]c2ccccc2c1=O)c1cccc2ccccc12,2
random,CCCCCn1cc(C(=O)c2cccc3ccccc23)c2ccc(F)cc21,O=C(c1cccc2ccccc12)c1c[nH]c2ccccc12,2
random,CCCCCn1cc(C(=O)c2cccc3ccccc23)c2cccnc21,O=C(c1cccc2ccccc12)c1c[nH]c2ncccc12,2
random,CCCCCn1cc(C(=O)c2cccc3ccccc23)c2ccncc21,O=C(c1cccc2ccccc12)c1c[nH]c2cnccc12,2
random,CCCCCn1cc(C(=O)c2cccc3ccccc23)cc1-c1ccc(CCCC)cc1,O=C(c1c[nH]c(-c2ccccc2)c1)c1cccc2ccccc12,2
random,CCCCCn1cc(C(=O)c2cccc3ccccc23)cc1-c1ccc(F)cc1,O=C(c1c[nH]c(-c2ccccc2)c1)c1cccc2ccccc12,2
random,CCCCCn1cc(C(=O)c2cccc3ccccc23)cc1-c1ccccc1C,O=C(c1c[nH]c(-c2ccccc2)c1)c1cccc2ccccc12,2
random,CCCCCn1cc(CC(=O)NC23CC4CC(CC(C4)C2)C3)c2cc(-c3ccccc3)ccc21,O=C(Cc1c[nH]c2ccc(-c3ccccc3)cc12)NC12CC3CC(CC(C3)C1)C2,2
random,CCCCCn1cc(CNC23CC4CC(CC(C4)C2)C3)c(=O)c2ccccc21,O=c1c(CNC23CC4CC(CC(C4)C2)C3)c[nH]c2ccccc12,2
random,CCCCCn1cc(NC(=O)C2CCCCC2)c(=O)cc1-c1ccccc1,O=C(Nc1c[nH]c(-c2ccccc2)cc1=O)C1CCCCC1,2
random,CCCCCn1cc2c(=O)n(-c3ccccc3)nc-2c2ccccc21,O=c1c2c[nH]c3ccccc3c-2nn1-c1ccccc1,2
random,CCCCCn1nc(C(=O)NC23CC4CC(CC(C4)C2)C3)c(C)c1-c1ccccc1,O=C(NC12CC3CC(CC(C3)C1)C2)c1cc(-c2ccccc2)[nH]n1,2
random,CCCCCn1nc(OCc2ccc(OC)cc2)c2cc([N+](=O)[O-])ccc21,c1ccc(COc2n[nH]c3ccccc23)cc1,2
random,CCCCCn1nc(OCc2ccc3ccccc3c2)c2cc([N+](=O)[O-])ccc21,c1ccc2cc(COc3n[nH]c4ccccc34)ccc2c1,2
random,CCCCOC(=O)C(C)(C)c1cc(O)c2c(c1)OC(C)(C)[C@@H]1CC=C(C)C[C@@H]21,C1=CCC2c3ccccc3OCC2C1,2
random,CCCCOC(=O)C(C)(C)c1cc(O)c2c(c1)OC(C)(C)[C@H]1CC=C(C)C[C@@H]21,C1=CCC2c3ccccc3OCC2C1,2
random,CCCCOc1c(OC)ccc2cc(C(=O)NC3CCCCC3)c(=O)[nH]c12,O=C(NC1CCCCC1)c1cc2ccccc2[nH]c1=O,2
random,CCCCOc1c(OC)ccc2cc(C(=O)NCc3ccc([18F])cc3)c(=O)[nH]c12,O=C(NCc1ccccc1)c1cc2ccccc2[nH]c1=O,2
random,CCCCOc1c(O[11CH3])ccc2cc(C(=O)NC3CCCCC3)c(=O)[nH]c12,O=C(NC1CCCCC1)c1cc2ccccc2[nH]c1=O,2
random,CCCC[Si](C)(C)c1cc(O)c(C2CCCC2)c(O)c1,c1ccc(C2CCCC2)cc1,2
random,CCCC[Si](C)(C)c1cc(O)c2c(c1)OC(C)(C)[C@@H]1CC=C(CO)C[C@@H]21,C1=CCC2c3ccccc3OCC2C1,2
random,CCCCc1cc(-c2ccc(OC)cc2)cc(C(=O)N[C@H]2CC[C@@H](C)CC2)c1OC,O=C(NC1CCCCC1)c1cccc(-c2ccccc2)c1,2
random,CCCCc1cc(O)c2c(c1)OC(C)(C)[C@@H]1CCC(C)=C[C@@H]21,C1=CC2c3ccccc3OCC2CC1,2
random,CCCCn1/c(=N/C(=O)c2cc(C(F)(F)F)ccc2OC[C@@H](C)O)sc2ccncc21,O=C(N=c1[nH]c2cnccc2s1)c1ccccc1,2
random,CCCCn1/c(=N/C(=O)c2cc(C(F)(F)F)ccc2ONC(C)C)cc(C(C)(C)C)n1C,O=C(N=c1cc[nH][nH]1)c1ccccc1,2
random,CCCCn1c(=O)c(C(=O)NC2CCCCC2)cc2cccnc21,O=C(NC1CCCCC1)c1cc2cccnc2[nH]c1=O,2
random,CCCCn1c(=O)sc2cc(C(=O)C34CC5CC(CC(C5)C3)C4)ccc21,O=C(c1ccc2[nH]c(=O)sc2c1)C12CC3CC(CC(C3)C1)C2,2
random,CCCCn1c(C)c(C)cc(NC(=O)c2cccc3ccccc23)c1=O,O=C(Nc1ccc[nH]c1=O)c1cccc2ccccc12,2
random,CCCCn1c2c(cc(C(=O)NCc3ccccc3)c1=O)CCCC2,O=C(NCc1ccccc1)c1cc2c([nH]c1=O)CCCC2,2
random,CCCCn1c2c(cc(C(N)=O)c1=O)CCCCCC2,O=c1ccc2c([nH]1)CCCCCC2,2
random,CCCCn1cc(C(=O)NC23CC4CC(CC(C4)C2)C3)c(=O)cc1-c1ccccc1,O=C(NC12CC3CC(CC(C3)C1)C2)c1c[nH]c(-c2ccccc2)cc1=O,2
random,CCCCn1cc(C(=O)NC2CCCC2)c(=O)c2cccc(OC)c21,O=C(NC1CCCC1)c1c[nH]c2ccccc2c1=O,2
random,CCCCn1cc(C(C)(C)C)s/c1=N\C(=O)c1cc(Cl)ccc1OCC(N)=O,O=C(N=c1[nH]ccs1)c1ccccc1,2
random,CCCCn1ccc(C(C)(C)C)c/c1=N\C(=O)c1cc(C(F)(F)F)ccc1ONC(C)(C)C,O=C(N=c1cccc[nH]1)c1ccccc1,2
random,CCCCn1ccc(C)c(Oc2nc3ccccc3o2)c1=S,S=c1[nH]cccc1Oc1nc2ccccc2o1,2
random,CCCCn1nc(C(C)(C)C)s/c1=N/C(=O)c1cc(C(F)(F)F)ccc1N(C)N(C)C(=O)OC(C)(C)C,O=C(N=c1[nH]ncs1)c1ccccc1,2
random,CCCCn1nc(C(C)(C)C)s/c1=N/C(=O)c1cc(C(F)(F)F)ccc1N/N=C\c1cccc(C)n1,O=C(N=c1[nH]ncs1)c1ccccc1NN=Cc1ccccn1,2
random,CCCCn1nc(C(C)(C)C)s/c1=N/C(=O)c1cc(C(F)(F)F)ccc1NNC(=O)OC,O=C(N=c1[nH]ncs1)c1ccccc1,2
random,CCCCn1nc(C(C)(C)C)s/c1=N\C(=O)c1cc(C(F)(F)F)ccc1NNC(=O)C(C)(C)C,O=C(N=c1[nH]ncs1)c1ccccc1,2
random,CCCCn1nc(C(C)(C)C)s/c1=N\C(=O)c1cc(C(F)(F)F)ccc1O/N=C(\N)c1ccncc1,O=C(N=c1[nH]ncs1)c1ccccc1ON=Cc1ccncc1,2
random,CCCCn1nc(C(C)(C)C)s/c1=N\C(=O)c1cc(C(F)(F)F)ccc1ONC(C)(C)C,O=C(N=c1[nH]ncs1)c1ccccc1,2
random,CCCN(C)C(=O)c1ccc2c(c1)nc(Cc1ccc(OCC)cc1)n2CC1CC1,c1ccc(Cc2nc3ccccc3n2CC2CC2)cc1,2
random,CCCNC(=O)c1c(NC(=O)C2C(C)(C)C2(C)C)sc2c1CCOC2,O=C(Nc1cc2c(s1)COCC2)C1CC1,2
random,CCCNC(=O)c1c(NC(=O)c2c(F)cccc2C(F)(F)F)sc2c1CCOC2,O=C(Nc1cc2c(s1)COCC2)c1ccccc1,2
random,CCCNC(=O)c1nn(-c2ccc(Cl)cc2Cl)c(-n2cccc2)c1C,c1ccc(-n2nccc2-n2cccc2)cc1,2
random,CCCOc1ccc2c(c1)c(C(=O)c1ccc(OC)cc1)cn2CC1CCOCC1,O=C(c1ccccc1)c1cn(CC2CCOCC2)c2ccccc12,2
random,CCCS(=O)(=O)N1CCN(c2ncnc3c2nc(-c2ccccc2Cl)n3-c2ccc(Cl)cc2)CC1,c1ccc(-c2nc3c(N4CCNCC4)ncnc3n2-c2ccccc2)cc1,2
random,CCCS(=O)(=O)n1c2c(c3cc(C(=O)N4CCC(C)CC4)ccc31)CN(C1CCCC1)C2,O=C(c1ccc2[nH]c3c(c2c1)CN(C1CCCC1)C3)N1CCCCC1,2
random,CCCc1cc(O)c2c(c1)OC(C)(C)[C@@H]1CCC(CO)=C[C@@H]21,C1=CC2c3ccccc3OCC2CC1,2
random,CCCc1cc(O)c2c(c1)OC(C)(C)[C@@H]1C[C@H](O)C(C)=C[C@@H]21,C1=CC2c3ccccc3OCC2CC1,2
random,CCCc1sc2ccccc2c1C(=O)c1cccc2ccccc12,O=C(c1cccc2ccccc12)c1csc2ccccc12,2
random,CCCn1c(C)c(C(=O)c2cc(N)cc3ccccc23)c2ccccc21,O=C(c1cccc2ccccc12)c1c[nH]c2ccccc12,2
random,CCCn1c(C)c(C(=O)c2cc([N+](=O)[O-])cc3ccccc23)c2ccccc21,O=C(c1cccc2ccccc12)c1c[nH]c2ccccc12,2
random,CCCn1c(C)c(C(=O)c2ccc(C)c3ccccc23)c2ccccc21,O=C(c1cccc2ccccc12)c1c[nH]c2ccccc12,2
random,CCCn1c(C)c(C(=O)c2cccc3cccc(Cl)c23)c2ccccc21,O=C(c1cccc2ccccc12)c1c[nH]c2ccccc12,2
random,CCCn1c(C)c(C(=O)c2cccc3cccc(I)c23)c2ccccc21,O=C(c1cccc2ccccc12)c1c[nH]c2ccccc12,2
random,CCCn1cc(C(=O)c2c(OC)ccc3ccccc23)c2ccccc21,O=C(c1cccc2ccccc12)c1c[nH]c2ccccc12,2
random,CCCn1cc(C(=O)c2ccc(CC)c3ccccc23)c2ccccc21,O=C(c1cccc2ccccc12)c1c[nH]c2ccccc12,2
random,CCCn1cc(C(=O)c2cccc3cc(OC)ccc23)c2ccccc21,O=C(c1cccc2ccccc12)c1c[nH]c2ccccc12,2
random,CCCn1cc(C(=O)c2cccc3ccc(OC)cc23)c2ccccc21,O=C(c1cccc2ccccc12)c1c[nH]c2ccccc12,2
random,CCN(CC)C(=O)c1ccc2c(c1)nc(Cc1ccc(OCC3CC3)cc1)n2CCC(C)C,c1ccc2[nH]c(Cc3ccc(OCC4CC4)cc3)nc2c1,2
random,CCN(CC)S(=O)(=O)/N=C(/N=C(/C)N)N1C[C@H](c2ccccc2)C(c2ccc(Cl)cc2)=N1,c1ccc(C2=NNCC2c2ccccc2)cc1,2
random,CCN(CC)c1ccc(C(NC(=O)C(C)(C)C)NC(=O)C(C)(C)C)cc1,c1ccccc1,2
random,CCN(CC)c1ccc(CN(C(=O)Cc2ccc(Cl)cc2)c2ccc(Cl)cc2)cc1,O=C(Cc1ccccc1)N(Cc1ccccc1)c1ccccc1,2
random,CCN(CC)c1ccc(CN(C2CCCCC2)S(=O)(=O)c2ccc(C(C)C)cc2)cc1,O=S(=O)(c1ccccc1)N(Cc1ccccc1)C1CCCCC1,2
random,CCN(CC)c1ccc(CN(Cc2ccc(F)cc2)S(=O)(=O)c2ccc(C)cc2)cc1,O=S(=O)(c1ccccc1)N(Cc1ccccc1)Cc1ccccc1,2
random,CCN(CC)c1ccc(CN(Cc2ccccc2)S(=O)(=O)c2ccc(C(C)C)cc2)cc1,O=S(=O)(c1ccccc1)N(Cc1ccccc1)Cc1ccccc1,2
random,CCN(CC)c1ccc(CN(Cc2ccccc2)S(=O)(=O)c2ccc(NC(C)=O)cc2)cc1,O=S(=O)(c1ccccc1)N(Cc1ccccc1)Cc1ccccc1,2
random,CCN(CC)c1ccc(CN(Cc2ccccc2)S(=O)(=O)c2ccc(OC)cc2)cc1,O=S(=O)(c1ccccc1)N(Cc1ccccc1)Cc1ccccc1,2
random,CCN(CC)c1ccc(CN([C@]23C[C@H]4C[C@H](C[C@H](C4)C2)C3)S(=O)(=O)c2cccc(C)c2)cc1,O=S(=O)(c1ccccc1)N(Cc1ccccc1)C12CC3CC(CC(C3)C1)C2,2
random,CCN(CC)c1ccc(CN(c2ccc(C)cc2)S(=O)(=O)c2ccc(C)cc2)cc1,O=S(=O)(c1ccccc1)N(Cc1ccccc1)c1ccccc1,2
random,CCN(CC)c1ccc(CN(c2ccc(C)cc2)S(=O)(=O)c2ccc(Cl)cc2)cc1,O=S(=O)(c1ccccc1)N(Cc1ccccc1)c1ccccc1,2
random,CCN(CC)c1ccc(CN(c2ccccc2)S(=O)(=O)c2ccc(C(C)C)cc2)cc1,O=S(=O)(c1ccccc1)N(Cc1ccccc1)c1ccccc1,2
random,CCN(CC)c1ccc(CN(c2ncc(C)s2)S(=O)(=O)c2ccc(OC)cc2)cc1,O=S(=O)(c1ccccc1)N(Cc1ccccc1)c1nccs1,2
random,CCNC(=O)NC1(c2ccccc2)CCN(c2ncnc3c2nc(-c2ccccc2Cl)n3-c2ccc(Cl)cc2)CC1,c1ccc(-c2nc3c(N4CCC(c5ccccc5)CC4)ncnc3n2-c2ccccc2)cc1,2
random,CCNC(=O)NC1CCCOc2c1nn(-c1ccccc1Cl)c2-c1ccc(Cl)cc1,c1ccc(-c2c3c(nn2-c2ccccc2)CCCCO3)cc1,2
random,CCOC(=O)/C(=C/c1cn(CCN2CCOCC2)c2ccccc12)C(=O)c1ccccc1,O=C(C=Cc1cn(CCN2CCOCC2)c2ccccc12)c1ccccc1,2
random,CCOC(=O)/C=C/c1cc(C(=O)NC2CCCCCC2)c(=O)n(Cc2ccc(F)cc2)c1,O=C(NC1CCCCCC1)c1cccn(Cc2ccccc2)c1=O,2
random,CCOC(=O)C(C)(C)c1cc(O)c(-c2cc(C)cc(C)c2)c(OC)c1,c1ccc(-c2ccccc2)cc1,2
random,CCOC(=O)C(C)(C)c1cc(O)c(-c2cc(Cl)cc(Cl)c2)c(O)c1,c1ccc(-c2ccccc2)cc1,2
random,CCOC(=O)C(CC)(CC)NC(=O)c1cc(F)c(N2CC(OC)C2)c(OCC2CC2)n1,c1cnc(OCC2CC2)c(N2CCC2)c1,2
random,CCOC(=O)C(CC)(CC)NC(=O)c1ccc(N2CC(OC)C2)c(OCC2CC2)n1,c1cnc(OCC2CC2)c(N2CCC2)c1,2
random,CCOC(=O)C(CC)(CC)NC(=O)c1ccc(N2CC(OC)C2)c(OC[C@@H]2C[C@@H]2COCCF)n1,c1cnc(OCC2CC2)c(N2CCC2)c1,2
random,CCOC(=O)C(CC)(CC)NC(=O)c1ccc(N2CC(OC)C2)c(OC[C@@H]2C[C@H]2COCF)n1,c1cnc(OCC2CC2)c(N2CCC2)c1,2
random,CCOC(=O)C(CC)(CC)NC(=O)c1ccc(N2CC(OC)C2)c(OC[C@H]2C[C@@H]2COCCF)n1,c1cnc(OCC2CC2)c(N2CCC2)c1,2
random,CCOC(=O)C(CC)(CC)NC(=O)c1ccc(N2CC(O[11CH3])C2)c(OCC2CC2)n1,c1cnc(OCC2CC2)c(N2CCC2)c1,2
random,CCOC(=O)c1c(NC(=O)c2ccc3ccccc3c2)sc2c1CCCC2,O=C(Nc1cc2c(s1)CCCC2)c1ccc2ccccc2c1,2
random,CCOC(=S)N1CC(C)(C)CS/C1=N\c1ccccc1C(C)C,c1ccc(N=C2NCCCS2)cc1,2
random,CCOc1ccc(Cc2nc3cc(C(=O)N(C)C4CCCCC4)ccc3n2CC2CC2)cc1,O=C(NC1CCCCC1)c1ccc2c(c1)nc(Cc1ccccc1)n2CC1CC1,2
random,CCOc1ccc(Cc2nc3cc(C(=O)N(CC)CC)ccc3n2CC2CC2)nc1,c1ccc(Cc2nc3ccccc3n2CC2CC2)nc1,2
random,CCOc1ccc(Cc2nc3cc(C(=O)N(CC)CC)ccc3n2CC2CCCCC2)cc1,c1ccc(Cc2nc3ccccc3n2CC2CCCCC2)cc1,2
random,CCOc1ccc(Cc2nc3cc(C(=O)N(CC)CC)ccc3n2CCC(C)C)cc1,c1ccc(Cc2nc3ccccc3[nH]2)cc1,2
random,CCOc1ccc(Cc2nc3cc(C(=O)N(CC)CC)ccc3n2C[C@H]2CCCO2)cc1,c1ccc(Cc2nc3ccccc3n2CC2CCCO2)cc1,2
random,CCOc1ccc(Cc2nc3cc(C(=O)NCCOCCOCCNc4c5c(nc6ccccc46)CCCC5)ccc3n2CCC(C)C)cc1,O=C(NCCOCCOCCNc1c2c(nc3ccccc13)CCCC2)c1ccc2[nH]c(Cc3ccccc3)nc2c1,2
random,CCOc1ccc(Cc2nc3cc(N(C)C(=O)NC(C)C)ccc3n2CC2CC2)cc1,c1ccc(Cc2nc3ccccc3n2CC2CC2)cc1,2
random,CCS(=O)(=O)N1CCC(NC(=O)c2nn(-c3ccc(Cl)cc3Cl)c(-c3ccc(Cl)cc3)c2C)CC1,O=C(NC1CCNCC1)c1cc(-c2ccccc2)n(-c2ccccc2)n1,2
random,CCS(=O)(=O)n1c2c(c3cc(C(=O)N4CCC(C)CC4)ccc31)CN(C1CCOC1)C2,O=C(c1ccc2[nH]c3c(c2c1)CN(C1CCOC1)C3)N1CCCCC1,2
random,CCS(=O)(=O)n1c2c(c3cc(C(=O)N4CCC(C)CC4)ccc31)CN(CC1CCCCC1)C2,O=C(c1ccc2[nH]c3c(c2c1)CN(CC1CCCCC1)C3)N1CCCCC1,2
random,CCS(=O)(=O)n1c2c(c3cc(C(=O)N4CCOCC4)ccc31)CN(C1CCCC1)C2,O=C(c1ccc2[nH]c3c(c2c1)CN(C1CCCC1)C3)N1CCOCC1,2
random,CCc1c(C(=O)NC(C)c2ccccc2)cc(C)n1-c1ccccc1,O=C(NCc1ccccc1)c1ccn(-c2ccccc2)c1,2
random,CCc1c(C(=O)NC23CC4CC(CC(C4)C2)C3)nc(C)n1-c1ccccc1,O=C(NC12CC3CC(CC(C3)C1)C2)c1cn(-c2ccccc2)cn1,2
random,CCc1c(C(=O)NC2CCCCC2)nn(-c2ccc(Cl)cc2Cl)c1-n1c(C)ccc1C,O=C(NC1CCCCC1)c1cc(-n2cccc2)n(-c2ccccc2)n1,2
random,CCc1c(C(=O)NCc2ccc(Cl)c(Cl)c2)nn(-c2ccc(Cl)c(Cl)c2)c1-n1cccc1,O=C(NCc1ccccc1)c1cc(-n2cccc2)n(-c2ccccc2)n1,2
random,CCc1c(C(=O)NN2CCCCC2)nc(-c2ccc(Cl)cc2Cl)n1-c1ccc(Cl)cc1,O=C(NN1CCCCC1)c1cn(-c2ccccc2)c(-c2ccccc2)n1,2
random,CCc1c(C(=O)Nc2ccc3ccccc3c2)cc(C)n1-c1ccccc1,O=C(Nc1ccc2ccccc2c1)c1ccn(-c2ccccc2)c1,2
random,CCc1cccc(C(=O)c2cc(O)c(-c3cc(Cl)cc(Cl)c3)c(O)c2)c1,O=C(c1ccccc1)c1ccc(-c2ccccc2)cc1,2
random,CCn1cc(C(=O)NC(C)C23CC4CC(CC(C4)C2)C3)c(=O)cc1-c1ccccc1,O=C(NCC12CC3CC(CC(C3)C1)C2)c1c[nH]c(-c2ccccc2)cc1=O,2
random,CN(C)C(=O)[C@@H](NC(=O)n1c(=O)n(CCN2CCOCC2)c2ccccc21)C(C)(C)C,O=c1[nH]c2ccccc2n1CCN1CCOCC1,2
random,CN(C)C1(c2nc(-c3cc(C(C)(C)C)c(O)c(C(C)(C)C)c3)cs2)CCOCC1,c1ccc(-c2csc(C3CCOCC3)n2)cc1,2
random,CN(CC(=O)NC1CC1)C(=O)c1ccc2c(c1)c1c(n2C)CCC(C2CCOCC2)C1,O=C(CNC(=O)c1ccc2[nH]c3c(c2c1)CC(C1CCOCC1)CC3)NC1CC1,2
random,CN(CC(=O)NC1CC1)C(=O)c1ccc2c(c1)c1c(n2C)CC[C@H](C2CCOCC2)C1,O=C(CNC(=O)c1ccc2[nH]c3c(c2c1)CC(C1CCOCC1)CC3)NC1CC1,2
random,CN/C(=N\S(=O)(=O)N1CCC(C(F)(F)F)CC1)N1C[C@H](c2ccccc2)C(c2ccc(Cl)cc2)=N1,O=S(=O)(N=CN1CC(c2ccccc2)C(c2ccccc2)=N1)N1CCCCC1,2
random,CN/C(=N\S(=O)(=O)N1CCC(F)(F)CC1)N1CCC(c2ccccc2)C(c2ccc(Cl)cc2)=N1,O=S(=O)(N=CN1CCC(c2ccccc2)C(c2ccccc2)=N1)N1CCCCC1,2
random,CN/C(=N\S(=O)(=O)c1cccc(Cl)c1)C1=NN(c2ccc(Cl)cc2Cl)C(c2ccccc2)C1,O=S(=O)(N=CC1=NN(c2ccccc2)C(c2ccccc2)C1)c1ccccc1,2
random,CN1CCCCC1Cn1cc(C(=O)C2C(C)(C)C2(C)C)c2ccccc21,O=C(c1cn(CC2CCCCN2)c2ccccc12)C1CC1,2
random,CN1CCN(C)[C@@H](COc2ccc(C(F)(F)F)cc2C(=O)/N=c2\sc(C(C)(C)C)cn2C[C@H]2CCCO2)C1,O=C(N=c1sccn1CC1CCCO1)c1ccccc1OCC1CNCCN1,2
random,CN1CCN(NC(=O)c2cnn(-c3ccc(Cl)cc3Cl)c2-c2ccc(Br)cc2)CC1,O=C(NN1CCNCC1)c1cnn(-c2ccccc2)c1-c1ccccc1,2
random,CN1CCN(c2ncnc3oc(-c4ccccc4C(F)(F)F)nc23)CC1,c1ccc(-c2nc3c(N4CCNCC4)ncnc3o2)cc1,2
random,CN1C[C@@H](F)C[C@H]1COc1ccc(C(F)(F)F)cc1C(=O)/N=c1\sc(C(C)(C)C)cn1C[C@H]1CCCO1,O=C(N=c1sccn1CC1CCCO1)c1ccccc1OCC1CCCN1,2
random,CNC(=O)[C@@H](NC(=O)n1c(=O)n(CCN2CCOCC2)c2ccccc21)C(C)(C)C,O=c1[nH]c2ccccc2n1CCN1CCOCC1,2
random,COC(=O)CCCCC(C)(C)c1ccc(-c2cc(C)cc(C)c2)c(O)c1,c1ccc(-c2ccccc2)cc1,2
random,COC(=O)c1c(NC(=O)C23CC4CC(CC(O)(C4)C2)C3)sc2c1CCCC2,O=C(Nc1cc2c(s1)CCCC2)C12CC3CC(CC(C3)C1)C2,2
random,COC(=O)c1c(NC(=O)Oc2ccccc2)sc2c1CCCC2,O=C(Nc1cc2c(s1)CCCC2)Oc1ccccc1,2
random,COC(=O)c1cc(C)sc1NC(=O)C12CC3CC(CC(C3)C1)C2,O=C(Nc1cccs1)C12CC3CC(CC(C3)C1)C2,2
random,COC1CN(c2ccc(C(=O)N[C@H](COCCF)CC(C)C)nc2OCC2COC2)C1,c1cnc(OCC2COC2)c(N2CCC2)c1,2
random,COCC(C)(NC(=O)c1ccc(N2CCCCC2)c(S(=O)(=O)N2CCCCC2)c1)C1CC1,O=C(NCC1CC1)c1ccc(N2CCCCC2)c(S(=O)(=O)N2CCCCC2)c1,2
random,COCCOC1CCN(C(=O)C23CC4CC(CC(C4)C2)C3)c2ccccc21,O=C(N1CCCc2ccccc21)C12CC3CC(CC(C3)C1)C2,2
random,COCCn1c2c(cc(C(=O)NCc3ccccc3)c1=O)CCCCCC2,O=C(NCc1ccccc1)c1cc2c([nH]c1=O)CCCCCC2,2
random,COCCn1cc(C(=O)c2cccc3ccccc23)c2ccncc21,O=C(c1cccc2ccccc12)c1c[nH]c2cnccc12,2
random,COc1c(Cc2ccc(F)cc2)cc(-c2ccc(F)cc2)cc1C(=O)N[C@H]1CC[C@H](C)CC1,O=C(NC1CCCCC1)c1cc(Cc2ccccc2)cc(-c2ccccc2)c1,2
random,COc1c(Cc2ccc(F)cc2)cc(-c2ccccc2)cc1C(=O)N[C@H]1CC[C@H](C)CC1,O=C(NC1CCCCC1)c1cc(Cc2ccccc2)cc(-c2ccccc2)c1,2
random,COc1c(Cc2ccccc2)cc(-c2ccccc2)cc1C(=O)NC1CCCCCC1,O=C(NC1CCCCCC1)c1cc(Cc2ccccc2)cc(-c2ccccc2)c1,2
random,COc1cc(C(C)(C)CCCCCCN=C=S)cc(OC)c1[C@H]1C=C(CO)[C@H]2C[C@@H]1C2(C)C,C1=CC(c2ccccc2)C2CC1C2,2
random,COc1cc(C)cc2oc(=O)c(Cc3ccc(Cl)cc3)cc12,O=c1oc2ccccc2cc1Cc1ccccc1,2
random,COc1ccc(-c2c(C)c3c(n2-c2ccccc2Cl)CCN(N2CCCCC2)C3=O)cc1,O=C1c2cc(-c3ccccc3)n(-c3ccccc3)c2CCN1N1CCCCC1,2
random,COc1ccc(-c2cnc3c(c2)cc(C(=O)NC2CCC(C)CC2)c(=O)n3CCN2CCOCC2)cc1,O=C(NC1CCCCC1)c1cc2cc(-c3ccccc3)cnc2n(CCN2CCOCC2)c1=O,2
random,COc1ccc(-c2oc3ccccc3c2C(=O)c2ccc(N(C)Cc3ccc(F)cc3)cc2)cc1,O=C(c1ccc(NCc2ccccc2)cc1)c1c(-c2ccccc2)oc2ccccc12,2
random,COc1ccc(-c2oc3ccccc3c2C(=O)c2ccc(N(Cc3ccc(F)cc3)Cc3ccc(F)cc3)cc2)cc1,O=C(c1ccc(N(Cc2ccccc2)Cc2ccccc2)cc1)c1c(-c2ccccc2)oc2ccccc12,2
random,COc1ccc(-c2oc3ccccc3c2C(=O)c2ccc(NCC3CC3)cc2)cc1,O=C(c1ccc(NCC2CC2)cc1)c1c(-c2ccccc2)oc2ccccc12,2
random,COc1ccc(-c2oc3ccccc3c2C(=O)c2ccc(NCc3ccccn3)cc2)cc1,O=C(c1ccc(NCc2ccccn2)cc1)c1c(-c2ccccc2)oc2ccccc12,2
random,COc1ccc(-n2c(-c3ccc(Cl)cc3Cl)nc(C(=O)NN3CCCCC3)c2C)cc1,O=C(NN1CCCCC1)c1cn(-c2ccccc2)c(-c2ccccc2)n1,2
random,COc1ccc(/C=C2\N=C3SCCCN3C2=O)c(OC)c1,O=C1C(=Cc2ccccc2)N=C2SCCCN12,2
random,COc1ccc(C(=O)NC23CC4CC(CC(C4)C2)C3)cc1,O=C(NC12CC3CC(CC(C3)C1)C2)c1ccccc1,2
random,COc1ccc(C(=O)c2cn(CC3CCOCC3)c3ccc(O)cc23)cc1,O=C(c1ccccc1)c1cn(CC2CCOCC2)c2ccccc12,2
random,COc1ccc(C(=O)n2c(-c3ccc(OC)cc3)nc3ccccc32)cc1,O=C(c1ccccc1)n1c(-c2ccccc2)nc2ccccc21,2
random,COc1ccc(C2c3cccn3-c3ccccc3N2C(=O)CN(C(=O)NC(C)(C)C)C(C)C)cc1,c1ccc(C2Nc3ccccc3-n3cccc32)cc1,2
random,COc1ccc(CCNC(=O)c2nn(-c3ccc(F)cc3F)c(-n3cccc3)c2C)cc1Cl,O=C(NCCc1ccccc1)c1cc(-n2cccc2)n(-c2ccccc2)n1,2
random,COc1ccc(CNc2ccc(C(=O)c3c(-c4ccc(OC)cc4)oc4ccccc34)cc2)cc1,O=C(c1ccc(NCc2ccccc2)cc1)c1c(-c2ccccc2)oc2ccccc12,2
random,COc1ccc(Cn2c(-c3ccc(OC)cc3)nc3ccccc32)cc1,c1ccc(Cn2c(-c3ccccc3)nc3ccccc32)cc1,2
random,COc1ccc(S(=O)(=O)c2cc(OC)ccc2S(=O)(=O)c2ccc([C@H](C)NS(C)(=O)=O)cc2)cc1,O=S(=O)(c1ccccc1)c1ccccc1S(=O)(=O)c1ccccc1,2
random,COc1ccc([C@@H]2[C@@H](Cc3cc4ccccc4o3)C(=O)N2c2ccccc2)cc1,O=C1C(Cc2cc3ccccc3o2)C(c2ccccc2)N1c1ccccc1,2
random,COc1ccc2c(c1)OC(C)(C)c1cn(CCN3CCN(C(=O)C4CCCCC4)CC3)nc1-2,O=C(C1CCCCC1)N1CCN(CCn2cc3c(n2)-c2ccccc2OC3)CC1,2
random,COc1ccc2c(c1)OC(C)(C)c1cn(CCN3CCN(C(=O)c4cccs4)CC3)nc1-2,O=C(c1cccs1)N1CCN(CCn2cc3c(n2)-c2ccccc2OC3)CC1,2
random,COc1ccc2c(c1)c(CCN1CCOCC1)c(C)n2C(=O)c1ccc(Cl)cc1Cl,O=C(c1ccccc1)n1cc(CCN2CCOCC2)c2ccccc21,2
random,COc1ccc2cc(C(=O)NCCc3ccc(F)cc3)c(=O)[nH]c2c1OC,O=C(NCCc1ccccc1)c1cc2ccccc2[nH]c1=O,2
random,COc1cccc(C(=O)NC23CC4CC(CC(C4)C2)C3)c1,O=C(NC12CC3CC(CC(C3)C1)C2)c1ccccc1,2
random,COc1cccc(C(=O)NC23CC4CC(CC(C4)C2)C3)c1O,O=C(NC12CC3CC(CC(C3)C1)C2)c1ccccc1,2
random,COc1cccc2c(C(=O)N3CCN4CCCC[C@H]4C3)cn(CC3CCCCC3)c12,O=C(c1cn(CC2CCCCC2)c2ccccc12)N1CCN2CCCCC2C1,2
random,COc1cccc2c(C(=O)NC3C(C)(C)[C@@H]4CC[C@@]3(C)C4)c(C)n(CCN3CCOCC3)c12,O=C(NC1CC2CCC1C2)c1cn(CCN2CCOCC2)c2ccccc12,2
random,COc1cccc2c(C(=O)NC3C(C)(C)[C@@H]4CC[C@@]3(C)C4)nn(CCN3CCOCC3)c12,O=C(NC1CC2CCC1C2)c1nn(CCN2CCOCC2)c2ccccc12,2
random,COc1ccccc1Cc1cc2c(C)c(OC)c(C)c(C)c2oc1=O,O=c1oc2ccccc2cc1Cc1ccccc1,2
random,COc1ccccc1Cc1cc2c(C)ccc(C(C)C)c2oc1=O,O=c1oc2ccccc2cc1Cc1ccccc1,2
random,COc1ccccc1Cc1cc2c(C)ccc(C)c2oc1=O,O=c1oc2ccccc2cc1Cc1ccccc1,2
random,COc1ccccc1Cc1cc2c(OC)cc(C)cc2oc1=O,O=c1oc2ccccc2cc1Cc1ccccc1,2
random,COc1ccccc1Cc1cc2c(OC)ccc(C)c2oc1=O,O=c1oc2ccccc2cc1Cc1ccccc1,2
random,COc1ccccc1N1CCN(c2ncnc3c2nc(-c2ccccc2Cl)n3-c2ccc(Cl)cc2)CC1,c1ccc(-c2nc3c(N4CCN(c5ccccc5)CC4)ncnc3n2-c2ccccc2)cc1,2
random,CS(=O)(=O)CC(=O)NC1CCCOc2c1nn(-c1ccccc1Cl)c2-c1ccc(Cl)cc1,c1ccc(-c2c3c(nn2-c2ccccc2)CCCCO3)cc1,2
random,CS(=O)(=O)NCCCn1c2ccccc2c2cc(C(=O)N3CCCCC3)ccc21,O=C(c1ccc2[nH]c3ccccc3c2c1)N1CCCCC1,2
random,CSC(=O)N1CC2(CCCCC2)CO/C1=N\c1cccc2ccccc12,c1ccc2c(N=C3NCC4(CCCCC4)CO3)cccc2c1,2
random,CSC(=S)N1CC2(CCCCC2)CO/C1=N\c1cc(C(C)(C)C)no1,c1cc(N=C2NCC3(CCCCC3)CO2)on1,2
random,CSSC1CCN(c2nc(C(F)(F)c3ccccc3)nc3c2nnn3Cc2nonc2C)C1,c1ccc(Cc2nc(N3CCCC3)c3nnn(Cc4cnon4)c3n2)cc1,2
random,CSc1c(C(=O)NC23CC4CC(CC(C4)C2)C3)nc(C)n1-c1ccccc1,O=C(NC12CC3CC(CC(C3)C1)C2)c1cn(-c2ccccc2)cn1,2
random,CSc1c(C(=O)NN2CCCCC2)nn(-c2ccc(Cl)cc2Cl)c1-c1ccc(Cl)cc1,O=C(NN1CCCCC1)c1cc(-c2ccccc2)n(-c2ccccc2)n1,2
random,CSc1c(C(=O)NN2CCCCCC2)nc(-c2ccc(Cl)cc2Cl)n1-c1ccc(Cl)cc1,O=C(NN1CCCCCC1)c1cn(-c2ccccc2)c(-c2ccccc2)n1,2
random,C[C@H](CO)NC(=O)CCC/C=C\C/C=C\C/C=C\C/C=C\CCOC(=O)c1cc(I)ccc1N=[N+]=[N-],c1ccccc1,2
random,C[C@H](NS(=O)(=O)C(F)(F)F)c1ccc(S(=O)(=O)c2ccc(Cl)cc2S(=O)(=O)c2ccccc2F)cc1,O=S(=O)(c1ccccc1)c1ccccc1S(=O)(=O)c1ccccc1,2
random,C[C@H](NS(C)(=O)=O)c1ccc(Cc2ccc(C(F)(F)F)cc2S(=O)(=O)c2ccccc2F)cc1,O=S(=O)(c1ccccc1)c1ccccc1Cc1ccccc1,2
random,C[C@H](NS(C)(=O)=O)c1ccc(Cc2ccc(OC(F)(F)F)cc2S(=O)(=O)c2cccc(C(F)(F)F)c2)cc1,O=S(=O)(c1ccccc1)c1ccccc1Cc1ccccc1,2
random,C[C@H](NS(C)(=O)=O)c1ccc(Cc2ccc(OC(F)(F)F)cc2S(=O)(=O)c2ccccc2F)cc1,O=S(=O)(c1ccccc1)c1ccccc1Cc1ccccc1,2
random,C[C@H](NS(C)(=O)=O)c1ccc(S(=O)(=O)c2ccc(C(F)(F)F)cc2S(=O)(=O)c2ccccc2F)cc1,O=S(=O)(c1ccccc1)c1ccccc1S(=O)(=O)c1ccccc1,2
random,C[C@H](NS(C)(=O)=O)c1ccc(S(=O)(=O)c2ccc(Cl)cc2S(=O)(=O)c2cccc(Cl)c2)cc1,O=S(=O)(c1ccccc1)c1ccccc1S(=O)(=O)c1ccccc1,2
random,C[C@H]1CC[C@H](NC(=O)c2cc(-c3ccccc3)nn(Cc3ccc(F)cc3)c2=O)CC1,O=C(NC1CCCCC1)c1cc(-c2ccccc2)nn(Cc2ccccc2)c1=O,2
random,C[C@H]1CC[C@H](NC(=O)c2cc3cc(-c4ccco4)cnc3n(Cc3ccc(F)cc3)c2=O)CC1,O=C(NC1CCCCC1)c1cc2cc(-c3ccco3)cnc2n(Cc2ccccc2)c1=O,2
random,C[C@H]1CN(S(=O)(=O)c2ccc(Cl)cc2S(=O)(=O)c2ccccc2F)CC[C@@H]1CNS(=O)(=O)C(F)(F)F,O=S(=O)(c1ccccc1)c1ccccc1S(=O)(=O)N1CCCCC1,2
random,C[C@H]1COc2cccc3c(=O)c(C(=O)NC4CCCCC4)cn1c23,O=C(NC1CCCCC1)c1cn2c3c(cccc3c1=O)OCC2,2
random,Cc1c(-c2ccccc2)cn(Cc2ccc(F)cc2)c(=O)c1C(=O)NC1CCCCCC1,O=C(NC1CCCCCC1)c1cc(-c2ccccc2)cn(Cc2ccccc2)c1=O,2
random,Cc1c(C(=O)NC23CC4CC(CC(C4)C2)C3)nn(CCCCCO)c1-c1ccccc1,O=C(NC12CC3CC(CC(C3)C1)C2)c1cc(-c2ccccc2)[nH]n1,2
random,Cc1c(C(=O)NC2CCCC2)nc(-c2ccc(Cl)cc2Cl)n1-c1ccc(Cl)cc1,O=C(NC1CCCC1)c1cn(-c2ccccc2)c(-c2ccccc2)n1,2
random,Cc1c(C(=O)NC2CCCC2)nn(-c2ccc(F)cc2F)c1-n1c(C)ccc1C,O=C(NC1CCCC1)c1cc(-n2cccc2)n(-c2ccccc2)n1,2
random,Cc1c(C(=O)NC2CCCCC2)oc2ccc(S(=O)(=O)N3CC(C)CC(C)C3)cc12,O=C(NC1CCCCC1)c1cc2cc(S(=O)(=O)N3CCCCC3)ccc2o1,2
random,Cc1c(C(=O)NC2CCN(C(=O)OC(C)C)CC2)nn(-c2ccc(Cl)cc2Cl)c1-c1ccc(Cl)cc1,O=C(NC1CCNCC1)c1cc(-c2ccccc2)n(-c2ccccc2)n1,2
random,Cc1c(C(=O)NCC2CCC(CNS(C)(=O)=O)CC2)nn(-c2ccc(Cl)cc2Cl)c1-c1ccc(Cl)cc1,O=C(NCC1CCCCC1)c1cc(-c2ccccc2)n(-c2ccccc2)n1,2
random,Cc1c(C(=O)NCCCCCCCCNCc2ccccc2)nn(-c2ccc(Cl)cc2Cl)c1-c1ccc(Cl)cc1,O=C(NCCCCCCCCNCc1ccccc1)c1cc(-c2ccccc2)n(-c2ccccc2)n1,2
random,Cc1c(C(=O)NCCCNCCCNC(=O)c2nn(-c3ccc(Cl)cc3Cl)c(-c3ccc(Cl)cc3)c2C)nn(-c2ccc(Cl)cc2Cl)c1-c1ccc(Cl)cc1,O=C(NCCCNCCCNC(=O)c1cc(-c2ccccc2)n(-c2ccccc2)n1)c1cc(-c2ccccc2)n(-c2ccccc2)n1,2
random,Cc1c(C(=O)NCCc2ccc(Cl)cc2)nn(-c2ccc(Cl)c(Cl)c2)c1-n1cccc1,O=C(NCCc1ccccc1)c1cc(-n2cccc2)n(-c2ccccc2)n1,2
random,Cc1c(C(=O)NC[C@H]2CC[C@@H](CNS(C)(=O)=O)CC2)nn(-c2ccc(Cl)cc2Cl)c1-c1ccc(Cl)cc1,O=C(NCC1CCCCC1)c1cc(-c2ccccc2)n(-c2ccccc2)n1,2
random,Cc1c(C(=O)NCc2ccc(C(F)(F)F)cc2)nc(-c2ccc(Cl)cc2Cl)n1-c1ccc(Cl)cc1,O=C(NCc1ccccc1)c1cn(-c2ccccc2)c(-c2ccccc2)n1,2
random,Cc1c(C(=O)NCc2ccc(Cl)c(Cl)c2)nn(-c2ccc(Cl)cc2Cl)c1-n1c(C)ccc1C,O=C(NCc1ccccc1)c1cc(-n2cccc2)n(-c2ccccc2)n1,2
random,Cc1c(C(=O)NCc2ccc(Cl)c(Cl)c2)nn(-c2ccc(F)cc2F)c1-n1cccc1,O=C(NCc1ccccc1)c1cc(-n2cccc2)n(-c2ccccc2)n1,2
random,Cc1c(C(=O)NCc2ccc(Cl)cc2)nn(-c2ccc(Cl)c(Cl)c2)c1-n1c(C)ccc1C,O=C(NCc1ccccc1)c1cc(-n2cccc2)n(-c2ccccc2)n1,2
random,Cc1c(C(=O)NCc2ccc(Cl)cc2)nn(-c2ccc(Cl)c(Cl)c2)c1-n1cccc1,O=C(NCc1ccccc1)c1cc(-n2cccc2)n(-c2ccccc2)n1,2
random,Cc1c(C(=O)NN2CCCCC2)nc(-c2ccc(Cl)cc2Cl)n1-c1ccc(Br)cc1,O=C(NN1CCCCC1)c1cn(-c2ccccc2)c(-c2ccccc2)n1,2
random,Cc1c(C(=O)NN2CCCCC2)nc(-c2ccc(Cl)cc2Cl)n1-c1ccc(Cl)cc1,O=C(NN1CCCCC1)c1cn(-c2ccccc2)c(-c2ccccc2)n1,2
random,Cc1c(C(=O)NN2CCOCC2)nc(-c2ccc(Cl)cc2Cl)n1-c1ccc(Cl)cc1,O=C(NN1CCOCC1)c1cn(-c2ccccc2)c(-c2ccccc2)n1,2
random,Cc1c(C(=O)Nc2ccc(Cl)cc2)nn(-c2ccc(Cl)cc2Cl)c1-n1cccc1,O=C(Nc1ccccc1)c1cc(-n2cccc2)n(-c2ccccc2)n1,2
random,Cc1c(C(C)(C)C)s/c(=N\S(=O)(=O)c2cccc3ccccc23)n1C1CC1,O=S(=O)(N=c1sccn1C1CC1)c1cccc2ccccc12,2
random,Cc1c(CN2CCN(c3ncnc4c3nc(-c3ccccc3Cl)n4-c3ccc(Cl)cc3)CC2)cnn1C,c1ccc(-c2nc3c(N4CCN(Cc5cn[nH]c5)CC4)ncnc3n2-c2ccccc2)cc1,2
random,Cc1c2c(n(-c3ccc(Cl)cc3Cl)c1-c1ccc(Cl)cc1)CCN(C1CCCCC1)C2=O,O=C1c2cc(-c3ccccc3)n(-c3ccccc3)c2CCN1C1CCCCC1,2
random,Cc1c2n(c(=O)c3cc(OC(=O)C(C)(C)C)cc(OC(=O)C(C)(C)C)c13)CCCC2,O=c1c2ccccc2cc2n1CCCC2,2
random,Cc1cc(-c2cc(C(=O)NC3CCCCCC3)c(=O)n(Cc3ccc(F)cc3)n2)ccc1Cl,O=C(NC1CCCCCC1)c1cc(-c2ccccc2)nn(Cc2ccccc2)c1=O,2
random,Cc1cc(-c2cc(C(=O)N[C@@H]3C(C)(C)[C@@H]4CC[C@@]3(C)C4)c(=O)n(Cc3ccc(F)cc3)n2)ccc1Cl,O=C(NC1CC2CCC1C2)c1cc(-c2ccccc2)nn(Cc2ccccc2)c1=O,2
random,Cc1cc(=O)c(C(=O)NC23CC4CC(CC(C4)C2)C3)cn1CC1CCOCC1,O=C(NC12CC3CC(CC(C3)C1)C2)c1cn(CC2CCOCC2)ccc1=O,2
random,Cc1cc(C2=NN(C(=O)NC3C4(C)CCC(C4)C3(C)C)CC2Cc2ccccc2)ccc1Cl,O=C(NC1CC2CCC1C2)N1CC(Cc2ccccc2)C(c2ccccc2)=N1,2
random,Cc1cc(Cl)cc(C)c1-c1c(C)c(C(=O)NN2CCCCC2)nn1-c1ccc(Cl)cc1Cl,O=C(NN1CCCCC1)c1cc(-c2ccccc2)n(-c2ccccc2)n1,2
random,Cc1cc(NC(=O)C(C)(C(F)(F)F)C(F)(F)F)cc(CN2CCOCC2)c1C,c1ccc(CN2CCOCC2)cc1,2
random,Cc1cc(NC(=O)C(C)(C(F)(F)F)C(F)(F)F)cc(S(=O)(=O)N2CCOCC2)c1C,O=S(=O)(c1ccccc1)N1CCOCC1,2
random,Cc1cc(NC(=O)C2CCCCC2C)cc(CN2CCOCC2)c1C,O=C(Nc1cccc(CN2CCOCC2)c1)C1CCCCC1,2
random,Cc1ccc(-c2cc3ncccc3c3cc(C(=O)NC4CCCCC4)nn23)cc1,O=C(NC1CCCCC1)c1cc2c3cccnc3cc(-c3ccccc3)n2n1,2
random,Cc1ccc(-c2cc3ncccc3c3cc(C(=O)N[C@H]4C5(C)CCC(C5)C4(C)C)nn23)cc1,O=C(NC1CC2CCC1C2)c1cc2c3cccnc3cc(-c3ccccc3)n2n1,2
random,Cc1ccc(-c2n[nH]c(CC(C)(C)C)n2)cc1S(=O)(=O)N1CCOCC1,O=S(=O)(c1cccc(-c2nc[nH]n2)c1)N1CCOCC1,2
random,Cc1ccc(-c2nc(CC(C)(C)C)c[nH]2)cc1S(=O)(=O)N1CCOCC1,O=S(=O)(c1cccc(-c2ncc[nH]2)c1)N1CCOCC1,2
random,Cc1ccc(-c2noc(CCC(=O)Nc3ccc4c(c3)c3ccccc3n4CCF)n2)cc1,O=C(CCc1nc(-c2ccccc2)no1)Nc1ccc2[nH]c3ccccc3c2c1,2
random,Cc1ccc(C(=O)NC2C(C)(C)[C@@H]3CC[C@@]2(C)C3)cc1C(=O)N1CCOCC1,O=C(NC1CC2CCC1C2)c1cccc(C(=O)N2CCOCC2)c1,2
random,Cc1ccc(C(=O)NC2C(C)(C)[C@@H]3CC[C@@]2(C)C3)cc1CCCN1CCOCC1,O=C(NC1CC2CCC1C2)c1cccc(CCCN2CCOCC2)c1,2
random,Cc1ccc(C(=O)NC2C(C)(C)[C@@H]3CC[C@@]2(C)C3)cc1CCN1CCOCC1,O=C(NC1CC2CCC1C2)c1cccc(CCN2CCOCC2)c1,2
random,Cc1ccc(C(=O)NCC(C)(C)C)cc1S(=O)(=O)N1CCOCC1,O=S(=O)(c1ccccc1)N1CCOCC1,2
random,Cc1ccc(C(=O)N[C@@H]2C(C)(C)[C@@H]3CC[C@@]2(C)C3)cc1S(=O)(=O)N1CCOCC1,O=C(NC1CC2CCC1C2)c1cccc(S(=O)(=O)N2CCOCC2)c1,2
random,Cc1ccc(C(c2ccc(Cl)cc2Cl)N2CCN(C(=O)NC3CCCCC3)CC2)cc1,O=C(NC1CCCCC1)N1CCN(C(c2ccccc2)c2ccccc2)CC1,2
random,Cc1ccc(C2COc3cccc4c(=O)c(C(=O)NC5CCCCC5)cn2c34)cc1,O=C(NC1CCCCC1)c1cn2c3c(cccc3c1=O)OCC2c1ccccc1,2
random,Cc1ccc(Cn2cc(C(=O)N[C@H]3C[C@@H](C)CC[C@@H]3C(C)C)cc2-c2ccc(Cl)c(C)c2)cc1,O=C(NC1CCCCC1)c1cc(-c2ccccc2)n(Cc2ccccc2)c1,2
random,Cc1ccc(Cn2nc(-c3ccc(C)cc3)cc(S(=O)(=O)NC3CCCCCC3)c2=O)cc1,O=c1c(S(=O)(=O)NC2CCCCCC2)cc(-c2ccccc2)nn1Cc1ccccc1,2
random,Cc1ccc(NC(=O)[C@@H]2C(C)(C)[C@@H]3CC[C@@]2(C)C3)cc1S(=O)(=O)N1CCOCC1,O=C(Nc1cccc(S(=O)(=O)N2CCOCC2)c1)C1CC2CCC1C2,2
random,Cc1ccc(NC(=O)c2ccc(Cl)cc2)cc1S(=O)(=O)N1CCOCC1,O=C(Nc1cccc(S(=O)(=O)N2CCOCC2)c1)c1ccccc1,2
random,Cc1ccc(S(=O)(=O)N(Cc2ccccc2)Cc2ccc(C(C)C)cc2)cc1,O=S(=O)(c1ccccc1)N(Cc1ccccc1)Cc1ccccc1,2
random,Cc1ccc(S(=O)(=O)N(Cc2ccccc2)Cc2ccc(N3CCCCC3)cc2)cc1,O=S(=O)(c1ccccc1)N(Cc1ccccc1)Cc1ccc(N2CCCCC2)cc1,2
random,Cc1ccc2c(=O)c(C(=O)NC3CCCC3)cn(CCN3CCOCC3)c2n1,O=C(NC1CCCC1)c1cn(CCN2CCOCC2)c2ncccc2c1=O,2
random,Cc1nc(C(=O)NC23CC4CC(CC(C4)C2)C3)c(C)n1C1CCCCC1,O=C(NC12CC3CC(CC(C3)C1)C2)c1cn(C2CCCCC2)cn1,2
random,Cc1nc(C(=O)NC23CC4CC(CC2C4)C3)c(C)n1-c1ccccc1,O=C(NC12CC3CC(CC1C3)C2)c1cn(-c2ccccc2)cn1,2
random,Cc1nc(OCc2ccc(F)cc2)c(C(=O)NC2CCCCCC2)cc1Br,O=C(NC1CCCCCC1)c1cccnc1OCc1ccccc1,2
random,Cc1nonc1Cn1nnc2c(N3CCC(N=[N+]=[N-])C3)nc(C(C)(C)C)nc21,c1nc(N2CCCC2)c2nnn(Cc3cnon3)c2n1,2
random,Cc1nonc1Cn1nnc2c(N3CCC(N=[N+]=[N-])C3)nc(C(F)(F)c3ccccc3)nc21,c1ccc(Cc2nc(N3CCCC3)c3nnn(Cc4cnon4)c3n2)cc1,2
random,Clc1ccc(-n2c(-c3ccccc3Cl)nc3c(N4CCN(Cc5ccncc5)CC4)ncnc32)cc1,c1ccc(-c2nc3c(N4CCN(Cc5ccncc5)CC4)ncnc3n2-c2ccccc2)cc1,2
random,Clc1ccc(-n2c(-c3ccccc3Cl)nc3c(N4CCN(c5ccccn5)CC4)ncnc32)cc1,c1ccc(-c2nc3c(N4CCN(c5ccccn5)CC4)ncnc3n2-c2ccccc2)cc1,2
random,Clc1ccc(Nc2ccc(CN3CCO[C@@H](c4ccccc4)C3)cn2)c(Cl)c1,c1ccc(Nc2ccc(CN3CCOC(c4ccccc4)C3)cn2)cc1,2
random,Cn1c(=O)c2c(nc(NCCc3c[nH]c4ccccc34)n2Cc2ccc(Cl)cc2)n(C)c1=O,O=c1[nH]c(=O)c2c(nc(NCCc3c[nH]c4ccccc34)n2Cc2ccccc2)[nH]1,2
random,Cn1c(=O)c2c(nc(NCCc3c[nH]c4ccccc34)n2Cc2cccc(Br)c2)n(C)c1=O,O=c1[nH]c(=O)c2c(nc(NCCc3c[nH]c4ccccc34)n2Cc2ccccc2)[nH]1,2
random,Cn1cc(C(=O)c2cc(O)c3c(c2)OC(C)(C)[C@@H]2CC[C@@H](O)C[C@@H]32)c2ccccc21,O=C(c1ccc2c(c1)OCC1CCCCC21)c1c[nH]c2ccccc12,2
random,Cn1ccnc1CCn1cc(C(=O)C2C(C)(C)C2(C)C)c2ccccc21,O=C(c1cn(CCc2ncc[nH]2)c2ccccc12)C1CC1,2
random,FC(F)(F)c1ccccc1Cn1nnc2c(N3CCC4(C3)N=N4)nc(C(F)(F)c3ccccc3)nc21,c1ccc(Cc2nc(N3CCC4(C3)N=N4)c3nnn(Cc4ccccc4)c3n2)cc1,2
random,FC1(F)CCN(c2nc(C(F)(F)c3ccccc3)nc3c2nnn3Cc2ccccc2CCSSc2ccccn2)C1,c1ccc(Cc2nc(N3CCCC3)c3nnn(Cc4ccccc4CCSSc4ccccn4)c3n2)cc1,2
random,N#Cc1c(C(=O)NCc2ccc(Cl)c(Cl)c2)nn(-c2ccccc2)c1-n1cccc1,O=C(NCc1ccccc1)c1cc(-n2cccc2)n(-c2ccccc2)n1,2
random,N#Cc1c(C(F)(F)F)ccc2c1Oc1c(cccc1OS(=O)(=O)CCCC(F)(F)F)C2,c1ccc2c(c1)Cc1ccccc1O2,2
random,N#Cc1ccc(Cn2c3c(cc(C(=O)NC4(C(=O)O)CCCCC4)c2=O)CCCCCC3)cc1,O=C(NC1CCCCC1)c1cc2c(n(Cc3ccccc3)c1=O)CCCCCC2,2
random,N/C(=N\C(=N\S(=O)(=O)N1CCC(F)(F)CC1)N1CC(c2ccccc2)C(c2ccc(Cl)cc2)=N1)c1ccc(F)cc1,O=S(=O)(N=C(N=Cc1ccccc1)N1CC(c2ccccc2)C(c2ccccc2)=N1)N1CCCCC1,2
random,NC1(c2ccccc2)CCN(c2ncnc3c2nc(-c2ccccc2Cl)n3-c2ccc(Cl)cc2)CC1,c1ccc(-c2nc3c(N4CCC(c5ccccc5)CC4)ncnc3n2-c2ccccc2)cc1,2
random,NCC1(CNS(=O)(=O)C(F)(F)F)CCN(S(=O)(=O)c2ccc(Cl)cc2S(=O)(=O)c2ccccc2F)CC1,O=S(=O)(c1ccccc1)c1ccccc1S(=O)(=O)N1CCCCC1,2
random,Nc1ccc(C(C(=O)NCCC(c2ccccc2)c2ccccc2)c2ccccc2)cc1,O=C(NCCC(c1ccccc1)c1ccccc1)C(c1ccccc1)c1ccccc1,2
random,Nc1ccc2c(=O)cc(C(=O)NC3CCCCC3)n(Cc3ccccc3)c2n1,O=C(NC1CCCCC1)c1cc(=O)c2cccnc2n1Cc1ccccc1,2
random,O=C(/C=C/C=C/c1ccc2ccccc2c1)NCCO,c1ccc2ccccc2c1,2
random,O=C(/C=C/c1ccc2ccccc2c1)CCCC(=O)NC1CC1,O=C(C=Cc1ccc2ccccc2c1)CCCC(=O)NC1CC1,2
random,O=C(CCCCCCCCCCCCCCCOc1cccc(O)c1)Nc1ccc(O)cc1,O=C(CCCCCCCCCCCCCCCOc1ccccc1)Nc1ccccc1,2
random,O=C(CCCCCCCCCCOc1cc(O)cc(O)c1)NC1CC1,O=C(CCCCCCCCCCOc1ccccc1)NC1CC1,2
random,O=C(CCCOc1ccc(Cl)cc1Cl)NN/C=C1\C=CC=CC1=O,O=C(CCCOc1ccccc1)NNC=C1C=CC=CC1=O,2
random,O=C(CCc1nnc(-c2ccc(F)cc2Br)o1)Nc1ccc2c(c1)c1ccccc1n2CCF,O=C(CCc1nnc(-c2ccccc2)o1)Nc1ccc2[nH]c3ccccc3c2c1,2
random,O=C(Cc1ccc(Br)cc1)NCCC(c1ccccc1)c1ccccc1,O=C(Cc1ccccc1)NCCC(c1ccccc1)c1ccccc1,2
random,O=C(Cc1ccccc1)NC(NC(=O)Cc1ccccc1)c1ccc(N2CCCCC2)cc1,O=C(Cc1ccccc1)NC(NC(=O)Cc1ccccc1)c1ccc(N2CCCCC2)cc1,2
random,O=C(N/N=C1\C(=O)N(CCC2CCCCC2)c2ccccc21)c1ccccc1,O=C(NN=C1C(=O)N(CCC2CCCCC2)c2ccccc21)c1ccccc1,2
random,O=C(N1CCCCC1)N1CC(O[C@H](c2ccc(Cl)cc2)c2cccnc2Cl)C1,O=C(N1CCCCC1)N1CC(OC(c2ccccc2)c2cccnc2)C1,2
random,O=C(N1CCc2ccccc21)C12CC3CC(CC1C3)C2,O=C(N1CCc2ccccc21)C12CC3CC(CC1C3)C2,2
random,O=C(NC1(c2ccccc2)CC1)c1nn(-c2ccc(F)cc2F)c2c1C[C@@H]1C[C@H]21,O=C(NC1(c2ccccc2)CC1)c1nn(-c2ccccc2)c2c1CC1CC21,2
random,O=C(NC12CC3CC(CC(C3)C1)C2)c1cn2c3c(cccc3c1=O)OC[C@H]2Cc1ccccc1,O=C(NC12CC3CC(CC(C3)C1)C2)c1cn2c3c(cccc3c1=O)OCC2Cc1ccccc1,2
random,O=C(NC1CCCCC1)N1CCN(C(c2ccc(C(F)(F)F)cc2)c2ccc(Cl)cc2Cl)CC1,O=C(NC1CCCCC1)N1CCN(C(c2ccccc2)c2ccccc2)CC1,2
random,O=C(NC1CCCCC1)N1CCN(C(c2ccc(Oc3ccccc3)cc2)c2ccc(Cl)cc2Cl)CC1,O=C(NC1CCCCC1)N1CCN(C(c2ccccc2)c2ccc(Oc3ccccc3)cc2)CC1,2
random,O=C(NC1CCCCC1)N1CCN(C(c2ccccc2)c2ccccc2)CC1,O=C(NC1CCCCC1)N1CCN(C(c2ccccc2)c2ccccc2)CC1,2
random,O=C(NC1CCCCC1)c1cc2ccccc2nc1OCc1ccc(F)cc1,O=C(NC1CCCCC1)c1cc2ccccc2nc1OCc1ccccc1,2
random,O=C(NC1CCCCC1)c1cc2cccnc2n(CCN2CCOCC2)c1=O,O=C(NC1CCCCC1)c1cc2cccnc2n(CCN2CCOCC2)c1=O,2
random,O=C(NC1CCCCC1)c1cc2cccnc2n(Cc2ccccc2)c1=O,O=C(NC1CCCCC1)c1cc2cccnc2n(Cc2ccccc2)c1=O,2
random,O=C(NC1CCCCC1)c1cccnc1OCc1ccccc1,O=C(NC1CCCCC1)c1cccnc1OCc1ccccc1,2
random,O=C(NC1CCCCC1)n1c(=O)n(CCN2CCOCC2)c2ccccc21,O=C(NC1CCCCC1)n1c(=O)n(CCN2CCOCC2)c2ccccc21,2
random,O=C(NC1CCCCCC1)c1c(-c2ccccc2)ccn(Cc2ccc(F)cc2)c1=O,O=C(NC1CCCCCC1)c1c(-c2ccccc2)ccn(Cc2ccccc2)c1=O,2
random,O=C(NC1CCCCCC1)c1c(O)c2cccnc2n(CCN2CCOCC2)c1=O,O=C(NC1CCCCCC1)c1cc2cccnc2n(CCN2CCOCC2)c1=O,2
random,O=C(NC1CCCCCC1)c1cc(/C=C/c2ccccc2)cn(Cc2ccc(F)cc2)c1=O,O=C(NC1CCCCCC1)c1cc(C=Cc2ccccc2)cn(Cc2ccccc2)c1=O,2
random,O=C(NC1CCCCCC1)c1cc(Br)cn(CCN2CCOCC2)c1=O,O=C(NC1CCCCCC1)c1cccn(CCN2CCOCC2)c1=O,2
random,O=C(NC1CCCCCC1)c1cccn(Cc2cccc(I)c2)c1=O,O=C(NC1CCCCCC1)c1cccn(Cc2ccccc2)c1=O,2
random,O=C(NC1CCCOc2c1nn(-c1ccccc1Cl)c2-c1ccc(Cl)cc1)C1CCCCC1,O=C(NC1CCCOc2c1nn(-c1ccccc1)c2-c1ccccc1)C1CCCCC1,2
random,O=C(NC1CCN(c2ncnc3c2nc(-c2ccccc2Cl)n3-c2ccc(Cl)cc2)CC1)C1CCCCC1,O=C(NC1CCN(c2ncnc3c2nc(-c2ccccc2)n3-c2ccccc2)CC1)C1CCCCC1,2
random,O=C(NC1CCN(c2ncnc3c2nc(-c2ccccc2Cl)n3-c2ccc(Cl)cc2)CC1)C1CCSCC1,O=C(NC1CCN(c2ncnc3c2nc(-c2ccccc2)n3-c2ccccc2)CC1)C1CCSCC1,2
random,O=C(NC1CCN(c2ncnc3c2nc(-c2ccccc2Cl)n3-c2ccc(Cl)cc2)CC1)Oc1ccccc1,O=C(NC1CCN(c2ncnc3c2nc(-c2ccccc2)n3-c2ccccc2)CC1)Oc1ccccc1,2
random,O=C(NC1CCOc2ccccc21)n1c(=O)n(CCN2CCOCC2)c2ccccc21,O=C(NC1CCOc2ccccc21)n1c(=O)n(CCN2CCOCC2)c2ccccc21,2
random,O=C(NC1c2ccccc2CCC1O)n1c(=O)n(CCN2CCOCC2)c2ccccc21,O=C(NC1CCCc2ccccc21)n1c(=O)n(CCN2CCOCC2)c2ccccc21,2
random,O=C(NN1CCCCC1)c1nc(-c2ccc(Cl)cc2Cl)n(-c2ccc(Cl)cc2)c1CO,O=C(NN1CCCCC1)c1cn(-c2ccccc2)c(-c2ccccc2)n1,2
random,O=C(N[C@@H]1CCCC[C@H]1O)c1cc(-c2ccc(Cl)cc2)c(OCC2CC2)cn1,O=C(NC1CCCCC1)c1cc(-c2ccccc2)c(OCC2CC2)cn1,2
random,O=C(N[C@@H]1CCCc2ccccc21)n1c(=O)n(CCN2CCOCC2)c2ccccc21,O=C(NC1CCCc2ccccc21)n1c(=O)n(CCN2CCOCC2)c2ccccc21,2
random,O=C(N[C@@H]1c2ccccc2C[C@@H]1O)c1cn(-c2ccc(Cl)cc2)c(-c2ccccc2Cl)n1,O=C(NC1CCc2ccccc21)c1cn(-c2ccccc2)c(-c2ccccc2)n1,2
random,O=C(Nc1ccc(Cl)cc1)Nc1cccc(-c2cccc(N3CCCC3)c2)c1,O=C(Nc1ccccc1)Nc1cccc(-c2cccc(N3CCCC3)c2)c1,2
random,O=C(Nc1cccc(CO)c1)c1cccn1Cc1ccc(F)cc1,O=C(Nc1ccccc1)c1cccn1Cc1ccccc1,2
random,O=C(O)CNC(=O)c1cc2c(n(CC3CCCCC3)c1=O)CCCCCC2,O=c1ccc2c(n1CC1CCCCC1)CCCCCC2,2
random,O=C(O)Cc1csc(NC(=O)c2cc3c(n(CC4CCCCC4)c2=O)CCCCCC3)n1,O=C(Nc1nccs1)c1cc2c(n(CC3CCCCC3)c1=O)CCCCCC2,2
random,O=C(OC1CCC1)N1CCN(c2ncnc3c2nc(-c2ccccc2Cl)n3-c2ccc(Cl)cc2)CC1,O=C(OC1CCC1)N1CCN(c2ncnc3c2nc(-c2ccccc2)n3-c2ccccc2)CC1,2
random,O=C(c1cc(O)c(-c2cc(Cl)cc(Cl)c2)c(O)c1)C1CCCCC1,O=C(c1ccc(-c2ccccc2)cc1)C1CCCCC1,2
random,O=C(c1ccc2c(c1)c1ccccc1n2CCCN1CCCCC1)N1CCCCC1,O=C(c1ccc2c(c1)c1ccccc1n2CCCN1CCCCC1)N1CCCCC1,2
random,O=C(c1cccc2ccccc12)c1csc2ccccc12,O=C(c1cccc2ccccc12)c1csc2ccccc12,2
random,O=C(c1cccc2ccccc12)n1c(C2CCCC2)nc2ccccc21,O=C(c1cccc2ccccc12)n1c(C2CCCC2)nc2ccccc21,2
random,O=C(c1ccccc1)n1c2ccccc2c2nnc(SCc3ccccc3[N+](=O)[O-])nc21,O=C(c1ccccc1)n1c2ccccc2c2nnc(SCc3ccccc3)nc21,2
random,O=C(c1cn(Cc2ccc(F)cc2)c2ccccc2c1=O)c1cccc2ccccc12,O=C(c1cn(Cc2ccccc2)c2ccccc2c1=O)c1cccc2ccccc12,2
random,O=C1[C@@H](Cc2ccc(F)c(F)c2)CC[C@H](c2ccc(Cl)cc2)N1c1ccc(Cl)cc1,O=C1C(Cc2ccccc2)CCC(c2ccccc2)N1c1ccccc1,2
random,O=S(=O)(CC1CCOCC1)N1CCN(c2ncnc3c2nc(-c2ccccc2Cl)n3-c2ccc(Cl)cc2)CC1,O=S(=O)(CC1CCOCC1)N1CCN(c2ncnc3c2nc(-c2ccccc2)n3-c2ccccc2)CC1,2
random,O=S(=O)(CCCC(F)(F)F)Oc1cccc(Oc2cccc3c2C[C@H](CO)C3)c1,c1ccc(Oc2cccc3c2CCC3)cc1,2
random,O=S(=O)(F)c1ccccc1Cn1nnc2c(N3CC[C@H](O)C3)nc(C(F)(F)c3ccccc3)nc21,c1ccc(Cc2nc(N3CCCC3)c3nnn(Cc4ccccc4)c3n2)cc1,2
random,O=S(=O)(NC1CCN(c2ncnc3c2nc(-c2ccccc2Cl)n3-c2ccc(Cl)cc2)CC1)c1ccc(F)cc1,O=S(=O)(NC1CCN(c2ncnc3c2nc(-c2ccccc2)n3-c2ccccc2)CC1)c1ccccc1,2
random,O=S(=O)([C@@H]1CC[C@@H](c2ccc(Cl)cc2Cl)N(c2ccc(Cl)cc2)C1)N1CCCCC1,O=S(=O)(C1CCC(c2ccccc2)N(c2ccccc2)C1)N1CCCCC1,2
random,O=S(=O)(c1ccccc1F)c1ccc(C(F)(F)F)cc1S(=O)(=O)N1CCC2(CC1)CC2NS(=O)(=O)C(F)(F)F,O=S(=O)(c1ccccc1)c1ccccc1S(=O)(=O)N1CCC2(CC1)CC2,2
random,O=[N+]([O-])c1ccc2c(c1)c(OCC1CCCCC1)nn2Cc1ccccc1,c1ccc(Cn2nc(OCC3CCCCC3)c3ccccc32)cc1,2
random,O=[N+]([O-])c1ccc2c(c1)c(OCc1cccc3ccccc13)nn2CCN1CCCC1,c1ccc2c(COc3nn(CCN4CCCC4)c4ccccc34)cccc2c1,2
random,OC1/C(=C/c2cn(Cc3ccccc3)c3ccccc23)N2CCC1CC2,C(=C1CC2CCN1CC2)c1cn(Cc2ccccc2)c2ccccc12,2
random,[11CH3]OC(=O)c1c(NC(=O)C23CC4CC(CC(O)(C4)C2)C3)sc2c1CCCC2,O=C(Nc1cc2c(s1)CCCC2)C12CC3CC(CC(C3)C1)C2,2
random,c1ccc(COc2nn(Cc3ccccc3)c3ccccc23)cc1,c1ccc(COc2nn(Cc3ccccc3)c3ccccc23)cc1,2
random,c1ccc2c(COc3nn(CCN4CCCCC4)c4ccccc34)cccc2c1,c1ccc2c(COc3nn(CCN4CCCCC4)c4ccccc34)cccc2c1,2
random,c1ccc2cc(COc3n[nH]c4ccccc34)ccc2c1,c1ccc2cc(COc3n[nH]c4ccccc34)ccc2c1,2
random,C#CCCC1(CCNC(=O)c2nonc2Cn2nnc3c(N4CCC(F)(F)C4)nc(C(C)(C)C)nc32)N=N1,O=C(NCCC1N=N1)c1nonc1Cn1nnc2c(N3CCCC3)ncnc21,3
random,C#CCCn1cc(C(C)(C)C)s/c1=N\C(=O)c1cc(C(F)(F)F)ccc1ONC(C)(C)C,O=C(N=c1[nH]ccs1)c1ccccc1,3
random,C#Cc1cccc(C2(C(F)(F)F)N=N2)c1Cn1nnc2c(N3CC[C@H](O)C3)nc(C(F)(F)c3ccccc3)nc21,c1ccc(Cc2nc(N3CCCC3)c3nnn(Cc4ccccc4C4N=N4)c3n2)cc1,3
random,C/C(=C/CC[C@]1(C)[C@H]2CC3[C@H](C2)[C@]31C)CO,C1C2CC3C1C3C2,3
random,C/N=C(\NS(=O)(=O)N1CCCC1)N1CC(c2ccccc2)C(c2ccc(Cl)cc2)=N1,N=C(NS(=O)(=O)N1CCCC1)N1CC(c2ccccc2)C(c2ccccc2)=N1,3
random,C/N=C(\NS(=O)(=O)N1CCCCCCC1)N1CC(c2ccccc2)C(c2ccc(Cl)cc2)=N1,N=C(NS(=O)(=O)N1CCCCCCC1)N1CC(c2ccccc2)C(c2ccccc2)=N1,3
random,C=C(C)C1CCC(C)=CC1O,C1=CCCCC1,3
random,C=C(C)[C@@H]1CCC(C)=C[C@H]1c1c(O)cc([Si](C)(C)CCCCCC)cc1O,C1=CC(c2ccccc2)CCC1,3
random,C=C(C)[C@H]1CCC(C)=CC1c1c(O)cc(CCC)cc1O,C1=CC(c2ccccc2)CCC1,3
random,C=C(C)[C@H]1CCC(C)=CC1c1c(O)cc(CCCCC)c(C(=O)OCC(O)CCC)c1O,C1=CC(c2ccccc2)CCC1,3
random,C=C1C[C@H]2c3c(cc(CCCCC)cc3OS(=O)(=O)c3ccc(C)cc3)OC(C)(C)[C@@H]2CC1OO,C=C1CCC2COc3cccc(OS(=O)(=O)c4ccccc4)c3C2C1,3
random,C=C1[C@@H]2CC[C@@H](C2)[C@@]1(C)CC/C=C(/C)CO,C=C1CC2CCC1C2,3
random,C=CCCn1cc(C(=O)NC23CC4CC(CC(C4)C2)C3)c(=O)c2cc(-c3ccco3)ccc21,O=C(NC12CC3CC(CC(C3)C1)C2)c1c[nH]c2ccc(-c3ccco3)cc2c1=O,3
random,C=CCN(CC=C)c1nc2n(CCCCC)cc(C(=O)NC3CCCCC3)c(=O)n2n1,O=C(NC1CCCCC1)c1c[nH]c2ncnn2c1=O,3
random,C=CCc1ccc(O)c(-c2ccc(O)c(CC=C)c2)c1,c1ccc(-c2ccccc2)cc1,3
random,C=CCc1ccc(O)c(-c2ccc(OC)c(CC=C)c2)c1,c1ccc(-c2ccccc2)cc1,3
random,C=CCn1cc(C(=O)NC23CC4CC(CC(C4)C2)C3)c(=O)c2c(OC)ccc(OC)c21,O=C(NC12CC3CC(CC(C3)C1)C2)c1c[nH]c2ccccc2c1=O,3
random,C=CCn1cc(C(=O)NC23CC4CC(CC(C4)C2)C3)c2cc(-c3ccccc3)ccc21,O=C(NC12CC3CC(CC(C3)C1)C2)c1c[nH]c2ccc(-c3ccccc3)cc12,3
random,C=CCn1cc(CC(=O)NC23CC4CC(CC(C4)C2)C3)c2cc(-c3ccccc3)ccc21,O=C(Cc1c[nH]c2ccc(-c3ccccc3)cc12)NC12CC3CC(CC(C3)C1)C2,3
random,C=CCn1cc(CC(=O)NC2CCCCCC2)c2cc(-c3ccco3)ccc21,O=C(Cc1c[nH]c2ccc(-c3ccco3)cc12)NC1CCCCCC1,3
random,CC(=O)Cn1nnc(Cc2ccc(-c3ccccc3)cc2)n1,c1ccc(-c2ccc(Cc3nn[nH]n3)cc2)cc1,3
random,CC(=O)N1CCN(c2ncnc3oc(-c4ccccc4Cl)nc23)CC1,c1ccc(-c2nc3c(N4CCNCC4)ncnc3o2)cc1,3
random,CC(=O)OCCCCn1c(=O)c(C(=O)NC23CC4CC(CC(C4)C2)C3)c(O)c2nn(C)cc21,O=C(NC12CC3CC(CC(C3)C1)C2)c1cc2n[nH]cc2[nH]c1=O,3
random,CC(C(=O)NC1CCN(c2ncnc3c2nc(-c2ccccc2Cl)n3-c2ccc(Cl)cc2)CC1)c1ccccc1,O=C(Cc1ccccc1)NC1CCN(c2ncnc3c2nc(-c2ccccc2)n3-c2ccccc2)CC1,3
random,CC(C)(C)OC(=O)NC1CCN(c2ncnc3c2nc(-c2ccccc2Cl)n3-c2ccc(Cl)cc2)CC1,c1ccc(-c2nc3c(N4CCCCC4)ncnc3n2-c2ccccc2)cc1,3
random,CC(C)(C)OCCC(=O)NC1CCN(c2ncnc3c2nc(-c2ccccc2Cl)n3-c2ccc(Cl)cc2)CC1,c1ccc(-c2nc3c(N4CCCCC4)ncnc3n2-c2ccccc2)cc1,3
random,CC(C)(C)c1cn(CCC(F)(F)F)/c(=N/C(=O)c2cc(C#N)ccc2OC2CCC2)s1,O=C(N=c1[nH]ccs1)c1ccccc1OC1CCC1,3
random,CC(C)(C)c1cn(C[C@H]2CCCO2)/c(=N/C(=O)c2cc(C(F)(F)F)ccc2OC[C@@H]2CCCN2)s1,O=C(N=c1sccn1CC1CCCO1)c1ccccc1OCC1CCCN1,3
random,CC(C)(C)c1cn(C[C@H]2CCCO2)/c(=N/C(=O)c2cc(C(F)(F)F)ccc2OC[C@@H]2CCCO2)s1,O=C(N=c1sccn1CC1CCCO1)c1ccccc1OCC1CCCO1,3
random,CC(C)(C)c1cn(C[C@H]2CCCO2)/c(=N/C(=O)c2cc(C(F)(F)F)ccc2OCc2cccnc2)s1,O=C(N=c1sccn1CC1CCCO1)c1ccccc1OCc1cccnc1,3
random,CC(C)(C)c1nc(N2CCC(F)(F)C2)c2nn(Cc3ccccc3CS(=O)(=O)F)nc2n1,c1ccc(Cn2nc3ncnc(N4CCCC4)c3n2)cc1,3
random,CC(C)(C)c1nc(N2CCC(F)(F)C2)c2nnn(Cc3ccccc3C3(C(F)(F)F)N=N3)c2n1,c1ccc(C2N=N2)c(Cn2nnc3c(N4CCCC4)ncnc32)c1,3
random,CC(C)(C)c1nc(N2CCC(F)(F)C2)c2nnn(Cc3ccccc3CCS(=O)(=O)n3nnc4ccccc43)c2n1,O=S(=O)(CCc1ccccc1Cn1nnc2c(N3CCCC3)ncnc21)n1nnc2ccccc21,3
random,CC(C)(C)c1nc(N2CCC3(C2)N=N3)c2nnn(Cc3ccccc3Cl)c2n1,c1ccc(Cn2nnc3c(N4CCC5(C4)N=N5)ncnc32)cc1,3
random,CC(C)(C)c1nc(N2CC[C@@H](S)C2)c2nnn(Cc3ccccc3Cl)c2n1,c1ccc(Cn2nnc3c(N4CCCC4)ncnc32)cc1,3
random,CC(C)(C)c1nc2ccccc2n1C(=O)c1cccc2ccccc12,O=C(c1cccc2ccccc12)n1cnc2ccccc21,3
random,CC(C)(NC(=O)c1cc2c(n(CC3CCCCC3)c1=O)CCCCCC2)C(=O)N1CCC(C(=O)O)CC1,O=C(NCC(=O)N1CCCCC1)c1cc2c(n(CC3CCCCC3)c1=O)CCCCCC2,3
random,CC(C)(NC(=O)c1ccc(N2CC(F)(F)C2)c(OCC2CC2)n1)c1nnc(-c2ccccc2)o1,O=C(NCc1nnc(-c2ccccc2)o1)c1ccc(N2CCC2)c(OCC2CC2)n1,3
random,CC(C)=CCC/C(C)=C/Cc1c(O)cc(CCc2ccccc2)c(C(=O)O)c1O,c1ccc(CCc2ccccc2)cc1,3
random,CC(C)=C[C@H]1C[C@]2(C)[C@H](CC[C@@]3(C)[C@H]2CC[C@H]2Cc4c([nH]c5ccccc45)[C@@]23C)O1,c1ccc2c3c([nH]c2c1)C1C(CCC2C4CCOC4CCC21)C3,3
random,CC(C)C(=O)N[C@H]1CCCOc2c1nn(-c1ccccc1Cl)c2-c1ccc(Cl)cc1,c1ccc(-c2c3c(nn2-c2ccccc2)CCCCO3)cc1,3
random,CC(C)CCNS(=O)(=O)[C@@H]1CC[C@@H](c2ccc(Cl)cc2Cl)N(c2ccc(Cl)cc2)C1,c1ccc(C2CCCCN2c2ccccc2)cc1,3
random,CC(C)N(CCn1nc(OCc2cccc3ccccc23)c2ccccc21)C(C)C,c1ccc2c(COc3n[nH]c4ccccc34)cccc2c1,3
random,CC(C)c1ccc(C(=O)c2cc(O)c(-c3cc(Cl)cc(Cl)c3)c(O)c2)cc1,O=C(c1ccccc1)c1ccc(-c2ccccc2)cc1,3
random,CC(NS(C)(=O)=O)c1ccc(C(=O)c2ccc(Cl)cc2S(=O)(=O)c2ccc(Cl)cc2)cc1,O=C(c1ccccc1)c1ccccc1S(=O)(=O)c1ccccc1,3
random,CC1(C)C(C(=O)c2cn(CC3CCOCC3)c3cc(CN)ccc23)C1(C)C,O=C(c1cn(CC2CCOCC2)c2ccccc12)C1CC1,3
random,CC1(C)C(C(=O)c2cn(CC3CCOCC3)c3ccc(-c4ccccc4)cc23)C1(C)C,O=C(c1cn(CC2CCOCC2)c2ccc(-c3ccccc3)cc12)C1CC1,3
random,CC1(C)C(C(=O)c2cn(CC3CCOCC3)c3ccc(C#N)cc23)C1(C)C,O=C(c1cn(CC2CCOCC2)c2ccccc12)C1CC1,3
random,CC1(C)C(C(=O)c2cn(CC3CCOCC3)c3ccc(CO)cc23)C1(C)C,O=C(c1cn(CC2CCOCC2)c2ccccc12)C1CC1,3
random,CC1(C)C(C(=O)c2cn(CC3CCOCC3)c3ccc(OCCCCO)cc23)C1(C)C,O=C(c1cn(CC2CCOCC2)c2ccccc12)C1CC1,3
random,CC1(C)C(C(=O)c2cn(CCN3CCCCCC3)c3ccccc23)C1(C)C,O=C(c1cn(CCN2CCCCCC2)c2ccccc12)C1CC1,3
random,CC1(C)C(C(=O)c2cn(CCN3CCOCC3)c3cc(O)ccc23)C1(C)C,O=C(c1cn(CCN2CCOCC2)c2ccccc12)C1CC1,3
random,CC1(C)C(C(=O)c2cn(CCn3cccc3)c3ccccc23)C1(C)C,O=C(c1cn(CCn2cccc2)c2ccccc12)C1CC1,3
random,CC1(C)C2CC[C@@H](CNC(=O)c3cc4c5cccnc5cc(-c5ccc(Cl)cc5Cl)n4n3)C1C2,O=C(NCC1CCC2CC1C2)c1cc2c3cccnc3cc(-c3ccccc3)n2n1,3
random,CC1(C)Oc2cc(C3(CCCCCBr)CCC3)cc(O)c2[C@@H]2C[C@@H](O)CC[C@H]21,c1cc2c(cc1C1CCC1)OCC1CCCCC21,3
random,CC1(C)Oc2cc(C3(CCCCCCC#N)CCCC3)cc(O)c2[C@@H]2C[C@H](CO)CC[C@H]21,c1cc2c(cc1C1CCCC1)OCC1CCCCC21,3
random,CC1(C)Oc2cc(C3(CCCCCCCN=[N+]=[N-])CCCC3)cc(O)c2[C@@H]2C[C@H](CO)CC[C@H]21,c1cc2c(cc1C1CCCC1)OCC1CCCCC21,3
random,CC1(C)Oc2cc(C34CC5CC(CC(C5)C3)C4)cc(O)c2-c2cc(CO)ccc21,c1ccc2c(c1)COc1cc(C34CC5CC(CC(C5)C3)C4)ccc1-2,3
random,CC1(C)Oc2cc(C34CC5CC(CC(C5)C3)C4)cc(O)c2-c2cc(O)ccc21,c1ccc2c(c1)COc1cc(C34CC5CC(CC(C5)C3)C4)ccc1-2,3
random,CC1(C)Oc2cc(C34CC5CC(CC(C5)C3)C4)cc(O)c2[C@@H]2C[C@H](CI)CC[C@H]21,c1cc2c(cc1C13CC4CC(CC(C4)C1)C3)OCC1CCCCC21,3
random,CC1(C)Oc2cc(C34CC5CC(CC(C5)O3)C4)cc(O)c2[C@@H]2C[C@H](O)CC[C@H]21,c1cc2c(cc1C13CC4CC(CC(C4)O1)C3)OCC1CCCCC21,3
random,CC1(C)Oc2cc([C@]34CC5CC(C[C@@](C#N)(C5)C3)C4)cc(O)c2[C@@H]2C[C@H](O)CC[C@H]21,c1cc2c(cc1C13CC4CC(CC(C4)C1)C3)OCC1CCCCC21,3
random,CC1(C)[C@H]2CC[C@](C)(C2)[C@@H]1NC(=O)c1ccc(Br)c(S(=O)(=O)N2CCOCC2)c1,O=C(NC1CC2CCC1C2)c1cccc(S(=O)(=O)N2CCOCC2)c1,3
random,CC12CC3CC(C)(C1)CC(NC(=O)c1cn(Cc4ccc(F)cc4)c4ccccc4c1=O)(C3)C2,O=C(NC12CC3CC(CC(C3)C1)C2)c1cn(Cc2ccccc2)c2ccccc2c1=O,3
random,CC12CC3CC(C)(C1)CC(NC(=O)c1cn4c5c(cccc5c1=O)OCC4c1ccccc1)(C3)C2,O=C(NC12CC3CC(CC(C3)C1)C2)c1cn2c3c(cccc3c1=O)OCC2c1ccccc1,3
random,CC1=CC[C@@H]2[C@@H](C1)c1c(O)cc(C(C)(C)C(=O)OCCCCBr)cc1OC2(C)C,C1=CCC2c3ccccc3OCC2C1,3
random,CC1=CC[C@@H]2[C@@H](C1)c1c(O)cc(C(C)(C)c3cc(C)cc(C)c3)cc1OC2(C)C,C1=CCC2c3ccc(Cc4ccccc4)cc3OCC2C1,3
random,CC1=CC[C@@H]2[C@@H](C1)c1c(O)cc(C(C)(C)c3cccc(C#N)c3)cc1OC2(C)C,C1=CCC2c3ccc(Cc4ccccc4)cc3OCC2C1,3
random,CC1=CC[C@@H]2[C@@H](C1)c1c(O)cc(C3(C(=O)OCCCCBr)CCC3)cc1OC2(C)C,C1=CCC2c3ccc(C4CCC4)cc3OCC2C1,3
random,CC1=CC[C@H]2[C@@H](C1)c1c(O)cc(C(C)(C)C(=O)OCCCCC#N)cc1OC2(C)C,C1=CCC2c3ccccc3OCC2C1,3
random,CC1=CC[C@H]2[C@H](C1)c1c(O)cc(/C(C)=N/OCCOc3ccccc3)cc1OC2(C)C,C1=CCC2c3ccc(C=NOCCOc4ccccc4)cc3OCC2C1,3
random,CC1CCC(NC(=O)c2cc3ccccc3n(CCN3CCOCC3)c2=O)CC1,O=C(NC1CCCCC1)c1cc2ccccc2n(CCN2CCOCC2)c1=O,3
random,CC1CCC(NC(=O)c2cc3cccnc3n(CCCCCCO)c2=O)CC1,O=C(NC1CCCCC1)c1cc2cccnc2[nH]c1=O,3
random,CC1CCC(NC(=O)c2cc3cccnc3n(CCCCCO)c2=O)CC1,O=C(NC1CCCCC1)c1cc2cccnc2[nH]c1=O,3
random,CC1CCN(C(=O)c2ccc3c(c2)c2c(n3C)CN(C3CCCC3)C2)CC1,O=C(c1ccc2[nH]c3c(c2c1)CN(C1CCCC1)C3)N1CCCCC1,3
random,CC1CCN(C(=O)c2ccc3c(c2)c2c(n3Cc3ccccc3)CN(C3CCCC3)C2)CC1,O=C(c1ccc2c(c1)c1c(n2Cc2ccccc2)CN(C2CCCC2)C1)N1CCCCC1,3
random,CC1COc2cccc3c(=O)c(C(=O)NC45CC6CC(CC(C6)C4)C5)cn1c23,O=C(NC12CC3CC(CC(C3)C1)C2)c1cn2c3c(cccc3c1=O)OCC2,3
random,CC1Oc2cccc3c(=O)c(C(=O)NC4CCCCC4)cn(c23)C1c1ccccc1,O=C(NC1CCCCC1)c1cn2c3c(cccc3c1=O)OCC2c1ccccc1,3
random,CCC(C)(C)C(=O)Cc1cc(C)c(C)c(S(=O)(=O)N2CCCCCC2)c1,O=S(=O)(c1ccccc1)N1CCCCCC1,3
random,CCC(C)(C)C(=O)Nc1cc(C)c(C)c(S(=O)(=O)N2CCC[C@@H]2CO)c1,O=S(=O)(c1ccccc1)N1CCCC1,3
random,CCC(C)(C)C(=O)Nc1cc(C)c(C)c(S(=O)(=O)NCC2CC2)c1,O=S(=O)(NCC1CC1)c1ccccc1,3
random,CCC(C)(C)C(=O)Nc1cc2c(c(S(=O)(=O)N3CCOCC3)c1)CCC2,O=S(=O)(c1cccc2c1CCC2)N1CCOCC1,3
random,CCC(C)(C)C(=O)Nc1ccc(C)c(CN2CCOCC2)n1,c1ccc(CN2CCOCC2)nc1,3
random,CCC(CC)(NC(=O)c1ccc(N2CC(F)(F)C2)c(OCC2CC2)n1)C(=O)NC,c1cnc(OCC2CC2)c(N2CCC2)c1,3
random,CCC(CC)(NC(=O)c1ccc(N2CC(F)C2)c(OC[C@H]2C[C@@H]2CO)n1)C(=O)OCCCF,c1cnc(OCC2CC2)c(N2CCC2)c1,3
random,CCC(CC)(NC(=O)c1ccc(N2CC(OC)C2)c(OCC2CC2)n1)C(=O)N1CC(F)C1,O=C(NCC(=O)N1CCC1)c1ccc(N2CCC2)c(OCC2CC2)n1,3
random,CCC(CC)(NC(=O)c1ccc(N2CC(OC)C2)c(OC[C@H]2C[C@@H]2CO)n1)C(=O)OCCCCF,c1cnc(OCC2CC2)c(N2CCC2)c1,3
random,CCC(CC)(NC(=O)c1ccc(N2CC(OC)C2)c(OC[C@H]2C[C@@H]2CO)n1)C(=O)OCCCOS(=O)(=O)c1ccc(C)cc1,O=C(CNC(=O)c1ccc(N2CCC2)c(OCC2CC2)n1)OCCCOS(=O)(=O)c1ccccc1,3
random,CCC(CC)(NC(=O)c1ccc(N2CC(OS(=O)(=O)c3ccc(C)cc3)C2)c(OC[C@H]2C[C@@H]2CO)n1)C(=O)OCCCF,O=S(=O)(OC1CN(c2cccnc2OCC2CC2)C1)c1ccccc1,3
random,CCC1(C(=O)Nc2cc(CN3CCOCC3)c(C)cn2)CCC1,O=C(Nc1cc(CN2CCOCC2)ccn1)C1CCC1,3
random,CCC1COc2c(F)c(F)cc3c(=O)c(C(=O)NC45CC6CC(CC(C6)C4)C5)cn1c23,O=C(NC12CC3CC(CC(C3)C1)C2)c1cn2c3c(cccc3c1=O)OCC2,3
random,CCC1COc2cccc3c(=O)c(C(=O)NC4CCCCC4)cn1c23,O=C(NC1CCCCC1)c1cn2c3c(cccc3c1=O)OCC2,3
random,CCCC(C)(C)c1ccc([C@@H]2CCC[C@@H](O)C2)cc1,c1ccc(C2CCCCC2)cc1,3
random,CCCC(C)(C)c1ccc([C@H]2CCC[C@@H](O)C2)cc1,c1ccc(C2CCCCC2)cc1,3
random,CCCC1COc2ccc(C)c3c(=O)c(C(=O)NC4CCCCC4)cn1c23,O=C(NC1CCCCC1)c1cn2c3c(cccc3c1=O)OCC2,3
random,CCCCC(C)(C)C(=O)Nc1cc(C)c(C)c(S(=O)(=O)N2CCOCC2)c1,O=S(=O)(c1ccccc1)N1CCOCC1,3
random,CCCCC/C=C\C/C=C\C/C=C\C/C=C\CCCC(=O)NCCCl,ACYCLIC,3
random,CCCCC/C=C\C/C=C\C/C=C\C/C=C\CCCC(=O)NOCCO,ACYCLIC,3
random,CCCCC/C=C\C/C=C\C/C=C\C/C=C\CCCC(=O)Nc1ccc(N2CCOCC2)cc1,c1ccc(N2CCOCC2)cc1,3
random,CCCCC/C=C\[C@H](C)/C=C\C/C=C\C/C=C\CCCC(=O)NC1CCC1,C1CCC1,3
random,CCCCC/C=C\[C@H](C)/C=C\C/C=C\C/C=C\CCCC(=O)NC1CCCC1,C1CCCC1,3
random,CCCCC1(c2cc(O)c3cc(CC)c(=O)oc3c2)CCCC1,O=c1ccc2ccc(C3CCCC3)cc2o1,3
random,CCCCC1(c2cc(O)c3cc(Cc4ccccc4O)c(=O)oc3c2)CCCC1,O=c1oc2cc(C3CCCC3)ccc2cc1Cc1ccccc1,3
random,CCCCC1=NN(C(=O)NC(C)(C)c2ccc(F)cc2)CC1c1cccc(F)c1,O=C(NCc1ccccc1)N1CC(c2ccccc2)C=N1,3
random,CCCCC1=NN(C(=O)NC(C)(C)c2ccc(F)cc2)CC1c1ccccc1F,O=C(NCc1ccccc1)N1CC(c2ccccc2)C=N1,3
random,CCCCC1=NN(C(=O)NC(C)(C)c2ccccc2)C(C)(C)C1c1ccccc1,O=C(NCc1ccccc1)N1CC(c2ccccc2)C=N1,3
random,CCCCCC(=O)NC(NC(=O)CCCCC)c1ccc(N(CC)CC)cc1,c1ccccc1,3
random,CCCCCC(C)(C)c1ccc([C@@H]2CCC[C@@H](O)C2)cc1,c1ccc(C2CCCCC2)cc1,3
random,CCCCCC(C)(C)c1ccc([C@H]2CCC[C@@H](O)C2)c(OC)c1,c1ccc(C2CCCCC2)cc1,3
random,CCCCCC(C)(C)c1ccc([C@H]2CCC[C@@H](O)C2)cc1,c1ccc(C2CCCCC2)cc1,3
random,CCCCCC(C)(C)c1ccc([C@H]2CCC[C@H](O)C2)c(OC)c1,c1ccc(C2CCCCC2)cc1,3
random,CCCCCCC(C)(C)C1=CC(=O)C2=C(OC(C)(C)c3c[nH]nc32)C1=O,O=C1C=CC(=O)C2=C1OCc1c[nH]nc12,3
random,CCCCCCC(C)(C)c1cc(O)c(-c2c(CO)cccc2C(C)C)c(OC)c1,c1ccc(-c2ccccc2)cc1,3
random,CCCCCCC(C)(C)c1cc(O)c2c(c1)OC(C)(C)[C@@H]1CC[C@@H](CO)C[C@@H]21,c1ccc2c(c1)OCC1CCCCC21,3
random,CCCCCCC(C)(C)c1cc(O)c2c(c1)oc(=O)c1ccc(O)cc12,O=c1oc2ccccc2c2ccccc12,3
random,CCCCCCC(C)(C)c1cc(O)c2cc(Cc3ccccc3C)c(=O)oc2c1,O=c1oc2ccccc2cc1Cc1ccccc1,3
random,CCCCCCC(C)(C)c1cc(O)cc(OCCCCCCCC(=O)NCC2CC2)c1,O=C(CCCCCCCOc1ccccc1)NCC1CC1,3
random,CCCCCCC(C)(C)c1cc(OCCBr)c2c(c1)OC(C)(C)c1cn(CC)nc1-2,c1ccc2c(c1)OCc1c[nH]nc1-2,3
random,CCCCCCC(C)(C)c1cc2c(c3c1CCCO3)-c1nn(CC)cc1C(C)(C)O2,c1[nH]nc2c1COc1ccc3c(c1-2)OCCC3,3
random,CCCCCCC(C)(C)c1ccc(-c2c(C)cccc2C)c(O)c1,c1ccc(-c2ccccc2)cc1,3
random,CCCCCCC(C)(C)c1ccc(-c2cc(C)cc(C)c2)c(N)c1,c1ccc(-c2ccccc2)cc1,3
random,CCCCCCC(C)(C)c1ccc(-c2ccc(N)cc2)c(O)c1,c1ccc(-c2ccccc2)cc1,3
random,CCCCCCC(C)(C)c1ccc(-c2ccc(OC)c(OC)c2)c(O)c1,c1ccc(-c2ccccc2)cc1,3
random,CCCCCCC(C)(C)c1ccc(-c2cccc(OC)c2OC)c(O)c1,c1ccc(-c2ccccc2)cc1,3
random,CCCCCCC(C)(C)c1ccc(-c2cccnc2)c(O)c1,c1ccc(-c2cccnc2)cc1,3
random,CCCCCCC(C)(C)c1ccc([C@@H]2CCC[C@@H](O)C2)cc1,c1ccc(C2CCCCC2)cc1,3
random,CCCCCCC(C)(C)c1cccc(OCC/C=C\C/C=C\C/C=C\CCCC(=O)N[C@H](C)CO)c1,c1ccccc1,3
random,CCCCCCC(C)NC(=O)c1nn(-c2ccc(Cl)cc2Cl)c(-n2c(C)ccc2C)c1C,c1ccc(-n2nccc2-n2cccc2)cc1,3
random,CCCCCCC/C=C/C=C/C(=O)NCC(C)C,ACYCLIC,3
random,CCCCCCC1(c2cc(O)c3c(c2)OC(C)(C)[C@@H]2CCC(=O)C[C@@H]32)SCCS1,O=C1CCC2COc3cc(C4SCCS4)ccc3C2C1,3
random,CCCCCCC1(c2cc(O)c3c(c2)OC(C)(C)[C@@H]2CC[C@@H](O)C[C@@H]32)CCC1,c1cc2c(cc1C1CCC1)OCC1CCCCC21,3
random,CCCCCCCC(C)(C)c1ccc([C@@H]2CCC[C@@H](O)C2)cc1,c1ccc(C2CCCCC2)cc1,3
random,CCCCCCCC/C=C/C(=O)Nc1ccc(OC)cc1,c1ccccc1,3
random,CCCCCCCC/C=C\CCCCCCCC(=O)ONCCO,ACYCLIC,3
random,CCCCCCCCC(C)(C)c1ccc([C@@H]2CCC[C@@H](O)C2)cc1,c1ccc(C2CCCCC2)cc1,3
random,CCCCCCCCC(C)(C)c1ccc([C@@H]2C[C@H](O)CC[C@H]2CCCO)cc1,c1ccc(C2CCCCC2)cc1,3
random,CCCCCCCCCC(=O)NC(NC(=O)CCCCCCCCC)c1ccc(N(CC)CC)cc1,c1ccccc1,3
random,CCCCCCCCCCCCCCCC(=O)N[C@H]1C[C@@H]1O,C1CC1,3
random,CCCCCCCN(Cc1ccc(N(CC)CC)cc1)C(=O)Cc1ccc(Cl)cc1,O=C(Cc1ccccc1)NCc1ccccc1,3
random,CCCCCCCN(Cc1ccc(N(CC)CC)cc1)C(=O)c1ccc(N(C)C)cc1,O=C(NCc1ccccc1)c1ccccc1,3
random,CCCCCCCN(Cc1ccc(N(CC)CC)cc1)S(=O)(=O)c1ccc(OC)cc1,O=S(=O)(NCc1ccccc1)c1ccccc1,3
random,CCCCCCCNC(=O)c1nn(-c2ccc(F)cc2F)c(-n2c(C)ccc2C)c1C,c1ccc(-n2nccc2-n2cccc2)cc1,3
random,CCCCCCNC(=O)c1ccc2c(c1)nc(Cc1ccc(OCC)cc1)n2CCC(C)C,c1ccc(Cc2nc3ccccc3[nH]2)cc1,3
random,CCCCCCNc1ccc(-c2ccccc2)cc1C(=O)NC12CC3CC(CC(C3)C1)C2,O=C(NC12CC3CC(CC(C3)C1)C2)c1cccc(-c2ccccc2)c1,3
random,CCCCCCNc1ccccc1C(=O)NC12CC3CC(CC(C3)C1)C2,O=C(NC12CC3CC(CC(C3)C1)C2)c1ccccc1,3
random,CCCCCC[Si](C)(C)c1cc(O)c(C2CCCCC2)c(O)c1,c1ccc(C2CCCCC2)cc1,3
random,CCCCCCc1c(O)cccc1OCCCCCCCCCCCC(=O)NC1CC1,O=C(CCCCCCCCCCCOc1ccccc1)NC1CC1,3
random,CCCCCCc1ccc(O)cc1OCCCCCCCCCCCCCCCC(=O)NC1CC1,O=C(CCCCCCCCCCCCCCCOc1ccccc1)NC1CC1,3
random,CCCCCCc1ccc(OCCCCCCCC(=O)OC(CO)CO)cc1O,c1ccccc1,3
random,CCCCCCn1cc(C(=O)NC23CC4CC(CC(C4)C2)C3)c(=O)cc1-c1ccccc1,O=C(NC12CC3CC(CC(C3)C1)C2)c1c[nH]c(-c2ccccc2)cc1=O,3
random,CCCCCCn1cc(C(=O)Nc2cccc3ccccc23)c(=O)c2ccccc21,O=C(Nc1cccc2ccccc12)c1c[nH]c2ccccc2c1=O,3
random,CCCCCN1C(=O)C(C(=O)NC23CC4CC(CC(C4)C2)C3)=C(O)C2C1C=NN2C,O=C1NC2C=NNC2C=C1C(=O)NC12CC3CC(CC(C3)C1)C2,3
random,CCCCCNC(=O)C(C)(C)c1cc(O)c2c(c1)OC(C)(C)[C@@H]1CC=C(C)C[C@@H]21,C1=CCC2c3ccccc3OCC2C1,3
random,CCCCCNc1ccc(-c2ccc(OC)cc2)cc1C(=O)NC12CC3CC(CC(C3)C1)C2,O=C(NC12CC3CC(CC(C3)C1)C2)c1cccc(-c2ccccc2)c1,3
random,CCCCCOc1c(OC)ccc2cc(C(=O)NCc3ccc4c(c3)OCO4)c(=O)n(C)c12,O=C(NCc1ccc2c(c1)OCO2)c1cc2ccccc2[nH]c1=O,3
random,CCCCCOc1cc(C(=O)NCCc2ccncc2)ccc1OC,O=C(NCCc1ccncc1)c1ccccc1,3
random,CCCCCOc1ccccc1-c1cc(C(=O)NC2CCCC2)no1,O=C(NC1CCCC1)c1cc(-c2ccccc2)on1,3
random,CCCCCc1cc(O)c2c(c1)OC(C)(C)[C@@H]1CC[C@](C)(O)[C@@H](O)[C@@H]21,c1ccc2c(c1)OCC1CCCCC21,3
random,CCCCCc1cc(O)c2c(c1)OC(C)(C)[C@H]1CC=C(C)C[C@H]21,C1=CCC2c3ccccc3OCC2C1,3
random,CCCCCc1cc(O)c2c(c1)OC(C)(C)[C@H]1CCC(C)=C[C@@H]21,C1=CC2c3ccccc3OCC2CC1,3
random,CCCCCc1cc(O)c2c(c1)OC1=C(CC[C@@H](C)C1)C2(C)C,c1ccc2c(c1)CC1=C(CCCC1)O2,3
random,CCCCCc1cc(O)c2cc(Cc3cccc(O)c3)c(=O)oc2c1,O=c1oc2ccccc2cc1Cc1ccccc1,3
random,CCCCCc1cc(O)c2cc(Cc3ccccc3)c(=O)oc2c1,O=c1oc2ccccc2cc1Cc1ccccc1,3
random,CCCCCc1cc(O)cc(OCCCCCCCC(=O)NCCO)c1,c1ccccc1,3
random,CCCCCc1cc(O)cc(OCCCCCCCCCCC(=O)NCC2CC2)c1,O=C(CCCCCCCCCCOc1ccccc1)NCC1CC1,3
random,CCCCCc1cc(O)cc(OCCCCCCCCCCC(=O)NCc2ccc(OC)c(O)c2)c1,O=C(CCCCCCCCCCOc1ccccc1)NCc1ccccc1,3
random,CCCCCc1cc(O)cc(OCCCCCCCCCCC(=O)NCc2ccccc2)c1,O=C(CCCCCCCCCCOc1ccccc1)NCc1ccccc1,3
random,CCCCCc1cc(O)cc(OCCCCCCCCCCC(=O)Nc2ccc(O)cc2)c1,O=C(CCCCCCCCCCOc1ccccc1)Nc1ccccc1,3
random,CCCCCc1cc(O)cc(OCCCCCCCCCCCC(=O)NC2CC2)c1,O=C(CCCCCCCCCCCOc1ccccc1)NC1CC1,3
random,CCCCCc1cc(O)cc(OCCCCCCCCCCCC(=O)NCCO)c1,c1ccccc1,3
random,CCCCCc1cc(O)cc(OCCCCCCCCCCCNC(=O)C2CC2)c1,O=C(NCCCCCCCCCCCOc1ccccc1)C1CC1,3
random,CCCCCc1cc(OC)c2cc(Cc3ccc(Cl)cc3)c(=O)oc2c1,O=c1oc2ccccc2cc1Cc1ccccc1,3
random,CCCCCc1cc(OC)c2cc(Cc3ccccc3)c(=O)oc2c1,O=c1oc2ccccc2cc1Cc1ccccc1,3
random,CCCCCc1cc(OC)cc(OCCCCCCCCCCC(=O)NCC(F)(F)F)c1,c1ccccc1,3
random,CCCCCc1cc(OCCCCCCCCCCC(=O)NC2CC2)cc(OC(C)C)c1,O=C(CCCCCCCCCCOc1ccccc1)NC1CC1,3
random,CCCCCc1cc2c(c(OS(=O)(=O)c3ccc(C)cc3)c1)[C@H]1[C@@H](CC=C(C)[C@@H]1OO)C(C)(C)O2,O=S(=O)(Oc1cccc2c1C1CC=CCC1CO2)c1ccccc1,3
random,CCCCCc1sc2ccccc2c1C(=O)c1ccc(OC)cc1,O=C(c1ccccc1)c1csc2ccccc12,3
random,CCCCCn1c(=O)sc2cc(C(=O)C3CCCC3)ccc21,O=C(c1ccc2[nH]c(=O)sc2c1)C1CCCC1,3
random,CCCCCn1c(C)c(C(=O)Cc2ccccc2Br)c2ccccc21,O=C(Cc1ccccc1)c1c[nH]c2ccccc12,3
random,CCCCCn1c(C)c(C(=O)Cc2ccccc2C)c2ccccc21,O=C(Cc1ccccc1)c1c[nH]c2ccccc12,3
random,CCCCCn1c(C)c(C(=O)c2ccc(Br)c3ccccc23)c2ccccc21,O=C(c1cccc2ccccc12)c1c[nH]c2ccccc12,3
random,CCCCCn1c(C)c(C(=O)c2ccc(CCC)c3ccccc23)c2ccccc21,O=C(c1cccc2ccccc12)c1c[nH]c2ccccc12,3
random,CCCCCn1c(C)c(C(=O)c2ccc(CCCC)c3ccccc23)c2ccccc21,O=C(c1cccc2ccccc12)c1c[nH]c2ccccc12,3
random,CCCCCn1c(C)c(C(=O)c2ccc(OCC)c3ccccc23)c2ccccc21,O=C(c1cccc2ccccc12)c1c[nH]c2ccccc12,3
random,CCCCCn1c(C)c(C(=O)c2cccc3cccc(I)c23)c2ccccc21,O=C(c1cccc2ccccc12)c1c[nH]c2ccccc12,3
random,CCCCCn1c(C)c(C(=O)c2cccc3ccccc23)c2ccccc21,O=C(c1cccc2ccccc12)c1c[nH]c2ccccc12,3
random,CCCCCn1c2ccccc2c2cc(C(=O)CN3CCS(=O)(=O)CC3)ccc21,O=C(CN1CCS(=O)(=O)CC1)c1ccc2[nH]c3ccccc3c2c1,3
random,CCCCCn1cc(C(=O)Cc2ccc(Br)cc2)c2ccccc21,O=C(Cc1ccccc1)c1c[nH]c2ccccc12,3
random,CCCCCn1cc(C(=O)NC(C)C23CC4CC(CC(C4)C2)C3)c(=O)cc1-c1ccccc1,O=C(NCC12CC3CC(CC(C3)C1)C2)c1c[nH]c(-c2ccccc2)cc1=O,3
random,CCCCCn1cc(C(=O)NC(C)C23CC4CC(CC(C4)C2)C3)c(=O)cc1C,O=C(NCC12CC3CC(CC(C3)C1)C2)c1c[nH]ccc1=O,3
random,CCCCCn1cc(C(=O)NC(C)c2ccccc2)c(=O)c2ccccc21,O=C(NCc1ccccc1)c1c[nH]c2ccccc2c1=O,3
random,CCCCCn1cc(C(=O)NC23CC4CC(C)(CC(C)(C4)C2)C3)c(=O)c2cnccc21,O=C(NC12CC3CC(CC(C3)C1)C2)c1c[nH]c2ccncc2c1=O,3
random,CCCCCn1cc(C(=O)NC23CC4CC(C)(CC(C)(C4)C2)C3)c(=S)c2ccccc21,O=C(NC12CC3CC(CC(C3)C1)C2)c1c[nH]c2ccccc2c1=S,3
random,CCCCCn1cc(C(=O)NC23CC4CC(CC(C4)C2)C3)c(=O)c(-c2ccccc2)c1C,O=C(NC12CC3CC(CC(C3)C1)C2)c1c[nH]cc(-c2ccccc2)c1=O,3
random,CCCCCn1cc(C(=O)NC23CC4CC(CC(C4)C2)C3)c(=O)c2cc(-c3ccc(F)cc3F)ccc21,O=C(NC12CC3CC(CC(C3)C1)C2)c1c[nH]c2ccc(-c3ccccc3)cc2c1=O,3
random,CCCCCn1cc(C(=O)NC23CC4CC(CC(C4)C2)C3)c(=O)c2cc(-c3ccc4cc(OC)ccc4c3)ccc21,O=C(NC12CC3CC(CC(C3)C1)C2)c1c[nH]c2ccc(-c3ccc4ccccc4c3)cc2c1=O,3
random,CCCCCn1cc(C(=O)NC23CC4CC(CC(C4)C2)C3)c(=O)c2cc(-c3cccs3)ccc21,O=C(NC12CC3CC(CC(C3)C1)C2)c1c[nH]c2ccc(-c3cccs3)cc2c1=O,3
random,CCCCCn1cc(C(=O)NC23CC4CC(CC(C4)C2)C3)c(=O)c2cc(C#Cc3ccccc3)ccc21,O=C(NC12CC3CC(CC(C3)C1)C2)c1c[nH]c2ccc(C#Cc3ccccc3)cc2c1=O,3
random,CCCCCn1cc(C(=O)NC23CC4CC(CC(C4)C2)C3)c(=O)c2cc(C(F)(F)F)ccc21,O=C(NC12CC3CC(CC(C3)C1)C2)c1c[nH]c2ccccc2c1=O,3
random,CCCCCn1cc(C(=O)NC23CC4CC(CC(C4)C2)C3)c(=O)c2cc(C3CCCCC3)ccc21,O=C(NC12CC3CC(CC(C3)C1)C2)c1c[nH]c2ccc(C3CCCCC3)cc2c1=O,3
random,CCCCCn1cc(C(=O)NC23CC4CC(CC(C4)C2)C3)c(=O)c2ccc(Sc3ccccc3)cc21,O=C(NC12CC3CC(CC(C3)C1)C2)c1c[nH]c2cc(Sc3ccccc3)ccc2c1=O,3
random,CCCCCn1cc(C(=O)NC23CC4CC(CC(C4)C2)C3)c(=O)cc1-c1ccc(Cl)cc1,O=C(NC12CC3CC(CC(C3)C1)C2)c1c[nH]c(-c2ccccc2)cc1=O,3
random,CCCCCn1cc(C(=O)NC23CC4CC(CC(C4)C2)C3)c(=O)n2nc(-c3c(Cl)cccc3Cl)cc12,O=C(NC12CC3CC(CC(C3)C1)C2)c1c[nH]c2cc(-c3ccccc3)nn2c1=O,3
random,CCCCCn1cc(C(=O)NC23CC4CC(CC(C4)C2)C3)c(=O)n2nc(-c3cc(C)cs3)cc12,O=C(NC12CC3CC(CC(C3)C1)C2)c1c[nH]c2cc(-c3cccs3)nn2c1=O,3
random,CCCCCn1cc(C(=O)NC23CC4CC(CC(C4)C2)C3)c(=O)n2nc(-c3ccc(Cl)cc3)cc12,O=C(NC12CC3CC(CC(C3)C1)C2)c1c[nH]c2cc(-c3ccccc3)nn2c1=O,3
random,CCCCCn1cc(C(=O)NC23CC4CC(CC(C4)C2)C3)c(=O)n2nc(-c3ccc(Cl)cc3)nc12,O=C(NC12CC3CC(CC(C3)C1)C2)c1c[nH]c2nc(-c3ccccc3)nn2c1=O,3
random,CCCCCn1cc(C(=O)NC23CC4CC(CC(C4)C2)C3)c(=O)n2nc(-c3cccs3)cc12,O=C(NC12CC3CC(CC(C3)C1)C2)c1c[nH]c2cc(-c3cccs3)nn2c1=O,3
random,CCCCCn1cc(C(=O)NC23CC4CC(CC(C4)C2)C3)c2cc(-c3ccco3)ccc21,O=C(NC12CC3CC(CC(C3)C1)C2)c1c[nH]c2ccc(-c3ccco3)cc12,3
random,CCCCCn1cc(C(=O)NC23CC4CC(CC(C4)C2)C3)c2cc(-c3cccs3)ccc21,O=C(NC12CC3CC(CC(C3)C1)C2)c1c[nH]c2ccc(-c3cccs3)cc12,3
random,CCCCCn1cc(C(=O)NC2C3CC4CC(C3)CC2C4)c(=O)cc1C(C)(C)C,O=C(NC1C2CC3CC(C2)CC1C3)c1c[nH]ccc1=O,3
random,CCCCCn1cc(C(=O)NC2CCC(C)CC2)c(=O)n2nc(C)cc12,O=C(NC1CCCCC1)c1c[nH]c2ccnn2c1=O,3
random,CCCCCn1cc(C(=O)NC2CCCCC2)c(=O)c2c(C)noc21,O=C(NC1CCCCC1)c1c[nH]c2oncc2c1=O,3
random,CCCCCn1cc(C(=O)NC2CCCCC2)c(=O)c2c(CC)nn(C)c21,O=C(NC1CCCCC1)c1c[nH]c2[nH]ncc2c1=O,3
random,CCCCCn1cc(C(=O)NC2CCCCCC2)c(=O)n2nc(-c3ccc(C)cc3)cc12,O=C(NC1CCCCCC1)c1c[nH]c2cc(-c3ccccc3)nn2c1=O,3
random,CCCCCn1cc(C(=O)NC2CCCCCC2)c(=O)n2nc(-c3ccc(Cl)cc3)cc12,O=C(NC1CCCCCC1)c1c[nH]c2cc(-c3ccccc3)nn2c1=O,3
random,CCCCCn1cc(C(=O)NC2CCCCCC2)c(=O)n2nc(-c3ccco3)cc12,O=C(NC1CCCCCC1)c1c[nH]c2cc(-c3ccco3)nn2c1=O,3
random,CCCCCn1cc(C(=O)NC2CCCCCC2)c(=O)n2nc(C(C)(C)C)cc12,O=C(NC1CCCCCC1)c1c[nH]c2ccnn2c1=O,3
random,CCCCCn1cc(C(=O)NC2CCCCCC2)c(=O)n2ncnc12,O=C(NC1CCCCCC1)c1c[nH]c2ncnn2c1=O,3
random,CCCCCn1cc(C(=O)NC2CCCc3ccccc32)c(=O)c2cc(Cl)ccc21,O=C(NC1CCCc2ccccc21)c1c[nH]c2ccccc2c1=O,3
random,CCCCCn1cc(C(=O)NCC2CC2)c(=O)cc1C(C)(C)C,O=C(NCC1CC1)c1c[nH]ccc1=O,3
random,CCCCCn1cc(C(=O)NCc2ccccc2)c(=O)c2c(C)nn(C)c21,O=C(NCc1ccccc1)c1c[nH]c2[nH]ncc2c1=O,3
random,CCCCCn1cc(C(=O)NN(C)C)c(=O)c2ccc(Sc3ccccc3)cc21,O=c1cc[nH]c2cc(Sc3ccccc3)ccc12,3
random,CCCCCn1cc(C(=O)N[C@@H]2C(C)(C)C3CC[C@]2(C)C3)c(=O)c2ccc(Sc3ccccc3)cc21,O=C(NC1CC2CCC1C2)c1c[nH]c2cc(Sc3ccccc3)ccc2c1=O,3
random,CCCCCn1cc(C(=O)N[C@H](C(N)=O)C(C)(C)C)c2cccnc21,c1cnc2[nH]ccc2c1,3
random,CCCCCn1cc(C(=O)N[C@H](C)c2ccccc2)c(=O)c2ccc(N3CCCC3)cc21,O=C(NCc1ccccc1)c1c[nH]c2cc(N3CCCC3)ccc2c1=O,3
random,CCCCCn1cc(C(=O)N[C@H](C)c2ccccc2)c(=O)c2ccccc21,O=C(NCc1ccccc1)c1c[nH]c2ccccc2c1=O,3
random,CCCCCn1cc(C(=O)c2ccc(I)c3ccccc23)c2ccccc21,O=C(c1cccc2ccccc12)c1c[nH]c2ccccc12,3
random,CCCCCn1cc(C(=O)c2ccc(OCC)c3ccccc23)c2ccccc21,O=C(c1cccc2ccccc12)c1c[nH]c2ccccc12,3
random,CCCCCn1cc(C(=O)c2cccc3ccccc23)c2c(F)cccc21,O=C(c1cccc2ccccc12)c1c[nH]c2ccccc12,3
random,CCCCCn1cc(C(=O)c2cccc3ccccc23)cc1-c1cccc(C(F)(F)F)c1,O=C(c1c[nH]c(-c2ccccc2)c1)c1cccc2ccccc12,3
random,CCCCCn1cc(C(=O)c2cccc3ccccc23)cc1-c1cccc(Cl)c1,O=C(c1c[nH]c(-c2ccccc2)c1)c1cccc2ccccc12,3
random,CCCCCn1cc(C(=O)c2cccc3ccccc23)cc1-c1ccccc1Cl,O=C(c1c[nH]c(-c2ccccc2)c1)c1cccc2ccccc12,3
random,CCCCCn1cc(C(=O)c2ccccc2)c(=O)c2ccccc21,O=C(c1ccccc1)c1c[nH]c2ccccc2c1=O,3
random,CCCCCn1cc(NC(=O)c2cccc3ccccc23)c(=O)c2ccccc21,O=C(Nc1c[nH]c2ccccc2c1=O)c1cccc2ccccc12,3
random,CCCCCn1nc2c3ccccc3n(CCCCC)cc-2c1=O,O=c1[nH]nc2c3ccccc3[nH]cc1-2,3
random,CCCCN1C(=O)C(C(=O)NC23CC4CC(CC(O)(C4)C2)C3)=C(O)C2C1C=NN2C,O=C1NC2C=NNC2C=C1C(=O)NC12CC3CC(CC(C3)C1)C2,3
random,CCCCN1Cc2c(n(S(=O)(=O)CC)c3ccc(C(=O)N4CCC(C)CC4)cc23)C1,O=C(c1ccc2[nH]c3c(c2c1)CNC3)N1CCCCC1,3
random,CCCCNC(=O)c1ccc2c(c1)N=C(c1ccc(F)c(Cl)c1)c1ccccc1S2,c1ccc(C2=Nc3ccccc3Sc3ccccc32)cc1,3
random,CCCCNC(=O)c1oc2ccc(S(=O)(=O)N3CC(C)CC(C)C3)cc2c1C,O=S(=O)(c1ccc2occc2c1)N1CCCCC1,3
random,CCCCOC(=O)C(C)(C)c1cc(O)c2c(c1)OC(C)(C)[C@@H]1CC=C(CO)C[C@@H]21,C1=CCC2c3ccccc3OCC2C1,3
random,CCCCOC(=O)C(C)(C)c1cc(O)c2c(c1)OC(C)(C)[C@@H]1CC[C@@H](CO)C[C@H]21,c1ccc2c(c1)OCC1CCCCC21,3
random,CCCCOC(=O)Cc1cc(O)c2c(c1)OC(C)(C)[C@@H]1CC=C(C)C[C@@H]21,C1=CCC2c3ccccc3OCC2C1,3
random,CCCCOC(=O)[C@@H](C)c1cc(O)c2c(c1)OC(C)(C)[C@@H]1CC=C(C)C[C@@H]21,C1=CCC2c3ccccc3OCC2C1,3
random,CCCCOc1c(OC)c([N+](=O)[O-])cc2cc(C(=O)NCCc3ccc(F)cc3)c(=O)[nH]c12,O=C(NCCc1ccccc1)c1cc2ccccc2[nH]c1=O,3
random,CCCCOc1c(OC)ccc2cc(C(=O)NCCCF)c(=O)[nH]c12,O=c1ccc2ccccc2[nH]1,3
random,CCCCOc1c(OC)ccc2cc(C(=O)NCCF)c(=O)[nH]c12,O=c1ccc2ccccc2[nH]1,3
random,CCCCOc1c(OCC[18F])ccc2cc(C(=O)NC3CCCCC3)c(=O)[nH]c12,O=C(NC1CCCCC1)c1cc2ccccc2[nH]c1=O,3
random,CCCCOc1cc(O)cc(OCCCCCCCCCCC(=O)NC2CC2)c1,O=C(CCCCCCCCCCOc1ccccc1)NC1CC1,3
random,CCCCOc1cc(O)cc(OCCCCCCCCCCC(=O)NCCO)c1,c1ccccc1,3
random,CCCC[Si](C)(C)c1cc(O)c(C2CCCCCC2)c(OC)c1,c1ccc(C2CCCCCC2)cc1,3
random,CCCCc1cc(-c2ccc(F)cc2)cc(C(=O)N[C@H]2CC[C@H](C)CC2)c1OC,O=C(NC1CCCCC1)c1cccc(-c2ccccc2)c1,3
random,CCCCc1ccc(C(=O)c2cc(O)c(-c3cc(Cl)cc(Cl)c3)c(O)c2)cc1,O=C(c1ccccc1)c1ccc(-c2ccccc2)cc1,3
random,CCCCn1/c(=N/C(=O)c2cc(C(F)(F)F)ccc2NNC(=O)C(C)(C)C)cc(C(C)(C)C)n1C,O=C(N=c1cc[nH][nH]1)c1ccccc1,3
random,CCCCn1/c(=N/C(=O)c2cc(C(F)(F)F)ccc2NNC(=O)c2cccnc2)cc(C(C)(C)C)n1C,O=C(NNc1ccccc1C(=O)N=c1cc[nH][nH]1)c1cccnc1,3
random,CCCCn1c(C(=O)OC)c(C(C)C)s/c1=N\C(=O)c1cc(C(F)(F)F)ccc1NC(C)(C)C,O=C(N=c1[nH]ccs1)c1ccccc1,3
random,CCCCn1c(C)c(C)cc(Oc2nc3ccccc3o2)c1=O,O=c1[nH]cccc1Oc1nc2ccccc2o1,3
random,CCCCn1cc(Br)cc(C(=O)NC2CCCCCC2)c1=O,O=C(NC1CCCCCC1)c1ccc[nH]c1=O,3
random,CCCCn1cc(C(=O)NC(C)(C)C)c(=O)c2cccc(OC)c21,O=c1cc[nH]c2ccccc12,3
random,CCCCn1cc(C(=O)NC2CCCCC2)c(=O)c2c(C)nn(C)c21,O=C(NC1CCCCC1)c1c[nH]c2[nH]ncc2c1=O,3
random,CCCCn1cc(C(=O)N[C@@H]2C(C)(C)C3CC[C@]2(C)C3)c(=O)c2ccc(F)cc21,O=C(NC1CC2CCC1C2)c1c[nH]c2ccccc2c1=O,3
random,CCCCn1cc(C(=O)N[C@H](C(N)=O)C(C)(C)C)c2ccccc21,c1ccc2[nH]ccc2c1,3
random,CCCCn1cc(CC(=O)NC23CC4CC(CC(C4)C2)C3)c2cc(-c3ccccc3)ccc21,O=C(Cc1c[nH]c2ccc(-c3ccccc3)cc12)NC12CC3CC(CC(C3)C1)C2,3
random,CCCCn1nc(C(=O)N[C@H](C(N)=O)C(C)(C)C)c2ccccc21,c1ccc2[nH]ncc2c1,3
random,CCCCn1nc(C(C)(C)C)s/c1=N/C(=O)c1cc(C(F)(F)F)ccc1N(/N=C/c1cccc(C)n1)C(=O)OC(C)(C)C,O=C(N=c1[nH]ncs1)c1ccccc1NN=Cc1ccccn1,3
random,CCCCn1nc(C(C)(C)C)s/c1=N\C(=O)c1cc(C(F)(F)F)ccc1NNC(=O)c1cccnc1,O=C(NNc1ccccc1C(=O)N=c1[nH]ncs1)c1cccnc1,3
random,CCCCn1nc(C(C)(C)C)s/c1=N\C(=O)c1cc(C(F)(F)F)ccc1O/N=C(\C)C(F)(F)F,O=C(N=c1[nH]ncs1)c1ccccc1,3
random,CCCCn1nc(C(C)(C)C)s/c1=N\C(=O)c1cc(C(F)(F)F)ccc1O/N=C(\C)N,O=C(N=c1[nH]ncs1)c1ccccc1,3
random,CCCCn1nc(C(C)(C)C)s/c1=N\C(=O)c1cc(C(F)(F)F)ccc1O/N=C(\N)C(C)C,O=C(N=c1[nH]ncs1)c1ccccc1,3
random,CCCCn1nc(C(C)(C)C)s/c1=N\C(=O)c1cc(C(F)(F)F)ccc1O/N=C(\N)C1CC1,O=C(N=c1[nH]ncs1)c1ccccc1ON=CC1CC1,3
random,CCCCn1nc(C(C)(C)C)s/c1=N\C(=O)c1cc(C(F)(F)F)ccc1O/N=C(\N)c1ccccn1,O=C(N=c1[nH]ncs1)c1ccccc1ON=Cc1ccccn1,3
random,CCCCn1nc(C(C)(C)C)s/c1=N\C(=O)c1ccc(C(F)(F)F)cc1ONC(C)(C)C,O=C(N=c1[nH]ncs1)c1ccccc1,3
random,CCCNC(=O)NC1CCN(c2ncnc3c2nc(-c2ccccc2Cl)n3-c2ccc(Cl)cc2)CC1,c1ccc(-c2nc3c(N4CCCCC4)ncnc3n2-c2ccccc2)cc1,3
random,CCCNC(=O)c1nn(-c2ccc(Cl)cc2Cl)c(-n2c(C)ccc2C)c1C,c1ccc(-n2nccc2-n2cccc2)cc1,3
random,CCCc1ccc(C(C)(C)c2cc(O)c3c(c2)OC(C)(C)[C@@H]2CC=C(C)C[C@@H]32)cc1,C1=CCC2c3ccc(Cc4ccccc4)cc3OCC2C1,3
random,CCCn1c(C)c(C(=O)c2ccc3ccccc3c2)c2ccccc21,O=C(c1ccc2ccccc2c1)c1c[nH]c2ccccc12,3
random,CCCn1c2ccccc2c2cc(C(=O)N3CCCCC3)ccc21,O=C(c1ccc2[nH]c3ccccc3c2c1)N1CCCCC1,3
random,CCCn1cc(C(=O)c2ccc(I)c3ccccc23)c2ccccc21,O=C(c1cccc2ccccc12)c1c[nH]c2ccccc12,3
random,CCCn1cc(C(=O)c2ccc(OCC)c3ccccc23)c2ccccc21,O=C(c1cccc2ccccc12)c1c[nH]c2ccccc12,3
random,CCCn1cc(C(=O)c2ccc3c(c2)CC(C)(C)C3)c2ccccc21,O=C(c1ccc2c(c1)CCC2)c1c[nH]c2ccccc12,3
random,CCCn1cc(C(=O)c2cccc3ccc(CC)cc23)c2ccccc21,O=C(c1cccc2ccccc12)c1c[nH]c2ccccc12,3
random,CCCn1cc(C(=O)c2cccc3cccc(Br)c23)c2ccccc21,O=C(c1cccc2ccccc12)c1c[nH]c2ccccc12,3
random,CCCn1cc(C(=O)c2cccc3ccccc23)c2ccccc21,O=C(c1cccc2ccccc12)c1c[nH]c2ccccc12,3
random,CCCn1cccc(C(=O)NC2CCC(C)CC2)c1=O,O=C(NC1CCCCC1)c1ccc[nH]c1=O,3
random,CCCn1nc(OCc2ccc3ccccc3c2)c2cc(N)ccc21,c1ccc2cc(COc3n[nH]c4ccccc34)ccc2c1,3
random,CCCn1nc(OCc2ccc3ccccc3c2)c2cc([N+](=O)[O-])ccc21,c1ccc2cc(COc3n[nH]c4ccccc34)ccc2c1,3
random,CCN(C)S(=O)(=O)N/C(=N\C)N1CC(c2ccccc2)C(c2ccc(Cl)cc2)=N1,c1ccc(C2=NNCC2c2ccccc2)cc1,3
random,CCN(CC)C(=O)c1ccc2c(c1)nc(Cc1ccc(OC(F)(F)F)cc1)n2CCC(C)C,c1ccc(Cc2nc3ccccc3[nH]2)cc1,3
random,CCN(CC)C(=O)c1ccc2c(c1)nc(Cc1ccc(OC)cc1)n2CCC(C)C,c1ccc(Cc2nc3ccccc3[nH]2)cc1,3
random,CCN(CC)C(=O)c1nc(-c2ccc(Cl)cc2Cl)n(-c2ccc(Cl)cc2)c1C,c1ccc(-c2nccn2-c2ccccc2)cc1,3
random,CCN(CC)CCn1c(Cc2ccccc2)nc2cc(C(F)(F)F)ccc21,c1ccc(Cc2nc3ccccc3[nH]2)cc1,3
random,CCN(CC)S(=O)(=O)/N=C(/N=C(\N)c1ccc(Cl)cc1)N1CC(c2ccccc2)C(c2ccc(Cl)cc2)=N1,N=C(N=Cc1ccccc1)N1CC(c2ccccc2)C(c2ccccc2)=N1,3
random,CCN(CC)S(=O)(=O)N/C(=N\C(C)C)N1CC(c2ccccc2)C(c2ccc(Cl)cc2)=N1,c1ccc(C2=NNCC2c2ccccc2)cc1,3
random,CCN(CC)c1ccc(CN(C(=O)Cc2ccccc2)c2ccc(C)cc2)cc1,O=C(Cc1ccccc1)N(Cc1ccccc1)c1ccccc1,3
random,CCN(CC)c1ccc(CN(CCc2ccccc2)S(=O)(=O)c2ccc(C)cc2)cc1,O=S(=O)(c1ccccc1)N(CCc1ccccc1)Cc1ccccc1,3
random,CCN(CC)c1ccc(CN(Cc2ccc(N(CC)CC)cc2)S(=O)(=O)c2ccc(C)cc2)cc1,O=S(=O)(c1ccccc1)N(Cc1ccccc1)Cc1ccccc1,3
random,CCN(CC)c1ccc(CN(Cc2ccccc2)S(=O)(=O)Cc2ccccc2)cc1,O=S(=O)(Cc1ccccc1)N(Cc1ccccc1)Cc1ccccc1,3
random,CCN(CC)c1ccc(CN(Cc2ccccc2)S(=O)(=O)c2ccc(C)cc2)cc1,O=S(=O)(c1ccccc1)N(Cc1ccccc1)Cc1ccccc1,3
random,CCN(CC)c1ccc(CN(Cc2ccccc2)S(=O)(=O)c2ccc(Cl)cc2)cc1,O=S(=O)(c1ccccc1)N(Cc1ccccc1)Cc1ccccc1,3
random,CCN(CC)c1ccc(CN(Cc2ccccc2)S(=O)(=O)c2ccc(F)cc2)cc1,O=S(=O)(c1ccccc1)N(Cc1ccccc1)Cc1ccccc1,3
random,CCN(CC)c1ccc(CN(Cc2ccccc2)S(=O)(=O)c2ccc(OC(C)C)cc2)cc1,O=S(=O)(c1ccccc1)N(Cc1ccccc1)Cc1ccccc1,3
random,CCN(CC)c1ccc(CN(Cc2ccco2)S(=O)(=O)c2ccc(C)cc2)cc1,O=S(=O)(c1ccccc1)N(Cc1ccccc1)Cc1ccco1,3
random,CCN(CC)c1ccc(CN(c2ccc(C)cc2)S(=O)(=O)c2ccc(OC)cc2)cc1,O=S(=O)(c1ccccc1)N(Cc1ccccc1)c1ccccc1,3
random,CCN(CC)c1ccc(CN(c2ccc(Cl)cc2)S(=O)(=O)c2ccc(Cl)cc2)cc1,O=S(=O)(c1ccccc1)N(Cc1ccccc1)c1ccccc1,3
random,CCN(CC)c1ccc(CN(c2ccccc2)S(=O)(=O)c2ccc(C)cc2)cc1,O=S(=O)(c1ccccc1)N(Cc1ccccc1)c1ccccc1,3
random,CCN(CC)c1ccc(CNc2ccc(Cl)cc2)cc1,c1ccc(CNc2ccccc2)cc1,3
random,CCN(Cc1ccccc1)C(=O)c1oc2ccc(S(=O)(=O)N3CC(C)CC(C)C3)cc2c1C,O=C(NCc1ccccc1)c1cc2cc(S(=O)(=O)N3CCCCC3)ccc2o1,3
random,CCN1CCC[C@H]1COc1ccc(C(F)(F)F)cc1C(=O)/N=c1\sc(C(C)(C)C)cn1C[C@H]1CCCO1,O=C(N=c1sccn1CC1CCCO1)c1ccccc1OCC1CCCN1,3
random,CCNC(=O)c1c(NC(=O)C23CC4CC(CC2C4)C3)sc2c1CCOC2,O=C(Nc1cc2c(s1)COCC2)C12CC3CC(CC1C3)C2,3
random,CCOC(=O)C(C)(C)c1cc(O)c(-c2cc(Cl)cc(Cl)c2)c(OC)c1,c1ccc(-c2ccccc2)cc1,3
random,CCOC(=O)C(C)(C)c1cc(O)c2c(c1)OC(C)(C)[C@@H]1CC=C(C)C[C@@H]21,C1=CCC2c3ccccc3OCC2C1,3
random,CCOC(=O)C(CC)(CC)NC(=O)c1ccc(N2CC(OC)C2)c(OC[C@@H]2C[C@@H]2COCF)n1,c1cnc(OCC2CC2)c(N2CCC2)c1,3
random,CCOC(=O)C(CC)(CC)NC(=O)c1ccc(N2CC(OC)C2)c(OC[C@H]2C[C@@H]2CF)n1,c1cnc(OCC2CC2)c(N2CCC2)c1,3
random,CCOC(=O)CCCn1cccc(C(=O)NC2CCCCCC2)c1=O,O=C(NC1CCCCCC1)c1ccc[nH]c1=O,3
random,CCOC(=O)CCn1c2ccccc2c2cc(C(=O)N3CCCCC3)ccc21,O=C(c1ccc2[nH]c3ccccc3c2c1)N1CCCCC1,3
random,CCOC(=O)N1CC(C)(C)CS/C1=N\c1ccccc1C(C)C,c1ccc(N=C2NCCCS2)cc1,3
random,CCOC(=O)c1cc(-c2ccccc2)sc1NC(=O)c1cccc2ccccc12,O=C(Nc1ccc(-c2ccccc2)s1)c1cccc2ccccc12,3
random,CCOC1CCN(C(=O)C23CC4CC(CC(C4)C2)C3)c2ccccc21,O=C(N1CCCc2ccccc21)C12CC3CC(CC(C3)C1)C2,3
random,CCOc1c(OC)ccc2cc(C(=O)NCc3ccc4c(c3)OCO4)c(=O)[nH]c12,O=C(NCc1ccc2c(c1)OCO2)c1cc2ccccc2[nH]c1=O,3
random,CCOc1ccc(Cc2nc3cc(C(=O)N(CC)CC)ccc3n2CC2CC2)cn1,c1cncc(Cc2nc3ccccc3n2CC2CC2)c1,3
random,CCOc1ccc(Cc2nc3cc(C(=O)N(CC)CC)ccc3n2CCCNc2c3c(nc4ccccc24)CCCC3)cc1,c1ccc(Cc2nc3ccccc3n2CCCNc2c3c(nc4ccccc24)CCCC3)cc1,3
random,CCOc1ccc(Cc2nc3cc(C(=O)N(CC)CC)ccc3n2CCN(C)C)cc1,c1ccc(Cc2nc3ccccc3[nH]2)cc1,3
random,CCOc1ccc(Cc2nc3cc(C(=O)N(CC)CC)ccc3n2C[C@H]2CCCCN2C)cc1,c1ccc(Cc2nc3ccccc3n2CC2CCCCN2)cc1,3
random,CCOc1ccc(Cc2nc3cc(C(=O)N(CC)CC)ccc3n2Cc2ccccc2)cc1,c1ccc(Cc2nc3ccccc3n2Cc2ccccc2)cc1,3
random,CCOc1ccc(Cc2nc3cc(C(=O)N4CCCCC4)ccc3n2CC2CC2)cc1,O=C(c1ccc2c(c1)nc(Cc1ccccc1)n2CC1CC1)N1CCCCC1,3
random,CCOc1ccc(Cc2nc3cc(C(=O)Nc4ccccc4)ccc3n2CCC(C)C)cc1,O=C(Nc1ccccc1)c1ccc2[nH]c(Cc3ccccc3)nc2c1,3
random,CCOc1ccc(Cc2nc3cc(C(C)=O)ccc3n2CCN(CC)CC)cc1,c1ccc(Cc2nc3ccccc3[nH]2)cc1,3
random,CCOc1ccc(Cc2nc3cc(N(C)C(=O)N(C)C)ccc3n2CC2CC2)cc1,c1ccc(Cc2nc3ccccc3n2CC2CC2)cc1,3
random,CCOc1ccc(Cc2nc3cc(N(C)S(=O)(=O)c4cccs4)ccc3n2CC2CCCCC2)nc1,O=S(=O)(Nc1ccc2c(c1)nc(Cc1ccccn1)n2CC1CCCCC1)c1cccs1,3
random,CCOc1ccc(Nc2nc3cc(C(=O)N(CC)CC)ccc3n2CCN2CCCCC2)cc1,c1ccc(Nc2nc3ccccc3n2CCN2CCCCC2)cc1,3
random,CCS(=O)(=O)n1c2c(c3cc(C(=O)N(C)C(C)C)ccc31)CN(C1CCCC1)C2,c1ccc2c3c([nH]c2c1)CN(C1CCCC1)C3,3
random,CCS(=O)(=O)n1c2c(c3cc(C(=O)N4CCC(C)CC4)ccc31)CN(C(C)C)C2,O=C(c1ccc2[nH]c3c(c2c1)CNC3)N1CCCCC1,3
random,CCS(=O)(=O)n1c2c(c3cc(C(=O)N4CCC(C)CC4)ccc31)CN(C1CCCC1)C2,O=C(c1ccc2[nH]c3c(c2c1)CN(C1CCCC1)C3)N1CCCCC1,3
random,CCS(=O)(=O)n1c2c(c3cc(C(=O)N4CCC(F)CC4)ccc31)CN(C1CCCC1)C2,O=C(c1ccc2[nH]c3c(c2c1)CN(C1CCCC1)C3)N1CCCCC1,3
random,CCS(=O)(=O)n1c2c(c3cc(C(=O)N4CCC(OC)CC4)ccc31)CN(C1CCCC1)C2,O=C(c1ccc2[nH]c3c(c2c1)CN(C1CCCC1)C3)N1CCCCC1,3
random,CC[C@@H]1COc2cccc3c(=O)c(C(=O)NC4CCCCCC4)cn1c23,O=C(NC1CCCCCC1)c1cn2c3c(cccc3c1=O)OCC2,3
random,CCc1c(C(=O)NC23CC4CC(CC(C4)C2)C3)cc(C)n1-c1ccccc1,O=C(NC12CC3CC(CC(C3)C1)C2)c1ccn(-c2ccccc2)c1,3
random,CCc1c(C(=O)NCc2ccc(Cl)c(Cl)c2)nn(-c2ccc(Cl)cc2Cl)c1-n1cccc1,O=C(NCc1ccccc1)c1cc(-n2cccc2)n(-c2ccccc2)n1,3
random,CCc1c(C(=O)N[C@H]2CCCC[C@@H]2O)nc(-c2ccccc2Cl)n1-c1ccc(Br)cc1,O=C(NC1CCCCC1)c1cn(-c2ccccc2)c(-c2ccccc2)n1,3
random,CCc1c(C(=O)Nc2cccc3ccccc23)cc(C)n1-c1ccccc1,O=C(Nc1cccc2ccccc12)c1ccn(-c2ccccc2)c1,3
random,CCc1c(C)sc(NC(=O)c2ccc(Cl)cc2)c1C(=O)OC,O=C(Nc1cccs1)c1ccccc1,3
random,CCc1c(C)sc(NC(=O)c2ccc(F)cc2)c1C(=O)OC,O=C(Nc1cccs1)c1ccccc1,3
random,CCc1ccccc1NC(=O)CSc1nnc(-c2ccccc2OC)n1-c1ccccc1,O=C(CSc1nnc(-c2ccccc2)n1-c1ccccc1)Nc1ccccc1,3
random,CCn1c(C)c(C)cc(Oc2nc3ccccc3o2)c1=S,S=c1[nH]cccc1Oc1nc2ccccc2o1,3
random,CCn1cc(CC(=O)NC23CC4CC(CC(C4)C2)C3)c2cc(-c3ccccc3)ccc21,O=C(Cc1c[nH]c2ccc(-c3ccccc3)cc12)NC12CC3CC(CC(C3)C1)C2,3
random,CN(C)C1(c2nc(-c3cc(C(C)(C)C)c(O)c(C(C)(C)C)c3)co2)CCOCC1,c1ccc(-c2coc(C3CCOCC3)n2)cc1,3
random,CN(C)CCNc1cnn(C2CC(C)(C)CC(C)(C)C2)c(=O)c1Br,O=c1cccnn1C1CCCCC1,3
random,CN(C)CCn1cc(C(=O)N[C@@H]2C(C)(C)C3CC[C@]2(C)C3)c(=O)c2ccc(F)cc21,O=C(NC1CC2CCC1C2)c1c[nH]c2ccccc2c1=O,3
random,CN(C)CCn1cc(C(=O)N[C@@H]2C(C)(C)C3CC[C@]2(C)C3)c(=O)c2ccc(Sc3ccccc3)cc21,O=C(NC1CC2CCC1C2)c1c[nH]c2cc(Sc3ccccc3)ccc2c1=O,3
random,CN(CC(=O)NC1CC1)C(=O)c1ccc2c(c1)c1c(n2C)CC[C@@H](C2CCOCC2)C1,O=C(CNC(=O)c1ccc2[nH]c3c(c2c1)CC(C1CCOCC1)CC3)NC1CC1,3
random,CN/C(=N\S(=O)(=O)N1CCC(C(F)(F)F)CC1)C1=NN(c2ccc(Cl)cc2)C(c2ccccc2)C1,O=S(=O)(N=CC1=NN(c2ccccc2)C(c2ccccc2)C1)N1CCCCC1,3
random,CN/C(=N\S(=O)(=O)N1CCC(C(F)(F)F)CC1)C1=NN(c2ccc(Cl)cc2)[C@@H](c2ccccc2)C1,O=S(=O)(N=CC1=NN(c2ccccc2)C(c2ccccc2)C1)N1CCCCC1,3
random,CN/C(=N\S(=O)(=O)N1CCCCC1)N1CCC(c2ccccc2)C(c2ccc(Cl)cc2)=N1,O=S(=O)(N=CN1CCC(c2ccccc2)C(c2ccccc2)=N1)N1CCCCC1,3
random,CN/C(=N\S(=O)(=O)c1ccc(C(F)(F)F)cc1)C1=NN(c2ccc(Cl)cc2Cl)C(c2ccccc2)C1,O=S(=O)(N=CC1=NN(c2ccccc2)C(c2ccccc2)C1)c1ccccc1,3
random,CN/C(=N\S(=O)(=O)c1ccc(Cl)cc1)N1CC(c2ccccc2)C(c2ccc(Cl)cc2)=N1,O=S(=O)(N=CN1CC(c2ccccc2)C(c2ccccc2)=N1)c1ccccc1,3
random,CN1CCCCC1Cn1cc(C(=O)c2cc([N+](=O)[O-])ccc2I)c2ccccc21,O=C(c1ccccc1)c1cn(CC2CCCCN2)c2ccccc12,3
random,CN1CCC[C@H]1COc1ccc(C(F)(F)F)cc1C(=S)/N=c1\sc(C(C)(C)C)cn1C[C@H]1CCCO1,S=C(N=c1sccn1CC1CCCO1)c1ccccc1OCC1CCCN1,3
random,CN1CC[C@@H](COc2ccc(C(F)(F)F)cc2C(=O)/N=c2\sc(C(C)(C)C)cn2C[C@H]2CCCO2)C1,O=C(N=c1sccn1CC1CCCO1)c1ccccc1OCC1CCNC1,3
random,CN1CC[C@@H]1COc1ccc(C(F)(F)F)cc1C(=O)/N=c1\sc(C(C)(C)C)cn1C[C@H]1CCCO1,O=C(N=c1sccn1CC1CCCO1)c1ccccc1OCC1CCN1,3
random,COC(=O)CCC(=O)n1c2ccccc2c2nnc(SCc3ccccc3C#N)nc21,c1ccc(CSc2nnc3c(n2)[nH]c2ccccc23)cc1,3
random,COC(=O)CCCn1c2ccccc2c2cc(C(=O)N3CCCCC3)ccc21,O=C(c1ccc2[nH]c3ccccc3c2c1)N1CCCCC1,3
random,COC(=O)c1[nH]ccc1NC(=O)C12CC3CC(CC(C3)C1)C2,O=C(Nc1cc[nH]c1)C12CC3CC(CC(C3)C1)C2,3
random,COC(=O)c1c(NC(=O)C23CC4CC(CC(C4)C2)C3)sc(C)c1C,O=C(Nc1cccs1)C12CC3CC(CC(C3)C1)C2,3
random,COC(=O)c1cc(-c2ccccc2)sc1NC(=O)C12CC3CC(CC(C3)C1)C2,O=C(Nc1ccc(-c2ccccc2)s1)C12CC3CC(CC(C3)C1)C2,3
random,COC(=O)c1ccc2c(C(=O)C3C(C)(C)C3(C)C)cn(CC3CCOCC3)c2c1,O=C(c1cn(CC2CCOCC2)c2ccccc12)C1CC1,3
random,COC(=O)c1nn(C)cc1NC(=O)C12CC3CC(CC(C3)C1)C2,O=C(Nc1cn[nH]c1)C12CC3CC(CC(C3)C1)C2,3
random,COC1CN(c2ccc(C(=O)NC3(CC(N)=O)COC3)nc2OCC2CC2)C1,O=C(NC1COC1)c1ccc(N2CCC2)c(OCC2CC2)n1,3
random,COCCNC(=O)c1c(NC(=O)c2ccccc2C(F)(F)F)sc2c1CCOC2,O=C(Nc1cc2c(s1)COCC2)c1ccccc1,3
random,COCCn1c2c(cc(C(=O)NC3(C(=O)O)CCCCC3)c1=O)CCCCCC2,O=C(NC1CCCCC1)c1cc2c([nH]c1=O)CCCCCC2,3
random,COCCn1cc(C(=O)Nc2cccc3ccccc23)c2ccccc21,O=C(Nc1cccc2ccccc12)c1c[nH]c2ccccc12,3
random,COCCn1cc(C(=O)c2ccccc2-c2ccccc2)c2ccccc21,O=C(c1ccccc1-c1ccccc1)c1c[nH]c2ccccc12,3
random,COCCn1cc(C(C)(C)C)s/c1=N\C(=O)c1cc(C(F)(F)F)ccc1OCc1cnccn1,O=C(N=c1[nH]ccs1)c1ccccc1OCc1cnccn1,3
random,COC[C@@H](COC(C)=O)N(C)C(=O)CC/C=C/CCCCC(Cl)CCCCCCCl,ACYCLIC,3
random,COc1c(C)cc(-c2ccc(F)cc2)cc1C(=O)NC1CCCCCC1,O=C(NC1CCCCCC1)c1cccc(-c2ccccc2)c1,3
random,COc1cc(CNC(=O)c2nn(-c3ccc(Cl)cc3Cl)c(-n3c(C)ccc3C)c2C)c(Br)c(OC)c1OC,O=C(NCc1ccccc1)c1cc(-n2cccc2)n(-c2ccccc2)n1,3
random,COc1ccc(-c2cc(C(=O)NC3CCCCCC3)c(=O)n(Cc3ccc(F)cc3)c2)cc1,O=C(NC1CCCCCC1)c1cc(-c2ccccc2)cn(Cc2ccccc2)c1=O,3
random,COc1ccc(-c2cc(Cc3ccc(F)cc3)c(OC)c(C(=O)N[C@H]3CC[C@@H](C)CC3)c2)cc1,O=C(NC1CCCCC1)c1cc(Cc2ccccc2)cc(-c2ccccc2)c1,3
random,COc1ccc(-c2cc(Cc3ccc(F)cc3)c(OC)c(C(=O)N[C@H]3CC[C@H](C)CC3)c2)cc1,O=C(NC1CCCCC1)c1cc(Cc2ccccc2)cc(-c2ccccc2)c1,3
random,COc1ccc(-c2nc3ccccc3n2C(=O)c2cccc3ccccc23)cc1,O=C(c1cccc2ccccc12)n1c(-c2ccccc2)nc2ccccc21,3
random,COc1ccc(-c2oc3cc(OC)ccc3c2C(=O)c2ccc(C#N)cc2)cc1,O=C(c1ccccc1)c1c(-c2ccccc2)oc2ccccc12,3
random,COc1ccc(-c2oc3ccccc3c2C(=O)c2ccc(N(Cc3ccccc3)Cc3ccccc3)cc2)cc1,O=C(c1ccc(N(Cc2ccccc2)Cc2ccccc2)cc1)c1c(-c2ccccc2)oc2ccccc12,3
random,COc1ccc(-c2oc3ccccc3c2C(=O)c2ccc(NCc3ccccc3)cc2)cc1,O=C(c1ccc(NCc2ccccc2)cc1)c1c(-c2ccccc2)oc2ccccc12,3
random,COc1ccc(C(=O)NC23CC4CC(CC(C4)C2)C3)cc1OC,O=C(NC12CC3CC(CC(C3)C1)C2)c1ccccc1,3
random,COc1ccc(C(=O)c2cn(CC3CCOCC3)c3c(O)cccc23)cc1,O=C(c1ccccc1)c1cn(CC2CCOCC2)c2ccccc12,3
random,COc1ccc(C(=O)c2cn(CC3CCOCC3)c3ccc(OCC(=O)O)cc23)cc1,O=C(c1ccccc1)c1cn(CC2CCOCC2)c2ccccc12,3
random,COc1ccc(C(=O)c2cn(CCN3CCOCC3)c3ccc(O)cc23)cc1,O=C(c1ccccc1)c1cn(CCN2CCOCC2)c2ccccc12,3
random,COc1ccc(C(=O)n2c(C3CCC3)nc3ccccc32)cc1,O=C(c1ccccc1)n1c(C2CCC2)nc2ccccc21,3
random,COc1ccc(C2C(CCS(=O)(=O)c3ccccc3)C(=O)N2c2ccccc2)cc1,O=C1C(CCS(=O)(=O)c2ccccc2)C(c2ccccc2)N1c1ccccc1,3
random,COc1ccc(S(=O)(=O)N(Cc2ccc(N3CCCCC3)cc2)c2ccccc2)cc1,O=S(=O)(c1ccccc1)N(Cc1ccc(N2CCCCC2)cc1)c1ccccc1,3
random,COc1ccc2c(c1)N(C)C(C)(C)[C@@H]1CC[C@@H](C)C[C@@H]21,c1ccc2c(c1)NCC1CCCCC21,3
random,COc1ccc2c(c1)OC(C)(C)c1cn(CCN3CCN(C(=O)C4CCCO4)CC3)nc1-2,O=C(C1CCCO1)N1CCN(CCn2cc3c(n2)-c2ccccc2OC3)CC1,3
random,COc1ccc2c(c1)OC(C)(C)c1cn(CNC(=O)CN3CCN(c4ccccc4)CC3)nc1-2,O=C(CN1CCN(c2ccccc2)CC1)NCn1cc2c(n1)-c1ccccc1OC2,3
random,COc1ccc2c(c1)c(C(=O)C1C(C)(C)C1(C)C)cn2CC1CCOCC1,O=C(c1cn(CC2CCOCC2)c2ccccc12)C1CC1,3
random,COc1cccc(CNC(=O)c2ccc(Br)c(S(=O)(=O)N3CCCCC3)c2)c1,O=C(NCc1ccccc1)c1cccc(S(=O)(=O)N2CCCCC2)c1,3
random,COc1cccc(Cc2cc3c(OC)cc(C)cc3oc2=O)c1,O=c1oc2ccccc2cc1Cc1ccccc1,3
random,COc1cccc2c(=O)c(C(=O)NC34CC5CC(CC(C5)C3)C4)c[nH]c12,O=C(NC12CC3CC(CC(C3)C1)C2)c1c[nH]c2ccccc2c1=O,3
random,COc1cccc2c(=O)c(C(=O)NC34CC5CC(CC(C5)C3)C4)cn(CCOCCC[18F])c12,O=C(NC12CC3CC(CC(C3)C1)C2)c1c[nH]c2ccccc2c1=O,3
random,COc1cccc2c(C(=O)N(Cc3c(F)cccc3Cl)C(C)C)nn(CCN3CCOCC3)c12,O=C(NCc1ccccc1)c1nn(CCN2CCOCC2)c2ccccc12,3
random,COc1cccc2c(C(=O)N3C[C@@H](C)N(C)[C@@H](C)C3)cn(CC3CCCCC3)c12,O=C(c1cn(CC2CCCCC2)c2ccccc12)N1CCNCC1,3
random,COc1cccc2c(C(=O)NC(c3ccccc3)c3ccccn3)nn(CCN3CCOCC3)c12,O=C(NC(c1ccccc1)c1ccccn1)c1nn(CCN2CCOCC2)c2ccccc12,3
random,COc1cccc2c(C(=O)N[C@@H]3C(C)(C)[C@@H]4CC[C@@]3(C)C4)cn(CCN3CCOCC3)c12,O=C(NC1CC2CCC1C2)c1cn(CCN2CCOCC2)c2ccccc12,3
random,COc1cccc2c(C(=O)N[C@@H]3C(C)(C)[C@@H]4CC[C@@]3(C)C4)nn(CCN3CCOCC3)c12,O=C(NC1CC2CCC1C2)c1nn(CCN2CCOCC2)c2ccccc12,3
random,COc1cccc2c1c(C(=O)C1C(C)(C)C1(C)C)cn2CC1CCOCC1,O=C(c1cn(CC2CCOCC2)c2ccccc12)C1CC1,3
random,COc1cccc2c3c(=O)n([C@@H]4C(C)(C)[C@@H]5CC[C@@]4(C)C5)ccc3n(CCN3CCOCC3)c12,O=c1c2c3ccccc3n(CCN3CCOCC3)c2ccn1C1CC2CCC1C2,3
random,COc1ccccc1/N=C1\SCC(C)(C)CN1C(=S)SC,c1ccc(N=C2NCCCS2)cc1,3
random,CSC(=S)N1CC(C)(C)CS/C1=N\c1ccccc1,c1ccc(N=C2NCCCS2)cc1,3
random,CSC(=S)N1CC2(CCCCC2)CO/C1=N\c1ccc(F)c2ccccc12,c1ccc2c(N=C3NCC4(CCCCC4)CO3)cccc2c1,3
random,CSC(=S)N1CC2(CCCCC2)CO/C1=N\c1ccc(N(C)C)c2ccccc12,c1ccc2c(N=C3NCC4(CCCCC4)CO3)cccc2c1,3
random,CSC(=S)N1CC2(CCCCC2)CS/C1=N\c1ccc(C#N)cc1,c1ccc(N=C2NCC3(CCCCC3)CS2)cc1,3
random,CSC(=S)N1CC2(CCCCC2)CS/C1=N\c1cccc(C)c1C,c1ccc(N=C2NCC3(CCCCC3)CS2)cc1,3
random,C[C@@H](O)COc1ccc(C(F)(F)F)cc1C(=O)/N=c1\sc(C(C)(C)C)cn1C[C@H]1CCCO1,O=C(N=c1sccn1CC1CCCO1)c1ccccc1,3
random,C[C@H](/C=C\C/C=C\C/C=C\CCCC(=O)NC1CC1)/C=C\CCCCCN=C=S,C1CC1,3
random,C[C@H](/C=C\C/C=C\C/C=C\CCCC(=O)NC1CC1)/C=C\CCCCCN=[N+]=[N-],C1CC1,3
random,C[C@H](CO)NC(=O)CCC/C=C\C/C=C\CCOc1cccc(C(C)(C)CCCCBr)c1,c1ccccc1,3
random,C[C@H](CO)NC(=O)CCC/C=C\C/C=C\CCOc1cccc(C(C)(C)CCCCO)c1,c1ccccc1,3
random,C[C@H](NS(C)(=O)=O)c1ccc(S(=O)(=O)c2ccc(Cl)cc2C(=O)c2ccc(Cl)cc2)cc1,O=C(c1ccccc1)c1ccccc1S(=O)(=O)c1ccccc1,3
random,C[C@H](NS(C)(=O)=O)c1ccc(S(=O)(=O)c2ccc(Cl)cc2C(C)(O)c2ccccc2F)cc1,O=S(=O)(c1ccccc1)c1ccccc1Cc1ccccc1,3
random,C[C@H](NS(C)(=O)=O)c1ccc(S(=O)(=O)c2ccc(Cl)cc2Cc2ccc(Cl)cc2)cc1,O=S(=O)(c1ccccc1)c1ccccc1Cc1ccccc1,3
random,C[C@H](NS(C)(=O)=O)c1ccc(S(=O)(=O)c2ccc(Cl)cc2Nc2ccc(Cl)cc2)cc1,O=S(=O)(c1ccccc1)c1ccccc1Nc1ccccc1,3
random,C[C@H](NS(C)(=O)=O)c1ccc(S(=O)(=O)c2ccc(Cl)cc2S(=O)(=O)c2ccccc2)cc1,O=S(=O)(c1ccccc1)c1ccccc1S(=O)(=O)c1ccccc1,3
random,C[C@H](NS(C)(=O)=O)c1ccc(S(=O)(=O)c2ccc(Cl)cc2S(=O)(=O)c2ccccc2F)cc1,O=S(=O)(c1ccccc1)c1ccccc1S(=O)(=O)c1ccccc1,3
random,C[C@H](NS(C)(=O)=O)c1ccc(S(=O)(=O)c2ccccc2S(=O)(=O)c2ccccc2F)cc1,O=S(=O)(c1ccccc1)c1ccccc1S(=O)(=O)c1ccccc1,3
random,C[C@H]1CC[C@@H](NC(=O)c2cc3cc(Br)cnc3n(Cc3ccc(F)cc3)c2=O)CC1,O=C(NC1CCCCC1)c1cc2cccnc2n(Cc2ccccc2)c1=O,3
random,C[C@H]1OC(=O)[C@@H]2C[C@@H]3CCCC[C@H]3[C@H](/C=C/c3ccc(-c4cccnc4)cn3)[C@H]12,O=C1OCC2C1CC1CCCCC1C2C=Cc1ccc(-c2cccnc2)cn1,3
random,Cc1c(Br)cc(C(=O)NC2CCCCCC2)c(=O)n1Cc1ccc(F)cc1,O=C(NC1CCCCCC1)c1cccn(Cc2ccccc2)c1=O,3
random,Cc1c(C(=O)NC(C)(C)C)nn(-c2ccc(Cl)cc2Cl)c1-n1cccc1,c1ccc(-n2nccc2-n2cccc2)cc1,3
random,Cc1c(C(=O)NC23CC4CC(CC(C4)C2)C3)nn(-c2ccc(Cl)c(Cl)c2)c1-n1c(C)ccc1C,O=C(NC12CC3CC(CC(C3)C1)C2)c1cc(-n2cccc2)n(-c2ccccc2)n1,3
random,Cc1c(C(=O)NC2CCCCC2)nn(-c2ccc(Cl)c(Cl)c2)c1-n1c(C)ccc1C,O=C(NC1CCCCC1)c1cc(-n2cccc2)n(-c2ccccc2)n1,3
random,Cc1c(C(=O)NC2CCCCC2)nn(-c2ccc(Cl)cc2Cl)c1-n1c(C)ccc1C,O=C(NC1CCCCC1)c1cc(-n2cccc2)n(-c2ccccc2)n1,3
random,Cc1c(C(=O)NC2CCCCC2)nn(-c2ccc(Cl)cc2Cl)c1-n1cc2c(c1)CCCC2,O=C(NC1CCCCC1)c1cc(-n2cc3c(c2)CCCC3)n(-c2ccccc2)n1,3
random,Cc1c(C(=O)NC2CCCCC2)nn(-c2ccc(F)cc2F)c1-n1cccc1,O=C(NC1CCCCC1)c1cc(-n2cccc2)n(-c2ccccc2)n1,3
random,Cc1c(C(=O)NC2CCCCCC2)nn(-c2ccc(Cl)c(Cl)c2)c1-n1c(C)ccc1C,O=C(NC1CCCCCC1)c1cc(-n2cccc2)n(-c2ccccc2)n1,3
random,Cc1c(C(=O)NC2CCCCCC2)nn(-c2ccc(Cl)cc2Cl)c1-n1cccc1,O=C(NC1CCCCCC1)c1cc(-n2cccc2)n(-c2ccccc2)n1,3
random,Cc1c(C(=O)NC2CCN(C(=O)C(F)(F)F)CC2)nn(-c2ccc(Cl)cc2Cl)c1-c1ccc(Cl)cc1,O=C(NC1CCNCC1)c1cc(-c2ccccc2)n(-c2ccccc2)n1,3
random,Cc1c(C(=O)NCCC(C)(C)C)nn(-c2ccc(Cl)cc2Cl)c1-n1cccc1,c1ccc(-n2nccc2-n2cccc2)cc1,3
random,Cc1c(C(=O)NCCCCCCCCCCCNCCCCCCCCCCCN)nn(-c2ccc(Cl)cc2Cl)c1-c1ccc(Cl)cc1,c1ccc(-c2ccnn2-c2ccccc2)cc1,3
random,Cc1c(C(=O)NCc2ccc(Cl)c(Cl)c2)nn(-c2ccc(Cl)c(Cl)c2)c1-n1c(C)ccc1C,O=C(NCc1ccccc1)c1cc(-n2cccc2)n(-c2ccccc2)n1,3
random,Cc1c(C(=O)NCc2ccc(Cl)cc2)nn(-c2ccc(F)cc2F)c1-n1cccc1,O=C(NCc1ccccc1)c1cc(-n2cccc2)n(-c2ccccc2)n1,3
random,Cc1c(C(=O)NCc2ccc(F)cc2)oc2ccc(S(=O)(=O)N3CC(C)CC(C)C3)cc12,O=C(NCc1ccccc1)c1cc2cc(S(=O)(=O)N3CCCCC3)ccc2o1,3
random,Cc1c(C(=O)NCc2ccccc2Cl)oc2ccc(S(=O)(=O)N3CC(C)CC(C)C3)cc12,O=C(NCc1ccccc1)c1cc2cc(S(=O)(=O)N3CCCCC3)ccc2o1,3
random,Cc1c(C(=O)NN2CCCCC2)nc(-c2ccc(Cl)cc2Cl)n1-c1ccc(Cl)cn1,O=C(NN1CCCCC1)c1cn(-c2ccccn2)c(-c2ccccc2)n1,3
random,Cc1c(C(=O)NN2CCCCC2)nn(-c2c(Cl)cc(Cl)cc2Cl)c1-c1ccc(Cl)cc1Cl,O=C(NN1CCCCC1)c1cc(-c2ccccc2)n(-c2ccccc2)n1,3
random,Cc1c(C(=O)NN2CCCCC2)nn(-c2ccc(Cl)c(Cl)c2)c1-n1c(C)ccc1C,O=C(NN1CCCCC1)c1cc(-n2cccc2)n(-c2ccccc2)n1,3
random,Cc1c(C(=O)NN2CCCCCC2)nc(-c2ccc(Cl)cc2Cl)n1-c1ccc(Cl)cc1,O=C(NN1CCCCCC1)c1cn(-c2ccccc2)c(-c2ccccc2)n1,3
random,Cc1c(C(=O)N[C@@H](C)C2CCCCC2)nn(-c2ccc(Cl)c(Cl)c2)c1-n1cccc1,O=C(NCC1CCCCC1)c1cc(-n2cccc2)n(-c2ccccc2)n1,3
random,Cc1c(C(=O)Nc2cc[n+]([O-])cc2)nn(-c2ccc(Cl)cc2Cl)c1-c1ccc(Cl)cc1,O=C(Nc1cc[nH+]cc1)c1cc(-c2ccccc2)n(-c2ccccc2)n1,3
random,Cc1c(C(C)(C)C)s/c(=N\C(=O)c2ccc(OC(F)(F)F)cc2)n1CC1CC1,O=C(N=c1sccn1CC1CC1)c1ccccc1,3
random,Cc1c(Cl)cc(C(=O)NC2CCCCCC2)c(=O)n1Cc1ccc(F)cc1,O=C(NC1CCCCCC1)c1cccn(Cc2ccccc2)c1=O,3
random,Cc1c(Cl)ccc2c(=O)c(C(=O)NC34CC5CC(CC(C5)C3)C4)c[nH]c12,O=C(NC12CC3CC(CC(C3)C1)C2)c1c[nH]c2ccccc2c1=O,3
random,Cc1c2c(n(-c3ccccc3Cl)c1-c1ccc(Cl)cc1)CCN(N1CCCCC1)C2=O,O=C1c2cc(-c3ccccc3)n(-c3ccccc3)c2CCN1N1CCCCC1,3
random,Cc1cc(-c2cc(C(=O)N[C@@H]3C(C)(C)[C@@H]4CC[C@@]3(C)C4)nn2-c2ccccc2)ccc1Cl,O=C(NC1CC2CCC1C2)c1cc(-c2ccccc2)n(-c2ccccc2)n1,3
random,Cc1cc(C(=O)NC(C)c2ccccc2)c(C)n1-c1ccccc1,O=C(NCc1ccccc1)c1ccn(-c2ccccc2)c1,3
random,Cc1cc(C(=O)NC2CCCCC2)c(C)n1-c1ccccc1,O=C(NC1CCCCC1)c1ccn(-c2ccccc2)c1,3
random,Cc1cc(NC(=O)C(C)(C)O)cc(S(=O)(=O)N2CCOCC2)c1C,O=S(=O)(c1ccccc1)N1CCOCC1,3
random,Cc1ccc(-c2cc(CC3CCCCC3)[nH]n2)cc1S(=O)(=O)N1CCOCC1,O=S(=O)(c1cccc(-c2cc(CC3CCCCC3)[nH]n2)c1)N1CCOCC1,3
random,Cc1ccc(-c2nc(C(C)(C)C)cs2)cc1S(=O)(=O)N1CCOCC1,O=S(=O)(c1cccc(-c2nccs2)c1)N1CCOCC1,3
random,Cc1ccc(C(=O)NC23CC4CC(CC(C4)C2)C3)cc1S(=O)(=O)N1CCOCC1,O=C(NC12CC3CC(CC(C3)C1)C2)c1cccc(S(=O)(=O)N2CCOCC2)c1,3
random,Cc1ccc(C(=O)NC2C(C)(C)[C@@H]3CC[C@@]2(C)C3)cc1S(=O)(=O)N1CCOCC1,O=C(NC1CC2CCC1C2)c1cccc(S(=O)(=O)N2CCOCC2)c1,3
random,Cc1ccc(C(C)C)c2cc(Cc3ccccc3)c(=O)oc12,O=c1oc2ccccc2cc1Cc1ccccc1,3
random,Cc1ccc(CC2CN(C(=O)NC3CCCCC3)N=C2c2ccc(Cl)c(C)c2)cc1,O=C(NC1CCCCC1)N1CC(Cc2ccccc2)C(c2ccccc2)=N1,3
random,Cc1ccc(Cn2cc(C(=O)N3CCN(c4ccccc4Cl)CC3)cc2-c2ccc(Cl)c(C)c2)cc1,O=C(c1cc(-c2ccccc2)n(Cc2ccccc2)c1)N1CCN(c2ccccc2)CC1,3
random,Cc1ccc(Cn2nc(C(=O)N[C@@H]3C[C@@H]4CC[C@@]3(C)C4(C)C)cc2-c2ccc(Cl)c(C)c2)cc1,O=C(NC1CC2CCC1C2)c1cc(-c2ccccc2)n(Cc2ccccc2)n1,3
random,Cc1ccc(NC(=O)C2(C)CCCCC2)cc1S(=O)(=O)N1CCOCC1,O=C(Nc1cccc(S(=O)(=O)N2CCOCC2)c1)C1CCCCC1,3
random,Cc1ccc(NC(=O)C2CCCCC2)cc1S(=O)(=O)N1CCOCC1,O=C(Nc1cccc(S(=O)(=O)N2CCOCC2)c1)C1CCCCC1,3
random,Cc1ccc(NC(=O)C2CCCCC2C)cc1S(=O)(=O)N1CCOCC1,O=C(Nc1cccc(S(=O)(=O)N2CCOCC2)c1)C1CCCCC1,3
random,Cc1ccc(NC(=O)[C@@H]2C[C@@]3(C)CC[C@]2(C)O3)cc1S(=O)(=O)N1CCOCC1,O=C(Nc1cccc(S(=O)(=O)N2CCOCC2)c1)C1CC2CCC1O2,3
random,Cc1ccc(NC(=O)c2cccc(Cl)c2)cc1S(=O)(=O)N1CCOCC1,O=C(Nc1cccc(S(=O)(=O)N2CCOCC2)c1)c1ccccc1,3
random,Cc1ccc(NC(=O)c2ccccc2Cl)cc1S(=O)(=O)N1CCOCC1,O=C(Nc1cccc(S(=O)(=O)N2CCOCC2)c1)c1ccccc1,3
random,Cc1ccc(S(=O)(=O)N(CCc2ccc(Cl)cc2)S(=O)(=O)c2ccc(C)cc2)cc1,O=S(=O)(c1ccccc1)N(CCc1ccccc1)S(=O)(=O)c1ccccc1,3
random,Cc1ccc(S(=O)(=O)N(Cc2ccccc2)Cc2ccc(N(CCCl)CCCl)cc2)cc1,O=S(=O)(c1ccccc1)N(Cc1ccccc1)Cc1ccccc1,3
random,Cc1ccc2c(c1)-c1c(O)cc(C34CC5CC(CC(C5)C3)C4)cc1OC2(C)C,c1ccc2c(c1)COc1cc(C34CC5CC(CC(C5)C3)C4)ccc1-2,3
random,Cc1cccc(-c2c(O)cc(C(=O)c3ccccc3)cc2O)c1,O=C(c1ccccc1)c1ccc(-c2ccccc2)cc1,3
random,Cc1ccccc1Cc1cc2c(C)c(O)c(C)c(C)c2oc1=O,O=c1oc2ccccc2cc1Cc1ccccc1,3
random,Cc1cnc(NC(=O)C(C)(C)C)cc1CN1CCOCC1,c1cc(CN2CCOCC2)ccn1,3
random,Cc1cnc(NC(=O)C2(C)CCCCC2C)cc1CN1CCOCC1,O=C(Nc1cc(CN2CCOCC2)ccn1)C1CCCCC1,3
random,Cc1nc(C(=O)NC23CC4CC(CC(C4)C2)C3)c(Br)n1-c1ccccc1,O=C(NC12CC3CC(CC(C3)C1)C2)c1cn(-c2ccccc2)cn1,3
random,Cc1nc(C(=O)NC2C3CC4CC(C3)C2C4)c(C)n1-c1ccccc1,O=C(NC1C2CC3CC(C2)C1C3)c1cn(-c2ccccc2)cn1,3
random,Cc1nc(C(=O)NC[C@H]2C[C@@H]3C[C@H](C2)C3(C)C)c(C)n1-c1ccccc1,O=C(NCC1CC2CC(C1)C2)c1cn(-c2ccccc2)cn1,3
random,Cc1nc(C(=O)NCc2ccccc2C(F)(F)F)c(C)n1-c1ccccc1,O=C(NCc1ccccc1)c1cn(-c2ccccc2)cn1,3
random,Cc1nc(C(=O)Nc2ccccc2C(F)(F)F)c(C)n1-c1ccccc1,O=C(Nc1ccccc1)c1cn(-c2ccccc2)cn1,3
random,Cc1nc(N2CCN(C)CC2)c2nc(-c3ccccc3Cl)n([C@H]3CCOC3)c2n1,c1ccc(-c2nc3c(N4CCNCC4)ncnc3n2C2CCOC2)cc1,3
random,Cc1nn(C)c2c1c(=O)c(C(=O)NC1CCCCC1)cn2Cc1ccccc1,O=C(NC1CCCCC1)c1cn(Cc2ccccc2)c2[nH]ncc2c1=O,3
random,Cc1s/c(=N\C(=O)C2C(C)(C)C2(C)C)n(CCO[11CH3])c1C,O=C(N=c1[nH]ccs1)C1CC1,3
random,Clc1ccc(-n2c(-c3ccccc3Cl)nc3c(N4CCN(CCc5ccncc5)CC4)ncnc32)cc1,c1ccc(-c2nc3c(N4CCN(CCc5ccncc5)CC4)ncnc3n2-c2ccccc2)cc1,3
random,Clc1ccc(-n2c(-c3ccccc3Cl)nc3c(N4CCN(Cc5ccccc5)CC4)ncnc32)cc1,c1ccc(CN2CCN(c3ncnc4c3nc(-c3ccccc3)n4-c3ccccc3)CC2)cc1,3
random,Clc1cccc(-c2ccc(CN3CCO[C@@H](c4ccccc4)C3)cc2)c1Cl,c1ccc(-c2ccc(CN3CCOC(c4ccccc4)C3)cc2)cc1,3
random,Cn1cc2c(n1)c(O)c(C(=O)NC13CC4CC(CC(C4)C1)C3)c(=O)n2CCCCO,O=C(NC12CC3CC(CC(C3)C1)C2)c1cc2n[nH]cc2[nH]c1=O,3
random,Cn1cncc1COc1ccc(C(F)(F)F)cc1C(=O)/N=c1\sc(C(C)(C)C)cn1C[C@H]1CCCO1,O=C(N=c1sccn1CC1CCCO1)c1ccccc1OCc1cnc[nH]1,3
random,N#Cc1c(C(=O)NN2CCCCC2)nc(-c2ccc(Cl)cc2Cl)n1-c1ccc(Cl)cc1,O=C(NN1CCCCC1)c1cn(-c2ccccc2)c(-c2ccccc2)n1,3
random,N#Cc1ccccc1CSc1nnc2c3ccccc3n(Cc3ccccc3[N+](=O)[O-])c2n1,c1ccc(CSc2nnc3c4ccccc4n(Cc4ccccc4)c3n2)cc1,3
random,NCCOCCOc1ccc(-c2cc(=O)c3ccccc3o2)cc1,O=c1cc(-c2ccccc2)oc2ccccc12,3
random,Nc1ccc2c(c1)c(OCc1ccc3ccccc3c1)nn2CCN1CCCCC1,c1ccc2cc(COc3nn(CCN4CCCCC4)c4ccccc34)ccc2c1,3
random,O/N=C1/C(=C/c2cn(Cc3ccc(Cl)cc3)c3ccccc23)N2CCC1CC2,N=C1C(=Cc2cn(Cc3ccccc3)c3ccccc23)N2CCC1CC2,3
random,O=C(C1CCCC1)N1CCN(C(c2ccccc2)c2ccc(Cl)cc2Cl)CC1,O=C(C1CCCC1)N1CCN(C(c2ccccc2)c2ccccc2)CC1,3
random,O=C(CC1CCCCC1)NC1CCN(c2ncnc3c2nc(-c2ccccc2Cl)n3-c2ccc(Cl)cc2)CC1,O=C(CC1CCCCC1)NC1CCN(c2ncnc3c2nc(-c2ccccc2)n3-c2ccccc2)CC1,3
random,O=C(CC1CCCCC1)c1nn(-c2ccc(Cl)cc2Cl)c2c1CCCc1cc(Cl)ccc1-2,O=C(CC1CCCCC1)c1nn(-c2ccccc2)c2c1CCCc1ccccc1-2,3
random,O=C(CCC(=O)NCCO)CCc1ccc(-c2ccccc2)cc1,c1ccc(-c2ccccc2)cc1,3
random,O=C(CCCCCCCCCCOc1cc(O)cc(O)c1)NCCO,c1ccccc1,3
random,O=C(CCCc1nc(-c2ccc(Cl)cc2)no1)Nc1ccc2c(c1)c1ccccc1n2CCO,O=C(CCCc1nc(-c2ccccc2)no1)Nc1ccc2[nH]c3ccccc3c2c1,3
random,O=C(CCc1nc(-c2ccc(Br)cc2F)no1)Nc1ccc2c(c1)c1ccccc1n2CCF,O=C(CCc1nc(-c2ccccc2)no1)Nc1ccc2[nH]c3ccccc3c2c1,3
random,O=C(CCc1nc(-c2ccc(F)cc2)no1)Nc1ccc2c(c1)c1ccccc1n2CCCO,O=C(CCc1nc(-c2ccccc2)no1)Nc1ccc2[nH]c3ccccc3c2c1,3
random,O=C(CCc1nc(-c2ccc(F)cc2)no1)Nc1ccc2c(c1)c1ccccc1n2CCF,O=C(CCc1nc(-c2ccccc2)no1)Nc1ccc2[nH]c3ccccc3c2c1,3
random,O=C(CCc1nc(-c2ccc(F)cc2Br)no1)Nc1ccc2c(c1)c1ccccc1n2CCCO,O=C(CCc1nc(-c2ccccc2)no1)Nc1ccc2[nH]c3ccccc3c2c1,3
random,O=C(CN1CCCCC1)N1CCN(c2ncnc3c2nc(-c2ccccc2Cl)n3-c2ccc(Cl)cc2)CC1,O=C(CN1CCCCC1)N1CCN(c2ncnc3c2nc(-c2ccccc2)n3-c2ccccc2)CC1,3
random,O=C(Cc1c[nH]c2ccc(-c3ccccc3)cc12)NC12CC3CC(CC(C3)C1)C2,O=C(Cc1c[nH]c2ccc(-c3ccccc3)cc12)NC12CC3CC(CC(C3)C1)C2,3
random,O=C(Cc1ccc(Cl)cc1)NC(NC(=O)Cc1ccc(Cl)cc1)c1ccc(Cl)cc1,O=C(Cc1ccccc1)NC(NC(=O)Cc1ccccc1)c1ccccc1,3
random,O=C(Cc1ccccc1)NC(CCc1ccccc1)NC(=O)Cc1ccccc1,O=C(Cc1ccccc1)NC(CCc1ccccc1)NC(=O)Cc1ccccc1,3
random,O=C(Cc1ccccc1)NC(NC(=O)Cc1ccccc1)c1ccc(Cl)cc1,O=C(Cc1ccccc1)NC(NC(=O)Cc1ccccc1)c1ccccc1,3
random,O=C(Cc1ccccc1)NC(NC(=O)Cc1ccccc1)c1ccccc1C(F)(F)F,O=C(Cc1ccccc1)NC(NC(=O)Cc1ccccc1)c1ccccc1,3
random,O=C(Cc1cn(Cc2ccccc2)c2ccc(-c3ccccc3)cc12)NC12CC3CC(CC(C3)C1)C2,O=C(Cc1cn(Cc2ccccc2)c2ccc(-c3ccccc3)cc12)NC12CC3CC(CC(C3)C1)C2,3
random,O=C(N1CCCCC1)N1CC(O[C@@H](c2ccc(Cl)cc2)c2cccnc2Cl)C1,O=C(N1CCCCC1)N1CC(OC(c2ccccc2)c2cccnc2)C1,3
random,O=C(N1CCCc2ccccc21)C12CC3CC(CC(C3)C1)C2,O=C(N1CCCc2ccccc21)C12CC3CC(CC(C3)C1)C2,3
random,O=C(N1CCOCC1)N1CCN(C(c2ccccc2)c2ccc(Cl)cc2Cl)CC1,O=C(N1CCOCC1)N1CCN(C(c2ccccc2)c2ccccc2)CC1,3
random,O=C(NC1(C(=O)O)CCCCC1)c1cc2c(n(CC3CCCO3)c1=O)CCCCCC2,O=C(NC1CCCCC1)c1cc2c(n(CC3CCCO3)c1=O)CCCCCC2,3
random,O=C(NC1(c2ccccn2)CCC1)c1nn(CC2CCOCC2)c2c1C[C@H]1C[C@@H]21,O=C(NC1(c2ccccn2)CCC1)c1nn(CC2CCOCC2)c2c1CC1CC21,3
random,O=C(NC12CC3CC(CC(C3)C1)C2)c1c[nH]c2c(-c3ccccc3)cccc2c1=O,O=C(NC12CC3CC(CC(C3)C1)C2)c1c[nH]c2c(-c3ccccc3)cccc2c1=O,3
random,O=C(NC1CCCCC1)N1CCN(C(c2ccc(F)cc2)c2ccc(Cl)cc2Cl)CC1,O=C(NC1CCCCC1)N1CCN(C(c2ccccc2)c2ccccc2)CC1,3
random,O=C(NC1CCCCC1)N1CCN(C(c2ccccc2)c2ccc(Br)cc2F)CC1,O=C(NC1CCCCC1)N1CCN(C(c2ccccc2)c2ccccc2)CC1,3
random,O=C(NC1CCCCC1)c1cc2ccccc2n(Cc2ccc(F)cc2)c1=O,O=C(NC1CCCCC1)c1cc2ccccc2n(Cc2ccccc2)c1=O,3
random,O=C(NC1CCCCC1)c1cccn(Cc2ccc(F)cc2)c1=O,O=C(NC1CCCCC1)c1cccn(Cc2ccccc2)c1=O,3
random,O=C(NC1CCCCCC1)c1c(-c2ccccc2)c(Br)cn(Cc2ccc(F)cc2)c1=O,O=C(NC1CCCCCC1)c1c(-c2ccccc2)ccn(Cc2ccccc2)c1=O,3
random,O=C(NC1CCCCCC1)c1cc(-c2ccc(F)cc2)cn(CCN2CCOCC2)c1=O,O=C(NC1CCCCCC1)c1cc(-c2ccccc2)cn(CCN2CCOCC2)c1=O,3
random,O=C(NC1CCCCCC1)c1cc2ccccc2n(Cc2ccc(F)cc2)c1=O,O=C(NC1CCCCCC1)c1cc2ccccc2n(Cc2ccccc2)c1=O,3
random,O=C(NC1CCCCCC1)c1cc2cccnc2n(CCN2CCOCC2)c1=O,O=C(NC1CCCCCC1)c1cc2cccnc2n(CCN2CCOCC2)c1=O,3
random,O=C(NC1CCN(c2ncnc3c2nc(-c2ccccc2Cl)n3-c2ccc(Cl)cc2)CC1)C1CCCC1,O=C(NC1CCN(c2ncnc3c2nc(-c2ccccc2)n3-c2ccccc2)CC1)C1CCCC1,3
random,O=C(NC1CCN(c2ncnc3c2nc(-c2ccccc2Cl)n3-c2ccc(Cl)cc2)CC1)OC1CCC1,O=C(NC1CCN(c2ncnc3c2nc(-c2ccccc2)n3-c2ccccc2)CC1)OC1CCC1,3
random,O=C(NCC1CCCCC1)N1CCN(c2ncnc3c2nc(-c2ccccc2Cl)n3-c2ccc(Cl)cc2)CC1,O=C(NCC1CCCCC1)N1CCN(c2ncnc3c2nc(-c2ccccc2)n3-c2ccccc2)CC1,3
random,O=C(NCCC(c1ccccc1)c1ccccc1)C(c1ccccc1)c1ccc(O)cc1,O=C(NCCC(c1ccccc1)c1ccccc1)C(c1ccccc1)c1ccccc1,3
random,O=C(NCCc1ccc(F)cc1)c1cc2cccnc2n(Cc2ccccc2)c1=O,O=C(NCCc1ccccc1)c1cc2cccnc2n(Cc2ccccc2)c1=O,3
random,O=C(NCc1cccc(Cl)c1)c1ccc2c(c1)N=C(N1CCC(F)(F)CC1)c1ccccc1S2,O=C(NCc1ccccc1)c1ccc2c(c1)N=C(N1CCCCC1)c1ccccc1S2,3
random,O=C(NCc1ccccc1)c1ccc(Br)c(S(=O)(=O)N2CCOCC2)c1,O=C(NCc1ccccc1)c1cccc(S(=O)(=O)N2CCOCC2)c1,3
random,O=C(NN1CCCC1)c1nn(-c2ccc(Cl)cc2Cl)c2c1CCCc1cc(Cl)ccc1-2,O=C(NN1CCCC1)c1nn(-c2ccccc2)c2c1CCCc1ccccc1-2,3
random,O=C(NN1CCCCC1)c1nc(-c2ccc(Cl)cc2)c(-c2ccc(Cl)cc2Cl)s1,O=C(NN1CCCCC1)c1nc(-c2ccccc2)c(-c2ccccc2)s1,3
random,O=C(NN1CCCCC1)c1nc(-c2ccc(Cl)cc2Cl)n(-c2ccc(Cl)cc2)c1I,O=C(NN1CCCCC1)c1cn(-c2ccccc2)c(-c2ccccc2)n1,3
random,O=C(NN1CCCCC1)c1nn(-c2ccc(Cl)cc2Cl)c2c1CCCc1cc(Cl)ccc1-2,O=C(NN1CCCCC1)c1nn(-c2ccccc2)c2c1CCCc1ccccc1-2,3
random,O=C(NN1CCCCCC1)c1nn(-c2ccc(Cl)cc2Cl)c2c1CCCc1cc(Cl)ccc1-2,O=C(NN1CCCCCC1)c1nn(-c2ccccc2)c2c1CCCc1ccccc1-2,3
random,O=C(NN1CCOCC1)c1nn(-c2ccc(Cl)cc2Cl)c2c1Cc1cc(C3CC3)ccc1-2,O=C(NN1CCOCC1)c1nn(-c2ccccc2)c2c1Cc1cc(C3CC3)ccc1-2,3
random,O=C(N[C@@H]1CCCC[C@H]1O)c1cnc(OCC2CC2)c(-c2cc(C(F)(F)F)ccc2Cl)c1,O=C(NC1CCCCC1)c1cnc(OCC2CC2)c(-c2ccccc2)c1,3
random,O=C(N[C@@H]1CCCc2ccccc21)N1Cc2ccccc2N(CCN2CCOCC2)C1=O,O=C(NC1CCCc2ccccc21)N1Cc2ccccc2N(CCN2CCOCC2)C1=O,3
random,O=C(N[C@H]1CCCC[C@@H]1O)c1cn(-c2ccc(Cl)cc2)c(-c2ccccc2Cl)n1,O=C(NC1CCCCC1)c1cn(-c2ccccc2)c(-c2ccccc2)n1,3
random,O=C(N[C@H]1CCCC[C@@H]1O)n1c(=O)n(CCN2CCOCC2)c2ccccc21,O=C(NC1CCCCC1)n1c(=O)n(CCN2CCOCC2)c2ccccc21,3
random,O=C(Nc1ccc(F)cc1F)N1CCN(c2ncnc3c2nc(-c2ccccc2Cl)n3-c2ccc(Cl)cc2)CC1,O=C(Nc1ccccc1)N1CCN(c2ncnc3c2nc(-c2ccccc2)n3-c2ccccc2)CC1,3
random,O=C(Nc1ccccc1)N1CCN(c2ncnc3c2nc(-c2ccccc2Cl)n3-c2ccc(Cl)cc2)CC1,O=C(Nc1ccccc1)N1CCN(c2ncnc3c2nc(-c2ccccc2)n3-c2ccccc2)CC1,3
random,O=C(O)c1cnc(NC(=O)c2cc3c(n(CC4CCCCC4)c2=O)CCCCCC3)s1,O=C(Nc1nccs1)c1cc2c(n(CC3CCCCC3)c1=O)CCCCCC2,3
random,O=C(c1cc(O)c(-c2cc(C(F)(F)F)cc(C(F)(F)F)c2)c(O)c1)c1cccs1,O=C(c1ccc(-c2ccccc2)cc1)c1cccs1,3
random,O=C(c1ccc(Cl)cc1)c1cc(O)c(-c2cc(Cl)cc(Cl)c2)c(O)c1,O=C(c1ccccc1)c1ccc(-c2ccccc2)cc1,3
random,O=C(c1ccc2c(c1)c1ccccc1n2Cc1ccncc1)N1CCCCC1,O=C(c1ccc2c(c1)c1ccccc1n2Cc1ccncc1)N1CCCCC1,3
random,O=C(c1cccc2ccccc12)n1c(C2CCC2)nc2ccccc21,O=C(c1cccc2ccccc12)n1c(C2CCC2)nc2ccccc21,3
random,O=C(c1ccccc1)c1cc(O)c(-c2cccc(CO)c2)c(O)c1,O=C(c1ccccc1)c1ccc(-c2ccccc2)cc1,3
random,O=C(c1cn(CC2CCOCC2)c2ccccc12)C12CC3CC(CC1C3)C2,O=C(c1cn(CC2CCOCC2)c2ccccc12)C12CC3CC(CC1C3)C2,3
random,O=C(c1cn(CCC2CCCCC2)c2ccccc2c1=O)c1cccc2ccccc12,O=C(c1cn(CCC2CCCCC2)c2ccccc2c1=O)c1cccc2ccccc12,3
random,O=C(c1cn(CCN2CCOCC2)c2ccccc12)C1CCCCC1,O=C(c1cn(CCN2CCOCC2)c2ccccc12)C1CCCCC1,3
random,O=C(c1cn(Cc2ccc(Br)cc2)c2ccccc2c1=O)c1cccc2ccccc12,O=C(c1cn(Cc2ccccc2)c2ccccc2c1=O)c1cccc2ccccc12,3
random,O=C(c1cn(Cc2ccccc2)c2ccccc2c1=O)c1cccc2ccccc12,O=C(c1cn(Cc2ccccc2)c2ccccc2c1=O)c1cccc2ccccc12,3
random,O=C1/C(=C/c2cccc(OCc3ccccc3)c2)N=C2SCCCN12,O=C1C(=Cc2cccc(OCc3ccccc3)c2)N=C2SCCCN12,3
random,O=C1/C(=C/c2cn(Cc3ccccc3)c3ncccc23)N2CCC1CC2,O=C1C(=Cc2cn(Cc3ccccc3)c3ncccc23)N2CCC1CC2,3
random,O=S(=O)(CC1CCCCC1)N1CCN(c2ncnc3c2nc(-c2ccccc2Cl)n3-c2ccc(Cl)cc2)CC1,O=S(=O)(CC1CCCCC1)N1CCN(c2ncnc3c2nc(-c2ccccc2)n3-c2ccccc2)CC1,3
random,O=S(=O)(NC1CCN(c2ncnc3c2nc(-c2ccccc2Cl)n3-c2ccc(Cl)cc2)CC1)c1ccccc1F,O=S(=O)(NC1CCN(c2ncnc3c2nc(-c2ccccc2)n3-c2ccccc2)CC1)c1ccccc1,3
random,O=S(=O)(NCCCCNS(=O)(=O)C(F)(F)F)c1ccc(Cl)cc1S(=O)(=O)c1ccccc1F,O=S(=O)(c1ccccc1)c1ccccc1,3
random,O=S(=O)(N[C@H]1CC[C@H](CNS(=O)(=O)C(F)(F)F)CC1)c1ccc(Cl)cc1S(=O)(=O)c1ccccc1F,O=S(=O)(NC1CCCCC1)c1ccccc1S(=O)(=O)c1ccccc1,3
random,O=S(=O)(c1ccc(Cl)cc1)N(Cc1ccc(N2CCCCC2)cc1)c1ccccc1,O=S(=O)(c1ccccc1)N(Cc1ccc(N2CCCCC2)cc1)c1ccccc1,3
random,O=S(=O)(c1ccccc1F)c1cc(Cl)ccc1S(=O)(=O)N1CCC2(CC1)CC2NS(=O)(=O)C(F)(F)F,O=S(=O)(c1ccccc1)c1ccccc1S(=O)(=O)N1CCC2(CC1)CC2,3
random,O=S(=O)(c1ccccc1F)c1cc(Cl)ccc1S(=O)(=O)N1CCC2(CC1)CCN(S(=O)(=O)C(F)(F)F)C2,O=S(=O)(c1ccccc1)c1ccccc1S(=O)(=O)N1CCC2(CCNC2)CC1,3
random,O=S(=O)(c1ccccc1F)c1ccc(OC(F)(F)F)cc1S(=O)(=O)N1CCC2(CC1)CC2NS(=O)(=O)C(F)(F)F,O=S(=O)(c1ccccc1)c1ccccc1S(=O)(=O)N1CCC2(CC1)CC2,3
random,O=S(=O)(c1ccccn1)c1ccc(OC(F)(F)F)cc1S(=O)(=O)N1CCC2(CC1)CC2NS(=O)(=O)C(F)(F)F,O=S(=O)(c1ccccn1)c1ccccc1S(=O)(=O)N1CCC2(CC1)CC2,3
random,O=S1(=O)CCN(/C(=N\S(=O)(=O)c2ccc(Cl)cc2)N2CC(c3ccccc3)C(c3ccc(Cl)cc3)=N2)CC1,O=S1(=O)CCN(C(=NS(=O)(=O)c2ccccc2)N2CC(c3ccccc3)C(c3ccccc3)=N2)CC1,3
random,O=[N+]([O-])c1ccc2c(c1)c(OCc1ccc3ccccc3c1)nn2CCN1CCCCC1,c1ccc2cc(COc3nn(CCN4CCCCC4)c4ccccc34)ccc2c1,3
random,O=[N+]([O-])c1ccc2c(c1)c(OCc1cccc3ccccc13)nn2Cc1cccc2ccccc12,c1ccc2c(COc3nn(Cc4cccc5ccccc45)c4ccccc34)cccc2c1,3
random,O=c1c2cn(Cc3ccccc3)c3cc(Cl)ccc3c-2nn1C1CCCCC1,O=c1c2cn(Cc3ccccc3)c3ccccc3c-2nn1C1CCCCC1,3
random,O=c1c2cn(Cc3ccccc3)c3ccccc3c-2nn1C1CCCCC1,O=c1c2cn(Cc3ccccc3)c3ccccc3c-2nn1C1CCCCC1,3
random,S=C(NC1CCCCC1)N1CCN(C(c2ccccc2)c2ccccc2)CC1,S=C(NC1CCCCC1)N1CCN(C(c2ccccc2)c2ccccc2)CC1,3
random,[N-]=[N+]=NC1CCN(c2nc(C(F)(F)c3ccccc3)nc3c2nnn3Cc2ccccc2Cl)C1,c1ccc(Cc2nc(N3CCCC3)c3nnn(Cc4ccccc4)c3n2)cc1,3
random,c1ccc2c(COc3nn(CCN4CCCC4)c4ccccc34)cccc2c1,c1ccc2c(COc3nn(CCN4CCCC4)c4ccccc34)cccc2c1,3
random,C#CCCC1(CCNC(=O)c2nonc2Cn2nc3nc(C(C)(C)C)nc(N4CCC(F)(F)C4)c3n2)N=N1,O=C(NCCC1N=N1)c1nonc1Cn1nc2ncnc(N3CCCC3)c2n1,4
random,C#CCCC1(CCNC(=O)c2nonc2Cn2nnc3c(N4CC[C@H](O)C4)nc(C(C)(C)C)nc32)N=N1,O=C(NCCC1N=N1)c1nonc1Cn1nnc2c(N3CCCC3)ncnc21,4
random,C#CCCCn1c(C)c(C(=O)c2ccc3c(c2)CC(C)(C)C3)c2ccccc21,O=C(c1ccc2c(c1)CCC2)c1c[nH]c2ccccc12,4
random,C#Cc1ccc2c(c1)c(=O)c(C(=O)NC13CC4CC(CC(C4)C1)C3)cn2CCCCC,O=C(NC12CC3CC(CC(C3)C1)C2)c1c[nH]c2ccccc2c1=O,4
random,C#Cc1cccc(C2(C(F)(F)F)N=N2)c1Cn1nc2nc(C(C)(C)C)nc(N3CCC(F)(F)C3)c2n1,c1ccc(C2N=N2)c(Cn2nc3ncnc(N4CCCC4)c3n2)c1,4
random,C#Cc1cccc(C2(C(F)(F)F)N=N2)c1Cn1nc2nc(C(F)(F)c3ccccc3)nc(N3CC[C@H](O)C3)c2n1,c1ccc(Cc2nc(N3CCCC3)c3nn(Cc4ccccc4C4N=N4)nc3n2)cc1,4
random,C#Cc1cccc(C2(C(F)(F)F)N=N2)c1Cn1nnc2c(N3CC[C@H](O)C3)nc(C(C)(C)C)nc21,c1ccc(C2N=N2)c(Cn2nnc3c(N4CCCC4)ncnc32)c1,4
random,C#Cc1cccc(S(=O)(=O)F)c1Cn1nnc2c(N3CCC(F)(F)C3)nc(C(C)(C)C)nc21,c1ccc(Cn2nnc3c(N4CCCC4)ncnc32)cc1,4
random,C/C(COc1ccc(C(F)(F)F)cc1C(=O)/N=c1\sc(C(C)(C)C)cn1C[C@H]1CCCO1)=N\O,O=C(N=c1sccn1CC1CCCO1)c1ccccc1,4
random,C/N=C(\NS(=O)(=O)N(C)C(C)C)N1CC(c2ccccc2)C(c2ccc(Cl)cc2)=N1,c1ccc(C2=NNCC2c2ccccc2)cc1,4
random,C/N=C(\NS(=O)(=O)N1CCCCCC1)N1CC(c2ccccc2)C(c2ccc(Cl)cc2)=N1,N=C(NS(=O)(=O)N1CCCCCC1)N1CC(c2ccccc2)C(c2ccccc2)=N1,4
random,C1=C(CCN2CCOCC2)c2ccccc2/C1=C/c1ccc2c3c(cccc13)CC2,C(=C1C=C(CCN2CCOCC2)c2ccccc21)c1ccc2c3c(cccc13)CC2,4
random,C=C(C)[C@H]1CCC(C)=CC1c1c(O)cc(CCCCC)c(C(=O)OC)c1O,C1=CC(c2ccccc2)CCC1,4
random,C=C(C)[C@H]1CCC(C)=CC1c1c(O)cc(CCCCC)c(C(=O)OCCO)c1O,C1=CC(c2ccccc2)CCC1,4
random,C=C(C)[C@H]1CCC(CO)=C[C@@H]1c1c(O)cc(C(C)(C)CCCCCC)cc1O,C1=CC(c2ccccc2)CCC1,4
random,C=C=CCn1cc(C(C)(C)C)s/c1=N\C(=O)c1cc(C(F)(F)F)ccc1ONC(C)(C)C,O=C(N=c1[nH]ccs1)c1ccccc1,4
random,C=CCN(CC=C)c1nc2n(CCCCC)cc(C(=O)NC34CC5CC(CC(C5)C3)C4)c(=O)n2n1,O=C(NC12CC3CC(CC(C3)C1)C2)c1c[nH]c2ncnn2c1=O,4
random,C=CCN(Cc1ccc(N(CC)CC)cc1)S(=O)(=O)c1ccc(C)cc1,O=S(=O)(NCc1ccccc1)c1ccccc1,4
random,C=CCNC(=O)CCCCCCCOc1cc(O)cc(C(C)(C)CCCCCC)c1,c1ccccc1,4
random,C=CCOC(=O)NCC1(CNS(=O)(=O)C(F)(F)F)CCN(S(=O)(=O)c2ccc(Cl)cc2S(=O)(=O)c2ccccc2F)CC1,O=S(=O)(c1ccccc1)c1ccccc1S(=O)(=O)N1CCCCC1,4
random,C=CCc1ccc(OCCCC)c(-c2ccc(OCCCC)c(CC=C)c2)c1,c1ccc(-c2ccccc2)cc1,4
random,C=CCn1cc(C(=O)C(=O)NC23CC4CC(CC(C4)C2)C3)c2cc(-c3ccccc3)ccc21,O=C(NC12CC3CC(CC(C3)C1)C2)C(=O)c1c[nH]c2ccc(-c3ccccc3)cc12,4
random,C=CCn1cc(C(=O)NC23CC4CC(CC(C4)C2)C3)c(=O)c2cc(-c3ccco3)ccc21,O=C(NC12CC3CC(CC(C3)C1)C2)c1c[nH]c2ccc(-c3ccco3)cc2c1=O,4
random,C=CCn1cc(C(=O)NC23CC4CC(CC(C4)C2)C3)c2cc(-c3ccco3)ccc21,O=C(NC12CC3CC(CC(C3)C1)C2)c1c[nH]c2ccc(-c3ccco3)cc12,4
random,CC#CC#CC/C=C\CCC/C=C/C=C/C(=O)NCC(C)C,ACYCLIC,4
random,CC(=O)N/C(N)=N/C(=N/S(=O)(=O)N1CCC(C(F)(F)F)CC1)N1C[C@H](c2ccccc2)C(c2ccc(Cl)cc2)=N1,O=S(=O)(N=CN1CC(c2ccccc2)C(c2ccccc2)=N1)N1CCCCC1,4
random,CC(=O)N/C(N)=N/C(=N/S(=O)(=O)c1ccc(OC(F)(F)F)cc1)N1C[C@H](c2ccccc2)C(c2ccc(Cl)cc2)=N1,O=S(=O)(N=CN1CC(c2ccccc2)C(c2ccccc2)=N1)c1ccccc1,4
random,CC(C(=O)N1CCN(c2ncnc3c2nc(-c2ccccc2Cl)n3-c2ccc(Cl)cc2)CC1)c1ccccc1,O=C(Cc1ccccc1)N1CCN(c2ncnc3c2nc(-c2ccccc2)n3-c2ccccc2)CC1,4
random,CC(C)(C(=O)OCCCCn1ccnc1)c1cc(O)c2c(c1)OC(C)(C)[C@@H]1CC=C(CO)C[C@@H]21,O=C(Cc1ccc2c(c1)OCC1CC=CCC21)OCCCCn1ccnc1,4
random,CC(C)(C(=O)OCCCn1ccnc1)c1cc(O)c2c(c1)OC(C)(C)[C@@H]1CC=C(CO)C[C@@H]21,O=C(Cc1ccc2c(c1)OCC1CC=CCC21)OCCCn1ccnc1,4
random,CC(C)(C)/C(COc1ccc(C(F)(F)F)cc1C(=O)/N=c1\sc(C(C)(C)C)cn1C[C@H]1CCCO1)=N/O,O=C(N=c1sccn1CC1CCCO1)c1ccccc1,4
random,CC(C)(C)CC(=O)NC1CCN(c2ncnc3c2nc(-c2ccccc2Cl)n3-c2ccc(Cl)cc2)CC1,c1ccc(-c2nc3c(N4CCCCC4)ncnc3n2-c2ccccc2)cc1,4
random,CC(C)(C)NOc1ccc(C(F)(F)F)cc1C(=O)/N=c1\sc(C(C)(C)C)nn1CC1CCO1,O=C(N=c1scnn1CC1CCO1)c1ccccc1,4
random,CC(C)(C)NOc1ccc(C(F)(F)F)cc1C(=O)/N=c1\sc(C(C)(C)C)nn1CCCC#N,O=C(N=c1[nH]ncs1)c1ccccc1,4
random,CC(C)(C)NOc1ccc(C(F)(F)F)cc1C(=O)/N=c1\sc(C(C)(C)C)nn1C[C@H]1CCCO1,O=C(N=c1scnn1CC1CCCO1)c1ccccc1,4
random,CC(C)(C)OC(=O)N1CCN(c2ncnc3c2nc(-c2ccccc2Cl)n3-c2ccc(Cl)cc2)CC1,c1ccc(-c2nc3c(N4CCNCC4)ncnc3n2-c2ccccc2)cc1,4
random,CC(C)(C)[C@H](NC(=O)n1c(=O)n(CCC2(O)CCOCC2)c2ccccc21)C(N)=O,O=c1[nH]c2ccccc2n1CCC1CCOCC1,4
random,CC(C)(C)[C@H](NC(=O)n1c(=O)n(CCC2CCOCC2)c2ccccc21)C(N)=O,O=c1[nH]c2ccccc2n1CCC1CCOCC1,4
random,CC(C)(C)[C@H](NC(=O)n1c(=O)n(CCN2CCCC2)c2ccccc21)C(N)=O,O=c1[nH]c2ccccc2n1CCN1CCCC1,4
random,CC(C)(C)c1cc(-c2csc(C3(N4CCCCC4)CCOCC3)n2)cc(C(C)(C)C)c1O,c1ccc(-c2csc(C3(N4CCCCC4)CCOCC3)n2)cc1,4
random,CC(C)(C)c1cc(N2CCC(F)(F)C2)c2nnn(Cc3ccccc3SSCCO)c2n1,c1ccc(Cn2nnc3c(N4CCCC4)ccnc32)cc1,4
random,CC(C)(C)c1cn(CC2CCCO2)/c(=N/C(=O)c2cc(C(F)(F)F)ccc2ON=C2CCCC2)s1,O=C(N=c1sccn1CC1CCCO1)c1ccccc1ON=C1CCCC1,4
random,CC(C)(C)c1cn(C[C@H]2CCCO2)/c(=N/C(=O)c2cc(C(F)(F)F)ccc2OCCNCCO)s1,O=C(N=c1sccn1CC1CCCO1)c1ccccc1,4
random,CC(C)(C)c1cn(C[C@H]2CCCO2)/c(=N/C(=O)c2cc(C(F)(F)F)ccc2OC[C@H]2CCN2)s1,O=C(N=c1sccn1CC1CCCO1)c1ccccc1OCC1CCN1,4
random,CC(C)(C)c1cn(C[C@H]2CCCO2)/c(=N/C(=O)c2cc(C(F)(F)F)ccc2OCc2cccc[n+]2[O-])s1,O=C(N=c1sccn1CC1CCCO1)c1ccccc1OCc1cccc[nH+]1,4
random,CC(C)(C)c1nc(N2CCC(F)(F)C2)c2nn(Cc3ccccc3SC#N)nc2n1,c1ccc(Cn2nc3ncnc(N4CCCC4)c3n2)cc1,4
random,CC(C)(C)c1nc(N2CCC(F)(F)C2)c2nnn(Cc3ccccc3CCSSCCN)c2n1,c1ccc(Cn2nnc3c(N4CCCC4)ncnc32)cc1,4
random,CC(C)(C)c1nc(N2CCC(F)(F)C2)c2nnn(Cc3ccccc3N=C=S)c2n1,c1ccc(Cn2nnc3c(N4CCCC4)ncnc32)cc1,4
random,CC(C)(NC(=O)c1cc2c(n(CC3CCCCC3)c1=O)CCCCCC2)C(=O)N1CCC(O)CC1,O=C(NCC(=O)N1CCCCC1)c1cc2c(n(CC3CCCCC3)c1=O)CCCCCC2,4
random,CC(C)(NC(=O)c1cc2c(n(CC3CCCCC3)c1=O)CCCCCC2)C(=O)NCCOCCO,O=c1ccc2c(n1CC1CCCCC1)CCCCCC2,4
random,CC(C)(c1ccccc1)c1cc(O)c(-c2cc(Cl)cc(Cl)c2)c(O)c1,c1ccc(Cc2ccc(-c3ccccc3)cc2)cc1,4
random,CC(C)CCOc1cc(O)cc(OCCCCCCCCCCC(=O)NC2CC2)c1,O=C(CCCCCCCCCCOc1ccccc1)NC1CC1,4
random,CC(C)CCOc1cc(O)cc(OCCCCCCCCCCC(=O)NCC2CC2)c1,O=C(CCCCCCCCCCOc1ccccc1)NCC1CC1,4
random,CC(C)CNC(=O)[C@@H]1CC[C@@H](c2ccc(Cl)cc2Cl)N(c2ccc(Cl)cc2)C1,c1ccc(C2CCCCN2c2ccccc2)cc1,4
random,CC(C)Cn1cc(C(C)(C)C)s/c1=N\C(=O)c1cc(C#N)ccc1OC1CCC1,O=C(N=c1[nH]ccs1)c1ccccc1OC1CCC1,4
random,CC(C)Cn1cc(C(C)(C)C)s/c1=N\C(=O)c1cc(C(F)(F)F)ccc1OCC1CCOC1,O=C(N=c1[nH]ccs1)c1ccccc1OCC1CCOC1,4
random,CC(C)Cn1cc(C(C)(C)C)s/c1=N\C(=O)c1cc(C(F)(F)F)ccc1OCCn1ccnc1,O=C(N=c1[nH]ccs1)c1ccccc1OCCn1ccnc1,4
random,CC(C)Cn1cc(C(C)(C)C)s/c1=N\C(=O)c1cc(C(F)(F)F)ccc1OC[C@@H]1CCCN1C,O=C(N=c1[nH]ccs1)c1ccccc1OCC1CCCN1,4
random,CC(C)Cn1cc(C(C)(C)C)s/c1=N\C(=O)c1cc(Cl)ccc1OC1CC1,O=C(N=c1[nH]ccs1)c1ccccc1OC1CC1,4
random,CC(C)Cn1nnnc1Cc1ccc(-c2ccccc2)cc1,c1ccc(-c2ccc(Cc3nnn[nH]3)cc2)cc1,4
random,CC(C)[C@H]1CC[C@H](C(=O)c2cn(CCN3CCOCC3)c3ccccc23)CC1,O=C(c1cn(CCN2CCOCC2)c2ccccc12)C1CCCCC1,4
random,CC(C)[C@H]1COc2cccc3c(=O)c(C(=O)NC45CC6CC(CC(C6)C4)C5)cn1c23,O=C(NC12CC3CC(CC(C3)C1)C2)c1cn2c3c(cccc3c1=O)OCC2,4
random,CC(Cn1c(=O)sc2cc(C(=O)C34CC5CC(CC(C5)C3)C4)ccc21)N(C)C,O=C(c1ccc2[nH]c(=O)sc2c1)C12CC3CC(CC(C3)C1)C2,4
random,CC(NC(=O)n1c(=O)n(CCN2CCOCC2)c2ccccc21)c1ccc(F)cc1,O=C(NCc1ccccc1)n1c(=O)n(CCN2CCOCC2)c2ccccc21,4
random,CC/N=C(\NS(=O)(=O)N(CC)CC)N1CC(c2ccccc2)C(c2ccc(Cl)cc2)=N1,c1ccc(C2=NNCC2c2ccccc2)cc1,4
random,CC1(C)C(C(=O)c2cn(CC3CCOCC3)c3c(CC4CCOCC4)c4c(cc23)OCO4)C1(C)C,O=C(c1cn(CC2CCOCC2)c2c(CC3CCOCC3)c3c(cc12)OCO3)C1CC1,4
random,CC1(C)C(C(=O)c2cn(CC3CCOCC3)c3c(F)c(F)c(F)c(F)c23)C1(C)C,O=C(c1cn(CC2CCOCC2)c2ccccc12)C1CC1,4
random,CC1(C)C(C(=O)c2cn(CC3CCOCC3)c3cc(O)ccc23)C1(C)C,O=C(c1cn(CC2CCOCC2)c2ccccc12)C1CC1,4
random,CC1(C)C(C(=O)c2cn(CC3CCOCC3)c3cc(S(C)(=O)=O)ccc23)C1(C)C,O=C(c1cn(CC2CCOCC2)c2ccccc12)C1CC1,4
random,CC1(C)C(C(=O)c2cn(CC3CCOCC3)c3cccc(OCc4ccccc4)c23)C1(C)C,O=C(c1cn(CC2CCOCC2)c2cccc(OCc3ccccc3)c12)C1CC1,4
random,CC1(C)C(C(=O)c2cn(CCCC(F)(F)F)c3ccccc23)C1(C)C,O=C(c1c[nH]c2ccccc12)C1CC1,4
random,CC1(C)C(C(=O)c2cn(CCCO)c3ccccc23)C1(C)C,O=C(c1c[nH]c2ccccc12)C1CC1,4
random,CC1(C)C(C(=O)c2cn(CCN3CCOCC3)c3cc(OCc4ccccc4)ccc23)C1(C)C,O=C(c1cn(CCN2CCOCC2)c2cc(OCc3ccccc3)ccc12)C1CC1,4
random,CC1(C)C(C(=O)c2cn(CCc3cccs3)c3ccccc23)C1(C)C,O=C(c1cn(CCc2cccs2)c2ccccc12)C1CC1,4
random,CC1(C)C2CC[C@](C)(C2)[C@@H]1NC(=O)c1cn(CCCCO)c2cc(Sc3ccccc3)ccc2c1=O,O=C(NC1CC2CCC1C2)c1c[nH]c2cc(Sc3ccccc3)ccc2c1=O,4
random,CC1(C)Oc2cc(C(=O)NC3C4CC5CC(C4)CC3C5)cc(O)c2[C@@H]2C[C@@H](O)CC[C@H]21,O=C(NC1C2CC3CC(C2)CC1C3)c1ccc2c(c1)OCC1CCCCC21,4
random,CC1(C)Oc2cc(C(=O)NC3C4CC5CC(C4)CC3C5)cc(O)c2[C@@H]2C[C@H](O)CC[C@H]21,O=C(NC1C2CC3CC(C2)CC1C3)c1ccc2c(c1)OCC1CCCCC21,4
random,CC1(C)Oc2cc(C(=O)c3cccc(C(F)(F)F)c3)cc(O)c2[C@@H]2C[C@H](O)CC[C@H]21,O=C(c1ccccc1)c1ccc2c(c1)OCC1CCCCC21,4
random,CC1(C)Oc2cc(C(=O)c3csc4ccccc34)cc(O)c2[C@@H]2C[C@H](O)CC[C@H]21,O=C(c1ccc2c(c1)OCC1CCCCC21)c1csc2ccccc12,4
random,CC1(C)Oc2cc(C3(CCCCCBr)CCC3)cc(O)c2[C@@H]2CC(=O)CC[C@H]21,O=C1CCC2COc3cc(C4CCC4)ccc3C2C1,4
random,CC1(C)Oc2cc(C3(CCCCCCBr)CCCC3)cc(O)c2[C@@H]2CC(=O)CC[C@H]21,O=C1CCC2COc3cc(C4CCCC4)ccc3C2C1,4
random,CC1(C)Oc2cc(C3(CCCCCCCN=[N+]=[N-])CCCC3)cc(O)c2[C@@H]2C[C@H](CN=[N+]=[N-])CC[C@H]21,c1cc2c(cc1C1CCCC1)OCC1CCCCC21,4
random,CC1(C)Oc2cc(C34CC5CC(CC(C(N)=O)(C5)O3)C4)cc(O)c2[C@@H]2C[C@H](CO)CC[C@H]21,c1cc2c(cc1C13CC4CC(CC(C4)O1)C3)OCC1CCCCC21,4
random,CC1(C)Oc2cc(C34CC5CC(CC(C5)C3)C4)cc(O)c2[C@@H]2C[C@@H](C=O)CC[C@H]21,c1cc2c(cc1C13CC4CC(CC(C4)C1)C3)OCC1CCCCC21,4
random,CC1(C)Oc2cc(C34CC5CC(CC(C5)C3)C4)cc(O)c2[C@@H]2C[C@H](CC#N)CC[C@H]21,c1cc2c(cc1C13CC4CC(CC(C4)C1)C3)OCC1CCCCC21,4
random,CC1(C)Oc2cc(C34CC5CC(CC(C5)C3)C4)cc(O)c2[C@@H]2C[C@H](CC=O)CC[C@H]21,c1cc2c(cc1C13CC4CC(CC(C4)C1)C3)OCC1CCCCC21,4
random,CC1(C)Oc2cc(C34CC5CC(CC(CN=[N+]=[N-])(C5)O3)C4)cc(O)c2[C@@H]2C[C@H](CO)CC[C@H]21,c1cc2c(cc1C13CC4CC(CC(C4)O1)C3)OCC1CCCCC21,4
random,CC1(C)Oc2cc(CN3C4CC5CC3CC(C4)O5)cc(O)c2[C@@H]2C[C@@H](O)CC[C@H]21,c1cc2c(cc1CN1C3CC4CC1CC(C3)O4)OCC1CCCCC21,4
random,CC1(C)Oc2cc(CNC3C4CC5CC(C4)CC3C5)cc(O)c2[C@@H]2C[C@@H](O)CC[C@H]21,c1cc2c(cc1CNC1C3CC4CC(C3)CC1C4)OCC1CCCCC21,4
random,CC1(C)Oc2cc(N3C4CC5CC3CC(C4)O5)cc(O)c2[C@@H]2C[C@H](O)CC[C@H]21,c1cc2c(cc1N1C3CC4CC1CC(C3)O4)OCC1CCCCC21,4
random,CC1(C)Oc2cc([C@]34CC5CC(C[C@@](CN=C=S)(C5)C3)C4)cc(O)c2[C@@H]2C[C@H](O)CC[C@H]21,c1cc2c(cc1C13CC4CC(CC(C4)C1)C3)OCC1CCCCC21,4
random,CC1(C)[C@H]2CC[C@](C)(C2)[C@@H]1NC(=O)c1ccc(Br)c(S(=O)(=O)N2CCCCC2)c1,O=C(NC1CC2CCC1C2)c1cccc(S(=O)(=O)N2CCCCC2)c1,4
random,CC1(Cc2ccccc2)COc2cc(C(=O)N3CCCCC3)ccc21,O=C(c1ccc2c(c1)OCC2Cc1ccccc1)N1CCCCC1,4
random,CC12CC3CC(C)(C1)CC(NC(=O)c1cn(CCCc4ccccc4)c4ccccc4c1=O)(C3)C2,O=C(NC12CC3CC(CC(C3)C1)C2)c1cn(CCCc2ccccc2)c2ccccc2c1=O,4
random,CC12CC3CC(C)(C1)CC(NC(=O)c1cn(CCc4ccccc4)c4ccccc4c1=O)(C3)C2,O=C(NC12CC3CC(CC(C3)C1)C2)c1cn(CCc2ccccc2)c2ccccc2c1=O,4
random,CC1=CC[C@@H]2[C@@H](C1)c1c(O)cc(C(C)(C)C(=O)OCCCN=[N+]=[N-])cc1OC2(C)C,C1=CCC2c3ccccc3OCC2C1,4
random,CC1=CC[C@@H]2[C@@H](C1)c1c(O)cc(C(C)(C)C(=O)OCCCn3ccnc3)cc1OC2(C)C,O=C(Cc1ccc2c(c1)OCC1CC=CCC21)OCCCn1ccnc1,4
random,CC1=CC[C@@H]2[C@@H](C1)c1c(O)cc(C(C)(C)c3ccc(C#N)cc3)cc1OC2(C)C,C1=CCC2c3ccc(Cc4ccccc4)cc3OCC2C1,4
random,CC1=CC[C@@H]2[C@@H](C1)c1c(O)cc(C(C)(C)c3ccc(C(N)=O)cc3)cc1OC2(C)C,C1=CCC2c3ccc(Cc4ccccc4)cc3OCC2C1,4
random,CC1=CC[C@@H]2[C@@H](C1)c1c(O)cc(C(C)(C)c3ccc(C)cc3)cc1OC2(C)C,C1=CCC2c3ccc(Cc4ccccc4)cc3OCC2C1,4
random,CC1=CC[C@@H]2[C@@H](C1)c1c(O)cc(CC(=O)OCCCCBr)cc1OC2(C)C,C1=CCC2c3ccccc3OCC2C1,4
random,CC1=CC[C@@H]2[C@@H](C1)c1ccc(C(C)(C)C(=O)OCCCN3CCOCC3)cc1OC2(C)C,O=C(Cc1ccc2c(c1)OCC1CC=CCC21)OCCCN1CCOCC1,4
random,CC1CCC(NC(=O)c2cc3cc(-c4ccco4)cnc3n(CCN3CCOCC3)c2=O)CC1,O=C(NC1CCCCC1)c1cc2cc(-c3ccco3)cnc2n(CCN2CCOCC2)c1=O,4
random,CC1CCC(NC(=O)c2cc3cc(-c4cccs4)cnc3n(Cc3ccc(F)cc3)c2=O)CC1,O=C(NC1CCCCC1)c1cc2cc(-c3cccs3)cnc2n(Cc2ccccc2)c1=O,4
random,CC1CCC(NC(=O)c2cc3cccnc3n(CCCCC(=O)O)c2=O)CC1,O=C(NC1CCCCC1)c1cc2cccnc2[nH]c1=O,4
random,CC1CCC(NC(=O)c2cc3cccnc3n(CCN3CCOCC3)c2=O)CC1,O=C(NC1CCCCC1)c1cc2cccnc2n(CCN2CCOCC2)c1=O,4
random,CC1CCC(NC(=O)c2cccn(Cc3ccccc3)c2=O)CC1,O=C(NC1CCCCC1)c1cccn(Cc2ccccc2)c1=O,4
random,CC1CCN(C(=O)c2ccc3c(c2)c2c(n3S(C)(=O)=O)CN(C3CCCC3)C2)CC1,O=C(c1ccc2[nH]c3c(c2c1)CN(C1CCCC1)C3)N1CCCCC1,4
random,CC1COc2cccc3c(=O)c(C(=O)NC4CCCCC4)cn1c23,O=C(NC1CCCCC1)c1cn2c3c(cccc3c1=O)OCC2,4
random,CCC(C)(C)C(=O)Nc1ccc(C)c(CN2CCOCC2)c1,c1ccc(CN2CCOCC2)cc1,4
random,CCC(C)(C)NC(=O)c1nn(-c2ccc(Cl)cc2Cl)c(-n2c(C)ccc2C)c1C,c1ccc(-n2nccc2-n2cccc2)cc1,4
random,CCC(C)(C)c1ccc([C@H]2CCC[C@@H](O)C2)cc1,c1ccc(C2CCCCC2)cc1,4
random,CCC(CC)(CC)c1cc(/N=C2\OCC3(CCCCC3)CN2C(=S)SC)on1,c1cc(N=C2NCC3(CCCCC3)CO2)on1,4
random,CCC(CC)(NC(=O)c1ccc(N2CC(F)(F)C2)c(OCC2CC2)n1)C(=O)NCCF,c1cnc(OCC2CC2)c(N2CCC2)c1,4
random,CCC(CC)(NC(=O)c1ccc(N2CC(OC)C2)c(OCC2CC2)n1)C(=O)NC,c1cnc(OCC2CC2)c(N2CCC2)c1,4
random,CCC1(C(=O)Nc2cc(CN3CCOCC3)c(C)cn2)CCCC1,O=C(Nc1cc(CN2CCOCC2)ccn1)C1CCCC1,4
random,CCCC(C)(C)C(=O)Nc1cc(C)c(C)c(S(=O)(=O)N2CCOCC2)c1,O=S(=O)(c1ccccc1)N1CCOCC1,4
random,CCCC(C)(C)C(=O)Nc1cc(CN2CCOCC2)c(C)cn1,c1cc(CN2CCOCC2)ccn1,4
random,CCCC/C=C\C1(c2cc(O)c3c(c2)OC(C)(C)[C@@H]2CCC(=O)C[C@@H]32)CCCC1,O=C1CCC2COc3cc(C4CCCC4)ccc3C2C1,4
random,CCCC1COc2ccc(C)c3c(=O)c(C(=O)NC45CC6CC(CC(C6)C4)C5)cn1c23,O=C(NC12CC3CC(CC(C3)C1)C2)c1cn2c3c(cccc3c1=O)OCC2,4
random,CCCCC(=O)NC(NC(=O)CCCC)c1ccc(N(CC)CC)cc1,c1ccccc1,4
random,CCCCC(C)(C)c1cc(OC)c(C2C=C(CO)C3CC2C3(C)C)c(OC)c1,C1=CC(c2ccccc2)C2CC1C2,4
random,CCCCC(C)(C)c1ccc([C@@H]2C[C@H](O)CC[C@H]2CCCO)cc1,c1ccc(C2CCCCC2)cc1,4
random,CCCCC(NC(=O)Cc1ccccc1)NC(=O)Cc1ccccc1,O=C(Cc1ccccc1)NCNC(=O)Cc1ccccc1,4
random,CCCCC/C=C\C/C=C\C/C=C\C/C=C\CCCC(=O)NCc1ccc(OC)cc1,c1ccccc1,4
random,CCCCC/C=C\C/C=C\C/C=C\C/C=C\CCCC(=O)N[C@@H]1C[C@H]1O,C1CC1,4
random,CCCCC/C=C\C/C=C\C/C=C\C/C=C\CCCC(=O)Nc1ccc(O)cc1,c1ccccc1,4
random,CCCCC/C=C\C/C=C\C/C=C\C/C=C\CCCC(=O)Nc1ccc2[nH]ncc2c1,c1ccc2[nH]ncc2c1,4
random,CCCCC/C=C\C/C=C\C/C=C\[C@@H](C)/C=C\CCCC(=O)N[C@H](C)CO,ACYCLIC,4
random,CCCCC/C=C\[C@H](C)/C=C\C/C=C\C/C=C\CCCC(=O)NCCO,ACYCLIC,4
random,CCCCC1(c2cc(O)c3cc(CCC)c(=O)oc3c2)CCCC1,O=c1ccc2ccc(C3CCCC3)cc2o1,4
random,CCCCC1(c2cc(O)c3cc(CCC)c(=O)oc3c2)CCCCC1,O=c1ccc2ccc(C3CCCCC3)cc2o1,4
random,CCCCC1=NN(C(=O)NC(C)(C)c2ccccc2)CC1c1ccsc1,O=C(NCc1ccccc1)N1CC(c2ccsc2)C=N1,4
random,CCCCCC(C)(C)c1cc(OC)c2c(c1)OC(C)(C)[C@@H]1CCC(C)=C[C@@H]21,C1=CC2c3ccccc3OCC2CC1,4
random,CCCCCC1=NN(C(=O)NC(C)(C)c2ccccc2)CC1c1ccccc1,O=C(NCc1ccccc1)N1CC(c2ccccc2)C=N1,4
random,CCCCCC1=NN(C(=O)NCC23CC4CC(CC(C4)C2)C3)CC1c1ccccc1,O=C(NCC12CC3CC(CC(C3)C1)C2)N1CC(c2ccccc2)C=N1,4
random,CCCCCCC(C)(C)c1cc(O)c2c(c1)OC(C)(C)C1CCC(=O)CC21,O=C1CCC2COc3ccccc3C2C1,4
random,CCCCCCC(C)(C)c1cc(O)c2c(c1)OC(C)(C)c1ccc(C)c(CO)c1-2,c1ccc2c(c1)COc1ccccc1-2,4
random,CCCCCCC(C)(C)c1cc(O)c2c(c1)OC(C)(C)c1cnn(-c3ccc(Cl)c(Cl)c3)c1-2,c1ccc(-n2ncc3c2-c2ccccc2OC3)cc1,4
random,CCCCCCC(C)(C)c1cc(O)c2c(c1)OC(C)(C)c1cnn(CCO)c1-2,c1ccc2c(c1)OCc1cn[nH]c1-2,4
random,CCCCCCC(C)(C)c1cc(O)cc(OCCCCCCCCCCC(=O)NC(CO)CO)c1,c1ccccc1,4
random,CCCCCCC(C)(C)c1cc(O)cc(OCCCCCCCCCCC(=O)OC(CO)CO)c1,c1ccccc1,4
random,CCCCCCC(C)(C)c1cc(O)cc(OCCCCCCOC(CO)CO)c1,c1ccccc1,4
random,CCCCCCC(C)(C)c1cc(OC)c2c(c1)OC(C)(C)c1cn(C)nc1-2,c1ccc2c(c1)OCc1c[nH]nc1-2,4
random,CCCCCCC(C)(C)c1cc(OC)c2c(c1)OC(C)(C)c1cn(CC)nc1-2,c1ccc2c(c1)OCc1c[nH]nc1-2,4
random,CCCCCCC(C)(C)c1cc(OC)c2c(c1)OC(C)(C)c1cnn(-c3ccc(Cl)cc3Cl)c1-2,c1ccc(-n2ncc3c2-c2ccccc2OC3)cc1,4
random,CCCCCCC(C)(C)c1cc(OC)c2c(c1)OC(C)(C)c1cnn(CC)c1-2,c1ccc2c(c1)OCc1cn[nH]c1-2,4
random,CCCCCCC(C)(C)c1cc(OC)c2c(c1)OC(C)(C)c1cnoc1-2,c1ccc2c(c1)OCc1cnoc1-2,4
random,CCCCCCC(C)(C)c1cc(OC)c2cc(Cc3ccccc3)c(=O)oc2c1,O=c1oc2ccccc2cc1Cc1ccccc1,4
random,CCCCCCC(C)(C)c1cc(OC)cc(OCCCCCCCC(=O)NCC(F)(F)F)c1,c1ccccc1,4
random,CCCCCCC(C)(C)c1cc(OC)cc(OCCCCCCCCCCC(=O)NC(CO)CO)c1,c1ccccc1,4
random,CCCCCCC(C)(C)c1cc(OCC)c2c(c1)OC(C)(C)c1cnn(-c3ccc(Cl)c(Cl)c3)c1-2,c1ccc(-n2ncc3c2-c2ccccc2OC3)cc1,4
random,CCCCCCC(C)(C)c1cc(OCc2ccccc2)c2c(c1)OC(C)(C)c1cn(C)nc1-2,c1ccc(COc2cccc3c2-c2n[nH]cc2CO3)cc1,4
random,CCCCCCC(C)(C)c1ccc(-c2cc(C)cc(C)c2)c(C(N)=O)c1,c1ccc(-c2ccccc2)cc1,4
random,CCCCCCC(C)(C)c1ccc(-c2cc(C)cc(C)c2)c(CN)c1,c1ccc(-c2ccccc2)cc1,4
random,CCCCCCC(C)(C)c1ccc([C@H]2CCC[C@@H](O)C2)cc1,c1ccc(C2CCCCC2)cc1,4
random,CCCCCCC(C)(C)c1ccccc1/C=C\C/C=C\C/C=C\CCCC(=O)N[C@H](C)CO,c1ccccc1,4
random,CCCCCCC1(c2cc(O)c3c(c2)OC(C)(C)[C@@H]2CC=C(C)C[C@@H]32)CC1,C1=CCC2c3ccc(C4CC4)cc3OCC2C1,4
random,CCCCCCC1CCCc2c1cc1c(c2O)[C@@H]2CC(C)=CC[C@H]2C(C)(C)O1,C1=CCC2c3cc4c(cc3OCC2C1)CCCC4,4
random,CCCCCCCC(=O)NC(NC(=O)CCCCCCC)c1ccc(N(CC)CC)cc1,c1ccccc1,4
random,CCCCCCCC(C)(C)c1cc(O)c2cc(Cc3ccccc3O)c(=O)oc2c1,O=c1oc2ccccc2cc1Cc1ccccc1,4
random,CCCCCCCC(C)(C)c1cc(OC)c2cc(Cc3ccccc3OC)c(=O)oc2c1,O=c1oc2ccccc2cc1Cc1ccccc1,4
random,CCCCCCCCCCC[C@@H](C[C@@H]1OC(=O)[C@H]1CCCCCC)OC(=O)CCNC=O,O=C1CCO1,4
random,CCCCCCCN1C(=O)C2C3c4ccccc4C(c4cc(Cl)ccc43)C2C1=O,O=C1NC(=O)C2C3c4ccccc4C(c4ccccc43)C12,4
random,CCCCCCCNCC12c3ccccc3C(c3ccccc31)C1C(=O)NC(=O)C12,O=C1NC(=O)C2C3c4ccccc4C(c4ccccc43)C12,4
random,CCCCCCCNc1ccc(-c2cccs2)cc1C(=O)NC12CC3CC(CC(C3)C1)C2,O=C(NC12CC3CC(CC(C3)C1)C2)c1cccc(-c2cccs2)c1,4
random,CCCCCCCNc1ccccc1C(=O)NC12CC3CC(CC(C3)C1)C2,O=C(NC12CC3CC(CC(C3)C1)C2)c1ccccc1,4
random,CCCCCCN1C(=O)/C(=N\NC(=O)c2ccccc2)c2ccc(OC)cc21,O=C1Nc2ccccc2C1=NNC(=O)c1ccccc1,4
random,CCCCCCN1C(=O)C2C3c4ccccc4C(c4ccccc43)C2C1=O,O=C1NC(=O)C2C3c4ccccc4C(c4ccccc43)C12,4
random,CCCCCCNc1ccc(-c2cccs2)cc1C(=O)NC12CC3CC(CC(C3)C1)C2,O=C(NC12CC3CC(CC(C3)C1)C2)c1cccc(-c2cccs2)c1,4
random,CCCCCCOc1ccccc1-c1cc(C(=O)NC23CC4CC(CC(C4)C2)C3)no1,O=C(NC12CC3CC(CC(C3)C1)C2)c1cc(-c2ccccc2)on1,4
random,CCCCCCc1c(O)cccc1OCCCCCCCCCCCC(=O)NCCO,c1ccccc1,4
random,CCCCCCc1ccc(O)cc1OCCCCCCCC(=O)OC(CO)CO,c1ccccc1,4
random,CCCCCCc1ccc(O)cc1OCCCCCCCCCCC(=O)Nc1ccc(O)cc1,O=C(CCCCCCCCCCOc1ccccc1)Nc1ccccc1,4
random,CCCCCCc1ccc(OCCCCCCCC(=O)NCCO)cc1O,c1ccccc1,4
random,CCCCCCc1ccc(OCCCCCCOC(CO)CO)cc1O,c1ccccc1,4
random,CCCCCCn1c(=O)sc2cc(C(=O)C34CC5CC(CC(C5)C3)C4)ccc21,O=C(c1ccc2[nH]c(=O)sc2c1)C12CC3CC(CC(C3)C1)C2,4
random,CCCCCCn1cc(C(=O)c2cccc3ccccc23)cc1-c1ccccc1,O=C(c1c[nH]c(-c2ccccc2)c1)c1cccc2ccccc12,4
random,CCCCCN1N=C(C(=O)NC2C3CC4CC(C3)CC2C4)CC1c1ccccc1,O=C(NC1C2CC3CC(C2)CC1C3)C1=NNC(c2ccccc2)C1,4
random,CCCCCNC(=O)c1nn(-c2ccc(Cl)cc2Cl)c(-n2c(C)ccc2C)c1C,c1ccc(-n2nccc2-n2cccc2)cc1,4
random,CCCCCOc1c(OC)ccc2cc(C(=O)N3CCCc4ccccc4C3)c(=O)[nH]c12,O=C(c1cc2ccccc2[nH]c1=O)N1CCCc2ccccc2C1,4
random,CCCCCOc1c(OC)ccc2cc(C(=O)NCCc3ccc(F)cc3)c(=O)[nH]c12,O=C(NCCc1ccccc1)c1cc2ccccc2[nH]c1=O,4
random,CCCCCOc1c(OC)ccc2cc(C(=O)NCCc3ccc(O)cc3)c(O)nc12,O=C(NCCc1ccccc1)c1cnc2ccccc2c1,4
random,CCCCCOc1c(OC)ccc2cc(C(=O)NCCc3ccncc3)c(=O)[nH]c12,O=C(NCCc1ccncc1)c1cc2ccccc2[nH]c1=O,4
random,CCCCCOc1cc(/C=C/C(=O)NCCc2ccncc2)ccc1OC,O=C(C=Cc1ccccc1)NCCc1ccncc1,4
random,CCCCCOc1ccccc1-c1cc(C(=O)NC2CCC2)no1,O=C(NC1CCC1)c1cc(-c2ccccc2)on1,4
random,CCCCCOc1ccccc1-c1cc(C(=O)NN2CCCCC2)no1,O=C(NN1CCCCC1)c1cc(-c2ccccc2)on1,4
random,CCCCCc1cc(-c2ccccc2)n(-c2ccccc2)n1,c1ccc(-c2ccnn2-c2ccccc2)cc1,4
random,CCCCCc1cc(O)c2c(c1)CC(C)(C)[C@@H]1CCC(C)=C[C@@H]21,C1=CC2c3ccccc3CCC2CC1,4
random,CCCCCc1cc(O)c2c(c1)OC(C)(C)[C@@H]1CCC(C)=C[C@H]21,C1=CC2c3ccccc3OCC2CC1,4
random,CCCCCc1cc(O)c2c(c1)OC(C)(CCC=C(C)C)C=C2,C1=Cc2ccccc2OC1,4
random,CCCCCc1cc(O)cc(OCCCCCC(=O)NC2CC2)c1,O=C(CCCCCOc1ccccc1)NC1CC1,4
random,CCCCCc1cc(O)cc(OCCCCCCCC(=O)N[C@H](C)CO)c1,c1ccccc1,4
random,CCCCCc1cc(O)cc(OCCCCCCCCCCC(=O)NC(CO)CO)c1,c1ccccc1,4
random,CCCCCc1cc(O)cc(OCCCCCCCCCCC(=O)Nc2ccccc2)c1,O=C(CCCCCCCCCCOc1ccccc1)Nc1ccccc1,4
random,CCCCCc1cc(O)cc(OCCCCCCCCCN[C@H](C)CO)c1,c1ccccc1,4
random,CCCCCc1cc(O)cc(OCCCCCCCCOC(CO)CO)c1,c1ccccc1,4
random,CCCCCc1cc(OC(C)=O)c2c(c1)OC(C)(C)[C@@H]1CC=C(C)C[C@@H]21,C1=CCC2c3ccccc3OCC2C1,4
random,CCCCCc1cc(OC)c2cc(Cc3cccc(C)c3)c(=O)oc2c1,O=c1oc2ccccc2cc1Cc1ccccc1,4
random,CCCCCc1cc(OC)c2cc(Cc3cccc(OC)c3)c(=O)oc2c1,O=c1oc2ccccc2cc1Cc1ccccc1,4
random,CCCCCc1cc(OC)cc(OCCCCCCCCCCC(=O)NCCO)c1,c1ccccc1,4
random,CCCCCc1cc(OC)cc(OCCCCCCCCCCC(=O)Nc2ccccc2)c1,O=C(CCCCCCCCCCOc1ccccc1)Nc1ccccc1,4
random,CCCCCc1cc(OCCCC)cc(OCCCCCCCCCCC(=O)NC2CC2)c1,O=C(CCCCCCCCCCOc1ccccc1)NC1CC1,4
random,CCCCCc1cccc(OCCCCCCCCCCC(=O)NC2CC2)c1,O=C(CCCCCCCCCCOc1ccccc1)NC1CC1,4
random,CCCCCc1sc(NC(=O)C23CC4CC(CC(C4)C2)C3)c(C(=O)OC)c1-c1ccccc1,O=C(Nc1cc(-c2ccccc2)cs1)C12CC3CC(CC(C3)C1)C2,4
random,CCCCCn1/c(=N/C(=O)c2cccc(C(F)(F)F)c2)sc2ccccc21,O=C(N=c1[nH]c2ccccc2s1)c1ccccc1,4
random,CCCCCn1/c(=N/C(=O)c2cccc3ccccc23)sc2ccccc21,O=C(N=c1[nH]c2ccccc2s1)c1cccc2ccccc12,4
random,CCCCCn1c(=O)sc2cc(CC34CC5CC(CC(C5)C3)C4)ccc21,O=c1[nH]c2ccc(CC34CC5CC(CC(C5)C3)C4)cc2s1,4
random,CCCCCn1c(C)c(C(=O)Cc2ccc(Br)cc2)c2ccccc21,O=C(Cc1ccccc1)c1c[nH]c2ccccc12,4
random,CCCCCn1c(C)c(C(=O)Cc2ccc(Cl)cc2)c2ccccc21,O=C(Cc1ccccc1)c1c[nH]c2ccccc12,4
random,CCCCCn1c(C)c(C(=O)c2ccc(C)c3ccccc23)c2ccccc21,O=C(c1cccc2ccccc12)c1c[nH]c2ccccc12,4
random,CCCCCn1c(C)c(C(=O)c2ccc(CCCC)c3ccc(C)cc23)c2ccccc21,O=C(c1cccc2ccccc12)c1c[nH]c2ccccc12,4
random,CCCCCn1c(C)c(C(=O)c2ccc(I)c3ccccc23)c2ccccc21,O=C(c1cccc2ccccc12)c1c[nH]c2ccccc12,4
random,CCCCCn1c(C)c(C(=O)c2cccc3cc(OC)ccc23)c2ccccc21,O=C(c1cccc2ccccc12)c1c[nH]c2ccccc12,4
random,CCCCCn1c2ccccc2c2cc(C(=O)N3CCN(C)CC3)ccc21,O=C(c1ccc2[nH]c3ccccc3c2c1)N1CCNCC1,4
random,CCCCCn1c2ccccc2c2cc(C(=O)N3CCN(CC(=O)NC(C)(C)C)CC3)ccc21,O=C(c1ccc2[nH]c3ccccc3c2c1)N1CCNCC1,4
random,CCCCCn1c2ccccc2c2cc(C(=O)N3CCS(=O)(=O)CC3)ccc21,O=C(c1ccc2[nH]c3ccccc3c2c1)N1CCS(=O)(=O)CC1,4
random,CCCCCn1c2ccccc2c2cc(C(=O)NC34CC5CC(CC(C5)C3)C4)ccc21,O=C(NC12CC3CC(CC(C3)C1)C2)c1ccc2[nH]c3ccccc3c2c1,4
random,CCCCCn1c2ccccc2c2cc(C(=O)NN3CCCCC3)ccc21,O=C(NN1CCCCC1)c1ccc2[nH]c3ccccc3c2c1,4
random,CCCCCn1c2ccccc2c2cc(C(=S)N3CCCCC3)ccc21,S=C(c1ccc2[nH]c3ccccc3c2c1)N1CCCCC1,4
random,CCCCCn1cc(C(=O)C(=O)NC23CC4CC(CC(C4)C2)C3)c2cc(-c3ccco3)ccc21,O=C(NC12CC3CC(CC(C3)C1)C2)C(=O)c1c[nH]c2ccc(-c3ccco3)cc12,4
random,CCCCCn1cc(C(=O)Cc2ccc(Cl)cc2)c2ccccc21,O=C(Cc1ccccc1)c1c[nH]c2ccccc12,4
random,CCCCCn1cc(C(=O)Cc2ccc(OC)cc2)c2ccccc21,O=C(Cc1ccccc1)c1c[nH]c2ccccc12,4
random,CCCCCn1cc(C(=O)Cc2ccccc2)c2ccccc21,O=C(Cc1ccccc1)c1c[nH]c2ccccc12,4
random,CCCCCn1cc(C(=O)Cc2ccccc2Br)c2ccccc21,O=C(Cc1ccccc1)c1c[nH]c2ccccc12,4
random,CCCCCn1cc(C(=O)Cc2ccccc2OC)c2ccccc21,O=C(Cc1ccccc1)c1c[nH]c2ccccc12,4
random,CCCCCn1cc(C(=O)NC(C)c2cccc3ccccc23)c(=O)c2ccccc21,O=C(NCc1cccc2ccccc12)c1c[nH]c2ccccc2c1=O,4
random,CCCCCn1cc(C(=O)NC23CC4CC(C)(CC(C)(C4)C2)C3)c(=O)c2cc(Cl)ccc21,O=C(NC12CC3CC(CC(C3)C1)C2)c1c[nH]c2ccccc2c1=O,4
random,CCCCCn1cc(C(=O)NC23CC4CC(C)(CC(C)(C4)C2)C3)c(=O)c2ccccc21,O=C(NC12CC3CC(CC(C3)C1)C2)c1c[nH]c2ccccc2c1=O,4
random,CCCCCn1cc(C(=O)NC23CC4CC(C)(CC(C)(C4)C2)C3)c(=O)n2nc(-c3ccccc3)nc12,O=C(NC12CC3CC(CC(C3)C1)C2)c1c[nH]c2nc(-c3ccccc3)nn2c1=O,4
random,CCCCCn1cc(C(=O)NC23CC4CC(CC(C4)C2)C3)c(=O)c2cc(-c3c(C)noc3C)ccc21,O=C(NC12CC3CC(CC(C3)C1)C2)c1c[nH]c2ccc(-c3cnoc3)cc2c1=O,4
random,CCCCCn1cc(C(=O)NC23CC4CC(CC(C4)C2)C3)c(=O)c2cc(-c3ccccc3)ccc21,O=C(NC12CC3CC(CC(C3)C1)C2)c1c[nH]c2ccc(-c3ccccc3)cc2c1=O,4
random,CCCCCn1cc(C(=O)NC23CC4CC(CC(C4)C2)C3)c(=O)c2cc(/C=C/c3ccc(OC)cc3)ccc21,O=C(NC12CC3CC(CC(C3)C1)C2)c1c[nH]c2ccc(C=Cc3ccccc3)cc2c1=O,4
random,CCCCCn1cc(C(=O)NC23CC4CC(CC(C4)C2)C3)c(=O)c2cc(C3=CCCCC3)ccc21,O=C(NC12CC3CC(CC(C3)C1)C2)c1c[nH]c2ccc(C3=CCCCC3)cc2c1=O,4
random,CCCCCn1cc(C(=O)NC23CC4CC(CC(C4)C2)C3)c(=O)c2cccc(OC)c21,O=C(NC12CC3CC(CC(C3)C1)C2)c1c[nH]c2ccccc2c1=O,4
random,CCCCCn1cc(C(=O)NC23CC4CC(CC(C4)C2)C3)c(=O)cc1C,O=C(NC12CC3CC(CC(C3)C1)C2)c1c[nH]ccc1=O,4
random,CCCCCn1cc(C(=O)NC23CC4CC(CC(C4)C2)C3)c(=O)n2nc(-c3cccnc3)nc12,O=C(NC12CC3CC(CC(C3)C1)C2)c1c[nH]c2nc(-c3cccnc3)nn2c1=O,4
random,CCCCCn1cc(C(=O)NC23CC4CC(CC(C4)C2)C3)c(=O)n2nc(-c3ccco3)nc12,O=C(NC12CC3CC(CC(C3)C1)C2)c1c[nH]c2nc(-c3ccco3)nn2c1=O,4
random,CCCCCn1cc(C(=O)NC2CCCCC2)c(=O)c2cc(Br)ccc21,O=C(NC1CCCCC1)c1c[nH]c2ccccc2c1=O,4
random,CCCCCn1cc(C(=O)NC2CCCCC2)c(=O)c2cnn(C)c21,O=C(NC1CCCCC1)c1c[nH]c2[nH]ncc2c1=O,4
random,CCCCCn1cc(C(=O)NC2CCCCC2)c(=O)n2nc(SC)nc12,O=C(NC1CCCCC1)c1c[nH]c2ncnn2c1=O,4
random,CCCCCn1cc(C(=O)NC2CCCCCC2)c(=O)c2c(C)csc21,O=C(NC1CCCCCC1)c1c[nH]c2sccc2c1=O,4
random,CCCCCn1cc(C(=O)NC2CCCCCC2)c(=O)n2nc(-c3ccc(C)cc3)nc12,O=C(NC1CCCCCC1)c1c[nH]c2nc(-c3ccccc3)nn2c1=O,4
random,CCCCCn1cc(C(=O)NC2CCCCCC2)c(=O)n2nc(-c3ccccc3C)cc12,O=C(NC1CCCCCC1)c1c[nH]c2cc(-c3ccccc3)nn2c1=O,4
random,CCCCCn1cc(C(=O)NC2CCCCCC2)c(=O)n2nc(-c3ccccc3Cl)cc12,O=C(NC1CCCCCC1)c1c[nH]c2cc(-c3ccccc3)nn2c1=O,4
random,CCCCCn1cc(C(=O)NC2CCCCCC2)c(=O)n2nc(CC)cc12,O=C(NC1CCCCCC1)c1c[nH]c2ccnn2c1=O,4
random,CCCCCn1cc(C(=O)NCC2CCCCC2)c(=O)c2c(C)nn(C)c21,O=C(NCC1CCCCC1)c1c[nH]c2[nH]ncc2c1=O,4
random,CCCCCn1cc(C(=O)NN2CCCCC2)c(=O)c2ccc(Sc3ccccc3)cc21,O=C(NN1CCCCC1)c1c[nH]c2cc(Sc3ccccc3)ccc2c1=O,4
random,CCCCCn1cc(C(=O)N[C@H](C)c2ccccc2)c(=O)c2ccc(F)cc21,O=C(NCc1ccccc1)c1c[nH]c2ccccc2c1=O,4
random,CCCCCn1cc(C(=O)N[C@H]2C(C)(C)[C@H]3CC[C@]2(C)C3)c(=O)c2cc(-c3ccco3)ccc21,O=C(NC1CC2CCC1C2)c1c[nH]c2ccc(-c3ccco3)cc2c1=O,4
random,CCCCCn1cc(C(=O)N[C@H]2C(C)(C)[C@H]3CC[C@]2(C)C3)c(=O)c2cc(Br)ccc21,O=C(NC1CC2CCC1C2)c1c[nH]c2ccccc2c1=O,4
random,CCCCCn1cc(C(=O)c2ccc3ccccc3c2)c(=O)c2ccccc21,O=C(c1ccc2ccccc2c1)c1c[nH]c2ccccc2c1=O,4
random,CCCCCn1cc(C(=O)c2cccc3ccccc23)c2cc(F)ccc21,O=C(c1cccc2ccccc12)c1c[nH]c2ccccc12,4
random,CCCCCn1cc(C(=O)c2cccc3ccccc23)cc1-c1ccc(C)cc1,O=C(c1c[nH]c(-c2ccccc2)c1)c1cccc2ccccc12,4
random,CCCCCn1cc(C(=O)c2cccc3ccccc23)cc1-c1ccc(OC)cc1,O=C(c1c[nH]c(-c2ccccc2)c1)c1cccc2ccccc12,4
random,CCCCCn1cc(C(=O)c2cccc3ccccc23)cc1-c1ccc2ccccc2c1,O=C(c1c[nH]c(-c2ccc3ccccc3c2)c1)c1cccc2ccccc12,4
random,CCCCCn1cc(C(=O)c2cccc3ccccc23)cc1-c1cccc(C)c1,O=C(c1c[nH]c(-c2ccccc2)c1)c1cccc2ccccc12,4
random,CCCCCn1cc(C(=O)c2cccc3ccccc23)cc1-c1cccc(F)c1,O=C(c1c[nH]c(-c2ccccc2)c1)c1cccc2ccccc12,4
random,CCCCCn1cc(C(=O)c2cccc3ccccc23)cc1-c1ccccc1,O=C(c1c[nH]c(-c2ccccc2)c1)c1cccc2ccccc12,4
random,CCCCCn1cc(C(=O)c2cccc3ccccc23)cc1-c1ccccc1CCCC,O=C(c1c[nH]c(-c2ccccc2)c1)c1cccc2ccccc12,4
random,CCCCCn1cc(C(=O)c2cccc3ccccc23)cc1-c1ccccc1F,O=C(c1c[nH]c(-c2ccccc2)c1)c1cccc2ccccc12,4
random,CCCCCn1cc(CC(=O)NC23CC4CC(CC(C4)C2)C3)c2cc(Br)ccc21,O=C(Cc1c[nH]c2ccccc12)NC12CC3CC(CC(C3)C1)C2,4
random,CCCCN(CCCC)c1ccc(C(NC(=O)Cc2ccccc2)NC(=O)Cc2ccccc2)cc1,O=C(Cc1ccccc1)NC(NC(=O)Cc1ccccc1)c1ccccc1,4
random,CCCCN1C(=O)/C(=N\NC(=O)c2ccccc2)c2ccccc21,O=C1Nc2ccccc2C1=NNC(=O)c1ccccc1,4
random,CCCCNC(=O)N1CCN(C(c2ccccc2)c2ccccc2)CC1,c1ccc(C(c2ccccc2)N2CCNCC2)cc1,4
random,CCCCNC(=O)c1nn(-c2ccc(Cl)cc2Cl)c(-n2cccc2)c1C,c1ccc(-n2nccc2-n2cccc2)cc1,4
random,CCCCOc1c(OC)ccc2cc(C(=O)NCCc3cn(CCF)nn3)c(=O)[nH]c12,O=C(NCCc1c[nH]nn1)c1cc2ccccc2[nH]c1=O,4
random,CCCC[Si](C)(C)c1cc(O)c(C2CCCC2)c(OC)c1,c1ccc(C2CCCC2)cc1,4
random,CCCC[Si](C)(C)c1cc(O)c(C2CCCCC2)c(O)c1,c1ccc(C2CCCCC2)cc1,4
random,CCCC[Si](C)(C)c1cc(O)c2c(c1)OC(C)(C)[C@@H]1CCC(C)=C[C@@H]21,C1=CC2c3ccccc3OCC2CC1,4
random,CCCC[Si](C)(C)c1cc(O)c2c(c1)OC(C)(C)c1ccc(C)cc1-2,c1ccc2c(c1)COc1ccccc1-2,4
random,CCCC[Si](C)(C)c1cc(OC)c([C@H]2C=C(CO)[C@H]3C[C@@H]2C3(C)C)c(OC)c1,C1=CC(c2ccccc2)C2CC1C2,4
random,CCCCc1cc(-c2ccc(F)cc2)cc(C(=O)NC2CCCCCC2)c1OC,O=C(NC1CCCCCC1)c1cccc(-c2ccccc2)c1,4
random,CCCCc1cc(-c2ccccc2)cc(C(=O)NC2CCCCCC2)c1OC,O=C(NC1CCCCCC1)c1cccc(-c2ccccc2)c1,4
random,CCCCc1cc(-c2ccccc2)cc(C(=O)N[C@H]2CC[C@H](C)CC2)c1OC,O=C(NC1CCCCC1)c1cccc(-c2ccccc2)c1,4
random,CCCCc1cc2c(O)cc(C3(CCCC)CCCCC3)cc2oc1=O,O=c1ccc2ccc(C3CCCCC3)cc2o1,4
random,CCCCc1ccc(C(=O)c2c(C)n(CCC)c3ccccc23)c2ccccc12,O=C(c1cccc2ccccc12)c1c[nH]c2ccccc12,4
random,CCCCc1ccc(CN(Cc2ccccc2)S(=O)(=O)c2ccc(C)cc2)cc1,O=S(=O)(c1ccccc1)N(Cc1ccccc1)Cc1ccccc1,4
random,CCCCn1/c(=N/C(=O)c2cc(C(F)(F)F)ccc2OCC(C)(C)O)sc2ccncc21,O=C(N=c1[nH]c2cnccc2s1)c1ccccc1,4
random,CCCCn1/c(=N/C(=O)c2cc(C(F)(F)F)ccc2OCC(C)(C)O)sc2ncccc21,O=C(N=c1[nH]c2cccnc2s1)c1ccccc1,4
random,CCCCn1/c(=N/C(=O)c2cc(C(F)(F)F)ccc2OCCC(C)(C)O)sc2ccncc21,O=C(N=c1[nH]c2cnccc2s1)c1ccccc1,4
random,CCCCn1/c(=N/C(=O)c2cc(C(F)(F)F)ccc2OC[C@H](C)O)sc2ccncc21,O=C(N=c1[nH]c2cnccc2s1)c1ccccc1,4
random,CCCCn1c(=O)c(C(=O)NC2CCC(C)CC2)c(O)c2cccnc21,O=C(NC1CCCCC1)c1cc2cccnc2[nH]c1=O,4
random,CCCCn1c(C)c(C)cc(C(=O)NCc2ccccc2)c1=O,O=C(NCc1ccccc1)c1ccc[nH]c1=O,4
random,CCCCn1c2c(cc(C(=O)NC3CCCCC3)c1=O)CCCCCC2,O=C(NC1CCCCC1)c1cc2c([nH]c1=O)CCCCCC2,4
random,CCCCn1c2c(cc(C(=O)NC3CCN(C)CC3)c1=O)CCCCCC2,O=C(NC1CCNCC1)c1cc2c([nH]c1=O)CCCCCC2,4
random,CCCCn1cc(C(=O)NCC2CC2)c(=O)c2cccc(OC)c21,O=C(NCC1CC1)c1c[nH]c2ccccc2c1=O,4
random,CCCCn1cc(C(C)(C)C)s/c1=N\C(=O)c1cc(C(F)(F)F)ccc1ONC(C)(C)C,O=C(N=c1[nH]ccs1)c1ccccc1,4
random,CCCCn1cc(C)cc(Oc2nc3ccccc3o2)c1=S,S=c1[nH]cccc1Oc1nc2ccccc2o1,4
random,CCCCn1cccc(Oc2nc3ccccc3o2)c1=S,S=c1[nH]cccc1Oc1nc2ccccc2o1,4
random,CCCCn1nc(C(=O)N[C@@H](Cc2ccccc2)C(N)=O)c2ccccc21,O=C(NCCc1ccccc1)c1n[nH]c2ccccc12,4
random,CCCCn1nc(C(C)(C)C)s/c1=N\C(=O)c1cc(C(F)(F)F)ccc1O/N=C1/CCCCCN1,O=C(N=c1[nH]ncs1)c1ccccc1ON=C1CCCCCN1,4
random,CCCCn1nc(C(C)(C)C)s/c1=N\C(=O)c1cc(C(F)(F)F)ccc1ON=C1CCCC1,O=C(N=c1[nH]ncs1)c1ccccc1ON=C1CCCC1,4
random,CCCCn1nc(C(C)(C)C)s/c1=N\C(=O)c1cc(C(F)(F)F)ccc1ONC(C)C,O=C(N=c1[nH]ncs1)c1ccccc1,4
random,CCCNC(=O)c1c(NC(=O)C23CC4CC(CC(C4)O2)C3)sc2c1CCOC2,O=C(Nc1cc2c(s1)COCC2)C12CC3CC(CC(C3)O1)C2,4
random,CCCNC(=O)c1c(NC(=O)C2CC3CCC2C3)sc2c1CCOC2,O=C(Nc1cc2c(s1)COCC2)C1CC2CCC1C2,4
random,CCCOc1cccc2c(C(=O)c3ccc(OC)cc3)cn(CC3CCOCC3)c12,O=C(c1ccccc1)c1cn(CC2CCOCC2)c2ccccc12,4
random,CCCc1c(CC)cc(C(=O)NC2(C(=O)O)CCCCC2)c(=O)n1Cc1ccc(F)cc1,O=C(NC1CCCCC1)c1cccn(Cc2ccccc2)c1=O,4
random,CCCc1cc(C(=O)OC)c(NC(=O)C23CC4CC(CC(C4)C2)C3)s1,O=C(Nc1cccs1)C12CC3CC(CC(C3)C1)C2,4
random,CCCc1cc(O)c2c(c1)OC(C)(C)[C@@H]1CCC(C(=O)O)=C[C@@H]21,C1=CC2c3ccccc3OCC2CC1,4
random,CCCc1ccc(/N=C2\SCC3(CCCCC3)CN2C(=S)SC)cc1,c1ccc(N=C2NCC3(CCCCC3)CS2)cc1,4
random,CCCc1ccc(O)c(-c2cc(CCC)ccc2O)c1,c1ccc(-c2ccccc2)cc1,4
random,CCCc1sc(NC(=O)C23CC4CC(CC(C4)C2)C3)c(C(=O)O[11CH3])c1C,O=C(Nc1cccs1)C12CC3CC(CC(C3)C1)C2,4
random,CCCn1c(=O)c(C(=O)NC23CC4CC(CC(C4)C2)C3)c(O)c2nn(CCOC(C)=O)cc21,O=C(NC12CC3CC(CC(C3)C1)C2)c1cc2n[nH]cc2[nH]c1=O,4
random,CCCn1c(C)c(C(=O)c2cccc3ccc(C)cc23)c2ccccc21,O=C(c1cccc2ccccc12)c1c[nH]c2ccccc12,4
random,CCCn1c(C)c(C)cc(Oc2nc3ccccc3o2)c1=S,S=c1[nH]cccc1Oc1nc2ccccc2o1,4
random,CCCn1cc(C(=O)N[C@@H]2C(C)(C)C3CC[C@]2(C)C3)c(=O)c2ccc(F)cc21,O=C(NC1CC2CCC1C2)c1c[nH]c2ccccc2c1=O,4
random,CCN(CC)C(=O)c1ccc2c(c1)nc(Nc1ccc(Oc3ccccc3)cc1)n2CCC(C)C,c1ccc(Oc2ccc(Nc3nc4ccccc4[nH]3)cc2)cc1,4
random,CCN(CC)C(=O)c1ccc2c(c1)nc(Nc1ccc(Oc3ccccc3)cc1)n2CCN1CCCCC1,c1ccc(Oc2ccc(Nc3nc4ccccc4n3CCN3CCCCC3)cc2)cc1,4
random,CCN(CC)C1(c2nc(-c3cc(C(C)(C)C)c(O)c(C(C)(C)C)c3)cs2)CCOCC1,c1ccc(-c2csc(C3CCOCC3)n2)cc1,4
random,CCN(CC)c1ccc(C(NC(=O)CCc2ccccc2)NC(=O)CCc2ccccc2)cc1,O=C(CCc1ccccc1)NC(NC(=O)CCc1ccccc1)c1ccccc1,4
random,CCN(CC)c1ccc(CN(C(=O)Cc2ccccc2)[C@]23C[C@H]4C[C@H](C[C@H](C4)C2)C3)cc1,O=C(Cc1ccccc1)N(Cc1ccccc1)C12CC3CC(CC(C3)C1)C2,4
random,CCN(CC)c1ccc(CN(C2CCCCC2)S(=O)(=O)c2ccc(OC)cc2)cc1,O=S(=O)(c1ccccc1)N(Cc1ccccc1)C1CCCCC1,4
random,CCN(CC)c1ccc(CN(Cc2ccc(Cl)cc2)S(=O)(=O)c2ccc(C)cc2)cc1,O=S(=O)(c1ccccc1)N(Cc1ccccc1)Cc1ccccc1,4
random,CCN(CC)c1ccc(CN(Cc2ccccc2)Cc2ccccc2)cc1,c1ccc(CN(Cc2ccccc2)Cc2ccccc2)cc1,4
random,CCN(CC)c1ccc(CN([C@]23C[C@H]4C[C@H](C[C@H](C4)C2)C3)S(=O)(=O)c2ccccc2)cc1,O=S(=O)(c1ccccc1)N(Cc1ccccc1)C12CC3CC(CC(C3)C1)C2,4
random,CCN(CC)c1ccc(CN(c2ccc(C)cc2)S(=O)(=O)c2ccc(C(C)C)cc2)cc1,O=S(=O)(c1ccccc1)N(Cc1ccccc1)c1ccccc1,4
random,CCN(CC)c1ccc(CN(c2ccc(Cl)cc2)S(=O)(=O)c2ccc(C(C)C)cc2)cc1,O=S(=O)(c1ccccc1)N(Cc1ccccc1)c1ccccc1,4
random,CCNC1(C(N)=O)CCN(c2ncnc3c2nc(-c2ccccc2Cl)n3-c2ccc(Cl)cc2)CC1,c1ccc(-c2nc3c(N4CCCCC4)ncnc3n2-c2ccccc2)cc1,4
random,CCOC(=O)/C(=C/c1cn(CCN2CCCCC2)c2ccccc12)C(=O)c1ccccc1,O=C(C=Cc1cn(CCN2CCCCC2)c2ccccc12)c1ccccc1,4
random,CCOC(=O)C(CC)(CC)NC(=O)c1ccc(N2CC(OC)C2)c(OCC(C)(C)COCF)n1,c1cncc(N2CCC2)c1,4
random,CCOC(=O)C(CC)(CC)NC(=O)c1ccc(N2CC(OC)C2)c(OC[C@@H]2C[C@@H]2CF)n1,c1cnc(OCC2CC2)c(N2CCC2)c1,4
random,CCOC(=O)CCn1c2ccccc2c2cc(C(=O)N3CCN(C)CC3)ccc21,O=C(c1ccc2[nH]c3ccccc3c2c1)N1CCNCC1,4
random,CCOC(=O)N1CCC(N[C@H]2CCCOc3c2nn(-c2ccccc2Cl)c3-c2ccc(Cl)cc2)CC1,c1ccc(-c2c3c(nn2-c2ccccc2)C(NC2CCNCC2)CCCO3)cc1,4
random,CCOC(=O)c1c(NS(=O)(=O)c2ccccc2)sc2c1CCCC2,O=S(=O)(Nc1cc2c(s1)CCCC2)c1ccccc1,4
random,CCOCCn1cc(C(=O)NC23CC4CC(CC(O)(C4)C2)C3)c(=O)c2cccc(OC)c21,O=C(NC12CC3CC(CC(C3)C1)C2)c1c[nH]c2ccccc2c1=O,4
random,CCOCCn1cc(C(=O)NCCc2ccccc2)c(=O)c2cccc(OC)c21,O=C(NCCc1ccccc1)c1c[nH]c2ccccc2c1=O,4
random,CCOc1ccc(Cc2nc3cc(C(=O)N(C)CC)ccc3n2CCC(C)C)cc1,c1ccc(Cc2nc3ccccc3[nH]2)cc1,4
random,CCOc1ccc(Cc2nc3cc(C(=O)N(CC(F)(F)F)CC(F)(F)F)ccc3n2CC2CC2)cc1,c1ccc(Cc2nc3ccccc3n2CC2CC2)cc1,4
random,CCOc1ccc(Cc2nc3cc(C(=O)N(CC)CC)ccc3n2CC2CCCC2)cc1,c1ccc(Cc2nc3ccccc3n2CC2CCCC2)cc1,4
random,CCOc1ccc(Cc2nc3cc(C(=O)N(CC)CC)ccc3n2CC2CCNCC2)cc1,c1ccc(Cc2nc3ccccc3n2CC2CCNCC2)cc1,4
random,CCOc1ccc(Cc2nc3cc(C(=O)N(CC)CC)ccc3n2CCCCNc2c3c(nc4ccccc24)CCCC3)cc1,c1ccc(Cc2nc3ccccc3n2CCCCNc2c3c(nc4ccccc24)CCCC3)cc1,4
random,CCOc1ccc(Cc2nc3cc(C(=O)N(CC)CC)ccc3n2CCN2CCCCC2)cc1,c1ccc(Cc2nc3ccccc3n2CCN2CCCCC2)cc1,4
random,CCOc1ccc(Cc2nc3cc(C(=O)N(CC)CC)ccc3n2CCNc2c3c(nc4ccccc24)CCCC3)cc1,c1ccc(Cc2nc3ccccc3n2CCNc2c3c(nc4ccccc24)CCCC3)cc1,4
random,CCOc1ccc(Cc2nc3cc(C(=O)N(CC)CC)ccc3n2C[C@@H]2CCCCN2)cc1,c1ccc(Cc2nc3ccccc3n2CC2CCCCN2)cc1,4
random,CCOc1ccc(Cc2nc3cc(C(=O)N(CC)CC)ccc3n2C[C@H]2CCCCN2)cc1,c1ccc(Cc2nc3ccccc3n2CC2CCCCN2)cc1,4
random,CCOc1ccc(Cc2nc3cc(C(=O)NCCSSCCNc4c5c(nc6ccccc46)CCCC5)ccc3n2CCC(C)C)cc1,O=C(NCCSSCCNc1c2c(nc3ccccc13)CCCC2)c1ccc2[nH]c(Cc3ccccc3)nc2c1,4
random,CCOc1ccc(Cc2nc3cc(C(F)(F)F)ccc3n2CCN(CC)CC)cc1,c1ccc(Cc2nc3ccccc3[nH]2)cc1,4
random,CCOc1ccc(Cc2nc3cc(N(C)C(C)=O)ccc3n2CC2CC2)cc1,c1ccc(Cc2nc3ccccc3n2CC2CC2)cc1,4
random,CCOc1ccc(Cc2nc3cc([N+](=O)[O-])ccc3n2CCC(C)C)cc1,c1ccc(Cc2nc3ccccc3[nH]2)cc1,4
random,CCS(=O)(=O)NCCCCCSc1ccc2ccccc2c1,c1ccc2ccccc2c1,4
random,CCS(=O)(=O)n1c2c(c3cc(C(=O)N4CCC(C)CC4)ccc31)CN(C1CCOCC1)CC2,O=C(c1ccc2[nH]c3c(c2c1)CN(C1CCOCC1)CC3)N1CCCCC1,4
random,CCS(=O)(=O)n1c2c(c3cc(C(=O)N4CCCCC4)ccc31)CN(C1CCCC1)C2,O=C(c1ccc2[nH]c3c(c2c1)CN(C1CCCC1)C3)N1CCCCC1,4
random,CC[C@H]1COc2cccc3c(=O)c(C(=O)NC45CC6CC(CC(C6)C4)C5)cn1c23,O=C(NC12CC3CC(CC(C3)C1)C2)c1cn2c3c(cccc3c1=O)OCC2,4
random,CCc1ccc(/C=C2\C=C(CCN3CCOCC3)c3ccccc32)c2ccccc12,C(=C1C=C(CCN2CCOCC2)c2ccccc21)c1cccc2ccccc12,4
random,CCc1ccccc1/N=C1\SCC(C)(C)CN1C(=S)SC,c1ccc(N=C2NCCCS2)cc1,4
random,CCc1cnc(NC(=O)C(C)(C)CC)cc1CN1CCOCC1,c1cc(CN2CCOCC2)ccn1,4
random,CCn1c2ccccc2c2cc(NC(=O)CCc3nc(-c4ccc(F)cc4C#N)no3)ccc21,O=C(CCc1nc(-c2ccccc2)no1)Nc1ccc2[nH]c3ccccc3c2c1,4
random,CN(C)CCCn1c2ccccc2c2cc(C(=O)N3CCCCC3)ccc21,O=C(c1ccc2[nH]c3ccccc3c2c1)N1CCCCC1,4
random,CN(C)CCn1c(=O)n(C(=O)N[C@H](C(N)=O)C(C)(C)C)c2ccccc21,O=c1[nH]c2ccccc2[nH]1,4
random,CN(C)CCn1cc(C(=O)C2C(C)(C)C2(C)C)c2ccccc21,O=C(c1c[nH]c2ccccc12)C1CC1,4
random,CN/C(=N\S(=O)(=O)N1CCC(F)(F)CC1)N1CC(c2ccccc2)C(c2ccc(Cl)cc2)=N1,O=S(=O)(N=CN1CC(c2ccccc2)C(c2ccccc2)=N1)N1CCCCC1,4
random,CN1CCN(C(=O)C23CC4CC(CC(C4)C2)C3)c2ccccc21,O=C(N1CCNc2ccccc21)C12CC3CC(CC(C3)C1)C2,4
random,CNC(=O)CCCCC(C)(C)c1ccc(-c2cc(C)cc(C)c2)c(O)c1,c1ccc(-c2ccccc2)cc1,4
random,CNC(=O)[C@@H](NC(=O)c1nn(-c2c[n+]([O-])ccn2)c2c1C[C@@H]1C[C@H]21)C(C)(C)C,c1c[nH+]cc(-n2ncc3c2C2CC2C3)n1,4
random,COC(=O)C(C)(C)c1cc(O)c2c(c1)OC(C)(C)[C@@H]1CC=C(C)C[C@@H]21,C1=CCC2c3ccccc3OCC2C1,4
random,COC(=O)N[C@]12CC3CC(C1)C[C@](c1cc(O)c4c(c1)OC(C)(C)[C@@H]1CC[C@@H](O)C[C@@H]41)(C3)C2,c1cc2c(cc1C13CC4CC(CC(C4)C1)C3)OCC1CCCCC21,4
random,COC(=O)c1c(-c2ccccc2)csc1NC(=O)C12CC3CC(CC(C3)C1)C2,O=C(Nc1cc(-c2ccccc2)cs1)C12CC3CC(CC(C3)C1)C2,4
random,COC(=O)c1c(NC(=O)C23CC4CC(CC(C4)C2)C3)cnn1C,O=C(Nc1cn[nH]c1)C12CC3CC(CC(C3)C1)C2,4
random,COC(=O)c1c(NC(=O)C23CC4CC(CC(C4)C2)C3)sc2c1CCS(=O)(=O)C2,O=C(Nc1cc2c(s1)CS(=O)(=O)CC2)C12CC3CC(CC(C3)C1)C2,4
random,COC(=O)c1cc(O)c(-c2cc(C)cc(C)c2)c(OC)c1,c1ccc(-c2ccccc2)cc1,4
random,COC(=O)c1ccc(Cn2cc(/C=C3/C(=O)C4CCN3CC4)c3ccccc32)cc1,O=C1C(=Cc2cn(Cc3ccccc3)c3ccccc23)N2CCC1CC2,4
random,COC(=O)c1ccc2c(c1)c(C(=O)C1C(C)(C)C1(C)C)cn2CC1CCOCC1,O=C(c1cn(CC2CCOCC2)c2ccccc12)C1CC1,4
random,COC(=O)c1cccnc1NC(=O)C12CC3CC(CC(C3)C1)C2,O=C(Nc1ccccn1)C12CC3CC(CC(C3)C1)C2,4
random,COC1CCN(C(=O)C23CC4CC(CC(C4)C2)C3)c2ccccc21,O=C(N1CCCc2ccccc21)C12CC3CC(CC(C3)C1)C2,4
random,COC1CN(c2ccc(C(=O)NC(C)(C)Cc3nnc(-c4ccc(F)cc4)o3)nc2OCC2CC2)C1,O=C(NCCc1nnc(-c2ccccc2)o1)c1ccc(N2CCC2)c(OCC2CC2)n1,4
random,COCCNC(=O)c1c(NC(=O)C23CC4CC(CC2C4)C3)sc2c1CCOC2,O=C(Nc1cc2c(s1)COCC2)C12CC3CC(CC1C3)C2,4
random,COCCn1c(C)c(C)s/c1=N\C(=O)C1C(C)(C)C1(C)C,O=C(N=c1[nH]ccs1)C1CC1,4
random,COCCn1cc(C(=O)Nc2ccc3ccccc3c2)c2ccccc21,O=C(Nc1ccc2ccccc2c1)c1c[nH]c2ccccc12,4
random,COc1c(C)cc(-c2ccc(F)cc2)cc1C(=O)N[C@H]1CC[C@@H](C)CC1,O=C(NC1CCCCC1)c1cccc(-c2ccccc2)c1,4
random,COc1c(C)cc(-c2ccc(F)cc2)cc1C(=O)N[C@H]1CC[C@H](C)CC1,O=C(NC1CCCCC1)c1cccc(-c2ccccc2)c1,4
random,COc1c(C)cc(-c2ccccc2)cc1C(=O)N[C@H]1CC[C@H](C)CC1,O=C(NC1CCCCC1)c1cccc(-c2ccccc2)c1,4
random,COc1c(Cc2ccc(F)cc2)cc(-c2ccc(F)cc2)cc1C(=O)N[C@H]1CC[C@@H](C)CC1,O=C(NC1CCCCC1)c1cc(Cc2ccccc2)cc(-c2ccccc2)c1,4
random,COc1cc(Br)cc(C(=O)NC23CC4CC(CC(C4)C2)C3)c1OC,O=C(NC12CC3CC(CC(C3)C1)C2)c1ccccc1,4
random,COc1cc(C(=O)O)cc(OC)c1-c1cc(C)cc(C)c1,c1ccc(-c2ccccc2)cc1,4
random,COc1cc(C(O)c2ccccc2)cc(OC)c1-c1cc(Cl)cc(Cl)c1,c1ccc(Cc2ccc(-c3ccccc3)cc2)cc1,4
random,COc1cc(C)cc2oc(=O)c(Cc3ccccc3C)cc12,O=c1oc2ccccc2cc1Cc1ccccc1,4
random,COc1cc(C)cc2oc(=O)c(Cc3ccccc3O)cc12,O=c1oc2ccccc2cc1Cc1ccccc1,4
random,COc1cc(CNC(=O)c2nn(-c3ccc(F)cc3F)c(-n3c(C)ccc3C)c2C)c(Br)c(OC)c1OC,O=C(NCc1ccccc1)c1cc(-n2cccc2)n(-c2ccccc2)n1,4
random,COc1ccc(-c2cc(C(=O)NC3CCCCCC3)c(=O)n(Cc3ccc(F)cc3)c2C)cc1,O=C(NC1CCCCCC1)c1cc(-c2ccccc2)cn(Cc2ccccc2)c1=O,4
random,COc1ccc(-c2cc(C(=O)NC3CCCCCC3)c(OCc3ccc(F)cc3)nc2C)cc1,O=C(NC1CCCCCC1)c1cc(-c2ccccc2)cnc1OCc1ccccc1,4
random,COc1ccc(-c2oc3ccccc3c2C(=O)c2ccc(OCCCN(C)Cc3ccccc3)cc2)cc1,O=C(c1ccc(OCCCNCc2ccccc2)cc1)c1c(-c2ccccc2)oc2ccccc12,4
random,COc1ccc(/C=C2\C=C(CCN3CCOCC3)c3ccccc32)c2ccccc12,C(=C1C=C(CCN2CCOCC2)c2ccccc21)c1cccc2ccccc12,4
random,COc1ccc(/N=C2\SCC3(CCCCC3)CN2C(=S)SC)cc1,c1ccc(N=C2NCC3(CCCCC3)CS2)cc1,4
random,COc1ccc(C(=O)c2c(-c3ccc(OC)cc3)sc3ccccc23)cc1,O=C(c1ccccc1)c1c(-c2ccccc2)sc2ccccc12,4
random,COc1ccc(C(=O)c2c(C)n(CCN3CCOCC3)c3cc(I)ccc23)cc1,O=C(c1ccccc1)c1cn(CCN2CCOCC2)c2ccccc12,4
random,COc1ccc(C(=O)c2c(CC(C)C)sc3ccccc23)cc1,O=C(c1ccccc1)c1csc2ccccc12,4
random,COc1ccc(C(=O)c2cn(CC3CCOCC3)c3c(OCC(=O)O)cccc23)cc1,O=C(c1ccccc1)c1cn(CC2CCOCC2)c2ccccc12,4
random,COc1ccc(C(=O)n2c(C(C)(C)C)nc3ccccc32)cc1,O=C(c1ccccc1)n1cnc2ccccc21,4
random,COc1ccc(COc2nn(CCN(C(C)C)C(C)C)c3ccccc23)cc1,c1ccc(COc2n[nH]c3ccccc23)cc1,4
random,COc1ccc(COc2nn(Cc3ccc(OC)cc3)c3ccccc23)cc1,c1ccc(COc2nn(Cc3ccccc3)c3ccccc23)cc1,4
random,COc1ccc(OC)c2c(=O)c(C(=O)NC34CC5CC(CC(C5)C3)C4)c[nH]c12,O=C(NC12CC3CC(CC(C3)C1)C2)c1c[nH]c2ccccc2c1=O,4
random,COc1ccc(S(=O)(=O)c2cc(OC)ccc2S(=O)(=O)c2ccc(CNS(C)(=O)=O)cc2)cc1,O=S(=O)(c1ccccc1)c1ccccc1S(=O)(=O)c1ccccc1,4
random,COc1ccc(S(=O)(=O)c2cc(OC)ccc2S(=O)(=O)c2ccc([C@@H](C)NS(C)(=O)=O)cc2)cc1,O=S(=O)(c1ccccc1)c1ccccc1S(=O)(=O)c1ccccc1,4
random,COc1ccc(S(=O)(=O)c2ccc(C(C)NS(C)(=O)=O)cc2)c(S(=O)(=O)c2ccc(O[11CH3])cc2)c1,O=S(=O)(c1ccccc1)c1ccccc1S(=O)(=O)c1ccccc1,4
random,COc1ccc([C@@H]2[C@@H](CCCc3cccnc3)C(=O)N2c2ccccc2)cc1,O=C1C(CCCc2cccnc2)C(c2ccccc2)N1c1ccccc1,4
random,COc1ccc2c(C(=O)C3C(C)(C)C3(C)C)cn(CC3CCOCC3)c2c1,O=C(c1cn(CC2CCOCC2)c2ccccc12)C1CC1,4
random,COc1ccc2c(c1)-c1c(O)cc(C34CC5CC(CC(C5)C3)C4)cc1OC2(C)C,c1ccc2c(c1)COc1cc(C34CC5CC(CC(C5)C3)C4)ccc1-2,4
random,COc1ccc2c(c1)OC(C)(C)c1cn(CCN3CCN(C(=O)c4ccccc4)CC3)nc1-2,O=C(c1ccccc1)N1CCN(CCn2cc3c(n2)-c2ccccc2OC3)CC1,4
random,COc1ccc2c(c1)c(C(=O)C1C(C)(C)C1(C)C)cn2CCN1CCOCC1,O=C(c1cn(CCN2CCOCC2)c2ccccc12)C1CC1,4
random,COc1cccc(C(=O)NC23CC4CC(CC(C4)C2)C3)c1Cc1ccccc1,O=C(NC12CC3CC(CC(C3)C1)C2)c1ccccc1Cc1ccccc1,4
random,COc1cccc(Cc2cc3c(OC)cc(Br)cc3oc2=O)c1,O=c1oc2ccccc2cc1Cc1ccccc1,4
random,COc1cccc2c(C(=O)NC3C(C)(C)[C@@H]4CC[C@@]3(C)C4)cn(CCN3CCOCC3)c12,O=C(NC1CC2CCC1C2)c1cn(CCN2CCOCC2)c2ccccc12,4
random,COc1cccc2c(C(=O)c3ccc(Br)c4ccccc34)c(C)n(CCN3CCOCC3)c12,O=C(c1cccc2ccccc12)c1cn(CCN2CCOCC2)c2ccccc12,4
random,COc1ccccc1/N=C1\SCC2(CCCCC2)CN1C(=S)SC,c1ccc(N=C2NCC3(CCCCC3)CS2)cc1,4
random,COc1ccccc1NC(=O)C(C)Sc1nc(-c2ccc(C)cc2)nc2c1COC(C)(C)C2,O=C(CSc1nc(-c2ccccc2)nc2c1COCC2)Nc1ccccc1,4
random,CS(=O)(=O)NC1(c2ccccc2)CCN(c2ncnc3c2nc(-c2ccccc2Cl)n3-c2ccc(Cl)cc2)CC1,c1ccc(-c2nc3c(N4CCC(c5ccccc5)CC4)ncnc3n2-c2ccccc2)cc1,4
random,CSC(=S)N1CC(C)(C)CS/C1=N\c1ccccc1C,c1ccc(N=C2NCCCS2)cc1,4
random,CSC(=S)N1CC(C)(C)CS/C1=N\c1ccccc1Cl,c1ccc(N=C2NCCCS2)cc1,4
random,CSC(=S)N1CC(C)(C)CS/C1=N\c1ccccc1Oc1ccccc1,c1ccc(Oc2ccccc2N=C2NCCCS2)cc1,4
random,CSC(=S)N1CC2(CCCC2)CS/C1=N\c1ccccc1C(C)C,c1ccc(N=C2NCC3(CCCC3)CS2)cc1,4
random,CSC(=S)N1CC2(CCCCC2)CO/C1=N\c1cc(C(C)(C)C)on1,c1cc(N=C2NCC3(CCCCC3)CO2)no1,4
random,CSC(=S)N1CC2(CCCCC2)CO/C1=N\c1ccc(C#N)c2c1CCCC2,c1cc2c(c(N=C3NCC4(CCCCC4)CO3)c1)CCCC2,4
random,CSC(=S)N1CC2(CCCCC2)CO/C1=N\c1ccc([N+](=O)[O-])c2ccccc12,c1ccc2c(N=C3NCC4(CCCCC4)CO3)cccc2c1,4
random,CSC(=S)N1CC2(CCCCC2)CS/C1=N\c1cccc2c1CCCN2C,c1cc(N=C2NCC3(CCCCC3)CS2)c2c(c1)NCCC2,4
random,CSC(=S)N1CC2(CCCCC2)CS/C1=N\c1cccc2nonc12,c1cc(N=C2NCC3(CCCCC3)CS2)c2nonc2c1,4
random,CSC(=S)N1CC2(CCCCC2)CS/C1=N\c1ccccc1OC(F)(F)F,c1ccc(N=C2NCC3(CCCCC3)CS2)cc1,4
random,CSc1c(C(=O)NN2CCCC2)nn(-c2ccc(Cl)cc2Cl)c1-c1ccc(Cl)cc1,O=C(NN1CCCC1)c1cc(-c2ccccc2)n(-c2ccccc2)n1,4
random,C[C@H](/C=C\C/C=C\C/C=C\CCCC(=O)N[C@H](C)CO)/C=C\CCCOc1ccccc1,c1ccccc1,4
random,C[C@H](CO)NC(=O)CCC/C=C\C/C=C\C/C=C\C/C=C\CCOC(=O)c1cccc2c1OC(C)(C(C)(C)C)O2,c1ccc2c(c1)OCO2,4
random,C[C@H](CO)NC(=O)CCC/C=C\C/C=C\CCOc1cccc(C(C)(C)CCCC#N)c1,c1ccccc1,4
random,C[C@H](CO)NC(=O)CCC/C=C\C/C=C\CCOc1cccc(C(C)(C)CCCCN=[N+]=[N-])c1,c1ccccc1,4
random,C[C@H](NC(=O)C(C)(C)Oc1ccc(C(F)(F)F)cn1)[C@@H](Cc1ccc(Cl)cc1)c1cccc(C#N)c1,O=C(COc1ccccn1)NCC(Cc1ccccc1)c1ccccc1,4
random,C[C@H](NS(C)(=O)=O)c1ccc(Cc2ccc(C(F)(F)F)cc2S(=O)(=O)c2c(F)cccc2F)cc1,O=S(=O)(c1ccccc1)c1ccccc1Cc1ccccc1,4
random,C[C@H](NS(C)(=O)=O)c1ccc(Cc2ccc(OC(F)(F)F)cc2S(=O)(=O)c2ccccc2OC(F)(F)F)cc1,O=S(=O)(c1ccccc1)c1ccccc1Cc1ccccc1,4
random,C[C@H](NS(C)(=O)=O)c1ccc(S(=O)(=O)c2ccc(C(F)(F)F)cc2S(=O)(=O)c2ccc(Cl)cc2)cc1,O=S(=O)(c1ccccc1)c1ccccc1S(=O)(=O)c1ccccc1,4
random,C[C@H](NS(C)(=O)=O)c1ccc(S(=O)(=O)c2ccc(Cl)cc2S(=O)(=O)c2ccccc2Cl)cc1,O=S(=O)(c1ccccc1)c1ccccc1S(=O)(=O)c1ccccc1,4
random,C[C@H]1CC[C@@H](NC(=O)c2cc3cccnc3n(Cc3ccc(F)cc3)c2=O)CC1,O=C(NC1CCCCC1)c1cc2cccnc2n(Cc2ccccc2)c1=O,4
random,C[C@H]1CC[C@H](NC(=O)c2cc3cc(-c4cccs4)cnc3n(Cc3ccc(F)cc3)c2=O)CC1,O=C(NC1CCCCC1)c1cc2cc(-c3cccs3)cnc2n(Cc2ccccc2)c1=O,4
random,C[C@H]1CN(C(=O)c2cn3c4c(cccc24)OC[C@H]3C2CCCCC2)CCN1C,O=C(c1cn2c3c(cccc13)OCC2C1CCCCC1)N1CCNCC1,4
random,Cc1c(Br)cn(CCCc2cn(CCCCCn3c(C)c(Br)cc(C(=O)NC4CCCCCC4)c3=O)nn2)c(=O)c1NC(=O)C1CCCCCC1,O=C(NC1CCCCCC1)c1cccn(CCCCCn2cc(CCCn3cccc(NC(=O)C4CCCCCC4)c3=O)nn2)c1=O,4
random,Cc1c(Br)cnc(OCc2ccc(F)cc2)c1C(=O)NC1CCCCCC1,O=C(NC1CCCCCC1)c1cccnc1OCc1ccccc1,4
random,Cc1c(C(=O)N(C)Cc2ccccc2)oc2ccc(S(=O)(=O)N3CC(C)CC(C)C3)cc12,O=C(NCc1ccccc1)c1cc2cc(S(=O)(=O)N3CCCCC3)ccc2o1,4
random,Cc1c(C(=O)N2CCC(O)CC2)nc(-c2ccc(Cl)cc2Cl)n1-c1ccc(Cl)cc1,O=C(c1cn(-c2ccccc2)c(-c2ccccc2)n1)N1CCCCC1,4
random,Cc1c(C(=O)N2CCCCCC2)oc2ccc(S(=O)(=O)N3CC(C)CC(C)C3)cc12,O=C(c1cc2cc(S(=O)(=O)N3CCCCC3)ccc2o1)N1CCCCCC1,4
random,Cc1c(C(=O)NC(C)c2ccccc2)nn(-c2ccc(Cl)c(Cl)c2)c1-n1c(C)ccc1C,O=C(NCc1ccccc1)c1cc(-n2cccc2)n(-c2ccccc2)n1,4
random,Cc1c(C(=O)NC23CC4CC(CC(C4)C2)C3)nn(-c2ccc(Cl)c(Cl)c2)c1-n1cccc1,O=C(NC12CC3CC(CC(C3)C1)C2)c1cc(-n2cccc2)n(-c2ccccc2)n1,4
random,Cc1c(C(=O)NC2CC3CCC2C3)nc(-c2ccc(Cl)cc2Cl)n1-c1ccc(Cl)cc1,O=C(NC1CC2CCC1C2)c1cn(-c2ccccc2)c(-c2ccccc2)n1,4
random,Cc1c(C(=O)NC2CCCC2)nn(-c2ccc(Cl)c(Cl)c2)c1-n1cccc1,O=C(NC1CCCC1)c1cc(-n2cccc2)n(-c2ccccc2)n1,4
random,Cc1c(C(=O)NC2CCCCC2)nn(-c2ccc(Cl)c(Cl)c2)c1-n1c(Cl)ccc1Cl,O=C(NC1CCCCC1)c1cc(-n2cccc2)n(-c2ccccc2)n1,4
random,Cc1c(C(=O)NC2CCCCC2)nn(-c2ccc(Cl)cc2Cl)c1-n1c(Cl)ccc1Cl,O=C(NC1CCCCC1)c1cc(-n2cccc2)n(-c2ccccc2)n1,4
random,Cc1c(C(=O)NC2CCCCC2)nn(-c2ccc(Cl)cc2Cl)c1-n1cccc1Cl,O=C(NC1CCCCC1)c1cc(-n2cccc2)n(-c2ccccc2)n1,4
random,Cc1c(C(=O)NC2CCCc3ccccc32)oc2ccc(S(=O)(=O)N3CC(C)CC(C)C3)cc12,O=C(NC1CCCc2ccccc21)c1cc2cc(S(=O)(=O)N3CCCCC3)ccc2o1,4
random,Cc1c(C(=O)NC2CCN(C(=O)c3ccccc3)CC2)nn(-c2ccc(Cl)cc2Cl)c1-c1ccc(Cl)cc1,O=C(NC1CCN(C(=O)c2ccccc2)CC1)c1cc(-c2ccccc2)n(-c2ccccc2)n1,4
random,Cc1c(C(=O)NC2CCN(S(=O)(=O)CCC(F)(F)F)CC2)nn(-c2ccc(Cl)cc2Cl)c1-c1ccc(Cl)cc1,O=C(NC1CCNCC1)c1cc(-c2ccccc2)n(-c2ccccc2)n1,4
random,Cc1c(C(=O)NCC2CCC(CNS(N)(=O)=O)CC2)nn(-c2ccc(Cl)cc2Cl)c1-c1ccc(Cl)cc1,O=C(NCC1CCCCC1)c1cc(-c2ccccc2)n(-c2ccccc2)n1,4
random,Cc1c(C(=O)NCCC(C)(C)C)nn(-c2ccc(F)cc2F)c1-n1c(C)ccc1C,c1ccc(-n2nccc2-n2cccc2)cc1,4
random,Cc1c(C(=O)NCCCCCCCCCN(C)CCCCCCCCCN)nn(-c2ccc(Cl)cc2Cl)c1-c1ccc(Cl)cc1,c1ccc(-c2ccnn2-c2ccccc2)cc1,4
random,Cc1c(C(=O)NCCCCCCCN(C)CCCCCCCNC(=O)c2nn(-c3ccc(Cl)cc3Cl)c(-c3ccc(Cl)cc3)c2C)nn(-c2ccc(Cl)cc2Cl)c1-c1ccc(Cl)cc1,O=C(NCCCCCCCNCCCCCCCNC(=O)c1cc(-c2ccccc2)n(-c2ccccc2)n1)c1cc(-c2ccccc2)n(-c2ccccc2)n1,4
random,Cc1c(C(=O)NCCCCNCc2ccccc2)nn(-c2ccc(Cl)cc2Cl)c1-c1ccc(Cl)cc1,O=C(NCCCCNCc1ccccc1)c1cc(-c2ccccc2)n(-c2ccccc2)n1,4
random,Cc1c(C(=O)NC[C@H]2CC[C@@H](CNS(N)(=O)=O)CC2)nn(-c2ccc(Cl)cc2Cl)c1-c1ccc(Cl)cc1,O=C(NCC1CCCCC1)c1cc(-c2ccccc2)n(-c2ccccc2)n1,4
random,Cc1c(C(=O)NCc2ccc(Cl)c(Cl)c2)nn(-c2ccc(Cl)c(Cl)c2)c1-n1cccc1Cl,O=C(NCc1ccccc1)c1cc(-n2cccc2)n(-c2ccccc2)n1,4
random,Cc1c(C(=O)NCc2ccc(Cl)c(Cl)c2)nn(-c2ccc(Cl)cc2Cl)c1-n1cccc1,O=C(NCc1ccccc1)c1cc(-n2cccc2)n(-c2ccccc2)n1,4
random,Cc1c(C(=O)NCc2ccc(Cl)c(Cl)c2)nn(-c2ccc(Cl)cc2Cl)c1-n1cccc1Cl,O=C(NCc1ccccc1)c1cc(-n2cccc2)n(-c2ccccc2)n1,4
random,Cc1c(C(=O)NCc2ccccc2)oc2ccc(S(=O)(=O)N3CC(C)CC(C)C3)cc12,O=C(NCc1ccccc1)c1cc2cc(S(=O)(=O)N3CCCCC3)ccc2o1,4
random,Cc1c(C(=O)NN2CC3CCCC3C2)nc(-c2ccc(Cl)cc2Cl)n1-c1ccc(Cl)cc1,O=C(NN1CC2CCCC2C1)c1cn(-c2ccccc2)c(-c2ccccc2)n1,4
random,Cc1c(C(=O)NN2CCCCC2)nc(-c2ccc(Cl)cc2Cl)n1-c1ccc(C(F)(F)F)cc1,O=C(NN1CCCCC1)c1cn(-c2ccccc2)c(-c2ccccc2)n1,4
random,Cc1c(C(=O)NN2CCCCC2)nn(-c2ccc(Cl)cc2Cl)c1-c1ccc(I)cc1,O=C(NN1CCCCC1)c1cc(-c2ccccc2)n(-c2ccccc2)n1,4
random,Cc1c(C(=O)NN2CCCCC2)nn(-c2ccc(Cl)cc2Cl)c1-n1cccc1,O=C(NN1CCCCC1)c1cc(-n2cccc2)n(-c2ccccc2)n1,4
random,Cc1c(C(=O)NN2CCCCC2)nn(-c2ccc(F)cc2F)c1-n1c(C)ccc1C,O=C(NN1CCCCC1)c1cc(-n2cccc2)n(-c2ccccc2)n1,4
random,Cc1c(O)ccc2c1OC1=C(CC[C@@H](C)C1)C2(C)C,c1ccc2c(c1)CC1=C(CCCC1)O2,4
random,Cc1cc(=O)c(C(=O)NC23CC4CC(CC(C4)C2)C3)cn1CCCC(F)(F)F,O=C(NC12CC3CC(CC(C3)C1)C2)c1c[nH]ccc1=O,4
random,Cc1cc(C(=O)NC23CC4CC(CC(C4)C2)C3)c(C)n1-c1ccccc1,O=C(NC12CC3CC(CC(C3)C1)C2)c1ccn(-c2ccccc2)c1,4
random,Cc1cc(C)c(OCC(=O)Nc2sc3c(c2C(=O)NC2CCS(=O)(=O)C2)CCCC3)c(C)c1,O=C(COc1ccccc1)Nc1sc2c(c1C(=O)NC1CCS(=O)(=O)C1)CCCC2,4
random,Cc1cc(C2=NN(C(=O)NC3CCCCC3)CC2C2CCCC2)ccc1Cl,O=C(NC1CCCCC1)N1CC(C2CCCC2)C(c2ccccc2)=N1,4
random,Cc1cc(Cl)ccc1-c1c(C)c(C(=O)NN2CCCCC2)nn1-c1ccc(Cl)cc1Cl,O=C(NN1CCCCC1)c1cc(-c2ccccc2)n(-c2ccccc2)n1,4
random,Cc1cc(NC(=O)C2C(C)(C)C2(C)C)cc(S(=O)(=O)N2CCOCC2)c1C,O=C(Nc1cccc(S(=O)(=O)N2CCOCC2)c1)C1CC1,4
random,Cc1cc(O)c2c(c1)OC(C)(C)C1=C2C[C@H](C)CC1,c1ccc2c(c1)OCC1=C2CCCC1,4
random,Cc1ccc(-c2cc3ncccc3c3cc(C(=O)NC45CC6CC(CC(C6)C4)C5)nn23)cc1,O=C(NC12CC3CC(CC(C3)C1)C2)c1cc2c3cccnc3cc(-c3ccccc3)n2n1,4
random,Cc1ccc(-c2cc3ncccc3c3cc(C(=O)NC[C@@H]4CCC5CC4C5(C)C)nn23)cc1,O=C(NCC1CCC2CC1C2)c1cc2c3cccnc3cc(-c3ccccc3)n2n1,4
random,Cc1ccc(-c2n[nH]c(CC3CCCCC3)n2)cc1S(=O)(=O)N1CCOCC1,O=S(=O)(c1cccc(-c2n[nH]c(CC3CCCCC3)n2)c1)N1CCOCC1,4
random,Cc1ccc(-c2nnn(CC(C)(C)C)n2)cc1S(=O)(=O)N1CCOCC1,O=S(=O)(c1cccc(-c2nn[nH]n2)c1)N1CCOCC1,4
random,Cc1ccc(-c2nnn(CC3CCCCC3)n2)cc1S(=O)(=O)N1CCOCC1,O=S(=O)(c1cccc(-c2nnn(CC3CCCCC3)n2)c1)N1CCOCC1,4
random,Cc1ccc(-c2noc(C(C)(C)C)n2)cc1S(=O)(=O)N1CCOCC1,O=S(=O)(c1cccc(-c2ncon2)c1)N1CCOCC1,4
random,Cc1ccc(C(=O)NC2C(C)(C)[C@@H]3CC[C@@]2(C)C3)cc1CCC(=O)N1CCOCC1,O=C(NC1CC2CCC1C2)c1cccc(CCC(=O)N2CCOCC2)c1,4
random,Cc1ccc(C(=O)N[C@H]2C(C)(C)[C@@H]3CC[C@@]2(C)C3)cc1S(=O)(=O)N1CCOCC1,O=C(NC1CC2CCC1C2)c1cccc(S(=O)(=O)N2CCOCC2)c1,4
random,Cc1ccc(C(=O)N[C@H]2C(C)(C)[C@H]3CC[C@]2(C)C3)cc1S(=O)(=O)N1CCOCC1,O=C(NC1CC2CCC1C2)c1cccc(S(=O)(=O)N2CCOCC2)c1,4
random,Cc1ccc(C(c2ccc(Cl)cc2Cl)N2CCN(C(=O)NN3CCCCC3)CC2)cc1,O=C(NN1CCCCC1)N1CCN(C(c2ccccc2)c2ccccc2)CC1,4
random,Cc1ccc(C2c3cccn3-c3ccccc3N2C(=O)CN(C(=O)C2CCCC2)C2CC2)cc1,O=C(C1CCCC1)N(CC(=O)N1c2ccccc2-n2cccc2C1c1ccccc1)C1CC1,4
random,Cc1ccc(CNC(=O)c2oc3ccc(S(=O)(=O)N4CC(C)CC(C)C4)cc3c2C)cc1,O=C(NCc1ccccc1)c1cc2cc(S(=O)(=O)N3CCCCC3)ccc2o1,4
random,Cc1ccc(Cn2c(NCCc3c[nH]c4ccccc34)nc3c2c(=O)n(C)c(=O)n3C)cc1,O=c1[nH]c(=O)c2c(nc(NCCc3c[nH]c4ccccc34)n2Cc2ccccc2)[nH]1,4
random,Cc1ccc(Cn2cc(/C=C/[C@@H]3C(C)(C)[C@@H]4CC[C@@]3(C)C4)cc2-c2ccc(Cl)c(C)c2)cc1,C(=CC1CC2CCC1C2)c1cc(-c2ccccc2)n(Cc2ccccc2)c1,4
random,Cc1ccc(Cn2cc(C(=O)N3CCCCC3)cc2-c2ccc(Cl)c(C)c2)cc1,O=C(c1cc(-c2ccccc2)n(Cc2ccccc2)c1)N1CCCCC1,4
random,Cc1ccc(Cn2cc(C(=O)NN3CCCCCC3)cc2-c2ccc(Cl)c(C)c2)cc1,O=C(NN1CCCCCC1)c1cc(-c2ccccc2)n(Cc2ccccc2)c1,4
random,Cc1ccc(NC(=O)C(C)(C)C)cc1S(=O)(=O)N1CCOCC1,O=S(=O)(c1ccccc1)N1CCOCC1,4
random,Cc1ccc(NC(=O)C2C(C)(C)C2(C)C)cc1S(=O)(=O)N1CCOCC1,O=C(Nc1cccc(S(=O)(=O)N2CCOCC2)c1)C1CC1,4
random,Cc1ccc(NC(=O)[C@H]2C(C)(C)[C@@H]3CC[C@@]2(C)C3)cc1S(=O)(=O)N1CCOCC1,O=C(Nc1cccc(S(=O)(=O)N2CCOCC2)c1)C1CC2CCC1C2,4
random,Cc1ccc(NC(=O)c2cccn2Cc2ccc(F)cc2)cc1,O=C(Nc1ccccc1)c1cccn1Cc1ccccc1,4
random,Cc1ccc(S(=O)(=O)N[C@H]2CCCOc3c2nn(-c2ccccc2Cl)c3-c2ccc(Cl)cc2)cc1,O=S(=O)(NC1CCCOc2c1nn(-c1ccccc1)c2-c1ccccc1)c1ccccc1,4
random,Cc1ccc2c(C(=O)C3C(C)(C)C3(C)C)cn(CC3CCOCC3)c2c1,O=C(c1cn(CC2CCOCC2)c2ccccc12)C1CC1,4
random,Cc1ccc2c(c1)Cc1c(C(=O)NN3CCCCC3)nn(-c3ccc(Cl)cc3Cl)c1-2,O=C(NN1CCCCC1)c1nn(-c2ccccc2)c2c1Cc1ccccc1-2,4
random,Cc1cccc(-c2c(O)cc(C(=O)c3cccs3)cc2O)c1,O=C(c1ccc(-c2ccccc2)cc1)c1cccs1,4
random,Cc1ccnc(OCc2ccc(F)cc2)c1C(=O)NC1CCCCCC1,O=C(NC1CCCCCC1)c1cccnc1OCc1ccccc1,4
random,Cc1nc(N2CCN(C)CC2)c2nc(-c3ccccc3Cl)n(C3CCOCC3)c2n1,c1ccc(-c2nc3c(N4CCNCC4)ncnc3n2C2CCOCC2)cc1,4
random,Cc1noc([C@@H](NC(=O)n2c(=O)n(CCN3CCOCC3)c3ccccc32)C(C)(C)C)n1,O=C(NCc1ncno1)n1c(=O)n(CCN2CCOCC2)c2ccccc21,4
random,Clc1ccc(-n2c(-c3ccccc3Cl)nc3c(N4CCN(CCc5ccccc5)CC4)ncnc32)cc1,c1ccc(CCN2CCN(c3ncnc4c3nc(-c3ccccc3)n4-c3ccccc3)CC2)cc1,4
random,Cn1c(=O)c2c(nc(NCCc3c[nH]c4ccccc34)n2Cc2cccc(Cl)c2)n(C)c1=O,O=c1[nH]c(=O)c2c(nc(NCCc3c[nH]c4ccccc34)n2Cc2ccccc2)[nH]1,4
random,Cn1c(C(C)(C)C)c/c(=N/C(=O)c2cc(C(F)(F)F)ccc2ONC(C)(C)C)n1C[C@H]1CCCO1,O=C(N=c1cc[nH]n1CC1CCCO1)c1ccccc1,4
random,Cn1cc2c(n1)c(O)c(C(=O)NC13CC4CC(CC(O)(C4)C1)C3)c(=O)n2CCCCF,O=C(NC12CC3CC(CC(C3)C1)C2)c1cc2n[nH]cc2[nH]c1=O,4
random,Cn1ccnc1COc1ccc(C(F)(F)F)cc1C(=O)/N=c1\sc(C(C)(C)C)cn1C[C@H]1CCCO1,O=C(N=c1sccn1CC1CCCO1)c1ccccc1OCc1ncc[nH]1,4
random,Cn1nnc([C@@H](NC(=O)n2c(=O)n(CCN3CCOCC3)c3ccccc32)C(C)(C)C)n1,O=C(NCc1nn[nH]n1)n1c(=O)n(CCN2CCOCC2)c2ccccc21,4
random,FC(F)(c1ccccc1)c1nc(N2CCC3(C2)N=N3)c2nnn(Cc3ccccc3Cl)c2n1,c1ccc(Cc2nc(N3CCC4(C3)N=N4)c3nnn(Cc4ccccc4)c3n2)cc1,4
random,Fc1ccc(N2CCN(c3ncnc4c3nc(-c3ccccc3Cl)n4-c3ccc(Cl)cc3)CC2)cc1,c1ccc(-c2nc3c(N4CCN(c5ccccc5)CC4)ncnc3n2-c2ccccc2)cc1,4
random,N#C/C(=C\c1cn(CCN2CCOCC2)c2ccccc12)S(=O)(=O)c1ccccc1,O=S(=O)(C=Cc1cn(CCN2CCOCC2)c2ccccc12)c1ccccc1,4
random,N#CC1(CNS(=O)(=O)C(F)(F)F)CCN(S(=O)(=O)c2ccc(Cl)cc2S(=O)(=O)c2ccccc2F)CC1,O=S(=O)(c1ccccc1)c1ccccc1S(=O)(=O)N1CCCCC1,4
random,N#Cc1c(C(F)(F)F)ccc2c1oc1cc(OS(=O)(=O)CCCC(F)(F)F)ccc12,c1ccc2c(c1)oc1ccccc12,4
random,N#Cc1c(C(F)(F)F)ccc2c1oc1ccc(OS(=O)(=O)CCCC(F)(F)F)cc12,c1ccc2c(c1)oc1ccccc12,4
random,N#Cc1cc(-c2c(O)cc(C(=O)c3ccccc3)cc2O)ccc1F,O=C(c1ccccc1)c1ccc(-c2ccccc2)cc1,4
random,N#Cc1cc(F)ccc1-c1nnc(CCC(=O)Nc2ccc3c(c2)c2ccccc2n3CCF)o1,O=C(CCc1nnc(-c2ccccc2)o1)Nc1ccc2[nH]c3ccccc3c2c1,4
random,N#Cc1cc(F)ccc1-c1noc(CCC(=O)Nc2ccc3c(c2)c2ccccc2n3CCO)n1,O=C(CCc1nc(-c2ccccc2)no1)Nc1ccc2[nH]c3ccccc3c2c1,4
random,N#Cc1ccc(C(=O)NC[C@@H]2CC[C@@H](c3ccc(Cl)cc3Cl)N(c3ccc(Cl)cc3)C2)cc1,O=C(NCC1CCC(c2ccccc2)N(c2ccccc2)C1)c1ccccc1,4
random,N#Cc1ccccc1CSc1nnc2c3ccccc3n(C(=O)C3CCCCC3)c2n1,O=C(C1CCCCC1)n1c2ccccc2c2nnc(SCc3ccccc3)nc21,4
random,N#Cc1ccccc1CSc1nnc2c3ccccc3n(C(=O)c3ccc(OC(F)(F)F)cc3)c2n1,O=C(c1ccccc1)n1c2ccccc2c2nnc(SCc3ccccc3)nc21,4
random,N/C(=N/C(=N/S(=O)(=O)N1CCCCC1)N1CC(c2ccccc2)C(c2ccc(Cl)cc2)=N1)c1ccc(F)cc1,O=S(=O)(N=C(N=Cc1ccccc1)N1CC(c2ccccc2)C(c2ccccc2)=N1)N1CCCCC1,4
random,NC(=O)C1(c2ccccc2)CCN(c2ncnc3c2nc(-c2ccccc2Cl)n3-c2ccc(Cl)cc2)CC1,c1ccc(-c2nc3c(N4CCC(c5ccccc5)CC4)ncnc3n2-c2ccccc2)cc1,4
random,NC(=O)CN1CCN(Cc2nc(-c3cn(CC4CCOCC4)c4c(Cl)cccc34)no2)CC1,c1ccc2c(c1)c(-c1noc(CN3CCNCC3)n1)cn2CC1CCOCC1,4
random,Nc1ccc(C(NC(=O)Cc2ccccc2)NC(=O)Cc2ccccc2)cc1,O=C(Cc1ccccc1)NC(NC(=O)Cc1ccccc1)c1ccccc1,4
random,O=C(/C=C/C=C/c1ccc2ccccc2c1)NC1CC1,O=C(C=CC=Cc1ccc2ccccc2c1)NC1CC1,4
random,O=C(/C=C/c1ccc2ccccc2c1)CCCC(=O)NCCO,c1ccc2ccccc2c1,4
random,O=C(C1CCC1)N1CCN(C(c2ccccc2)c2ccc(Cl)cc2Cl)CC1,O=C(C1CCC1)N1CCN(C(c2ccccc2)c2ccccc2)CC1,4
random,O=C(CCCCCCCCCCOc1cccc(O)c1)NC1CC1,O=C(CCCCCCCCCCOc1ccccc1)NC1CC1,4
random,O=C(CCc1nc(-c2ccc(Cl)cc2)no1)Nc1ccc2c(c1)c1ccccc1n2CCO,O=C(CCc1nc(-c2ccccc2)no1)Nc1ccc2[nH]c3ccccc3c2c1,4
random,O=C(CCc1nc(-c2ccc(F)cc2Br)no1)Nc1ccc2c(c1)c1ccccc1n2CCCCO,O=C(CCc1nc(-c2ccccc2)no1)Nc1ccc2[nH]c3ccccc3c2c1,4
random,O=C(Cc1ccc(Cl)cc1)NC(NC(=O)Cc1ccc(Cl)cc1)c1ccccc1C(F)(F)F,O=C(Cc1ccccc1)NC(NC(=O)Cc1ccccc1)c1ccccc1,4
random,O=C(N1CCN(c2ncnc3c2nc(-c2ccccc2Cl)n3-c2ccc(Cl)cc2)CC1)C(F)(F)F,c1ccc(-c2nc3c(N4CCNCC4)ncnc3n2-c2ccccc2)cc1,4
random,O=C(N1CCc2ccccc21)C12CC3CC(CC(C3)C1)C2,O=C(N1CCc2ccccc21)C12CC3CC(CC(C3)C1)C2,4
random,O=C(NC1(C(F)(F)F)CCCC1)N1CCN(c2ncnc3c2nc(-c2ccccc2Cl)n3-c2ccc(Cl)cc2)CC1,O=C(NC1CCCC1)N1CCN(c2ncnc3c2nc(-c2ccccc2)n3-c2ccccc2)CC1,4
random,O=C(NC12CC3CC(CC(C3)C1)C2)c1cccc(OCc2ccccc2)c1,O=C(NC12CC3CC(CC(C3)C1)C2)c1cccc(OCc2ccccc2)c1,4
random,O=C(NC12CC3CC(CC(C3)C1)C2)c1ccccc1OCC1CCCCC1,O=C(NC12CC3CC(CC(C3)C1)C2)c1ccccc1OCC1CCCCC1,4
random,O=C(NC12CC3CC(CC(C3)C1)C2)c1cn2c3c(cccc3c1=O)OCC2c1ccccc1,O=C(NC12CC3CC(CC(C3)C1)C2)c1cn2c3c(cccc3c1=O)OCC2c1ccccc1,4
random,O=C(NC12CC3CC(CC(C3)C1)C2)c1nc(Cl)n(-c2ccccc2)c1Cl,O=C(NC12CC3CC(CC(C3)C1)C2)c1cn(-c2ccccc2)cn1,4
random,O=C(NC1CCCCC1)N1CC(Cc2ccccc2)C(c2ccccc2)=N1,O=C(NC1CCCCC1)N1CC(Cc2ccccc2)C(c2ccccc2)=N1,4
random,O=C(NC1CCCCC1)c1cc(-n2cccc2)n(-c2ccc(Cl)cc2)n1,O=C(NC1CCCCC1)c1cc(-n2cccc2)n(-c2ccccc2)n1,4
random,O=C(NC1CCCCC1)c1cc2ccccc2n(CCN2CCOCC2)c1=O,O=C(NC1CCCCC1)c1cc2ccccc2n(CCN2CCOCC2)c1=O,4
random,O=C(NC1CCCCC1)c1cccn(Cc2ccccc2)c1=O,O=C(NC1CCCCC1)c1cccn(Cc2ccccc2)c1=O,4
random,O=C(NC1CCCCC1)c1cn(-c2ccc(Cl)cc2)c(-c2ccccc2Cl)n1,O=C(NC1CCCCC1)c1cn(-c2ccccc2)c(-c2ccccc2)n1,4
random,O=C(NC1CCCCCC1)c1cc(-c2ccc(F)cc2)cn(Cc2ccc(F)cc2)c1=O,O=C(NC1CCCCCC1)c1cc(-c2ccccc2)cn(Cc2ccccc2)c1=O,4
random,O=C(NC1CCCCCC1)c1cc(-c2ccccc2)nn(Cc2ccc(F)cc2)c1=O,O=C(NC1CCCCCC1)c1cc(-c2ccccc2)nn(Cc2ccccc2)c1=O,4
random,O=C(NC1CCCCCC1)c1cccn(Cc2ccc(Cl)cc2)c1=O,O=C(NC1CCCCCC1)c1cccn(Cc2ccccc2)c1=O,4
random,O=C(NC1CCCCCC1)c1cccn(Cc2ccc(F)cc2)c1=O,O=C(NC1CCCCCC1)c1cccn(Cc2ccccc2)c1=O,4
random,O=C(NC1CCCCCC1)c1cn(CCN2CCOCC2)c2ccccc2c1=O,O=C(NC1CCCCCC1)c1cn(CCN2CCOCC2)c2ccccc2c1=O,4
random,O=C(NC1CCCCCC1)c1cn(Cc2ccccc2)c2ccccc2c1=O,O=C(NC1CCCCCC1)c1cn(Cc2ccccc2)c2ccccc2c1=O,4
random,O=C(NC1CCCOc2c1nn(-c1ccccc1Cl)c2-c1ccc(Cl)cc1)C1CCOCC1,O=C(NC1CCCOc2c1nn(-c1ccccc1)c2-c1ccccc1)C1CCOCC1,4
random,O=C(NC1CCN(c2ncnc3c2nc(-c2ccccc2Cl)n3-c2ccc(Cl)cc2)CC1)c1ccccc1F,O=C(NC1CCN(c2ncnc3c2nc(-c2ccccc2)n3-c2ccccc2)CC1)c1ccccc1,4
random,O=C(NCCCc1ccccc1)C(c1ccccc1)c1ccc(Cl)cc1,O=C(NCCCc1ccccc1)C(c1ccccc1)c1ccccc1,4
random,O=C(NCc1ccccc1)c1cc2c(n(CCCN3CCOCC3)c1=O)CCCCCC2,O=C(NCc1ccccc1)c1cc2c(n(CCCN3CCOCC3)c1=O)CCCCCC2,4
random,O=C(NCc1ccccc1)c1cccn1Cc1ccc(F)cc1,O=C(NCc1ccccc1)c1cccn1Cc1ccccc1,4
random,O=C(NCc1ccco1)c1cccn1Cc1ccc(-c2ccccc2)cc1,O=C(NCc1ccco1)c1cccn1Cc1ccc(-c2ccccc2)cc1,4
random,O=C(NN1CCCCC1)c1cc(-c2ccccc2)n(-c2ccccc2)n1,O=C(NN1CCCCC1)c1cc(-c2ccccc2)n(-c2ccccc2)n1,4
random,O=C(N[C@@H]1CCCC[C@H]1O)c1cnc(OCC2CC2)c(-c2ccc(Cl)c(Cl)c2)c1,O=C(NC1CCCCC1)c1cnc(OCC2CC2)c(-c2ccccc2)c1,4
random,O=C(Nc1cccc2ccccc12)n1c(=O)n(CCN2CCOCC2)c2ccccc21,O=C(Nc1cccc2ccccc12)n1c(=O)n(CCN2CCOCC2)c2ccccc21,4
random,O=C(Nc1ccccc1F)N1CCN(c2ncnc3c2nc(-c2ccccc2Cl)n3-c2ccc(Cl)cc2)CC1,O=C(Nc1ccccc1)N1CCN(c2ncnc3c2nc(-c2ccccc2)n3-c2ccccc2)CC1,4
random,O=C(Nc1cccnn1)N1CCC(=Cc2cccc(Oc3ccc(C(F)(F)F)cn3)c2)CC1,O=C(Nc1cccnn1)N1CCC(=Cc2cccc(Oc3ccccn3)c2)CC1,4
random,O=C(Nc1sc2c(c1C(=O)N1CC(F)(F)C1)CCOC2)c1ccccc1C(F)(F)F,O=C(Nc1sc2c(c1C(=O)N1CCC1)CCOC2)c1ccccc1,4
random,O=C(O)Cc1ccccc1NC(=O)c1cc2c(n(CC3CCCCC3)c1=O)CCCCCC2,O=C(Nc1ccccc1)c1cc2c(n(CC3CCCCC3)c1=O)CCCCCC2,4
random,O=C(O)Cc1cnc(NC(=O)c2cc3c(n(CC4CCCCC4)c2=O)CCCCCC3)s1,O=C(Nc1nccs1)c1cc2c(n(CC3CCCCC3)c1=O)CCCCCC2,4
random,O=C(O)c1cccc(NC(=O)c2cc3c(n(CC4CCCCC4)c2=O)CCCCCC3)c1,O=C(Nc1ccccc1)c1cc2c(n(CC3CCCCC3)c1=O)CCCCCC2,4
random,O=C(OCC1CCC1)N1CCN(c2ncnc3c2nc(-c2ccccc2Cl)n3-c2ccc(Cl)cc2)CC1,O=C(OCC1CCC1)N1CCN(c2ncnc3c2nc(-c2ccccc2)n3-c2ccccc2)CC1,4
random,O=C(c1cc2ccccc2s1)c1cccc2ccccc12,O=C(c1cc2ccccc2s1)c1cccc2ccccc12,4
random,O=C(c1ccc2c(c1)c1ccccc1n2CCCCl)N1CCCCC1,O=C(c1ccc2[nH]c3ccccc3c2c1)N1CCCCC1,4
random,O=C(c1ccccc1)c1cc(O)c(-c2cc(F)cc(F)c2)c(O)c1,O=C(c1ccccc1)c1ccc(-c2ccccc2)cc1,4
random,O=C(c1ccccc1)c1cc(O)c(-c2ccc3c(c2)OCCO3)c(O)c1,O=C(c1ccccc1)c1ccc(-c2ccc3c(c2)OCCO3)cc1,4
random,O=C(c1ccccc1)c1cc(O)c(-c2ccoc2)c(O)c1,O=C(c1ccccc1)c1ccc(-c2ccoc2)cc1,4
random,O=C(c1cn(CC2CCOCC2)c2ccccc12)C12CC3CC(CC(C3)O1)C2,O=C(c1cn(CC2CCOCC2)c2ccccc12)C12CC3CC(CC(C3)O1)C2,4
random,O=C(c1cn(CCN2CCOCC2)c2ccc(O)cc12)C1CCCCC1,O=C(c1cn(CCN2CCOCC2)c2ccccc12)C1CCCCC1,4
random,O=C1/C(=C/c2cccc(OCc3ccccc3)c2)N=C2SCCCCN12,O=C1C(=Cc2cccc(OCc3ccccc3)c2)N=C2SCCCCN12,4
random,O=S(=O)(NC1CCCCC1)[C@@H]1CC[C@@H](c2ccc(Cl)cc2Cl)N(c2ccc(Cl)cc2)C1,O=S(=O)(NC1CCCCC1)C1CCC(c2ccccc2)N(c2ccccc2)C1,4
random,O=S(=O)(NC1CCN(c2ncnc3c2nc(-c2ccccc2Cl)n3-c2ccc(Cl)cc2)CC1)C(F)(F)F,c1ccc(-c2nc3c(N4CCCCC4)ncnc3n2-c2ccccc2)cc1,4
random,O=S(=O)(NC1CCN(c2ncnc3c2nc(-c2ccccc2Cl)n3-c2ccc(OC(F)F)nc2)CC1)c1ccc(F)c(F)c1,O=S(=O)(NC1CCN(c2ncnc3c2nc(-c2ccccc2)n3-c2cccnc2)CC1)c1ccccc1,4
random,O=S(=O)(c1ccccn1)c1ccc(Cl)cc1S(=O)(=O)N1CCC2(CC1)CC2NS(=O)(=O)C(F)(F)F,O=S(=O)(c1ccccn1)c1ccccc1S(=O)(=O)N1CCC2(CC1)CC2,4
random,O=[N+]([O-])c1ccc2c(c1)c(OCc1ccc3ccccc3c1)nn2Cc1ccccc1,c1ccc(Cn2nc(OCc3ccc4ccccc4c3)c3ccccc32)cc1,4
random,OC1/C(=C/c2cn(Cc3ccc(Cl)cc3)c3ccccc23)N2CCC1CC2,C(=C1CC2CCN1CC2)c1cn(Cc2ccccc2)c2ccccc12,4
random,C#CCCC1(CCNC(=O)c2nonc2Cn2nc3nc(C(C)(C)C)nc(N4CC[C@H](O)C4)c3n2)N=N1,O=C(NCCC1N=N1)c1nonc1Cn1nc2ncnc(N3CCCC3)c2n1,5
random,C#CCCCC(=O)OCC(CO)OCCCC/C=C\C/C=C\C/C=C\C/C=C\CCCCC,ACYCLIC,5
random,C#Cc1cccc(C2(C(F)(F)F)N=N2)c1Cn1nc2nc(C(C)(C)C)nc(N3CC[C@H](O)C3)c2n1,c1ccc(C2N=N2)c(Cn2nc3ncnc(N4CCCC4)c3n2)c1,5
random,C#Cc1cccc(S(=O)(=O)F)c1Cn1nc2nc(C(C)(C)C)nc(N3CCC(F)(F)C3)c2n1,c1ccc(Cn2nc3ncnc(N4CCCC4)c3n2)cc1,5
random,C#Cc1ccccc1Cn1nnc2c(N3CCC4(C3)N=N4)nc(C(F)(F)c3ccccc3)nc21,c1ccc(Cc2nc(N3CCC4(C3)N=N4)c3nnn(Cc4ccccc4)c3n2)cc1,5
random,C/C(CN1CCC[C@H]1COc1ccc(C(F)(F)F)cc1C(=O)/N=c1\sc(C(C)(C)C)cn1C[C@H]1CCCO1)=N\O,O=C(N=c1sccn1CC1CCCO1)c1ccccc1OCC1CCCN1,5
random,C=C(C)[C@@H]1CCC(C)=C[C@H]1c1c(O)cc(CCCCC)c(C(=O)OC)c1O,C1=CC(c2ccccc2)CCC1,5
random,C=C(C)[C@@H]1CCC(C)=C[C@H]1c1c(O)cc(CCCCC)c(C(=O)OCC(O)CCC)c1O,C1=CC(c2ccccc2)CCC1,5
random,C=C(C)[C@@H]1CCC(C)=C[C@H]1c1c(O)cc([Si](C)(C)CCCC)cc1O,C1=CC(c2ccccc2)CCC1,5
random,C=C(C)[C@@H]1CCC(CO)=C[C@H]1c1c(O)cc(C(C)(C)CCCCCC)cc1O,C1=CC(c2ccccc2)CCC1,5
random,C=C(C)[C@H]1CCC(C)=C[C@@H]1c1c(O)cc(CCCCC)c(C(=O)OCCO)c1O,C1=CC(c2ccccc2)CCC1,5
random,C=C1CC/C=C(\C)CC[C@@H]2[C@@H]1CC2(C)C,C=C1CCC=CCCC2CCC12,5
random,C=CCNC(=O)CCCCCCCCCCOc1cc(CCCCC)cc(OC)c1,c1ccccc1,5
random,C=CCn1c2c(c3cc(C(=O)N4CCC(C)CC4)ccc31)CN(C1CCCC1)C2,O=C(c1ccc2[nH]c3c(c2c1)CN(C1CCCC1)C3)N1CCCCC1,5
random,CC(=O)/C(C)=N/Oc1ccc(C(F)(F)F)cc1C(=O)/N=c1\sc(C(C)(C)C)cn1C[C@H]1CCCO1,O=C(N=c1sccn1CC1CCCO1)c1ccccc1,5
random,CC(=O)CCCCn1cc(C(=O)C2C(C)(C)C2(C)C)c2ccccc21,O=C(c1c[nH]c2ccccc12)C1CC1,5
random,CC(=O)N/C(N)=N/C(=N/S(=O)(=O)c1ccc2ccccc2c1)N1C[C@H](c2ccccc2)C(c2ccc(Cl)cc2)=N1,O=S(=O)(N=CN1CC(c2ccccc2)C(c2ccccc2)=N1)c1ccc2ccccc2c1,5
random,CC(=O)NC1CCCOc2c1nn(-c1ccccc1Cl)c2-c1ccc(Cl)cc1,c1ccc(-c2c3c(nn2-c2ccccc2)CCCCO3)cc1,5
random,CC(=O)OCCOc1ccc(C(F)(F)F)cc1C(=O)/N=c1\sc(C(C)(C)C)cn1CC(C)C,O=C(N=c1[nH]ccs1)c1ccccc1,5
random,CC(C)(C)C(=O)COc1ccc(C(F)(F)F)cc1C(=O)/N=c1\sc(C(C)(C)C)cn1C[C@H]1CCCO1,O=C(N=c1sccn1CC1CCCO1)c1ccccc1,5
random,CC(C)(C)CC(=O)N1CCN(c2ncnc3c2nc(-c2ccccc2Cl)n3-c2ccc(Cl)cc2)CC1,c1ccc(-c2nc3c(N4CCNCC4)ncnc3n2-c2ccccc2)cc1,5
random,CC(C)(C)CNC(=O)c1ccc(Br)c(S(=O)(=O)N2CCOCC2)c1,O=S(=O)(c1ccccc1)N1CCOCC1,5
random,CC(C)(C)NNc1ccc(C(F)(F)F)cc1C(=O)/N=c1\sc(C(C)(C)C)cn1C[C@H]1CCCO1,O=C(N=c1sccn1CC1CCCO1)c1ccccc1,5
random,CC(C)(C)NOc1ccc(C(F)(F)F)cc1C(=O)/N=c1\sc(C(C)(C)C)nn1CCCC(F)(F)F,O=C(N=c1[nH]ncs1)c1ccccc1,5
random,CC(C)(C)OC(=O)N1CCC(Nc2ncnc3c2nc(-c2ccccc2Cl)n3-c2ccc(Cl)cc2)CC1,c1ccc(-c2nc3c(NC4CCNCC4)ncnc3n2-c2ccccc2)cc1,5
random,CC(C)(C)OC(=O)NCCCn1c2ccccc2c2cc(C(=O)N3CCCCC3)ccc21,O=C(c1ccc2[nH]c3ccccc3c2c1)N1CCCCC1,5
random,CC(C)(C)c1ccc(C(=O)c2cc(O)c(-c3cc(Cl)cc(Cl)c3)c(O)c2)cc1,O=C(c1ccccc1)c1ccc(-c2ccccc2)cc1,5
random,CC(C)(C)c1cn(C[C@H]2CCCO2)/c(=N/C(=O)c2cc(C(F)(F)F)ccc2OCC(C)(C)n2cccc2)s1,O=C(N=c1sccn1CC1CCCO1)c1ccccc1OCCn1cccc1,5
random,CC(C)(C)c1cn(C[C@H]2CCCO2)/c(=N/C(=O)c2cc(C(F)(F)F)ccc2OC[C@H]2CCCCN2)s1,O=C(N=c1sccn1CC1CCCO1)c1ccccc1OCC1CCCCN1,5
random,CC(C)(C)c1cn(C[C@H]2CCCO2)/c(=N/C(=O)c2cc(C(F)(F)F)ccc2OC[C@H]2CCC[N+]2(C)[O-])s1,O=C(N=c1sccn1CC1CCCO1)c1ccccc1OCC1CCC[NH2+]1,5
random,CC(C)(C)c1cn(C[C@H]2CCCO2)/c(=N/C(=O)c2cc(C(F)(F)F)ccc2OCc2ccn[nH]2)s1,O=C(N=c1sccn1CC1CCCO1)c1ccccc1OCc1ccn[nH]1,5
random,CC(C)(C)c1cn(C[C@H]2CCCO2)/c(=N/C(=O)c2cc(C(F)(F)F)ccc2OCc2cnco2)s1,O=C(N=c1sccn1CC1CCCO1)c1ccccc1OCc1cnco1,5
random,CC(C)(C)c1nc(N2CCC(F)(F)C2)c2nnn(Cc3ccccc3CCSSCCO)c2n1,c1ccc(Cn2nnc3c(N4CCCC4)ncnc32)cc1,5
random,CC(C)(C)c1nc(N2CCC(S)C2)c2nnn(Cc3ccccc3Cl)c2n1,c1ccc(Cn2nnc3c(N4CCCC4)ncnc32)cc1,5
random,CC(C)(C)c1nc2cc(NS(C)(=O)=O)ccc2n1CC1CCC(F)(F)CC1,c1ccc2c(c1)ncn2CC1CCCCC1,5
random,CC(C)(Cc1nnc(-c2ccc(F)cc2)o1)NC(=O)c1ccc(C2CCCC2)c(OCC2CC2)n1,O=C(NCCc1nnc(-c2ccccc2)o1)c1ccc(C2CCCC2)c(OCC2CC2)n1,5
random,CC(C)(Cc1nnc(-c2ccc(F)cc2)o1)NC(=O)c1ccc(N2CC(F)(F)C2)c(OCC2CC2)n1,O=C(NCCc1nnc(-c2ccccc2)o1)c1ccc(N2CCC2)c(OCC2CC2)n1,5
random,CC(C)(NC(=O)c1cc2c(n(CC3CCCCC3)c1=O)CCCCCC2)C(=O)NNS(C)(=O)=O,O=c1ccc2c(n1CC1CCCCC1)CCCCCC2,5
random,CC(C)(O)COc1ccc(C(F)(F)F)cc1-c1nnc2c(C(C)(C)C)nn(C[C@H]3CCCO3)c2n1,c1ccc(-c2nnc3cnn(CC4CCCO4)c3n2)cc1,5
random,CC(C)(O)COc1ccc(C(F)(F)F)cc1C(=O)/N=c1\sc2ccncc2n1CC1CCC1,O=C(N=c1sc2ccncc2n1CC1CCC1)c1ccccc1,5
random,CC(C)(O)COc1ccc(C(F)(F)F)cc1C(=O)/N=c1\sc2ccncc2n1CCCC(F)(F)F,O=C(N=c1[nH]c2cnccc2s1)c1ccccc1,5
random,CC(C)=CCC[C@]1(C)[C@@H](O[C@@H]2O[C@H](CO)[C@@H](O)[C@H](O)[C@@H]2O)CC[C@@]2(C)[C@H]1CC[C@H]1Cc3c([nH]c4ccccc34)[C@@]12C,c1ccc2c3c([nH]c2c1)C1C(CCC2CC(OC4CCCCO4)CCC21)C3,5
random,CC(C)CCn1c2c(cc(C(=O)NCc3ccccc3)c1=O)CCCCCC2,O=C(NCc1ccccc1)c1cc2c([nH]c1=O)CCCCCC2,5
random,CC(C)Cn1cc(C(C)(C)C)s/c1=N\C(=O)c1cc(C(F)(F)F)ccc1OCCN1CCCC1,O=C(N=c1[nH]ccs1)c1ccccc1OCCN1CCCC1,5
random,CC(C)Cn1nnc(Cc2ccc(-c3ccccc3)cc2)n1,c1ccc(-c2ccc(Cc3nn[nH]n3)cc2)cc1,5
random,CC(C)[C@H](NC(=O)c1cc2c(n(CC3CCCCC3)c1=O)CCCCCC2)C(=O)O,O=c1ccc2c(n1CC1CCCCC1)CCCCCC2,5
random,CC(C)c1ccccc1/N=C1\SCC(C)(C)CN1Cc1ccccc1,c1ccc(CN2CCCSC2=Nc2ccccc2)cc1,5
random,CC(c1ccccc1)N1CCN(c2ncnc3c2nc(-c2ccccc2Cl)n3-c2ccc(Cl)cc2)CC1,c1ccc(CN2CCN(c3ncnc4c3nc(-c3ccccc3)n4-c3ccccc3)CC2)cc1,5
random,CC1(C)C(C(=O)c2cn(CC3CCOCC3)c3cc(-c4ccccc4)ccc23)C1(C)C,O=C(c1cn(CC2CCOCC2)c2cc(-c3ccccc3)ccc12)C1CC1,5
random,CC1(C)C(C(=O)c2cn(CC3CCOCC3)c3cc(C(F)(F)F)ccc23)C1(C)C,O=C(c1cn(CC2CCOCC2)c2ccccc12)C1CC1,5
random,CC1(C)C(C(=O)c2cn(CC3CCOCC3)c3cc(OCc4ccccc4)ccc23)C1(C)C,O=C(c1cn(CC2CCOCC2)c2cc(OCc3ccccc3)ccc12)C1CC1,5
random,CC1(C)C(C(=O)c2cn(CCC3CCOCC3)c3ccccc23)C1(C)C,O=C(c1cn(CCC2CCOCC2)c2ccccc12)C1CC1,5
random,CC1(C)C(C(=O)c2cn(CCN3CCOC3=O)c3ccccc23)C1(C)C,O=C(c1cn(CCN2CCOC2=O)c2ccccc12)C1CC1,5
random,CC1(C)C(C(=O)c2cn(CCc3cccnc3)c3ccccc23)C1(C)C,O=C(c1cn(CCc2cccnc2)c2ccccc12)C1CC1,5
random,CC1(C)Oc2cc(C(=O)NC34CC5CC(CC(C5)C3)C4)cc(O)c2[C@@H]2C[C@@H](O)CC[C@H]21,O=C(NC12CC3CC(CC(C3)C1)C2)c1ccc2c(c1)OCC1CCCCC21,5
random,CC1(C)Oc2cc(C3(CCCCCCCC#N)CCCC3)cc(O)c2[C@@H]2C[C@H](CO)CC[C@H]21,c1cc2c(cc1C1CCCC1)OCC1CCCCC21,5
random,CC1(C)Oc2cc(C34CC5CC(CC(C#N)(C5)O3)C4)cc(O)c2[C@@H]2C[C@H](O)CC[C@H]21,c1cc2c(cc1C13CC4CC(CC(C4)O1)C3)OCC1CCCCC21,5
random,CC1(C)Oc2cc(C34CC5CC(CC(C(N)=O)(C5)O3)C4)cc(O)c2[C@@H]2C[C@H](O)CC[C@H]21,c1cc2c(cc1C13CC4CC(CC(C4)O1)C3)OCC1CCCCC21,5
random,CC1(C)Oc2cc(C34CC5CC(CC(CN=[N+]=[N-])(C5)O3)C4)cc(O)c2[C@@H]2C[C@H](O)CC[C@H]21,c1cc2c(cc1C13CC4CC(CC(C4)O1)C3)OCC1CCCCC21,5
random,CC1(C)[C@H]2CC[C@](C)(C2)[C@@H]1NC(=O)c1ccc(Br)c(S(=O)(=O)N2CCCC2)c1,O=C(NC1CC2CCC1C2)c1cccc(S(=O)(=O)N2CCCC2)c1,5
random,CC1=C(C(=O)c2cccc3ccccc23)C2C=CC=C3OC[C@@H](CN4CCOCC4)N1C32,O=C(C1=CN2C(CN3CCOCC3)COC3=CC=CC1C32)c1cccc2ccccc12,5
random,CC1=CC[C@@H]2[C@@H](C1)c1c(O)cc(C(C)(C)C(=O)CCCCBr)cc1OC2(C)C,C1=CCC2c3ccccc3OCC2C1,5
random,CC1=CC[C@@H]2[C@@H](C1)c1c(O)cc(C(C)(C)c3ccc(Cl)cc3)cc1OC2(C)C,C1=CCC2c3ccc(Cc4ccccc4)cc3OCC2C1,5
random,CC1=CC[C@@H]2[C@@H](C1)c1c(O)cc(C(C)(C)c3ccc(F)cc3)cc1OC2(C)C,C1=CCC2c3ccc(Cc4ccccc4)cc3OCC2C1,5
random,CC1=CC[C@@H]2[C@@H](C1)c1c(O)cc(C(C)(C)c3cccc(C)c3)cc1OC2(C)C,C1=CCC2c3ccc(Cc4ccccc4)cc3OCC2C1,5
random,CC1=CC[C@@H]2[C@@H](C1)c1c(O)cc(C(C)(C)c3cccc(Cl)c3)cc1OC2(C)C,C1=CCC2c3ccc(Cc4ccccc4)cc3OCC2C1,5
random,CC1=CC[C@@H]2[C@@H](C1)c1c(O)cc(C(C)(C)c3cccc(F)c3)cc1OC2(C)C,C1=CCC2c3ccc(Cc4ccccc4)cc3OCC2C1,5
random,CC1=CC[C@@H]2[C@@H](C1)c1c(O)cc(C3(C(=O)OCCCCC#N)CCC3)cc1OC2(C)C,C1=CCC2c3ccc(C4CCC4)cc3OCC2C1,5
random,CC1=CC[C@@H]2[C@@H](C1)c1c(O)cc(C3(C(=O)OCCCCN=[N+]=[N-])CCC3)cc1OC2(C)C,C1=CCC2c3ccc(C4CCC4)cc3OCC2C1,5
random,CC1=CC[C@@H]2[C@@H](C1)c1c(OC(=O)CCCN3CCOCC3)cc(C(C)(C)CCCCC#N)cc1OC2(C)C,O=C(CCCN1CCOCC1)Oc1cccc2c1C1CC=CCC1CO2,5
random,CC1=CC[C@H]2[C@H](C1)c1c(O)cc(/C(C)=N/OCCN3CCOCC3)cc1OC2(C)C,C1=CCC2c3ccc(C=NOCCN4CCOCC4)cc3OCC2C1,5
random,CC1CCC(NC(=O)c2c(O)c3cccnc3n(Cc3ccc(F)cc3)c2=O)CC1,O=C(NC1CCCCC1)c1cc2cccnc2n(Cc2ccccc2)c1=O,5
random,CC1CCC(NC(=O)c2cc3cc(-c4ccc(F)cc4)cnc3n(CCN3CCOCC3)c2=O)CC1,O=C(NC1CCCCC1)c1cc2cc(-c3ccccc3)cnc2n(CCN2CCOCC2)c1=O,5
random,CCC(=O)NC1CCCOc2c1nn(-c1ccccc1Cl)c2-c1ccc(Cl)cc1,c1ccc(-c2c3c(nn2-c2ccccc2)CCCCO3)cc1,5
random,CCC(C)(C)C(=O)Nc1cc(C)c(C)c(S(=O)(=O)N2CCOCC2)c1,O=S(=O)(c1ccccc1)N1CCOCC1,5
random,CCC(C)(C)C(=O)Nc1cc(CN2CCOCC2)c(C#N)cn1,c1cc(CN2CCOCC2)ccn1,5
random,CCC(C)(C)C(=O)Nc1cc2c(c(S(=O)(=O)N3CCOCC3)c1)CCCC2,O=S(=O)(c1cccc2c1CCCC2)N1CCOCC1,5
random,CCC(C)(C)C(=O)Nc1ccc(C)c(S(=O)(=O)N2CCOCC2)c1,O=S(=O)(c1ccccc1)N1CCOCC1,5
random,CCC(C)(C)c1ccc2c(c1)OC(C)(C)C1CC=C(C)CC21,C1=CCC2c3ccccc3OCC2C1,5
random,CCC(CC)(NC(=O)c1ccc(N2CC(OC)C2)c(OC[C@@H]2C[C@H]2CO)n1)C(=O)OCCCF,c1cnc(OCC2CC2)c(N2CCC2)c1,5
random,CCC(CC)(NC(=O)c1ccc(N2CC(OC)C2)c(OC[C@@H]2C[C@H]2CO)n1)C(=O)OCCF,c1cnc(OCC2CC2)c(N2CCC2)c1,5
random,CCC(CC)(NC(=O)c1ccc(N2CC(OC)C2)c(OC[C@H]2C[C@@H]2COCc2ccccc2)n1)C(=O)OCCCF,c1ccc(COCC2CC2COc2ncccc2N2CCC2)cc1,5
random,CCC(CC)(NC(=O)c1ccc(N2CCCC2)c(OCC2(CO)COC2)n1)C(=O)OCF,c1cnc(OCC2COC2)c(N2CCCC2)c1,5
random,CCC1(C(=O)Nc2cc(CN3CCOCC3)c(C)cn2)CC1,O=C(Nc1cc(CN2CCOCC2)ccn1)C1CC1,5
random,CCC1(C(=O)Nc2cc(CN3CCOCC3)c(C)cn2)CCCCC1,O=C(Nc1cc(CN2CCOCC2)ccn1)C1CCCCC1,5
random,CCC1CCC(C(=O)c2cn(CCN3CCOCC3)c3ccccc23)CC1,O=C(c1cn(CCN2CCOCC2)c2ccccc12)C1CCCCC1,5
random,CCC1COc2cccc3c(=O)c(C(=O)NC(C)CCC(C)C)cn1c23,O=c1ccn2c3c(cccc13)OCC2,5
random,CCC1COc2cccc3c(=O)c(C(=O)NC4C5CC6CC(C5)CC4C6)cn1c23,O=C(NC1C2CC3CC(C2)CC1C3)c1cn2c3c(cccc3c1=O)OCC2,5
random,CCC1COc2cccc3c(=O)c(C(=O)Nc4nccs4)cn1c23,O=C(Nc1nccs1)c1cn2c3c(cccc3c1=O)OCC2,5
random,CCCC1(CNS(=O)(=O)C(F)(F)F)CCN(S(=O)(=O)c2ccc(Cl)cc2S(=O)(=O)c2ccccc2F)CC1,O=S(=O)(c1ccccc1)c1ccccc1S(=O)(=O)N1CCCCC1,5
random,CCCCC(C)(C)c1cc(OC)c2cc(Cc3ccccc3OC)c(=O)oc2c1,O=c1oc2ccccc2cc1Cc1ccccc1,5
random,CCCCC(C)(C)c1ccc([C@H]2CCC[C@@H](O)C2)cc1,c1ccc(C2CCCCC2)cc1,5
random,CCCCC/C=C\C/C=C\C/C=C\C/C=C\CCCC(=O)NCCO,ACYCLIC,5
random,CCCCC/C=C\C/C=C\C/C=C\C/C=C\CCCC(=O)NCc1ccc(OC)cc1OC,c1ccccc1,5
random,CCCCC/C=C\C/C=C\C/C=C\C/C=C\CCCC(=O)Nc1ccc(OC)cc1,c1ccccc1,5
random,CCCCC/C=C\C/C=C\C/C=C\C/C=C\CCCC(=O)OC(CO)COC(=O)CCCCCNC(=O)CCCC[C@@H]1SC[C@@H]2NC(=O)N[C@@H]21,O=C1NC2CSCC2N1,5
random,CCCCC/C=C\C/C=C\C/C=C\C/C=C\CCCCOC(CO)CO,ACYCLIC,5
random,CCCCC/C=C\[C@H](C)/C=C\C/C=C\C/C=C\CCCC(=O)NC1CC1,C1CC1,5
random,CCCCC/C=C\[C@H](C)/C=C\C/C=C\C/C=C\CCCC(=O)N[C@H](C)CO,ACYCLIC,5
random,CCCCC1(c2cc(O)c3cc(Cc4ccccc4O)c(=O)oc3c2)CCCCC1,O=c1oc2cc(C3CCCCC3)ccc2cc1Cc1ccccc1,5
random,CCCCC1=NN(C(=O)NC(C)(C)c2ccccc2)CC1c1ccccc1,O=C(NCc1ccccc1)N1CC(c2ccccc2)C=N1,5
random,CCCCCC1(c2cc(O)c3c(c2)OC(C)(C)[C@@H]2CC=C(C)C[C@@H]32)CC(=O)O1,O=C1CC(c2ccc3c(c2)OCC2CC=CCC32)O1,5
random,CCCCCC1=NN(C(=O)NC2CCCCC2)CC1c1ccccc1,O=C(NC1CCCCC1)N1CC(c2ccccc2)C=N1,5
random,CCCCCC1=NN(C(=O)N[C@H]2C[C@H]3CC[C@]2(C)C3(C)C)CC1c1ccccc1,O=C(NC1CC2CCC1C2)N1CC(c2ccccc2)C=N1,5
random,CCCCCC1=NN(C(=O)Nc2ccccc2C(F)(F)F)CC1c1ccccc1,O=C(Nc1ccccc1)N1CC(c2ccccc2)C=N1,5
random,CCCCCCC(C)(C)c1cc(O)c2c(c1)OC(C)(C)[C@@H]1CC=C(C(=O)O)C[C@@H]21,C1=CCC2c3ccccc3OCC2C1,5
random,CCCCCCC(C)(C)c1cc(O)c2c(c1)OC(C)(C)c1cn(CCO)nc1-2,c1ccc2c(c1)OCc1c[nH]nc1-2,5
random,CCCCCCC(C)(C)c1cc(O)c2c(c1)OC(C)(C)c1cnn(C3CCCCC3)c1-2,c1ccc2c(c1)OCc1cnn(C3CCCCC3)c1-2,5
random,CCCCCCC(C)(C)c1cc(O)c2c(c1)OC(C)(C)c1cnoc1-2,c1ccc2c(c1)OCc1cnoc1-2,5
random,CCCCCCC(C)(C)c1cc(O)cc(OCCCCCCCC(=O)NCC(F)(F)F)c1,c1ccccc1,5
random,CCCCCCC(C)(C)c1cc(O)cc(OCCCCCCCC(=O)NCCO)c1,c1ccccc1,5
random,CCCCCCC(C)(C)c1cc(O)cc(OCCCCCCCCCCC(=O)NC2CC2)c1,O=C(CCCCCCCCCCOc1ccccc1)NC1CC1,5
random,CCCCCCC(C)(C)c1cc(O)cc(OCCCCCCCCCCC(=O)NCC2CC2)c1,O=C(CCCCCCCCCCOc1ccccc1)NCC1CC1,5
random,CCCCCCC(C)(C)c1cc(O)cc(OCCCCCCCCCCC(=O)NCCO)c1,c1ccccc1,5
random,CCCCCCC(C)(C)c1cc(O)cc(OCCCCCCCCCCC(=O)OCC(O)CO)c1,c1ccccc1,5
random,CCCCCCC(C)(C)c1cc(O)cc(OCCCCCCCCCCCC(=O)NCC2CC2)c1,O=C(CCCCCCCCCCCOc1ccccc1)NCC1CC1,5
random,CCCCCCC(C)(C)c1cc(O)cc(OCCCCCCCCCCCNC(=O)C2CC2)c1,O=C(NCCCCCCCCCCCOc1ccccc1)C1CC1,5
random,CCCCCCC(C)(C)c1cc(OC)c([C@@H]2C=C(CO)[C@@H]3C[C@H]2C3(C)C)c(OC)c1,C1=CC(c2ccccc2)C2CC1C2,5
random,CCCCCCC(C)(C)c1cc(OC)c([C@H]2C=C(CO)[C@H]3C[C@@H]2C3(C)C)c(OC)c1,C1=CC(c2ccccc2)C2CC1C2,5
random,CCCCCCC(C)(C)c1cc(OC)c2c(c1)OC(C)(C)[C@@H]1CC=C(C)C[C@@H]21,C1=CCC2c3ccccc3OCC2C1,5
random,CCCCCCC(C)(C)c1cc(OC)c2c(c1)OC(C)(C)c1cnn(-c3ccc(Cl)c(Cl)c3)c1-2,c1ccc(-n2ncc3c2-c2ccccc2OC3)cc1,5
random,CCCCCCC(C)(C)c1cc(OCCCBr)c2c(c1)OC(C)(C)c1cn(CC)nc1-2,c1ccc2c(c1)OCc1c[nH]nc1-2,5
random,CCCCCCC(C)(C)c1cc(OCCO)c2c(c1)OC(C)(C)c1cn[nH]c1-2,c1ccc2c(c1)OCc1cn[nH]c1-2,5
random,CCCCCCC(C)(C)c1cc(OCc2ccccc2)c2c(c1)OC(C)(C)c1cn(CC)nc1-2,c1ccc(COc2cccc3c2-c2n[nH]cc2CO3)cc1,5
random,CCCCCCC(C)(C)c1cc(OCc2ccccc2)c2c(c1)OC(C)(C)c1cnn(-c3ccc(Cl)c(Cl)c3)c1-2,c1ccc(COc2cccc3c2-c2c(cnn2-c2ccccc2)CO3)cc1,5
random,CCCCCCC(C)(C)c1ccc(-c2cccc(C)c2C)c(O)c1,c1ccc(-c2ccccc2)cc1,5
random,CCCCCCC(C)(C)c1ccc(-c2cccc(N)c2)c(O)c1,c1ccc(-c2ccccc2)cc1,5
random,CCCCCCC(C)(C)c1ccc(-c2ccccc2N)c(O)c1,c1ccc(-c2ccccc2)cc1,5
random,CCCCCCC(C)(C)c1ccc(-c2ccccc2OC)c(O)c1,c1ccc(-c2ccccc2)cc1,5
random,CCCCCCC(C)(C)c1ccc([C@H]2CCC[C@H](O)C2)cc1,c1ccc(C2CCCCC2)cc1,5
random,CCCCCCC(C)NC(=O)c1nn(-c2ccc(Cl)cc2Cl)c(-n2cccc2)c1C,c1ccc(-n2nccc2-n2cccc2)cc1,5
random,CCCCCCC1(c2cc(O)c3c(c2)OC(C)(C)[C@@H]2CC=C(C)C[C@@H]32)CC1(Cl)Cl,C1=CCC2c3ccc(C4CC4)cc3OCC2C1,5
random,CCCCCCCC(C)(C)c1ccc([C@H]2CCC[C@@H](O)C2)cc1,c1ccc(C2CCCCC2)cc1,5
random,CCCCCCCC/C=C\CCCCCCCC(=O)N[C@@H]1C[C@@H]1O,C1CC1,5
random,CCCCCCCCCCC[C@@H](C[C@@H]1OC(=O)[C@H]1CCCCCC)OC(=O)[C@@H]1CCCN1C=O,O=C1CC(CCOC(=O)C2CCCN2)O1,5
random,CCCCCCCN(Cc1ccc(N(CC)CC)cc1)S(=O)(=O)Cc1ccccc1,O=S(=O)(Cc1ccccc1)NCc1ccccc1,5
random,CCCCCCCN(Cc1ccc(N(CC)CC)cc1)S(=O)(=O)c1ccc(Cl)cc1,O=S(=O)(NCc1ccccc1)c1ccccc1,5
random,CCCCCCCN(Cc1ccc(N(CC)CC)cc1)S(=O)(=O)c1cccc(C)c1,O=S(=O)(NCc1ccccc1)c1ccccc1,5
random,CCCCCCCOc1cc(O)cc(OCCCCCCCCCCC(=O)NC2CC2)c1,O=C(CCCCCCCCCCOc1ccccc1)NC1CC1,5
random,CCCCCCCn1cc(C(=O)c2cccc3ccccc23)cc1-c1ccccc1,O=C(c1c[nH]c(-c2ccccc2)c1)c1cccc2ccccc12,5
random,CCCCCCN1C(=O)/C(=N\NC(=O)c2ccccc2)c2ccccc21,O=C1Nc2ccccc2C1=NNC(=O)c1ccccc1,5
random,CCCCCCNC(=O)c1nn(-c2ccc(Cl)cc2Cl)c(-n2cccc2)c1C,c1ccc(-n2nccc2-n2cccc2)cc1,5
random,CCCCCCNc1ccc(-c2cccnc2)cc1C(=O)NC12CC3CC(CC(C3)C1)C2,O=C(NC12CC3CC(CC(C3)C1)C2)c1cccc(-c2cccnc2)c1,5
random,CCCCCC[Si](C)(C)c1cc(O)c(C2CCCC2)c(O)c1,c1ccc(C2CCCC2)cc1,5
random,CCCCCC[Si](C)(C)c1cc(O)c2c(c1)OC(C)(C)c1ccc(C)cc1-2,c1ccc2c(c1)COc1ccccc1-2,5
random,CCCCCCc1c(O)cccc1OCCCCCCCCCCC(=O)NCc1ccc(OC)c(O)c1,O=C(CCCCCCCCCCOc1ccccc1)NCc1ccccc1,5
random,CCCCCCc1ccc(O)cc1OCCCCCC(=O)NC1CC1,O=C(CCCCCOc1ccccc1)NC1CC1,5
random,CCCCCCc1ccc(O)cc1OCCCCCCCCCCC(=O)NC1CC1,O=C(CCCCCCCCCCOc1ccccc1)NC1CC1,5
random,CCCCCCc1ccc(OCCCCCC(=O)NCCO)cc1O,c1ccccc1,5
random,CCCCCCn1c(C)c(C)cc(Oc2nc3ccccc3o2)c1=S,S=c1[nH]cccc1Oc1nc2ccccc2o1,5
random,CCCCCN1N=C(C(=O)NC(C)(C)c2ccc(F)cc2)CC1c1ccccc1,O=C(NCc1ccccc1)C1=NNC(c2ccccc2)C1,5
random,CCCCCN1N=C(C(=O)N[C@H]2C[C@H]3CC[C@]2(C)C3(C)C)CC1c1ccccc1,O=C(NC1CC2CCC1C2)C1=NNC(c2ccccc2)C1,5
random,CCCCCNC(=O)c1nn(-c2ccc(Cl)cc2Cl)c(-n2cccc2)c1C,c1ccc(-n2nccc2-n2cccc2)cc1,5
random,CCCCCNc1ccc(-c2ccc(C)cc2)cc1C(=O)NC12CC3CC(CC(C3)C1)C2,O=C(NC12CC3CC(CC(C3)C1)C2)c1cccc(-c2ccccc2)c1,5
random,CCCCCNc1ccc(-c2cccc(F)c2)cc1C(=O)NC12CC3CC(CC(C3)C1)C2,O=C(NC12CC3CC(CC(C3)C1)C2)c1cccc(-c2ccccc2)c1,5
random,CCCCCNc1ccc(Br)cc1C(=O)NC12CC3CC(CC(C3)C1)C2,O=C(NC12CC3CC(CC(C3)C1)C2)c1ccccc1,5
random,CCCCCOC(=O)c1cc(O)c(-c2cc(C)cc(C)c2)c(O)c1,c1ccc(-c2ccccc2)cc1,5
random,CCCCCOc1c(OC)ccc2cc(C(=O)NCc3ccc4c(c3)OCO4)c(=O)oc12,O=C(NCc1ccc2c(c1)OCO2)c1cc2ccccc2oc1=O,5
random,CCCCCOc1cc(/C=C/C(=O)NCCc2ccc(O)cc2)ccc1OC,O=C(C=Cc1ccccc1)NCCc1ccccc1,5
random,CCCCCOc1cc(C(=O)NC2CCc3cc(O)c(O)cc3C2)ccc1OC,O=C(NC1CCc2ccccc2C1)c1ccccc1,5
random,CCCCCOc1cc(C(=O)NCCc2ccc(O)cc2)ccc1OC,O=C(NCCc1ccccc1)c1ccccc1,5
random,CCCCCOc1cccc2c(=O)c(C(=O)NC34CC5CC(CC(C5)C3)C4)c[nH]c12,O=C(NC12CC3CC(CC(C3)C1)C2)c1c[nH]c2ccccc2c1=O,5
random,CCCCCOc1ccccc1-c1cc(C(=O)NC2C3CC4CC(C3)CC2C4)no1,O=C(NC1C2CC3CC(C2)CC1C3)c1cc(-c2ccccc2)on1,5
random,CCCCCSc1cc(/C=C/C(=O)NCCc2ccc(O)cc2)ccc1OC,O=C(C=Cc1ccccc1)NCCc1ccccc1,5
random,CCCCCc1cc(Br)c2c(c1)OC(C)(C)[C@@H]1CC=C(C)C[C@@H]21,C1=CCC2c3ccccc3OCC2C1,5
random,CCCCCc1cc(O)c2c(c1)OC(C)(C)C1=C2C(OC(C)=O)C(C)(OC)CC1,c1ccc2c(c1)OCC1=C2CCCC1,5
random,CCCCCc1cc(O)c2c(c1)OC(C)(C)C1=C2C[C@@H](C)CC1,c1ccc2c(c1)OCC1=C2CCCC1,5
random,CCCCCc1cc(O)c2c(c1)OC(C)(C)C1=C2C[C@H](C)CC1,c1ccc2c(c1)OCC1=C2CCCC1,5
random,CCCCCc1cc(O)c2c(c1)OC(C)(C)[C@@H]1CC=C(C)[C@@H](O)[C@@H]21,C1=CCC2c3ccccc3OCC2C1,5
random,CCCCCc1cc(O)c2c(c1)OC(C)(C)[C@@H]1C[C@H](O)C(C)=C[C@@H]21,C1=CC2c3ccccc3OCC2CC1,5
random,CCCCCc1cc(O)c2cc(Cc3ccccc3C)c(=O)oc2c1,O=c1oc2ccccc2cc1Cc1ccccc1,5
random,CCCCCc1cc(O)c2cc(Cc3ccccc3Cl)c(=O)oc2c1,O=c1oc2ccccc2cc1Cc1ccccc1,5
random,CCCCCc1cc(O)c2cc(Cc3ccccc3O)c(=O)oc2c1,O=c1oc2ccccc2cc1Cc1ccccc1,5
random,CCCCCc1cc(OC)c2cc(Cc3ccc(Br)cc3)c(=O)oc2c1,O=c1oc2ccccc2cc1Cc1ccccc1,5
random,CCCCCc1cc(OC)c2cc(Cc3ccccc3OC)c(=O)oc2c1,O=c1oc2ccccc2cc1Cc1ccccc1,5
random,CCCCCc1cc(OC)cc(OCCCCCCCCCCC(=O)NC2CC2)c1,O=C(CCCCCCCCCCOc1ccccc1)NC1CC1,5
random,CCCCCn1c(-c2ccccc2)c(C(=O)NC23CC4CC(C)(CC(C)(C4)C2)C3)c(=O)c2ccccc21,O=C(NC12CC3CC(CC(C3)C1)C2)c1c(-c2ccccc2)[nH]c2ccccc2c1=O,5
random,CCCCCn1c(=O)c(C(=O)NC23CC4CC(CC(C4)C2)C3)c(O)c2cc(-c3ccco3)ccc21,O=C(NC12CC3CC(CC(C3)C1)C2)c1cc2cc(-c3ccco3)ccc2[nH]c1=O,5
random,CCCCCn1c(=O)c(C(=O)NC23CC4CC(CC(C4)C2)C3)c(O)c2cc(Br)ccc21,O=C(NC12CC3CC(CC(C3)C1)C2)c1cc2ccccc2[nH]c1=O,5
random,CCCCCn1c(=O)c(C(=O)NC23CC4CC(CC(C4)C2)C3)c(O)c2ccc(F)cc21,O=C(NC12CC3CC(CC(C3)C1)C2)c1cc2ccccc2[nH]c1=O,5
random,CCCCCn1c(=O)c(C(=O)NC23CC4CC(CC(C4)C2)C3)c(O)c2nn(C)cc21,O=C(NC12CC3CC(CC(C3)C1)C2)c1cc2n[nH]cc2[nH]c1=O,5
random,CCCCCn1c(=O)c(C(=O)NC23CC4CC(CC(C4)C2)C3)cc2ccccc21,O=C(NC12CC3CC(CC(C3)C1)C2)c1cc2ccccc2[nH]c1=O,5
random,CCCCCn1c(=O)sc2cc(/C(=N\O)C34CC5CC(CC(C5)C3)C4)ccc21,N=C(c1ccc2[nH]c(=O)sc2c1)C12CC3CC(CC(C3)C1)C2,5
random,CCCCCn1c(C)c(C(=O)Cc2cccc(OC)c2)c2ccccc21,O=C(Cc1ccccc1)c1c[nH]c2ccccc12,5
random,CCCCCn1c(C)c(C(=O)Cc2ccccc2)c2ccccc21,O=C(Cc1ccccc1)c1c[nH]c2ccccc12,5
random,CCCCCn1c(C)c(C(=O)Cc2ccccc2Cl)c2ccccc21,O=C(Cc1ccccc1)c1c[nH]c2ccccc12,5
random,CCCCCn1c(C)c(C(=O)Cc2ccccc2OC)c2ccccc21,O=C(Cc1ccccc1)c1c[nH]c2ccccc12,5
random,CCCCCn1c(C)c(C(=O)c2c(OC)ccc3ccccc23)c2ccccc21,O=C(c1cccc2ccccc12)c1c[nH]c2ccccc12,5
random,CCCCCn1c(C)c(C(=O)c2cccc3cccc(Br)c23)c2ccccc21,O=C(c1cccc2ccccc12)c1c[nH]c2ccccc12,5
random,CCCCCn1c(C)c(C(=O)c2cccc3cccc(Cl)c23)c2ccccc21,O=C(c1cccc2ccccc12)c1c[nH]c2ccccc12,5
random,CCCCCn1c2ccc(C(=O)N3CCCCC3)cc2c2ccc(OC)cc21,O=C(c1ccc2[nH]c3ccccc3c2c1)N1CCCCC1,5
random,CCCCCn1c2ccccc2c2cc(C(=O)CN3CCN(C)CC3)ccc21,O=C(CN1CCNCC1)c1ccc2[nH]c3ccccc3c2c1,5
random,CCCCCn1c2ccccc2c2cc(C(=O)NCCc3ccc(Cl)cc3)ccc21,O=C(NCCc1ccccc1)c1ccc2[nH]c3ccccc3c2c1,5
random,CCCCCn1c2ccccc2c2cc(C(=O)c3ccccc3)ccc21,O=C(c1ccccc1)c1ccc2[nH]c3ccccc3c2c1,5
random,CCCCCn1cc(-c2cn(C34CC5CC(CC(C5)C3)C4)nn2)c(=O)c2cc(-c3ccco3)ccc21,O=c1c(-c2cn(C34CC5CC(CC(C5)C3)C4)nn2)c[nH]c2ccc(-c3ccco3)cc12,5
random,CCCCCn1cc(-c2nc(C34CC5CC(CC(C5)C3)C4)no2)c(=O)c2cc(-c3ccco3)ccc21,O=c1c(-c2nc(C34CC5CC(CC(C5)C3)C4)no2)c[nH]c2ccc(-c3ccco3)cc12,5
random,CCCCCn1cc(C(=O)C(=O)NC2CCCCC2)c2cc(-c3ccccc3)ccc21,O=C(NC1CCCCC1)C(=O)c1c[nH]c2ccc(-c3ccccc3)cc12,5
random,CCCCCn1cc(C(=O)C2C(C)(C)C2(C)C)c2ccccc21,O=C(c1c[nH]c2ccccc12)C1CC1,5
random,CCCCCn1cc(C(=O)Cc2cccc(F)c2)c2ccccc21,O=C(Cc1ccccc1)c1c[nH]c2ccccc12,5
random,CCCCCn1cc(C(=O)NC(C)C23CC4CC(CC(C4)C2)C3)c(=O)c2cc(Cl)ccc21,O=C(NCC12CC3CC(CC(C3)C1)C2)c1c[nH]c2ccccc2c1=O,5
random,CCCCCn1cc(C(=O)NC23CC4CC(C)(CC(C)(C4)C2)C3)c(=O)c2c(C)nn(C)c21,O=C(NC12CC3CC(CC(C3)C1)C2)c1c[nH]c2[nH]ncc2c1=O,5
random,CCCCCn1cc(C(=O)NC23CC4CC(C)(CC(C)(C4)C2)C3)c(=O)c2ncccc21,O=C(NC12CC3CC(CC(C3)C1)C2)c1c[nH]c2cccnc2c1=O,5
random,CCCCCn1cc(C(=O)NC23CC4CC(CC(C4)C2)C3)c(=O)c2c(C)c(C)sc21,O=C(NC12CC3CC(CC(C3)C1)C2)c1c[nH]c2sccc2c1=O,5
random,CCCCCn1cc(C(=O)NC23CC4CC(CC(C4)C2)C3)c(=O)c2c(C)csc21,O=C(NC12CC3CC(CC(C3)C1)C2)c1c[nH]c2sccc2c1=O,5
random,CCCCCn1cc(C(=O)NC23CC4CC(CC(C4)C2)C3)c(=O)c2c(OC)ccc(OC)c21,O=C(NC12CC3CC(CC(C3)C1)C2)c1c[nH]c2ccccc2c1=O,5
random,CCCCCn1cc(C(=O)NC23CC4CC(CC(C4)C2)C3)c(=O)c2cc(-c3ccc(Cl)cc3)ccc21,O=C(NC12CC3CC(CC(C3)C1)C2)c1c[nH]c2ccc(-c3ccccc3)cc2c1=O,5
random,CCCCCn1cc(C(=O)NC23CC4CC(CC(C4)C2)C3)c(=O)c2cc(-c3ccc(Cl)s3)ccc21,O=C(NC12CC3CC(CC(C3)C1)C2)c1c[nH]c2ccc(-c3cccs3)cc2c1=O,5
random,CCCCCn1cc(C(=O)NC23CC4CC(CC(C4)C2)C3)c(=O)c2cc(-c3ccc(OC)nc3)ccc21,O=C(NC12CC3CC(CC(C3)C1)C2)c1c[nH]c2ccc(-c3cccnc3)cc2c1=O,5
random,CCCCCn1cc(C(=O)NC23CC4CC(CC(C4)C2)C3)c(=O)c2cc(-n3cccc3)ccc21,O=C(NC12CC3CC(CC(C3)C1)C2)c1c[nH]c2ccc(-n3cccc3)cc2c1=O,5
random,CCCCCn1cc(C(=O)NC23CC4CC(CC(C4)C2)C3)c(=O)c2cc(-n3ccnc3)ccc21,O=C(NC12CC3CC(CC(C3)C1)C2)c1c[nH]c2ccc(-n3ccnc3)cc2c1=O,5
random,CCCCCn1cc(C(=O)NC23CC4CC(CC(C4)C2)C3)c(=O)c2cc(Br)cc(OC)c21,O=C(NC12CC3CC(CC(C3)C1)C2)c1c[nH]c2ccccc2c1=O,5
random,CCCCCn1cc(C(=O)NC23CC4CC(CC(C4)C2)C3)c(=O)c2cc(Br)ccc21,O=C(NC12CC3CC(CC(C3)C1)C2)c1c[nH]c2ccccc2c1=O,5
random,CCCCCn1cc(C(=O)NC23CC4CC(CC(C4)C2)C3)c(=O)c2cc(S(=O)(=O)c3ccccc3)ccc21,O=C(NC12CC3CC(CC(C3)C1)C2)c1c[nH]c2ccc(S(=O)(=O)c3ccccc3)cc2c1=O,5
random,CCCCCn1cc(C(=O)NC23CC4CC(CC(C4)C2)C3)c(=O)c2ccc(Cl)c(C)c21,O=C(NC12CC3CC(CC(C3)C1)C2)c1c[nH]c2ccccc2c1=O,5
random,CCCCCn1cc(C(=O)NC23CC4CC(CC(C4)C2)C3)c(=O)n2nc(-c3ccccc3)nc12,O=C(NC12CC3CC(CC(C3)C1)C2)c1c[nH]c2nc(-c3ccccc3)nn2c1=O,5
random,CCCCCn1cc(C(=O)NC23CC4CC(CC(C4)C2)C3)c(=O)n2nc(-c3ccco3)cc12,O=C(NC12CC3CC(CC(C3)C1)C2)c1c[nH]c2cc(-c3ccco3)nn2c1=O,5
random,CCCCCn1cc(C(=O)NC23CC4CC(CC(C4)C2)C3)c(=O)n2nc(C)c(-c3ccccc3)c12,O=C(NC12CC3CC(CC(C3)C1)C2)c1c[nH]c2c(-c3ccccc3)cnn2c1=O,5
random,CCCCCn1cc(C(=O)NC23CC4CC(CC(C4)C2)C3)c(=O)n2nc(N3CCOCC3)nc12,O=C(NC12CC3CC(CC(C3)C1)C2)c1c[nH]c2nc(N3CCOCC3)nn2c1=O,5
random,CCCCCn1cc(C(=O)NC23CC4CC(CC(C4)C2)C3)c(=S)cc1-c1ccccc1,O=C(NC12CC3CC(CC(C3)C1)C2)c1c[nH]c(-c2ccccc2)cc1=S,5
random,CCCCCn1cc(C(=O)NC23CC4CC(CC(C4)C2)C3)c2cc(-c3ccccc3)ccc21,O=C(NC12CC3CC(CC(C3)C1)C2)c1c[nH]c2ccc(-c3ccccc3)cc12,5
random,CCCCCn1cc(C(=O)NC2C3CC4CC(C3)CC2C4)c(=O)cc1C,O=C(NC1C2CC3CC(C2)CC1C3)c1c[nH]ccc1=O,5
random,CCCCCn1cc(C(=O)NC2CCCCC2)c(=O)c2c(-c3ccc(Cl)cc3)nn(C)c21,O=C(NC1CCCCC1)c1c[nH]c2[nH]nc(-c3ccccc3)c2c1=O,5
random,CCCCCn1cc(C(=O)NC2CCCCC2)c(=O)c2c(C(C)(C)C)nn(C)c21,O=C(NC1CCCCC1)c1c[nH]c2[nH]ncc2c1=O,5
random,CCCCCn1cc(C(=O)NC2CCCCC2)c(=O)c2c(C)nn(C)c21,O=C(NC1CCCCC1)c1c[nH]c2[nH]ncc2c1=O,5
random,CCCCCn1cc(C(=O)NC2CCCCC2)c(=O)cc1C,O=C(NC1CCCCC1)c1c[nH]ccc1=O,5
random,CCCCCn1cc(C(=O)NC2CCCCC2)c(=O)cc1C(C)(C)C,O=C(NC1CCCCC1)c1c[nH]ccc1=O,5
random,CCCCCn1cc(C(=O)NC2CCCCC2)c(=O)n2nc(-c3ccc(Cl)cc3)cc12,O=C(NC1CCCCC1)c1c[nH]c2cc(-c3ccccc3)nn2c1=O,5
random,CCCCCn1cc(C(=O)NC2CCCCC2)c(=O)n2nc(-c3ccccc3)cc12,O=C(NC1CCCCC1)c1c[nH]c2cc(-c3ccccc3)nn2c1=O,5
random,CCCCCn1cc(C(=O)NC2CCCCC2)c(=O)n2nc(-c3ccccc3Cl)cc12,O=C(NC1CCCCC1)c1c[nH]c2cc(-c3ccccc3)nn2c1=O,5
random,CCCCCn1cc(C(=O)NC2CCCCC2)c(=O)n2nc(-c3ccco3)cc12,O=C(NC1CCCCC1)c1c[nH]c2cc(-c3ccco3)nn2c1=O,5
random,CCCCCn1cc(C(=O)NC2CCCCC2)c(=O)n2nc(C)cc12,O=C(NC1CCCCC1)c1c[nH]c2ccnn2c1=O,5
random,CCCCCn1cc(C(=O)NC2CCCCC2)c(=O)n2nc(N(C)Cc3ccccc3)nc12,O=C(NC1CCCCC1)c1c[nH]c2nc(NCc3ccccc3)nn2c1=O,5
random,CCCCCn1cc(C(=O)NC2CCCCC2)c(=S)cc1-c1ccccc1,O=C(NC1CCCCC1)c1c[nH]c(-c2ccccc2)cc1=S,5
random,CCCCCn1cc(C(=O)NC2CCCCCC2)c(=O)c2cnn(C)c21,O=C(NC1CCCCCC1)c1c[nH]c2[nH]ncc2c1=O,5
random,CCCCCn1cc(C(=O)NC2CCCCCC2)c(=O)n2nc(-c3ccccc3)cc12,O=C(NC1CCCCCC1)c1c[nH]c2cc(-c3ccccc3)nn2c1=O,5
random,CCCCCn1cc(C(=O)NC2CCCCCC2)c(=O)n2nc(-c3ccccc3)nc12,O=C(NC1CCCCCC1)c1c[nH]c2nc(-c3ccccc3)nn2c1=O,5
random,CCCCCn1cc(C(=O)NCC23CC4CC(CC(C4)C2)C3)c(=O)cc1-c1ccccc1,O=C(NCC12CC3CC(CC(C3)C1)C2)c1c[nH]c(-c2ccccc2)cc1=O,5
random,CCCCCn1cc(C(=O)NCCc2ccc3c(c2)OCO3)c(=O)c2ccccc21,O=C(NCCc1ccc2c(c1)OCO2)c1c[nH]c2ccccc2c1=O,5
random,CCCCCn1cc(C(=O)NCc2ccc(Cl)c(Cl)c2)c(=O)c2ccc(Br)cc21,O=C(NCc1ccccc1)c1c[nH]c2ccccc2c1=O,5
random,CCCCCn1cc(C(=O)N[C@@H](C)c2ccccc2)c(=O)c2ccccc21,O=C(NCc1ccccc1)c1c[nH]c2ccccc2c1=O,5
random,CCCCCn1cc(C(=O)N[C@H](C)c2cccc3ccccc23)c(=O)c2ccccc21,O=C(NCc1cccc2ccccc12)c1c[nH]c2ccccc2c1=O,5
random,CCCCCn1cc(C(=O)N[C@H]2CC[C@@H](C)CC2)c(=O)c2c(C)nn(C)c21,O=C(NC1CCCCC1)c1c[nH]c2[nH]ncc2c1=O,5
random,CCCCCn1cc(C(=O)Nc2cccc3ccccc23)c(=O)c2ccccc21,O=C(Nc1cccc2ccccc12)c1c[nH]c2ccccc2c1=O,5
random,CCCCCn1cc(C(=O)Nc2ccccc2)c(=O)cc1C(C)(C)C,O=C(Nc1ccccc1)c1c[nH]ccc1=O,5
random,CCCCCn1cc(C(=O)c2ccc(-c3ccccc3)cc2)c2ccccc21,O=C(c1ccc(-c2ccccc2)cc1)c1c[nH]c2ccccc12,5
random,CCCCCn1cc(C(=O)c2ccc(Br)c3ccccc23)c2ccccc21,O=C(c1cccc2ccccc12)c1c[nH]c2ccccc12,5
random,CCCCCn1cc(C(=O)c2ccc(CC)c3ccccc23)c2ccccc21,O=C(c1cccc2ccccc12)c1c[nH]c2ccccc12,5
random,CCCCCn1cc(C(=O)c2ccc(CCC)c3ccccc23)c2ccccc21,O=C(c1cccc2ccccc12)c1c[nH]c2ccccc12,5
random,CCCCCn1cc(C(=O)c2ccc(Cl)c3ccccc23)c2ccccc21,O=C(c1cccc2ccccc12)c1c[nH]c2ccccc12,5
random,CCCCCn1cc(C(=O)c2cccc3cc(OC)ccc23)c2ccccc21,O=C(c1cccc2ccccc12)c1c[nH]c2ccccc12,5
random,CCCCCn1cc(C(=O)c2cccc3ccccc23)c2cnccc21,O=C(c1cccc2ccccc12)c1c[nH]c2ccncc12,5
random,CCCCCn1cc(C(=O)c2cccc3ccccc23)cc1-c1ccc(Cl)cc1,O=C(c1c[nH]c(-c2ccccc2)c1)c1cccc2ccccc12,5
random,CCCCCn1cc(C(=O)c2cccc3ccccc23)cc1-c1cccnc1,O=C(c1c[nH]c(-c2cccnc2)c1)c1cccc2ccccc12,5
random,CCCCCn1cc2c(=O)n(-c3cccc(C(F)(F)F)c3)nc-2c2ccccc21,O=c1c2c[nH]c3ccccc3c-2nn1-c1ccccc1,5
random,CCCCN(C)C(=O)c1ccc2c(c1)c1c(n2S(=O)(=O)CC)CN(C2CCCC2)C1,c1ccc2c3c([nH]c2c1)CN(C1CCCC1)C3,5
random,CCCCNC(=O)c1ccc2c(c1)N=C(c1ccccc1Cl)c1ccccc1S2,c1ccc(C2=Nc3ccccc3Sc3ccccc32)cc1,5
random,CCCCOC(=O)C(C)(C)c1cc(O)c2c(c1)OC(C)(C)[C@@H]1CC[C@@H](O)C[C@@H]21,c1ccc2c(c1)OCC1CCCCC21,5
random,CCCCOC(=O)C1(c2cc(O)c3c(c2)OC(C)(C)[C@@H]2CC=C(C)C[C@@H]32)CCC1,C1=CCC2c3ccc(C4CCC4)cc3OCC2C1,5
random,CCCCOC(=O)Cc1cc(O)c2c(c1)OC(C)(C)[C@@H]1CC[C@@H](O)C[C@@H]21,c1ccc2c(c1)OCC1CCCCC21,5
random,CCCCOC(=O)Cc1cc(O)c2c(c1)OC(C)(C)[C@@H]1CC[C@H](O)C[C@@H]21,c1ccc2c(c1)OCC1CCCCC21,5
random,CCCCOC(=O)c1cc(O)c(-c2cc(C)cc(C)c2)c(O)c1,c1ccc(-c2ccccc2)cc1,5
random,CCCCOc1c(OC)ccc2cc(C(=O)NCc3ccc(F)cc3)c(=O)[nH]c12,O=C(NCc1ccccc1)c1cc2ccccc2[nH]c1=O,5
random,CCCCOc1ncc(Br)cc1C(=O)NC1CCCCCC1,O=C(NC1CCCCCC1)c1cccnc1,5
random,CCCCc1cc(-c2ccc(F)cc2)cc(C(=O)N[C@H]2CC[C@@H](C)CC2)c1OC,O=C(NC1CCCCC1)c1cccc(-c2ccccc2)c1,5
random,CCCCc1cc(-c2ccc(OC)cc2)cc(C(=O)N[C@H]2CC[C@H](C)CC2)c1OC,O=C(NC1CCCCC1)c1cccc(-c2ccccc2)c1,5
random,CCCCn1/c(=N/C(=O)c2cc(C(F)(F)F)ccc2OC[C@@H]2CCCN2C)sc2ccncc21,O=C(N=c1[nH]c2cnccc2s1)c1ccccc1OCC1CCCN1,5
random,CCCCn1/c(=N/C(=O)c2cc(C(F)(F)F)ccc2OC[C@H](C)O)sc2ncccc21,O=C(N=c1[nH]c2cccnc2s1)c1ccccc1,5
random,CCCCn1c(=O)c(C(=O)NC2CCC(C)CC2)cc2ccccc21,O=C(NC1CCCCC1)c1cc2ccccc2[nH]c1=O,5
random,CCCCn1c(C)c(C)cc(NC(=O)c2ccccc2F)c1=O,O=C(Nc1ccc[nH]c1=O)c1ccccc1,5
random,CCCCn1c(C)c(C)cc(Oc2nc3ccccc3o2)c1=S,S=c1[nH]cccc1Oc1nc2ccccc2o1,5
random,CCCCn1c(CC)c(C)cc(C(=O)NCc2ccccc2)c1=O,O=C(NCc1ccccc1)c1ccc[nH]c1=O,5
random,CCCCn1c(Cc2ccc(Cl)c(Cl)c2)nc2cc(C(F)(F)F)ccc21,c1ccc(Cc2nc3ccccc3[nH]2)cc1,5
random,CCCCn1cc(C(=O)N[C@@H](Cc2ccccc2)C(N)=O)c2ccccc21,O=C(NCCc1ccccc1)c1c[nH]c2ccccc12,5
random,CCCCn1cc(C(=O)N[C@H](C(N)=O)C(C)(C)C)c2cccnc21,c1cnc2[nH]ccc2c1,5
random,CCCCn1cc(C(C)(C)C)cc/c1=N\C(=O)c1cc(C(F)(F)F)ccc1ONC(C)(C)C,O=C(N=c1cccc[nH]1)c1ccccc1,5
random,CCCCn1cccc(C(=O)NC2CCC(C)CC2)c1=O,O=C(NC1CCCCC1)c1ccc[nH]c1=O,5
random,CCCCn1nc(C(C)(C)C)s/c1=N/C(=O)c1cc(C(F)(F)F)ccc1NNC(=O)OC(C)(C)C,O=C(N=c1[nH]ncs1)c1ccccc1,5
random,CCCCn1nc(C(C)(C)C)s/c1=N/C(=O)c1cc(C(F)(F)F)ccc1ON(C)C,O=C(N=c1[nH]ncs1)c1ccccc1,5
random,CCCCn1nc(C(C)(C)C)s/c1=N\C(=O)c1cc(C(F)(F)F)ccc1NNC(=O)c1ccncc1,O=C(NNc1ccccc1C(=O)N=c1[nH]ncs1)c1ccncc1,5
random,CCCCn1nc(C(C)(C)C)s/c1=N\C(=O)c1cc(C(F)(F)F)ccc1NNC(N)=O,O=C(N=c1[nH]ncs1)c1ccccc1,5
random,CCCCn1nc(C(C)(C)C)s/c1=N\C(=O)c1cc(Cl)ccc1ONC(C)(C)C,O=C(N=c1[nH]ncs1)c1ccccc1,5
random,CCCN(CCC)C(=O)c1ccc2c(c1)nc(Cc1ccc(OCC)cc1)n2CC1CC1,c1ccc(Cc2nc3ccccc3n2CC2CC2)cc1,5
random,CCCN1Cc2c(n(S(=O)(=O)CC)c3ccc(C(=O)N4CCC(C)CC4)cc23)C1,O=C(c1ccc2[nH]c3c(c2c1)CNC3)N1CCCCC1,5
random,CCCNC(=O)NC1(c2ccccc2)CCN(c2ncnc3c2nc(-c2ccccc2Cl)n3-c2ccc(Cl)cc2)CC1,c1ccc(-c2nc3c(N4CCC(c5ccccc5)CC4)ncnc3n2-c2ccccc2)cc1,5
random,CCCNC(=O)c1c(NC(=O)C23CC4CC(CC2C4)C3)sc2c1CCCC2,O=C(Nc1cc2c(s1)CCCC2)C12CC3CC(CC1C3)C2,5
random,CCCNC(=O)c1c(NC(=O)C23CC4CC(CC2C4)C3)sc2c1CCOC2,O=C(Nc1cc2c(s1)COCC2)C12CC3CC(CC1C3)C2,5
random,CCCc1nc2ccccc2n1C(=O)c1ccc(OC)cc1,O=C(c1ccccc1)n1cnc2ccccc21,5
random,CCCn1c(C)c(C(=O)c2ccc(Cl)c3ccccc23)c2ccccc21,O=C(c1cccc2ccccc12)c1c[nH]c2ccccc12,5
random,CCCn1c(C)c(C(=O)c2ccc(I)c3ccccc23)c2ccccc21,O=C(c1cccc2ccccc12)c1c[nH]c2ccccc12,5
random,CCCn1c(C)c(C(=O)c2cccc3cc(OC)ccc23)c2ccccc21,O=C(c1cccc2ccccc12)c1c[nH]c2ccccc12,5
random,CCCn1c(C)c(C(=O)c2cccc3ccc(OC)cc23)c2ccccc21,O=C(c1cccc2ccccc12)c1c[nH]c2ccccc12,5
random,CCCn1c(C)c(C(=O)c2cccc3cccc(Br)c23)c2ccccc21,O=C(c1cccc2ccccc12)c1c[nH]c2ccccc12,5
random,CCCn1cc(C(=O)NC2CCCCC2)c(=O)c2c(C)nn(C)c21,O=C(NC1CCCCC1)c1c[nH]c2[nH]ncc2c1=O,5
random,CCCn1cc(C(=O)c2ccc(Br)c3ccccc23)c2ccccc21,O=C(c1cccc2ccccc12)c1c[nH]c2ccccc12,5
random,CCCn1cc(C(=O)c2ccc(C)c3ccccc23)c2ccccc21,O=C(c1cccc2ccccc12)c1c[nH]c2ccccc12,5
random,CCCn1cc(C(=O)c2ccc(OC)c3ccccc23)c2ccccc21,O=C(c1cccc2ccccc12)c1c[nH]c2ccccc12,5
random,CCCn1cc(C(=O)c2cccc3ccc(C)cc23)c2ccccc21,O=C(c1cccc2ccccc12)c1c[nH]c2ccccc12,5
random,CCN(CC)C(=O)c1ccc2c(c1)nc(Cc1ccc(O)cc1)n2CCC(C)C,c1ccc(Cc2nc3ccccc3[nH]2)cc1,5
random,CCN(CC)C(=O)c1ccc2c(c1)nc(Cc1ccc(OC(C)C)cc1)n2CCC(C)C,c1ccc(Cc2nc3ccccc3[nH]2)cc1,5
random,CCN(CC)C(=O)c1ccc2c(c1)nc(Cc1ccc(OC3CCCC3)cc1)n2CCC(C)C,c1ccc2[nH]c(Cc3ccc(OC4CCCC4)cc3)nc2c1,5
random,CCN(CC)C(=O)c1ccc2c(c1)nc(Cc1ccc(OCC(F)(F)F)cc1)n2CCC(C)C,c1ccc(Cc2nc3ccccc3[nH]2)cc1,5
random,CCN(CC)C(=O)c1ccc2c(c1)nc(Cc1ccc(Oc3ccccc3)cc1)n2CCC(C)C,c1ccc(Oc2ccc(Cc3nc4ccccc4[nH]3)cc2)cc1,5
random,CCN(CC)CCOc1ccc(C(=O)c2c(-c3ccc(OCCCCCCCN(C)Cc4ccccc4)cc3)oc3ccccc23)cc1,O=C(c1ccccc1)c1c(-c2ccc(OCCCCCCCNCc3ccccc3)cc2)oc2ccccc12,5
random,CCN(CC)CCOc1cccc(C(=O)c2c(-c3ccc(OCCCCCCCN(C)Cc4ccccc4)cc3)oc3ccccc23)c1,O=C(c1ccccc1)c1c(-c2ccc(OCCCCCCCNCc3ccccc3)cc2)oc2ccccc12,5
random,CCN(CC)CCn1c(Cc2ccc(OC)cc2)nc2cc(C(F)(F)F)ccc21,c1ccc(Cc2nc3ccccc3[nH]2)cc1,5
random,CCN(CC)Cc1ccc(C(=O)c2c(-c3ccc(OCCCCCCCN(C)Cc4ccccc4)cc3)oc3ccccc23)cc1,O=C(c1ccccc1)c1c(-c2ccc(OCCCCCCCNCc3ccccc3)cc2)oc2ccccc12,5
random,CCN(CC)S(=O)(=O)/N=C(/N=C(\N)SC)N1CC(c2ccccc2)C(c2ccc(Cl)cc2)=N1,c1ccc(C2=NNCC2c2ccccc2)cc1,5
random,CCN(CC)c1ccc(C(NC(=O)C(C)C)NC(=O)C(C)C)cc1,c1ccccc1,5
random,CCN(CC)c1ccc(CN(C(=O)C2CCCCC2)c2ccc(Cl)cc2)cc1,O=C(C1CCCCC1)N(Cc1ccccc1)c1ccccc1,5
random,CCN(CC)c1ccc(CN(C2CCCCC2)S(=O)(=O)c2ccc(C)cc2)cc1,O=S(=O)(c1ccccc1)N(Cc1ccccc1)C1CCCCC1,5
random,CCN(CC)c1ccc(CN(Cc2cccs2)S(=O)(=O)c2ccc(C)cc2)cc1,O=S(=O)(c1ccccc1)N(Cc1ccccc1)Cc1cccs1,5
random,CCN(CC)c1ccc(CN([C@]23C[C@H]4C[C@H](C[C@H](C4)C2)C3)S(=O)(=O)c2ccc(Cl)cc2)cc1,O=S(=O)(c1ccccc1)N(Cc1ccccc1)C12CC3CC(CC(C3)C1)C2,5
random,CCN(CC)c1ccc(CN([C@]23C[C@H]4C[C@H](C[C@H](C4)C2)C3)S(=O)(=O)c2ccc(OC)cc2)cc1,O=S(=O)(c1ccccc1)N(Cc1ccccc1)C12CC3CC(CC(C3)C1)C2,5
random,CCN(CC)c1ccc(CN(c2ccc(C)cc2)S(=O)(=O)c2cccc(C)c2)cc1,O=S(=O)(c1ccccc1)N(Cc1ccccc1)c1ccccc1,5
random,CCN(CC)c1ccc(CN(c2ccc(Cl)cc2)S(=O)(=O)c2ccc(OC)cc2)cc1,O=S(=O)(c1ccccc1)N(Cc1ccccc1)c1ccccc1,5
random,CCN(CC)c1ccc(CN(c2ncc(C)s2)S(=O)(=O)c2ccc(C)cc2)cc1,O=S(=O)(c1ccccc1)N(Cc1ccccc1)c1nccs1,5
random,CCN1CCN(c2nc(C)nc3oc(-c4ccccc4Cl)nc23)CC1,c1ccc(-c2nc3c(N4CCNCC4)ncnc3o2)cc1,5
random,CCN1CCN(c2ncnc3oc(-c4ccccc4C(F)(F)F)nc23)CC1,c1ccc(-c2nc3c(N4CCNCC4)ncnc3o2)cc1,5
random,CCNC(=O)c1ccc2c(c1)nc(Cc1ccc(OCC)cc1)n2CC1CC1,c1ccc(Cc2nc3ccccc3n2CC2CC2)cc1,5
random,CCOC(=O)C(CC)(CC)NC(=O)c1ccc(N2CC(OC)C2)c(OC[C@H]2C[C@@H]2COCF)n1,c1cnc(OCC2CC2)c(N2CCC2)c1,5
random,CCOC(=O)CNC(=O)/C=C/C=C/c1ccc2c(c1)OCCO2,c1ccc2c(c1)OCCO2,5
random,CCOC(=O)CNC(=O)CCC(=O)/C=C/c1ccc2ccccc2c1,c1ccc2ccccc2c1,5
random,CCOC(=O)NC1CCN(c2ncnc3c2nc(-c2ccccc2Cl)n3-c2ccc(Cl)cc2)CC1,c1ccc(-c2nc3c(N4CCCCC4)ncnc3n2-c2ccccc2)cc1,5
random,CCOC(=O)c1c(NC(=O)C23CC4CC(CC(C4)C2)C3)sc2c1CCCC2,O=C(Nc1cc2c(s1)CCCC2)C12CC3CC(CC(C3)C1)C2,5
random,CCOC(=O)c1c(NC(=O)CCc2ccccc2)sc2c1CCCC2,O=C(CCc1ccccc1)Nc1cc2c(s1)CCCC2,5
random,CCOC(=O)c1c(NS(=O)(=O)c2cccc3ccccc23)sc2c1CCCC2,O=S(=O)(Nc1cc2c(s1)CCCC2)c1cccc2ccccc12,5
random,CCOCCOCC(C)(C)c1cc(NC(=O)c2ccc(C3CCCC3)c(OCC3CC3)n2)on1,O=C(Nc1ccno1)c1ccc(C2CCCC2)c(OCC2CC2)n1,5
random,CCOc1ccc(C(=O)c2nc3cc(C(=O)N(CC)CC)ccc3n2CCC(C)C)cc1,O=C(c1ccccc1)c1nc2ccccc2[nH]1,5
random,CCOc1ccc(C(NC(=O)Cc2ccccc2)NC(=O)Cc2ccccc2)cc1,O=C(Cc1ccccc1)NC(NC(=O)Cc1ccccc1)c1ccccc1,5
random,CCOc1ccc(Cc2nc3cc(C(=O)N(CC)CC)ccc3n2CC2CCOCC2)cc1,c1ccc(Cc2nc3ccccc3n2CC2CCOCC2)cc1,5
random,CCOc1ccc(Cc2nc3cc(C(=O)N(CC)CC)ccc3n2CCCCCCN2CCCCC2)cc1,c1ccc(Cc2nc3ccccc3n2CCCCCCN2CCCCC2)cc1,5
random,CCOc1ccc(Cc2nc3cc(C(=O)N(CC)CC)ccc3n2CCCCN2CCCCC2)cc1,c1ccc(Cc2nc3ccccc3n2CCCCN2CCCCC2)cc1,5
random,CCOc1ccc(Cc2nc3cc(C(=O)N(CC)CC)ccc3n2Cc2cc[n+]([O-])cc2)cc1,c1ccc(Cc2nc3ccccc3n2Cc2cc[nH+]cc2)cc1,5
random,CCOc1ccc(Cc2nc3cc(C(=O)N(CC)CC)ccc3n2Cc2ccccn2)cc1,c1ccc(Cc2nc3ccccc3n2Cc2ccccn2)cc1,5
random,CCOc1ccc(Cc2nc3cc(C(=O)N(CC)CC)ccc3n2Cc2ccncc2)cc1,c1ccc(Cc2nc3ccccc3n2Cc2ccncc2)cc1,5
random,CCOc1ccc(Cc2nc3cc(C(=O)N4CCCC4)ccc3n2CC2CC2)cc1,O=C(c1ccc2c(c1)nc(Cc1ccccc1)n2CC1CC1)N1CCCC1,5
random,CCOc1ccc(Cc2nc3cc(C(=O)N4CCCCC4)ccc3n2CCC(C)C)cc1,O=C(c1ccc2[nH]c(Cc3ccccc3)nc2c1)N1CCCCC1,5
random,CCOc1ccc(Cc2nc3cc(C(=O)NC45CC6CC(CC(C6)C4)C5)ccc3n2CCC(C)C)cc1,O=C(NC12CC3CC(CC(C3)C1)C2)c1ccc2[nH]c(Cc3ccccc3)nc2c1,5
random,CCOc1ccc(Cc2nc3cc(C(=O)NCCCCCCNc4c5c(nc6ccccc46)CCCC5)ccc3n2CCC(C)C)cc1,O=C(NCCCCCCNc1c2c(nc3ccccc13)CCCC2)c1ccc2[nH]c(Cc3ccccc3)nc2c1,5
random,CCOc1ccc(Cc2nc3cc(C(=O)NCCCCNc4c5c(nc6ccccc46)CCCC5)ccc3n2CCC(C)C)cc1,O=C(NCCCCNc1c2c(nc3ccccc13)CCCC2)c1ccc2[nH]c(Cc3ccccc3)nc2c1,5
random,CCOc1ccc(Cc2nc3cc(C(=O)NCCNc4c5c(nc6ccccc46)CCCC5)ccc3n2CCC(C)C)cc1,O=C(NCCNc1c2c(nc3ccccc13)CCCC2)c1ccc2[nH]c(Cc3ccccc3)nc2c1,5
random,CCOc1ccc(Cc2nc3cc(N(C)C(=O)CC(C)C)ccc3n2CC2CC2)cc1,c1ccc(Cc2nc3ccccc3n2CC2CC2)cc1,5
random,CCOc1ccc(Cc2nc3cc(N(C)C(=O)N(CC)CC)ccc3n2CC2CC2)cc1,c1ccc(Cc2nc3ccccc3n2CC2CC2)cc1,5
random,CCOc1ccc(Cc2nc3cc(N(C)C(=O)N4CCCCC4)ccc3n2CC2CC2)cc1,O=C(Nc1ccc2c(c1)nc(Cc1ccccc1)n2CC1CC1)N1CCCCC1,5
random,CCOc1ccc(Cc2nc3cc(N(C)C(=O)c4cccs4)ccc3n2CC2CC2)cc1,O=C(Nc1ccc2c(c1)nc(Cc1ccccc1)n2CC1CC1)c1cccs1,5
random,CCOc1ccccc1/N=C1\SCC(C)(C)CN1C(=S)SC,c1ccc(N=C2NCCCS2)cc1,5
random,CCOc1ccccc1CNC(=O)c1oc2ccc(S(=O)(=O)N3CC(C)CC(C)C3)cc2c1C,O=C(NCc1ccccc1)c1cc2cc(S(=O)(=O)N3CCCCC3)ccc2o1,5
random,CCS(=O)(=O)N1CCN(c2ncnc3c2nc(-c2ccccc2Cl)n3-c2ccc(Cl)cc2)CC1,c1ccc(-c2nc3c(N4CCNCC4)ncnc3n2-c2ccccc2)cc1,5
random,CCS(=O)(=O)n1c2c(c3cc(C(=O)N4CCC(C)CC4)ccc31)CN(CC1CC1)C2,O=C(c1ccc2[nH]c3c(c2c1)CN(CC1CC1)C3)N1CCCCC1,5
random,CC[C@H](C)[C@H](NC(=O)n1c(=O)n(CCN2CCOCC2)c2ccccc21)C(N)=O,O=c1[nH]c2ccccc2n1CCN1CCOCC1,5
random,CCc1c(C(=O)NC2CCCCC2)nn(-c2ccc(Cl)cc2Cl)c1-n1cccc1,O=C(NC1CCCCC1)c1cc(-n2cccc2)n(-c2ccccc2)n1,5
random,CCc1c(C(=O)NCCc2ccccc2)cc(C)n1-c1ccccc1,O=C(NCCc1ccccc1)c1ccn(-c2ccccc2)c1,5
random,CCc1ccc(CC)n1-c1c(C)c(C(=O)NC2CCCCC2)nn1-c1ccc(Cl)c(Cl)c1,O=C(NC1CCCCC1)c1cc(-n2cccc2)n(-c2ccccc2)n1,5
random,CCc1nc(C(=O)NC23CC4CC(CC(C4)C2)C3)cn1-c1ccccc1,O=C(NC12CC3CC(CC(C3)C1)C2)c1cn(-c2ccccc2)cn1,5
random,CCc1sc(NC(=O)C23CC4CC(CC(C4)C2)C3)c(C(=O)OC)c1C,O=C(Nc1cccs1)C12CC3CC(CC(C3)C1)C2,5
random,CCc1sc2ccccc2c1C(=O)c1ccc(OC)cc1,O=C(c1ccccc1)c1csc2ccccc12,5
random,CN(C)C1(c2nc(-c3cc(C(C)(C)C)cc(C(C)(C)C)c3)cs2)CCOCC1,c1ccc(-c2csc(C3CCOCC3)n2)cc1,5
random,CN(C)CCn1c(Cc2ccc(Cl)c(Cl)c2)nc2cc(C(F)(F)F)ccc21,c1ccc(Cc2nc3ccccc3[nH]2)cc1,5
random,CN(CC(N)=O)Cc1nc(-c2cn(CC3CCOCC3)c3c(Cl)cccc23)no1,c1ccc2c(c1)c(-c1ncon1)cn2CC1CCOCC1,5
random,CN(CCCCCCCOc1ccc(-c2oc3ccccc3c2C(=O)c2ccc(-c3ccccc3)cc2)cc1)Cc1ccccc1,O=C(c1ccc(-c2ccccc2)cc1)c1c(-c2ccc(OCCCCCCCNCc3ccccc3)cc2)oc2ccccc12,5
random,CN(CCOc1ccc(C(F)(F)F)cc1C(=O)/N=c1\sc(C(C)(C)C)cn1C[C@H]1CCCO1)c1ccccc1,O=C(N=c1sccn1CC1CCCO1)c1ccccc1OCCNc1ccccc1,5
random,CN(Cc1ccccc1)C1CCN(c2ncnc3c2nc(-c2ccccc2Cl)n3-c2ccc(Cl)cc2)CC1,c1ccc(CNC2CCN(c3ncnc4c3nc(-c3ccccc3)n4-c3ccccc3)CC2)cc1,5
random,CN/C(=N\S(=O)(=O)N1CCCCC1)N1CC(c2ccccc2)C(c2ccc(Cl)cc2)=N1,O=S(=O)(N=CN1CC(c2ccccc2)C(c2ccccc2)=N1)N1CCCCC1,5
random,CN/C(=N\S(=O)(=O)N1CCCCC1)N1C[C@H](c2ccccc2)C(c2ccc(Cl)cc2)=N1,O=S(=O)(N=CN1CC(c2ccccc2)C(c2ccccc2)=N1)N1CCCCC1,5
random,CN/C(=N\S(=O)(=O)c1ccc(Cl)cc1)N1C[C@H](c2ccccc2)C(c2ccc(Cl)cc2)=N1,O=S(=O)(N=CN1CC(c2ccccc2)C(c2ccccc2)=N1)c1ccccc1,5
random,CN1CC(COc2ccc(C(F)(F)F)cc2C(=O)/N=c2\sc(C(C)(C)C)cn2C[C@H]2CCCO2)C1,O=C(N=c1sccn1CC1CCCO1)c1ccccc1OCC1CNC1,5
random,CN1CCC[C@@H]1COc1ccc(C(F)(F)F)cc1C(=O)/N=c1\sc(C(C)(C)C)cn1C[C@H]1CCCO1,O=C(N=c1sccn1CC1CCCO1)c1ccccc1OCC1CCCN1,5
random,CN1CCC[C@H]1COc1ccc(C(F)(F)F)cc1C(=O)/N=c1\sc(C(C)(C)C)cn1C[C@H]1CCCO1,O=C(N=c1sccn1CC1CCCO1)c1ccccc1OCC1CCCN1,5
random,CN1CCN(c2ncnc3oc(-c4ccccc4Cl)nc23)CC1,c1ccc(-c2nc3c(N4CCNCC4)ncnc3o2)cc1,5
random,CN1CC[C@H]1COc1ccc(C(F)(F)F)cc1C(=O)/N=c1\sc(C(C)(C)C)cn1C[C@H]1CCCO1,O=C(N=c1sccn1CC1CCCO1)c1ccccc1OCC1CCN1,5
random,CN1C[C@H](F)C[C@H]1COc1ccc(C(F)(F)F)cc1C(=O)/N=c1\sc(C(C)(C)C)cn1C[C@H]1CCCO1,O=C(N=c1sccn1CC1CCCO1)c1ccccc1OCC1CCCN1,5
random,CNC(=O)CCCN(C)C(=O)c1ccc2c(c1)c1c(n2C)CC[C@@H](C2CCOCC2)C1,c1ccc2c3c([nH]c2c1)CCC(C1CCOCC1)C3,5
random,CO/N=C(\c1ccc([C@H](C)NS(C)(=O)=O)cc1)c1ccc(Cl)cc1S(=O)(=O)c1ccc(Cl)cc1,N=C(c1ccccc1)c1ccccc1S(=O)(=O)c1ccccc1,5
random,COC(=O)c1c(NC(=O)C23CC4CC(CC(C4)C2)C3)sc2c1CCSC2,O=C(Nc1cc2c(s1)CSCC2)C12CC3CC(CC(C3)C1)C2,5
random,COC(=O)c1c(NC(=O)N2CCCCC2)sc2c1CCCC2,O=C(Nc1cc2c(s1)CCCC2)N1CCCCC1,5
random,COC(=O)c1ccsc1NC(=O)C12CC3CC(CC(C3)C1)C2,O=C(Nc1cccs1)C12CC3CC(CC(C3)C1)C2,5
random,COC1CN(C(=O)c2c(NC(=O)c3ccccc3C(F)(F)F)sc3c2CCOC3)C1,O=C(Nc1sc2c(c1C(=O)N1CCC1)CCOC2)c1ccccc1,5
random,COCCC(C)(C)C(=O)Nc1cc(C)c(C)c(S(=O)(=O)N2CCOCC2)c1,O=S(=O)(c1ccccc1)N1CCOCC1,5
random,COCCn1nc(C(C)(C)C)s/c1=N\C(=O)c1cc(C(F)(F)F)ccc1ONC(C)(C)C,O=C(N=c1[nH]ncs1)c1ccccc1,5
random,CONC(=O)[C@@H](NC(=O)c1nn(-c2c[n+]([O-])ccn2)c2c1C[C@H]1C[C@@H]21)C(C)(C)C,c1c[nH+]cc(-n2ncc3c2C2CC2C3)n1,5
random,COc1c(C)cc(-c2ccccc2)cc1C(=O)N[C@H]1CC[C@@H](C)CC1,O=C(NC1CCCCC1)c1cccc(-c2ccccc2)c1,5
random,COc1c(Cc2ccc(F)cc2)cc(-c2ccc(F)cc2)cc1C(=O)NC1CCCCCC1,O=C(NC1CCCCCC1)c1cc(Cc2ccccc2)cc(-c2ccccc2)c1,5
random,COc1c(Cc2ccc(F)cc2)cc(-c2ccccc2)cc1C(=O)NC1CCCCCC1,O=C(NC1CCCCCC1)c1cc(Cc2ccccc2)cc(-c2ccccc2)c1,5
random,COc1c(Cc2ccccc2)cc(-c2ccccc2)cc1C(=O)N[C@H]1CC[C@@H](C)CC1,O=C(NC1CCCCC1)c1cc(Cc2ccccc2)cc(-c2ccccc2)c1,5
random,COc1cc(C(C)(C)CCCCCCN=C=S)cc(OC)c1[C@@H]1C=C(CO)[C@@H]2C[C@H]1C2(C)C,C1=CC(c2ccccc2)C2CC1C2,5
random,COc1cc(C)cc2oc(=O)c(Cc3ccc(C)cc3)cc12,O=c1oc2ccccc2cc1Cc1ccccc1,5
random,COc1ccc(-c2cc(C)c(OC)c(C(=O)NC3CCCCCC3)c2)cc1,O=C(NC1CCCCCC1)c1cccc(-c2ccccc2)c1,5
random,COc1ccc(-c2cnc3c(c2)cc(C(=O)NC2CCC(C)CC2)c(=O)n3Cc2ccc(F)cc2)cc1,O=C(NC1CCCCC1)c1cc2cc(-c3ccccc3)cnc2n(Cc2ccccc2)c1=O,5
random,COc1ccc(-c2oc3ccccc3c2C(=O)c2ccc(NCc3cc(F)cc(F)c3)cc2)cc1,O=C(c1ccc(NCc2ccccc2)cc1)c1c(-c2ccccc2)oc2ccccc12,5
random,COc1ccc(-c2oc3ccccc3c2C(=O)c2ccc(NCc3ccc(C#N)cc3)cc2)cc1,O=C(c1ccc(NCc2ccccc2)cc1)c1c(-c2ccccc2)oc2ccccc12,5
random,COc1ccc(C(=O)n2c(C3CCCC3)nc3ccccc32)cc1,O=C(c1ccccc1)n1c(C2CCCC2)nc2ccccc21,5
random,COc1ccc(C(NC(=O)Cc2ccc(Cl)cc2)NC(=O)Cc2ccc(Cl)cc2)cc1,O=C(Cc1ccccc1)NC(NC(=O)Cc1ccccc1)c1ccccc1,5
random,COc1ccc(C(NC(=O)Cc2ccccc2)NC(=O)Cc2ccccc2)cc1,O=C(Cc1ccccc1)NC(NC(=O)Cc1ccccc1)c1ccccc1,5
random,COc1ccc(Cc2cc3c(OC)cc(C)cc3oc2=O)cc1,O=c1oc2ccccc2cc1Cc1ccccc1,5
random,COc1ccc(S(=O)(=O)c2cc(OC)ccc2C(=O)c2ccc([C@H](C)NS(C)(=O)=O)cc2)cc1,O=C(c1ccccc1)c1ccccc1S(=O)(=O)c1ccccc1,5
random,COc1ccc2c(=O)c(C(=O)NC3CCCCC3)cn(CCN3CCOCC3)c2c1,O=C(NC1CCCCC1)c1cn(CCN2CCOCC2)c2ccccc2c1=O,5
random,COc1ccc2c(=O)c(C(=O)NC3CCCCC3)cn(Cc3ccccc3)c2c1,O=C(NC1CCCCC1)c1cn(Cc2ccccc2)c2ccccc2c1=O,5
random,COc1ccc2c(c1)OC(C)(C)c1cn(CCN3CCN(C(=O)C(C)(C)C)CC3)nc1-2,c1ccc2c(c1)OCc1cn(CCN3CCNCC3)nc1-2,5
random,COc1ccc2c(c1)c(CCN1CCOCC1)c(C)n2C(=O)c1cccc(Cl)c1Cl,O=C(c1ccccc1)n1cc(CCN2CCOCC2)c2ccccc21,5
random,COc1cccc(/N=C2\SCC3(CCCCC3)CN2C(=S)SC)c1,c1ccc(N=C2NCC3(CCCCC3)CS2)cc1,5
random,COc1cccc(N2C(C(C)=O)=NN(c3ccc(Cl)cc3)C2c2ccc(N3CCOCC3)cc2)c1,C1=NN(c2ccccc2)C(c2ccc(N3CCOCC3)cc2)N1c1ccccc1,5
random,COc1ccccc1C(=O)NC12CC3CC(CC(C3)C1)C2,O=C(NC12CC3CC(CC(C3)C1)C2)c1ccccc1,5
random,CS(=O)(=O)N1CCC(N[C@H]2CCCOc3c2nn(-c2ccccc2Cl)c3-c2ccc(Cl)cc2)CC1,c1ccc(-c2c3c(nn2-c2ccccc2)C(NC2CCNCC2)CCCO3)cc1,5
random,CS(=O)(=O)NC1CCN(c2ncnc3c2nc(-c2ccccc2Cl)n3-c2ccc(Cl)cc2)CC1,c1ccc(-c2nc3c(N4CCCCC4)ncnc3n2-c2ccccc2)cc1,5
random,CSC(=S)N1CC(C)(C)CS/C1=N\c1ccccc1-c1ccccc1,c1ccc(-c2ccccc2N=C2NCCCS2)cc1,5
random,CSC(=S)N1CC(C)(C)CS/C1=N\c1ccccc1C(C)(C)C,c1ccc(N=C2NCCCS2)cc1,5
random,CSC(=S)N1CC2(CCCCC2)CO/C1=N\c1ccc(C#N)c2ccccc12,c1ccc2c(N=C3NCC4(CCCCC4)CO3)cccc2c1,5
random,CSC(=S)N1CC2(CCCCC2)CO/C1=N\c1ccccc1,c1ccc(N=C2NCC3(CCCCC3)CO2)cc1,5
random,CSC(=S)N1CC2(CCCCC2)CO/C1=N\c1nc(C(C)(C)C)cs1,c1csc(N=C2NCC3(CCCCC3)CO2)n1,5
random,CSC(=S)N1CC2(CCCCC2)CS/C1=N\c1cccc(C(C)C)c1,c1ccc(N=C2NCC3(CCCCC3)CS2)cc1,5
random,CSC(=S)N1CC2(CCCCC2)CS/C1=N\c1cccc2c1CCCC2,c1cc2c(c(N=C3NCC4(CCCCC4)CS3)c1)CCCC2,5
random,CSC(=S)N1CC2(CCCCC2)CS/C1=N\c1cccc2ccccc12,c1ccc2c(N=C3NCC4(CCCCC4)CS3)cccc2c1,5
random,CSC(=S)N1CC2(CCCCC2)CS/C1=N\c1ccccc1C(F)(F)F,c1ccc(N=C2NCC3(CCCCC3)CS2)cc1,5
random,CSC(=S)N1CCCS/C1=N\c1ccccc1C(C)C,c1ccc(N=C2NCCCS2)cc1,5
random,CSc1c(C(=O)NN2CCCCC2)nc(-c2ccc(Cl)cc2Cl)n1-c1ccc(Cl)cc1,O=C(NN1CCCCC1)c1cn(-c2ccccc2)c(-c2ccccc2)n1,5
random,CSc1c(C(=O)NN2CCCCCC2)nn(-c2ccc(Cl)cc2Cl)c1-c1ccc(Cl)cc1,O=C(NN1CCCCCC1)c1cc(-c2ccccc2)n(-c2ccccc2)n1,5
random,C[C@@H]1COc2cccc3c(=O)c(C(=O)NC4CCCCC4)cn1c23,O=C(NC1CCCCC1)c1cn2c3c(cccc3c1=O)OCC2,5
random,C[C@H](NS(C)(=O)=O)c1ccc(Cc2ccc(C(F)(F)F)cc2S(=O)(=O)c2cccc(F)c2)cc1,O=S(=O)(c1ccccc1)c1ccccc1Cc1ccccc1,5
random,C[C@H](NS(C)(=O)=O)c1ccc(S(=O)(=O)c2ccc(Cl)cc2C(C)(O)c2ccc(Cl)cc2)cc1,O=S(=O)(c1ccccc1)c1ccccc1Cc1ccccc1,5
random,Cc1c(-c2ccccc2)cc(C(=O)NC2CCCCCC2)c(=O)n1Cc1ccc(F)cc1,O=C(NC1CCCCCC1)c1cc(-c2ccccc2)cn(Cc2ccccc2)c1=O,5
random,Cc1c(Br)cn(Cc2ccc(F)cc2)c(=O)c1C(=O)NC1CCCCCC1,O=C(NC1CCCCCC1)c1cccn(Cc2ccccc2)c1=O,5
random,Cc1c(C(=O)C2C(C)(C)C2(C)C)c2ccccc2n1CCN1CCOCC1,O=C(c1cn(CCN2CCOCC2)c2ccccc12)C1CC1,5
random,Cc1c(C(=O)N2CCC(C(N)=O)(c3ccccc3)CC2)nn(-c2ccc(Cl)cc2Cl)c1-c1ccc(Cl)cc1,O=C(c1cc(-c2ccccc2)n(-c2ccccc2)n1)N1CCC(c2ccccc2)CC1,5
random,Cc1c(C(=O)N2CCc3ccccc3C2)nc(-c2ccc(Cl)cc2Cl)n1-c1ccc(Cl)cc1,O=C(c1cn(-c2ccccc2)c(-c2ccccc2)n1)N1CCc2ccccc2C1,5
random,Cc1c(C(=O)NC2CCCC2)nn(-c2ccc(Cl)c(Cl)c2)c1-n1c(C)ccc1C,O=C(NC1CCCC1)c1cc(-n2cccc2)n(-c2ccccc2)n1,5
random,Cc1c(C(=O)NC2CCCCC2)nn(-c2c(Cl)cc(Cl)cc2Cl)c1-n1c(C)ccc1C,O=C(NC1CCCCC1)c1cc(-n2cccc2)n(-c2ccccc2)n1,5
random,Cc1c(C(=O)NC2CCCCC2)nn(-c2ccc(F)cc2F)c1-n1c(C)ccc1C,O=C(NC1CCCCC1)c1cc(-n2cccc2)n(-c2ccccc2)n1,5
random,Cc1c(C(=O)NC2CCN(S(=O)(=O)CC(C)C)CC2)nn(-c2ccc(Cl)cc2Cl)c1-c1ccc(Cl)cc1,O=C(NC1CCNCC1)c1cc(-c2ccccc2)n(-c2ccccc2)n1,5
random,Cc1c(C(=O)NCCCCCCCCCNCCCCCCCCCN)nn(-c2ccc(Cl)cc2Cl)c1-c1ccc(Cl)cc1,c1ccc(-c2ccnn2-c2ccccc2)cc1,5
random,Cc1c(C(=O)NCCCCCCCNS(N)(=O)=O)nn(-c2ccc(Cl)cc2Cl)c1-c1ccc(Cl)cc1,c1ccc(-c2ccnn2-c2ccccc2)cc1,5
random,Cc1c(C(=O)NCCCCCNCCCCCNC(=O)c2nn(-c3ccc(Cl)cc3Cl)c(-c3ccc(Cl)cc3)c2C)nn(-c2ccc(Cl)cc2Cl)c1-c1ccc(Cl)cc1,O=C(NCCCCCNCCCCCNC(=O)c1cc(-c2ccccc2)n(-c2ccccc2)n1)c1cc(-c2ccccc2)n(-c2ccccc2)n1,5
random,Cc1c(C(=O)NCCCCCO)nn(-c2ccc(Cl)cc2Cl)c1-n1cccc1,c1ccc(-n2nccc2-n2cccc2)cc1,5
random,Cc1c(C(=O)NCCCCNCc2ccc(CNCCCCNC(=O)c3nn(-c4ccc(Cl)cc4Cl)c(-c4ccc(Cl)cc4)c3C)cc2)nn(-c2ccc(Cl)cc2Cl)c1-c1ccc(Cl)cc1,O=C(NCCCCNCc1ccc(CNCCCCNC(=O)c2cc(-c3ccccc3)n(-c3ccccc3)n2)cc1)c1cc(-c2ccccc2)n(-c2ccccc2)n1,5
random,Cc1c(C(=O)NCCc2ccc(Cl)cc2Cl)nn(-c2ccc(F)cc2F)c1-n1c(C)ccc1C,O=C(NCCc1ccccc1)c1cc(-n2cccc2)n(-c2ccccc2)n1,5
random,Cc1c(C(=O)NCCc2ccccc2)oc2ccc(S(=O)(=O)N3CC(C)CC(C)C3)cc12,O=C(NCCc1ccccc1)c1cc2cc(S(=O)(=O)N3CCCCC3)ccc2o1,5
random,Cc1c(C(=O)NCc2ccc(Cl)c(Cl)c2)nn(-c2ccc(Cl)c(Cl)c2)c1-n1cccc1,O=C(NCc1ccccc1)c1cc(-n2cccc2)n(-c2ccccc2)n1,5
random,Cc1c(C(=O)NCc2ccc(Cl)c(Cl)c2)nn(-c2ccc(Cl)cc2Cl)c1-n1c(Cl)ccc1Cl,O=C(NCc1ccccc1)c1cc(-n2cccc2)n(-c2ccccc2)n1,5
random,Cc1c(C(=O)NCc2ccc(Cl)cc2)nn(-c2ccc(Cl)cc2Cl)c1-n1cccc1,O=C(NCc1ccccc1)c1cc(-n2cccc2)n(-c2ccccc2)n1,5
random,Cc1c(C(=O)NN2CCCCC2)nn(-c2c(Cl)cc(Cl)cc2Cl)c1-n1c(C)ccc1C,O=C(NN1CCCCC1)c1cc(-n2cccc2)n(-c2ccccc2)n1,5
random,Cc1c(C(=O)NN2CCCCC2)nn(-c2ccc(Cl)c(Cl)c2)c1-n1cccc1,O=C(NN1CCCCC1)c1cc(-n2cccc2)n(-c2ccccc2)n1,5
random,Cc1c(C(=O)NN2CCCCC2)nn(-c2ccc(Cl)cc2Cl)c1-c1ccc(Cl)cc1Cl,O=C(NN1CCCCC1)c1cc(-c2ccccc2)n(-c2ccccc2)n1,5
random,Cc1c(CCN2CCOCC2)c2cc(O[11CH3])ccc2n1C(=O)c1cccc(Cl)c1Cl,O=C(c1ccccc1)n1cc(CCN2CCOCC2)c2ccccc21,5
random,Cc1c(CN2CCOCC2)cc(NC(=O)C2CCCCC2C)cc1C(F)(F)F,O=C(Nc1cccc(CN2CCOCC2)c1)C1CCCCC1,5
random,Cc1cc(-c2cc(C(=O)NC3C4(C)CCC(C4)C3(C)C)nn2Cc2ccc(CNCCCCCCN)cc2)ccc1Cl,O=C(NC1CC2CCC1C2)c1cc(-c2ccccc2)n(Cc2ccccc2)n1,5
random,Cc1cc(-c2cc(C(=O)NC3CCCCC3)c(=O)n(Cc3ccc(F)cc3)n2)ccc1Cl,O=C(NC1CCCCC1)c1cc(-c2ccccc2)nn(Cc2ccccc2)c1=O,5
random,Cc1cc(-c2cc(C(=O)NCCN3CCOCC3)c(=O)n(Cc3ccc(F)cc3)n2)ccc1Cl,O=C(NCCN1CCOCC1)c1cc(-c2ccccc2)nn(Cc2ccccc2)c1=O,5
random,Cc1cc(C(=O)Nc2cccc3ccccc23)c(C)n1-c1ccccc1,O=C(Nc1cccc2ccccc12)c1ccn(-c2ccccc2)c1,5
random,Cc1cc(C)c(NC(=O)C2CCCCC2C)cc1CN1CCOCC1,O=C(Nc1cccc(CN2CCOCC2)c1)C1CCCCC1,5
random,Cc1cc([N+](=O)[O-])c2oc(-c3ccc(OCCOCCNC(=O)OC(C)(C)C)cc3)cc(=O)c2c1,O=c1cc(-c2ccccc2)oc2ccccc12,5
random,Cc1ccc(-c2cc3ncccc3c3cc(C(=O)NC4C5CC(C[C@@H]4C)C5(C)C)nn23)cc1,O=C(NC1CCC2CC1C2)c1cc2c3cccnc3cc(-c3ccccc3)n2n1,5
random,Cc1ccc(-c2cc3ncccc3c3cc(C(=O)NC4C5CC6CC(C5)CC4C6)nn23)cc1,O=C(NC1C2CC3CC(C2)CC1C3)c1cc2c3cccnc3cc(-c3ccccc3)n2n1,5
random,Cc1ccc(-c2cc3ncccc3c3cc(C(=O)N[C@H]4CC5CCC4(C)C5(C)C)nn23)cc1,O=C(NC1CC2CCC1C2)c1cc2c3cccnc3cc(-c3ccccc3)n2n1,5
random,Cc1ccc(-c2nc(CC(C)(C)C)cs2)cc1S(=O)(=O)N1CCOCC1,O=S(=O)(c1cccc(-c2nccs2)c1)N1CCOCC1,5
random,Cc1ccc(C(=O)NC(C)C(C)(C)C)cc1S(=O)(=O)N1CCOCC1,O=S(=O)(c1ccccc1)N1CCOCC1,5
random,Cc1ccc(C(=O)NC2C(C)(C)[C@@H]3CC[C@@]2(C)C3)cc1N1CCOCC1,O=C(NC1CC2CCC1C2)c1cccc(N2CCOCC2)c1,5
random,Cc1ccc(C(=O)NC2C(C)CCCC2C)cc1S(=O)(=O)N1CCOCC1,O=C(NC1CCCCC1)c1cccc(S(=O)(=O)N2CCOCC2)c1,5
random,Cc1ccc(C(=O)NC2C3(C)CCC(C3)C2(C)C)cc1CC(=O)N1CCOCC1,O=C(NC1CC2CCC1C2)c1cccc(CC(=O)N2CCOCC2)c1,5
random,Cc1ccc(C(=O)N[C@@H]2C(C)(C)[C@H]3CC[C@]2(C)C3)cc1S(=O)(=O)N1CCOCC1,O=C(NC1CC2CCC1C2)c1cccc(S(=O)(=O)N2CCOCC2)c1,5
random,Cc1ccc(C(=O)c2cc(O)c(-c3cc(Cl)cc(Cl)c3)c(O)c2)cc1,O=C(c1ccccc1)c1ccc(-c2ccccc2)cc1,5
random,Cc1ccc(C2COc3cccc4c(=O)c(C(=O)NC56CC7CC(CC(C7)C5)C6)cn2c34)cc1,O=C(NC12CC3CC(CC(C3)C1)C2)c1cn2c3c(cccc3c1=O)OCC2c1ccccc1,5
random,Cc1ccc(Cn2cc(C(=O)NC3CCCCC3)cc2-c2ccc(Cl)c(C)c2)cc1,O=C(NC1CCCCC1)c1cc(-c2ccccc2)n(Cc2ccccc2)c1,5
random,Cc1ccc(Cn2cc(CN[C@@H]3C(C)(C)C4CC[C@@]3(C)C4)cc2-c2ccc(Cl)c(C)c2)cc1,c1ccc(Cn2cc(CNC3CC4CCC3C4)cc2-c2ccccc2)cc1,5
random,Cc1ccc(Cn2nc(/C=C/[C@@H]3C(C)(C)[C@@H]4CC[C@@]3(C)C4)cc2-c2ccc(Cl)c(C)c2)cc1,C(=CC1CC2CCC1C2)c1cc(-c2ccccc2)n(Cc2ccccc2)n1,5
random,Cc1ccc(Cn2nc(C(=O)NCC3CCC4CC3C4(C)C)c3c2-c2ccc(Cl)cc2CCC3)cc1,O=C(NCC1CCC2CC1C2)c1nn(Cc2ccccc2)c2c1CCCc1ccccc1-2,5
random,Cc1ccc(Cn2nc(C(=O)N[C@@H]3CC4CC[C@@]3(C)C4(C)C)cc2-c2ccc(Cl)c(C)c2)cc1,O=C(NC1CC2CCC1C2)c1cc(-c2ccccc2)n(Cc2ccccc2)n1,5
random,Cc1ccc(NC(=O)C(C)(C(F)(F)F)C(F)(F)F)cc1S(=O)(=O)N1CCOCC1,O=S(=O)(c1ccccc1)N1CCOCC1,5
random,Cc1ccc(S(=O)(=O)N(CCc2ccccc2)Cc2ccccc2)cc1,O=S(=O)(c1ccccc1)N(CCc1ccccc1)Cc1ccccc1,5
random,Cc1ccc(S(=O)(=O)N(Cc2ccccc2)Cc2ccc(N(C)C)cc2)cc1,O=S(=O)(c1ccccc1)N(Cc1ccccc1)Cc1ccccc1,5
random,Cc1ccc(S(=O)(=O)N(Cc2ccccc2)Cc2ccc(OC(C)C)cc2)cc1,O=S(=O)(c1ccccc1)N(Cc1ccccc1)Cc1ccccc1,5
random,Cc1ccc(S(=O)(=O)c2ccc([C@H](C)NS(C)(=O)=O)cc2)c(S(=O)(=O)c2ccccc2F)c1,O=S(=O)(c1ccccc1)c1ccccc1S(=O)(=O)c1ccccc1,5
random,Cc1ccc2c(c1)Cc1c(C(=O)NC3CCCCC3)nn(-c3ccc(Cl)cc3Cl)c1-2,O=C(NC1CCCCC1)c1nn(-c2ccccc2)c2c1Cc1ccccc1-2,5
random,Cc1cccc2c1CCN2C(=O)C12CC3CC(CC(C3)C1)C2,O=C(N1CCc2ccccc21)C12CC3CC(CC(C3)C1)C2,5
random,Cc1nc(C(=O)NC23CC4CC(CC(C4)C2)C3)c(C)n1-c1ccccc1,O=C(NC12CC3CC(CC(C3)C1)C2)c1cn(-c2ccccc2)cn1,5
random,Cc1nonc1Cn1nnc2c(N3CCC(N=C=S)C3)nc(C(C)(C)C)nc21,c1nc(N2CCCC2)c2nnn(Cc3cnon3)c2n1,5
random,Cc1nonc1Cn1nnc2c(N3CC[C@@H](S)C3)nc(C(C)(C)C)nc21,c1nc(N2CCCC2)c2nnn(Cc3cnon3)c2n1,5
random,Cc1s/c(=N\C(=O)C2C(C)(C)C2(C)C)n(CCCC[18F])c1C,O=C(N=c1[nH]ccs1)C1CC1,5
random,Cc1s/c(=N\C(=O)c2cc(C(F)(F)F)ccc2OC[C@@H]2CCCN2C)n(CC2CC2)c1C,O=C(N=c1sccn1CC1CC1)c1ccccc1OCC1CCCN1,5
random,Clc1ccc(-n2c(-c3ccccc3Cl)nc3c(N4CCC(Nc5ccccn5)CC4)ncnc32)cc1,c1ccc(-c2nc3c(N4CCC(Nc5ccccn5)CC4)ncnc3n2-c2ccccc2)cc1,5
random,Clc1ccc(-n2c(-c3ccccc3Cl)nc3c(N4CCN(C5CCCCC5)CC4)ncnc32)cc1,c1ccc(-c2nc3c(N4CCN(C5CCCCC5)CC4)ncnc3n2-c2ccccc2)cc1,5
random,Cn1c(=O)c2c(nc(NCCc3c[nH]c4ccccc34)n2Cc2ccccc2Br)n(C)c1=O,O=c1[nH]c(=O)c2c(nc(NCCc3c[nH]c4ccccc34)n2Cc2ccccc2)[nH]1,5
random,Cn1c(C(C)(C)C)c/c(=N/C(=O)c2cc(C(F)(F)F)ccc2ONC(C)(C)C)n1CC1CCC1,O=C(N=c1cc[nH]n1CC1CCC1)c1ccccc1,5
random,Cn1c(C(C)(C)C)c/c(=N\C(=O)c2cc(C#N)ccc2ONC(C)(C)C)n1C[C@H]1CCCO1,O=C(N=c1cc[nH]n1CC1CCCO1)c1ccccc1,5
random,Cn1c(C(C)(C)C)c/c(=N\C(=O)c2cc(Cl)ccc2ONC(C)(C)C)n1C[C@H]1CCCO1,O=C(N=c1cc[nH]n1CC1CCCO1)c1ccccc1,5
random,Cn1cc(C(=O)N[C@@H]2C(C)(C)C3CC[C@]2(C)C3)c(=O)c2ccc(Sc3ccccc3)cc21,O=C(NC1CC2CCC1C2)c1c[nH]c2cc(Sc3ccccc3)ccc2c1=O,5
random,Cn1cc(CC(=O)NC23CC4CC(CC(C4)C2)C3)c2cc(-c3ccccc3)ccc21,O=C(Cc1c[nH]c2ccc(-c3ccccc3)cc12)NC12CC3CC(CC(C3)C1)C2,5
random,Cn1nc(OCCc2ccccc2)c2cc([N+](=O)[O-])ccc21,c1ccc(CCOc2n[nH]c3ccccc23)cc1,5
random,Cn1nc(OCc2ccc3ccccc3c2)c2cc([N+](=O)[O-])ccc21,c1ccc2cc(COc3n[nH]c4ccccc34)ccc2c1,5
random,N#Cc1cc(F)ccc1-c1noc(CCC(=O)Nc2ccc3c(c2)c2ccccc2n3CCF)n1,O=C(CCc1nc(-c2ccccc2)no1)Nc1ccc2[nH]c3ccccc3c2c1,5
random,N#Cc1ccc(Cn2cc(/C=C3/C(=O)C4CCN3CC4)c3ccccc32)cc1,O=C1C(=Cc2cn(Cc3ccccc3)c3ccccc23)N2CCC1CC2,5
random,O/N=C1/C(=C/c2cn(Cc3ccccc3)c3ccccc23)N2CCC1CC2,N=C1C(=Cc2cn(Cc3ccccc3)c3ccccc23)N2CCC1CC2,5
random,O=C(C1CCSCC1)N1CCN(c2ncnc3c2nc(-c2ccccc2Cl)n3-c2ccc(Cl)cc2)CC1,O=C(C1CCSCC1)N1CCN(c2ncnc3c2nc(-c2ccccc2)n3-c2ccccc2)CC1,5
random,O=C(CC1CCOC1)N1CCN(c2ncnc3c2nc(-c2ccccc2Cl)n3-c2ccc(Cl)cc2)CC1,O=C(CC1CCOC1)N1CCN(c2ncnc3c2nc(-c2ccccc2)n3-c2ccccc2)CC1,5
random,O=C(CCCc1nc(-c2ccc(F)cc2Br)no1)Nc1ccc2c(c1)c1ccccc1n2CCF,O=C(CCCc1nc(-c2ccccc2)no1)Nc1ccc2[nH]c3ccccc3c2c1,5
random,O=C(Cc1ccc(Cl)cc1)NC(NC(=O)Cc1ccc(Cl)cc1)c1ccc(C(F)(F)F)cc1,O=C(Cc1ccccc1)NC(NC(=O)Cc1ccccc1)c1ccccc1,5
random,O=C(Cc1ccccc1)NC(NC(=O)Cc1ccccc1)c1ccc(Br)cc1,O=C(Cc1ccccc1)NC(NC(=O)Cc1ccccc1)c1ccccc1,5
random,O=C(Cc1ccccc1)NC(NC(=O)Cc1ccccc1)c1ccc(F)cc1,O=C(Cc1ccccc1)NC(NC(=O)Cc1ccccc1)c1ccccc1,5
random,O=C(Cc1ccccc1)NC(NC(=O)Cc1ccccc1)c1ccc(N(Cc2ccccc2)Cc2ccccc2)cc1,O=C(Cc1ccccc1)NC(NC(=O)Cc1ccccc1)c1ccc(N(Cc2ccccc2)Cc2ccccc2)cc1,5
random,O=C(Cc1ccccc1)NC(NC(=O)Cc1ccccc1)c1ccc(N2CCCC2)cc1,O=C(Cc1ccccc1)NC(NC(=O)Cc1ccccc1)c1ccc(N2CCCC2)cc1,5
random,O=C(N/N=C1\C(=O)N(Cc2ccccc2)c2ccccc21)c1ccccc1,O=C(NN=C1C(=O)N(Cc2ccccc2)c2ccccc21)c1ccccc1,5
random,O=C(N1CCCCC1)N1CCN(C(c2ccccc2)c2ccc(Cl)cc2Cl)CC1,O=C(N1CCCCC1)N1CCN(C(c2ccccc2)c2ccccc2)CC1,5
random,O=C(N1CCc2cc(F)ccc21)C12CC3CC(CC(C3)C1)C2,O=C(N1CCc2ccccc21)C12CC3CC(CC(C3)C1)C2,5
random,O=C(NC1(C(=O)O)CCCCC1)c1cc2c(n(CC3CCCCC3)c1=O)CCCCCC2,O=C(NC1CCCCC1)c1cc2c(n(CC3CCCCC3)c1=O)CCCCCC2,5
random,O=C(NC12CC3CC(CC(C3)C1)C2)N1Cc2ccccc2C1,O=C(NC12CC3CC(CC(C3)C1)C2)N1Cc2ccccc2C1,5
random,O=C(NC12CC3CC(CC(C3)C1)C2)c1ccc(OCc2ccccc2)cc1,O=C(NC12CC3CC(CC(C3)C1)C2)c1ccc(OCc2ccccc2)cc1,5
random,O=C(NC12CC3CC(CC(C3)C1)C2)c1nn(-c2ccc(Cl)cc2Cl)c2c1Cc1cc(C3CC3)ccc1-2,O=C(NC12CC3CC(CC(C3)C1)C2)c1nn(-c2ccccc2)c2c1Cc1cc(C3CC3)ccc1-2,5
random,O=C(NC1CCCC1)c1cn2c3c(cccc3c1=O)OCC2c1ccccc1,O=C(NC1CCCC1)c1cn2c3c(cccc3c1=O)OCC2c1ccccc1,5
random,O=C(NC1CCCCC1)N1CCN(C(c2ccccc2)c2c(Cl)cccc2Cl)CC1,O=C(NC1CCCCC1)N1CCN(C(c2ccccc2)c2ccccc2)CC1,5
random,O=C(NC1CCCCC1)N1CCN(C(c2ccccc2)c2cc(Cl)ccc2Cl)CC1,O=C(NC1CCCCC1)N1CCN(C(c2ccccc2)c2ccccc2)CC1,5
random,O=C(NC1CCCCC1)N1CCN(C(c2ccccc2)c2ccc(Cl)cc2Cl)CC1,O=C(NC1CCCCC1)N1CCN(C(c2ccccc2)c2ccccc2)CC1,5
random,O=C(NC1CCCCC1)c1c(O)c2cccnc2n(CCN2CCOCC2)c1=O,O=C(NC1CCCCC1)c1cc2cccnc2n(CCN2CCOCC2)c1=O,5
random,O=C(NC1CCCCC1)c1cc(-c2ccccc2)nn(Cc2ccc(F)cc2)c1=O,O=C(NC1CCCCC1)c1cc(-c2ccccc2)nn(Cc2ccccc2)c1=O,5
random,O=C(NC1CCCCC1)c1cn2c3c(cccc3c1=O)OCC2C1CC1,O=C(NC1CCCCC1)c1cn2c3c(cccc3c1=O)OCC2C1CC1,5
random,O=C(NC1CCCCC1)c1cn2c3c(cccc3c1=O)OCC2c1ccccc1,O=C(NC1CCCCC1)c1cn2c3c(cccc3c1=O)OCC2c1ccccc1,5
random,O=C(NC1CCCCCC1)c1cc(-c2ccccc2)nn(C2CCCC2)c1=O,O=C(NC1CCCCCC1)c1cc(-c2ccccc2)nn(C2CCCC2)c1=O,5
random,O=C(NC1CCCCCC1)c1cc(Br)cn(Cc2ccc(F)cc2)c1=O,O=C(NC1CCCCCC1)c1cccn(Cc2ccccc2)c1=O,5
random,O=C(NC1CCCCCC1)c1cccn(CCN2CCOCC2)c1=O,O=C(NC1CCCCCC1)c1cccn(CCN2CCOCC2)c1=O,5
random,O=C(NC1CCCCCC1)c1cccn(Cc2ccc(I)cc2)c1=O,O=C(NC1CCCCCC1)c1cccn(Cc2ccccc2)c1=O,5
random,O=C(NC1CCCCCC1)c1cccnc1OCc1ccc(F)cc1,O=C(NC1CCCCCC1)c1cccnc1OCc1ccccc1,5
random,O=C(NC1CCCCCC1)c1cn2c3c(cccc3c1=O)OCC2c1ccccc1,O=C(NC1CCCCCC1)c1cn2c3c(cccc3c1=O)OCC2c1ccccc1,5
random,O=C(NC1CCCc2ccccc21)c1nc2ccccc2s1,O=C(NC1CCCc2ccccc21)c1nc2ccccc2s1,5
random,O=C(NCC1CCCCC1)c1nn(-c2ccc(Cl)cc2Cl)c2c1CCCc1cc(Cl)ccc1-2,O=C(NCC1CCCCC1)c1nn(-c2ccccc2)c2c1CCCc1ccccc1-2,5
random,O=C(NCCC(c1ccccc1)c1ccccc1)C(Cl)(c1ccccc1)c1ccccc1,O=C(NCCC(c1ccccc1)c1ccccc1)C(c1ccccc1)c1ccccc1,5
random,O=C(NCCC(c1ccccc1)c1ccccc1)C(O)(c1ccccc1)c1ccccc1,O=C(NCCC(c1ccccc1)c1ccccc1)C(c1ccccc1)c1ccccc1,5
random,O=C(NCCC(c1ccccc1)c1ccccc1)C(c1ccccc1)c1ccc([N+](=O)[O-])cc1,O=C(NCCC(c1ccccc1)c1ccccc1)C(c1ccccc1)c1ccccc1,5
random,O=C(NCCCc1ccccc1)C(c1ccccc1)c1ccc(Br)cc1,O=C(NCCCc1ccccc1)C(c1ccccc1)c1ccccc1,5
random,O=C(NC[C@H]1CCCO1)c1nn(-c2ccc(Cl)cc2Cl)c2c1CCCc1cc(Cl)ccc1-2,O=C(NCC1CCCO1)c1nn(-c2ccccc2)c2c1CCCc1ccccc1-2,5
random,O=C(NN1CCCCC1)c1cn(-c2ccc(Cl)cc2Cl)c(-c2ccc(C#Cc3ccc(C(F)(F)F)cc3)s2)c1CNS(=O)(=O)N1CCCC1,O=C(NN1CCCCC1)c1cn(-c2ccccc2)c(-c2ccc(C#Cc3ccccc3)s2)c1CNS(=O)(=O)N1CCCC1,5
random,O=C(NN1CCCCC1)c1cnn(-c2ccc(Cl)cc2Cl)c1-c1ccc(I)cc1,O=C(NN1CCCCC1)c1cnn(-c2ccccc2)c1-c1ccccc1,5
random,O=C(NN1CCCCC1)c1nc(-c2ccc(Cl)cc2Cl)c(-c2ccc(Cl)cc2)s1,O=C(NN1CCCCC1)c1nc(-c2ccccc2)c(-c2ccccc2)s1,5
random,O=C(NN1CCCCC1)c1nc(-c2ccc(Cl)cc2Cl)n(-c2ccc(Cl)cc2)c1Br,O=C(NN1CCCCC1)c1cn(-c2ccccc2)c(-c2ccccc2)n1,5
random,O=C(NN1CCCCC1)c1nc(-c2ccc(Cl)cc2Cl)n(-c2ccc(Cl)cc2)c1CF,O=C(NN1CCCCC1)c1cn(-c2ccccc2)c(-c2ccccc2)n1,5
random,O=C(NN1CCCCC1)c1nn(-c2ccc(Cl)cc2Cl)c2c1CCCCc1cc(Cl)ccc1-2,O=C(NN1CCCCC1)c1nn(-c2ccccc2)c2c1CCCCc1ccccc1-2,5
random,O=C(NN1CCCCC1)c1nn(-c2ccc(Cl)cc2Cl)c2c1Cc1cc(C3CC3)ccc1-2,O=C(NN1CCCCC1)c1nn(-c2ccccc2)c2c1Cc1cc(C3CC3)ccc1-2,5
random,O=C(NN1CCCCC1)c1nn(-c2ccc(Cl)cc2Cl)c2c1ccc1cc(C3CC3)ccc12,O=C(NN1CCCCC1)c1nn(-c2ccccc2)c2c1ccc1cc(C3CC3)ccc12,5
random,O=C(N[C@H](C(=O)O)c1ccccc1)c1cc2c(n(CC3CCCCC3)c1=O)CCCCCC2,O=C(NCc1ccccc1)c1cc2c(n(CC3CCCCC3)c1=O)CCCCCC2,5
random,O=C(N[C@H]1CCCC[C@@H]1O)c1cnc(OCC2CC2)c(-c2ccc(Cl)cc2)c1,O=C(NC1CCCCC1)c1cnc(OCC2CC2)c(-c2ccccc2)c1,5
random,O=C(Nc1cccc2ccccc12)N1Cc2ccccc2N(CCN2CCOCC2)C1=O,O=C(Nc1cccc2ccccc12)N1Cc2ccccc2N(CCN2CCOCC2)C1=O,5
random,O=C(Nc1ccccc1Oc1ccccc1)c1ccc(S(=O)(=O)N2CCc3ccccc32)cc1,O=C(Nc1ccccc1Oc1ccccc1)c1ccc(S(=O)(=O)N2CCc3ccccc32)cc1,5
random,O=C(Nc1sc2c(c1C(=O)N1CC(F)(F)C1)CCOC2)c1c(F)cccc1C(F)(F)F,O=C(Nc1sc2c(c1C(=O)N1CCC1)CCOC2)c1ccccc1,5
random,O=C(Nc1sc2c(c1C(=O)N1CC(F)(F)C1)CCOC2)c1ccccc1OC(F)(F)F,O=C(Nc1sc2c(c1C(=O)N1CCC1)CCOC2)c1ccccc1,5
random,O=C(O)Cc1cccc(NC(=O)c2cc3c(n(CC4CCCCC4)c2=O)CCCCCC3)c1,O=C(Nc1ccccc1)c1cc2c(n(CC3CCCCC3)c1=O)CCCCCC2,5
random,O=C(OCCCn1c2ccccc2c2cc(C(=O)N3CCCCC3)ccc21)N1CCS(=O)(=O)CC1,O=C(OCCCn1c2ccccc2c2cc(C(=O)N3CCCCC3)ccc21)N1CCS(=O)(=O)CC1,5
random,O=C(c1c(NC(=O)C23CC4CC(CC2C4)C3)sc2c1CCOC2)N1CC(F)(F)C1,O=C(c1c(NC(=O)C23CC4CC(CC2C4)C3)sc2c1CCOC2)N1CCC1,5
random,O=C(c1cc(O)c(-c2cc(Cl)ccc2Cl)c(O)c1)c1cccs1,O=C(c1ccc(-c2ccccc2)cc1)c1cccs1,5
random,O=C(c1cc(O)c(-c2cccc(C(F)(F)F)c2)c(O)c1)c1cccs1,O=C(c1ccc(-c2ccccc2)cc1)c1cccs1,5
random,O=C(c1ccc2c(c1)c1ccccc1n2CCCN1CCS(=O)(=O)CC1)N1CCCCC1,O=C(c1ccc2c(c1)c1ccccc1n2CCCN1CCS(=O)(=O)CC1)N1CCCCC1,5
random,O=C(c1ccccc1)c1cc(O)c(-c2cc(C(F)(F)F)cc(C(F)(F)F)c2)c(O)c1,O=C(c1ccccc1)c1ccc(-c2ccccc2)cc1,5
random,O=C(c1ccccc1)c1cc(O)c(-c2cccc(C(F)(F)F)c2)c(O)c1,O=C(c1ccccc1)c1ccc(-c2ccccc2)cc1,5
random,O=C(c1cn(CCN2CCOCC2)c2ccccc12)C12CC3CC(CC1C3)C2,O=C(c1cn(CCN2CCOCC2)c2ccccc12)C12CC3CC(CC1C3)C2,5
random,O=C(c1cn(CCN2CCOCC2)c2ccccc12)[C@@H]1CC12CCCCC2,O=C(c1cn(CCN2CCOCC2)c2ccccc12)C1CC12CCCCC2,5
random,O=C(c1cn(Cc2ccc(Cl)cc2)c2ccccc2c1=O)c1cccc2ccccc12,O=C(c1cn(Cc2ccccc2)c2ccccc2c1=O)c1cccc2ccccc12,5
random,O=C(c1cn2c3c(cccc13)OC[C@H]2C1CCCCC1)N1CCN2CCCC[C@H]2C1,O=C(c1cn2c3c(cccc13)OCC2C1CCCCC1)N1CCN2CCCCC2C1,5
random,O=C1/C(=C/c2ccc(-c3ccccc3)cc2)N=C2SCCCCN12,O=C1C(=Cc2ccc(-c3ccccc3)cc2)N=C2SCCCCN12,5
random,O=C1/C(=C/c2cccc(OCc3ccc(Cl)cc3)c2)N=C2SCCCCN12,O=C1C(=Cc2cccc(OCc3ccccc3)c2)N=C2SCCCCN12,5
random,O=C1/C(=C/c2cccc(OCc3ccc(F)cc3)c2)N=C2SCCCCN12,O=C1C(=Cc2cccc(OCc3ccccc3)c2)N=C2SCCCCN12,5
random,O=C1/C(=C/c2cn(Cc3ccc(Br)cc3)c3ncccc23)N2CCC1CC2,O=C1C(=Cc2cn(Cc3ccccc3)c3ncccc23)N2CCC1CC2,5
random,O=C1/C(=C/c2cn(Cc3ccc(F)cc3)c3ccccc23)N2CCC1CC2,O=C1C(=Cc2cn(Cc3ccccc3)c3ccccc23)N2CCC1CC2,5
random,O=C1/C(=C/c2cn(Cc3ccccc3)c3ccccc23)N2CCC1CC2,O=C1C(=Cc2cn(Cc3ccccc3)c3ccccc23)N2CCC1CC2,5
random,O=S(=O)(C1CC1)N1CCN(c2ncnc3c2nc(-c2ccccc2Cl)n3-c2ccc(Cl)cc2)CC1,O=S(=O)(C1CC1)N1CCN(c2ncnc3c2nc(-c2ccccc2)n3-c2ccccc2)CC1,5
random,O=S(=O)(CCC(F)(F)F)N1CCN(c2ncnc3c2nc(-c2ccccc2Cl)n3-c2ccc(Cl)cc2)CC1,c1ccc(-c2nc3c(N4CCNCC4)ncnc3n2-c2ccccc2)cc1,5
random,O=S(=O)(F)c1ccccc1Cn1nnc2c(N3CCC(F)(F)C3)nc(C(F)(F)c3ccccc3)nc21,c1ccc(Cc2nc(N3CCCC3)c3nnn(Cc4ccccc4)c3n2)cc1,5
random,O=S(=O)(NC1CCCCC1)NC1CCN(c2ncnc3c2nc(-c2ccccc2Cl)n3-c2ccc(Cl)cc2)CC1,O=S(=O)(NC1CCCCC1)NC1CCN(c2ncnc3c2nc(-c2ccccc2)n3-c2ccccc2)CC1,5
random,O=S(=O)(N[C@H]1CCCOc2c1nn(-c1ccccc1Cl)c2-c1ccc(Cl)cc1)c1ccc(Cl)cc1,O=S(=O)(NC1CCCOc2c1nn(-c1ccccc1)c2-c1ccccc1)c1ccccc1,5
random,O=S(=O)(c1ccccc1F)c1cc(Cl)ccc1S(=O)(=O)N1CC(CCNS(=O)(=O)C(F)(F)F)C1,O=S(=O)(c1ccccc1)c1ccccc1S(=O)(=O)N1CCC1,5
random,O=S(=O)(c1ccccc1F)c1cc(Cl)ccc1S(=O)(=O)N1CCC(CO)(CNS(=O)(=O)C(F)(F)F)CC1,O=S(=O)(c1ccccc1)c1ccccc1S(=O)(=O)N1CCCCC1,5
random,O=S(=O)(c1ccccc1F)c1cc(Cl)ccc1S(=O)(=O)N1CCC(NS(=O)(=O)C(F)(F)F)C1,O=S(=O)(c1ccccc1)c1ccccc1S(=O)(=O)N1CCCC1,5
random,O=S(=O)(c1ccccc1F)c1cc(Cl)ccc1S(=O)(=O)N1C[C@@H]2[C@H](C1)[C@H]2NS(=O)(=O)C(F)(F)F,O=S(=O)(c1ccccc1)c1ccccc1S(=O)(=O)N1CC2CC2C1,5
random,O=S(=O)(c1ccccn1)c1ccccc1S(=O)(=O)N1CCC2(CC1)CC2NS(=O)(=O)C(F)(F)F,O=S(=O)(c1ccccn1)c1ccccc1S(=O)(=O)N1CCC2(CC1)CC2,5
random,O=[N+]([O-])c1ccc2[nH]nc(OCc3ccc4ccccc4c3)c2c1,c1ccc2cc(COc3n[nH]c4ccccc34)ccc2c1,5
random,O=[N+]([O-])c1ccc2[nH]nc(OCc3cccc4ccccc34)c2c1,c1ccc2c(COc3n[nH]c4ccccc34)cccc2c1,5
random,O=[N+]([O-])c1ccc2c(c1)c(OCc1ccc3ccccc3c1)nn2CCN1CCOCC1,c1ccc2cc(COc3nn(CCN4CCOCC4)c4ccccc34)ccc2c1,5
random,S=C(NC1CCCCC1)N1CCN(C(c2ccccc2)c2ccc(Cl)cc2Cl)CC1,S=C(NC1CCCCC1)N1CCN(C(c2ccccc2)c2ccccc2)CC1,5
scaffold,C#CCCC1(CCNC(=O)c2nonc2Cn2nc3nc(C(C)(C)C)nc(N4CCC(F)(F)C4)c3n2)N=N1,O=C(NCCC1N=N1)c1nonc1Cn1nc2ncnc(N3CCCC3)c2n1,1
scaffold,C#CCCC1(CCNC(=O)c2nonc2Cn2nc3nc(C(C)(C)C)nc(N4CC[C@H](O)C4)c3n2)N=N1,O=C(NCCC1N=N1)c1nonc1Cn1nc2ncnc(N3CCCC3)c2n1,1
scaffold,C#Cc1ccccc1Cn1nnc2c(N3CCC4(C3)N=N4)nc(C(C)(C)C)nc21,c1ccc(Cn2nnc3c(N4CCC5(C4)N=N5)ncnc32)cc1,1
scaffold,C/C(CN1CCC[C@H]1COc1ccc(C(F)(F)F)cc1C(=O)/N=c1\sc(C(C)(C)C)cn1C[C@H]1CCCO1)=N\O,O=C(N=c1sccn1CC1CCCO1)c1ccccc1OCC1CCCN1,1
scaffold,C/N=C(\NS(=O)(=O)N1CCCCCCC1)N1CC(c2ccccc2)C(c2ccc(Cl)cc2)=N1,N=C(NS(=O)(=O)N1CCCCCCC1)N1CC(c2ccccc2)C(c2ccccc2)=N1,1
scaffold,C1=C(CCN2CCOCC2)c2ccccc2/C1=C/c1cccc2ccccc12,C(=C1C=C(CCN2CCOCC2)c2ccccc21)c1cccc2ccccc12,1
scaffold,C=C1[C@@H]2CC[C@@H](C2)[C@@]1(C)CC/C=C(/C)CO,C=C1CC2CCC1C2,1
scaffold,C=CCCn1cc(CC(=O)NC23CC4CC(CC(C4)C2)C3)c2cc(-c3ccccc3)ccc21,O=C(Cc1c[nH]c2ccc(-c3ccccc3)cc12)NC12CC3CC(CC(C3)C1)C2,1
scaffold,C=CCN(Cc1ccc(N(CC)CC)cc1)S(=O)(=O)c1ccc(C)cc1,O=S(=O)(NCc1ccccc1)c1ccccc1,1
scaffold,C=CCn1c2c(c3cc(C(=O)N4CCC(C)CC4)ccc31)CN(C1CCCC1)C2,O=C(c1ccc2[nH]c3c(c2c1)CN(C1CCCC1)C3)N1CCCCC1,1
scaffold,C=CCn1cc(C(=O)NC23CC4CC(CC(C4)C2)C3)c2cc(-c3ccco3)ccc21,O=C(NC12CC3CC(CC(C3)C1)C2)c1c[nH]c2ccc(-c3ccco3)cc12,1
scaffold,C=CCn1cc(CC(=O)NC23CC4CC(CC(C4)C2)C3)c2cc(-c3ccccc3)ccc21,O=C(Cc1c[nH]c2ccc(-c3ccccc3)cc12)NC12CC3CC(CC(C3)C1)C2,1
scaffold,C=CCn1cc(CC(=O)NC23CC4CC(CC(C4)C2)C3)c2cc(Br)ccc21,O=C(Cc1c[nH]c2ccccc12)NC12CC3CC(CC(C3)C1)C2,1
scaffold,CC(=O)CCCCn1cc(C(=O)C2C(C)(C)C2(C)C)c2ccccc21,O=C(c1c[nH]c2ccccc12)C1CC1,1
scaffold,CC(=O)N1CCC[C@@H]1COc1ccc(C(F)(F)F)cc1C(=O)/N=c1\sc(C(C)(C)C)cn1C[C@H]1CCCO1,O=C(N=c1sccn1CC1CCCO1)c1ccccc1OCC1CCCN1,1
scaffold,CC(=O)SC(CCc1ccccc1)[C@H]1C(=O)N(c2ccc(F)cc2)[C@@H]1c1ccc(O)cc1,O=C1C(CCCc2ccccc2)C(c2ccccc2)N1c1ccccc1,1
scaffold,CC(=O)n1c2c(c3cc(C(=O)N4CCC(C)CC4)ccc31)CN(C1CCCC1)C2,O=C(c1ccc2[nH]c3c(c2c1)CN(C1CCCC1)C3)N1CCCCC1,1
scaffold,CC(C)(C(=O)OCCCBr)c1cc(O)c2c(c1)OC(C)(C)[C@@H]1CC=C(CO)C[C@@H]21,C1=CCC2c3ccccc3OCC2C1,1
scaffold,CC(C)(C(=O)OCCCC#N)c1cc(O)c2c(c1)OC(C)(C)[C@@H]1CC=C(CO)C[C@@H]21,C1=CCC2c3ccccc3OCC2C1,1
scaffold,CC(C)(C)CNC(=O)c1ccc(Br)c(S(=O)(=O)N2CCCC2)c1,O=S(=O)(c1ccccc1)N1CCCC1,1
scaffold,CC(C)(C)CNC(=O)c1ccc(Br)c(S(=O)(=O)N2CCOCC2)c1,O=S(=O)(c1ccccc1)N1CCOCC1,1
scaffold,CC(C)(C)NC(=O)NC1(c2ccccc2)CCN(c2ncnc3c2nc(-c2ccccc2Cl)n3-c2ccc(Cl)cc2)CC1,c1ccc(-c2nc3c(N4CCC(c5ccccc5)CC4)ncnc3n2-c2ccccc2)cc1,1
scaffold,CC(C)(C)NC(=O)c1nn(-c2ccc(F)cc2F)c2c1[C@H]1CC[C@@H]2C1,c1ccc(-n2ncc3c2C2CCC3C2)cc1,1
scaffold,CC(C)(C)NOc1ccc(C(F)(F)F)cc1C(=O)/N=c1\sc(C(C)(C)C)nn1CC1CCC1,O=C(N=c1scnn1CC1CCC1)c1ccccc1,1
scaffold,CC(C)(C)OC(=O)NC1(c2ccccc2)CCN(c2ncnc3c2nc(-c2ccccc2Cl)n3-c2ccc(Cl)cc2)CC1,c1ccc(-c2nc3c(N4CCC(c5ccccc5)CC4)ncnc3n2-c2ccccc2)cc1,1
scaffold,CC(C)(C)OC(=O)NCCCn1c2ccccc2c2cc(C(=O)N3CCCCC3)ccc21,O=C(c1ccc2[nH]c3ccccc3c2c1)N1CCCCC1,1
scaffold,CC(C)(C)c1cn(CCC(F)(F)F)/c(=N/C(=O)c2cc(C#N)ccc2OC2CCC2)s1,O=C(N=c1[nH]ccs1)c1ccccc1OC1CCC1,1
scaffold,CC(C)(C)c1cn(C[C@H]2CCCO2)/c(=N/C(=O)c2cc(C(F)(F)F)ccc2OC[C@@H]2CCCN2)s1,O=C(N=c1sccn1CC1CCCO1)c1ccccc1OCC1CCCN1,1
scaffold,CC(C)(C)c1cn(C[C@H]2CCCO2)/c(=N/C(=O)c2cc(C(F)(F)F)ccc2OC[C@@H]2CCCN2S(C)(=O)=O)s1,O=C(N=c1sccn1CC1CCCO1)c1ccccc1OCC1CCCN1,1
scaffold,CC(C)(C)c1cn(C[C@H]2CCCO2)/c(=N/C(=O)c2cc(C(F)(F)F)ccc2OC[C@@H]2CCCO2)s1,O=C(N=c1sccn1CC1CCCO1)c1ccccc1OCC1CCCO1,1
scaffold,CC(C)(C)c1cn(C[C@H]2CCCO2)/c(=N/C(=O)c2cc(C(F)(F)F)ccc2OC[C@H]2CCCO2)s1,O=C(N=c1sccn1CC1CCCO1)c1ccccc1OCC1CCCO1,1
scaffold,CC(C)(C)c1cn(C[C@H]2CCCO2)/c(=N/C(=O)c2cc(C(F)(F)F)ccc2OCc2cccc[n+]2[O-])s1,O=C(N=c1sccn1CC1CCCO1)c1ccccc1OCc1cccc[nH+]1,1
scaffold,CC(C)(C)c1nc(N2CC(S)C2)c2nnn(Cc3ccccc3Cl)c2n1,c1ccc(Cn2nnc3c(N4CCC4)ncnc32)cc1,1
scaffold,CC(C)(C)c1nc(N2CCC(F)(F)C2)c2nn(Cc3ccc(C4(C(F)(F)F)N=N4)cc3Cl)nc2n1,c1nc(N2CCCC2)c2nn(Cc3ccc(C4N=N4)cc3)nc2n1,1
scaffold,CC(C)(C)c1nc(N2CCC3(C2)N=N3)c2nnn(Cc3ccccc3Cl)c2n1,c1ccc(Cn2nnc3c(N4CCC5(C4)N=N5)ncnc32)cc1,1
scaffold,CC(C)=CCC[C@]1(C)[C@@H](O[C@@H]2O[C@H](CO)[C@@H](O)[C@H](O)[C@@H]2O)CC[C@@]2(C)[C@H]1CC[C@H]1Cc3c([nH]c4ccccc34)[C@@]12C,c1ccc2c3c([nH]c2c1)C1C(CCC2CC(OC4CCCCO4)CCC21)C3,1
scaffold,CC(C)CNC(=O)c1ccc(Br)c(S(=O)(=O)N(C)Cc2ccccc2)c1,O=S(=O)(NCc1ccccc1)c1ccccc1,1
scaffold,CC(C)C[C@@H](COCCF)NC(=O)c1ccc(N2CCCC2)c(OCC2COC2)n1,c1cnc(OCC2COC2)c(N2CCCC2)c1,1
scaffold,CC(C)Cn1cc(C(C)(C)C)s/c1=N\C(=O)c1cc(C#N)ccc1OC1CCC1,O=C(N=c1[nH]ccs1)c1ccccc1OC1CCC1,1
scaffold,CC(C)Cn1cc(C(C)(C)C)s/c1=N\C(=O)c1cc(C(F)(F)F)ccc1OCc1ccco1,O=C(N=c1[nH]ccs1)c1ccccc1OCc1ccco1,1
scaffold,CC(C)Cn1cc(C(C)(C)C)s/c1=N\C(=O)c1cc(Cl)ccc1OC1CC1,O=C(N=c1[nH]ccs1)c1ccccc1OC1CC1,1
scaffold,CC(C)N1CCC[C@H]1COc1ccc(C(F)(F)F)cc1C(=O)/N=c1\sc(C(C)(C)C)cn1C[C@H]1CCCO1,O=C(N=c1sccn1CC1CCCO1)c1ccccc1OCC1CCCN1,1
scaffold,CC(C)NC(=O)NC1(c2ccccc2)CCN(c2ncnc3c2nc(-c2ccccc2Cl)n3-c2ccc(Cl)cc2)CC1,c1ccc(-c2nc3c(N4CCC(c5ccccc5)CC4)ncnc3n2-c2ccccc2)cc1,1
scaffold,CC(c1ccncc1)N1CCN(c2ncnc3c2nc(-c2ccccc2Cl)n3-c2ccc(Cl)cc2)CC1,c1ccc(-c2nc3c(N4CCN(Cc5ccncc5)CC4)ncnc3n2-c2ccccc2)cc1,1
scaffold,CC1(C(=O)c2cn(CC3CCOCC3)c3ccccc23)CC(F)(F)C1(F)F,O=C(c1cn(CC2CCOCC2)c2ccccc12)C1CCC1,1
scaffold,CC1(C)C(C(=O)c2cn(CC3CCOC3)c3ccccc23)C1(C)C,O=C(c1cn(CC2CCOC2)c2ccccc12)C1CC1,1
scaffold,CC1(C)C(C(=O)c2cn(CC3CCOCC3)c3cc(OCc4ccccc4)ccc23)C1(C)C,O=C(c1cn(CC2CCOCC2)c2cc(OCc3ccccc3)ccc12)C1CC1,1
scaffold,CC1(C)C(C(=O)c2cn(CCC(N)=O)c3ccccc23)C1(C)C,O=C(c1c[nH]c2ccccc12)C1CC1,1
scaffold,CC1(C)C(C(=O)c2cn(CCCC(F)(F)F)c3ccccc23)C1(C)C,O=C(c1c[nH]c2ccccc12)C1CC1,1
scaffold,CC1(C)C(C(=O)c2cn(CCCCCO)c3ccccc23)C1(C)C,O=C(c1c[nH]c2ccccc12)C1CC1,1
scaffold,CC1(C)C(C(=O)c2cn(CCCCO)c3ccccc23)C1(C)C,O=C(c1c[nH]c2ccccc12)C1CC1,1
scaffold,CC1(C)C(C(=O)c2cn(CCCO)c3ccccc23)C1(C)C,O=C(c1c[nH]c2ccccc12)C1CC1,1
scaffold,CC1(C)C(C(=O)c2cn(CCN3CCOCC3)c3cc(OCc4ccccc4)ccc23)C1(C)C,O=C(c1cn(CCN2CCOCC2)c2cc(OCc3ccccc3)ccc12)C1CC1,1
scaffold,CC1(C)C(C(=O)c2cn(CCO)c3ccccc23)C1(C)C,O=C(c1c[nH]c2ccccc12)C1CC1,1
scaffold,CC1(C)C(C(=O)c2cn(CCc3ccncc3)c3ccccc23)C1(C)C,O=C(c1cn(CCc2ccncc2)c2ccccc12)C1CC1,1
scaffold,CC1(C)C(C(=O)c2cn(Cc3ccccc3)c3ccccc23)C1(C)C,O=C(c1cn(Cc2ccccc2)c2ccccc12)C1CC1,1
scaffold,CC1(C)Oc2cc(C(=O)NC3C4CC5CC(C4)CC3C5)cc(O)c2[C@@H]2C[C@@H](O)CC[C@H]21,O=C(NC1C2CC3CC(C2)CC1C3)c1ccc2c(c1)OCC1CCCCC21,1
scaffold,CC1(C)Oc2cc(C(=O)NC3C4CC5CC(C4)CC3C5)cc(O)c2[C@@H]2C[C@H](O)CC[C@H]21,O=C(NC1C2CC3CC(C2)CC1C3)c1ccc2c(c1)OCC1CCCCC21,1
scaffold,CC1(C)Oc2cc(C34CC5CC(CC(C5)C3)C4)cc(O)c2[C@@H]2C[C@@H](C=O)CC[C@H]21,c1cc2c(cc1C13CC4CC(CC(C4)C1)C3)OCC1CCCCC21,1
scaffold,CC1(C)Oc2cc(C34CC5CC(CC(C5)C3)C4)cc(O)c2[C@@H]2C[C@@H](CC=O)CC[C@H]21,c1cc2c(cc1C13CC4CC(CC(C4)C1)C3)OCC1CCCCC21,1
scaffold,CC1(C)Oc2cc(C34CC5CC(CC(C5)C3)C4)cc(O)c2[C@@H]2C[C@@H](CCO)CC[C@H]21,c1cc2c(cc1C13CC4CC(CC(C4)C1)C3)OCC1CCCCC21,1
scaffold,CC1(C)Oc2cc(C34CC5CC(CC(C5)C3)C4)cc(O)c2[C@@H]2C[C@@H](CO)CC[C@H]21,c1cc2c(cc1C13CC4CC(CC(C4)C1)C3)OCC1CCCCC21,1
scaffold,CC1(C)Oc2cc(C34CC5CC(CC(C5)C3)C4)cc(O)c2[C@@H]2C[C@@H](O)CC[C@H]21,c1cc2c(cc1C13CC4CC(CC(C4)C1)C3)OCC1CCCCC21,1
scaffold,CC1(C)Oc2cc(C34CC5CC(CC(C5)C3)C4)cc(O)c2[C@@H]2C[C@H](C=O)CC[C@H]21,c1cc2c(cc1C13CC4CC(CC(C4)C1)C3)OCC1CCCCC21,1
scaffold,CC1(C)Oc2cc(C34CC5CC(CC(C5)C3)C4)cc(O)c2[C@@H]2C[C@H](CC#N)CC[C@H]21,c1cc2c(cc1C13CC4CC(CC(C4)C1)C3)OCC1CCCCC21,1
scaffold,CC1(C)Oc2cc(C34CC5CC(CC(C5)C3)C4)cc(O)c2[C@@H]2C[C@H](CC=O)CC[C@H]21,c1cc2c(cc1C13CC4CC(CC(C4)C1)C3)OCC1CCCCC21,1
scaffold,CC1(C)Oc2cc(C34CC5CC(CC(C5)C3)C4)cc(O)c2[C@@H]2C[C@H](CCO)CC[C@H]21,c1cc2c(cc1C13CC4CC(CC(C4)C1)C3)OCC1CCCCC21,1
scaffold,CC1(C)Oc2cc(C34CC5CC(CC(C5)C3)C4)cc(O)c2[C@@H]2C[C@H](CI)CC[C@H]21,c1cc2c(cc1C13CC4CC(CC(C4)C1)C3)OCC1CCCCC21,1
scaffold,CC1(C)Oc2cc(C34CC5CC(CC(C5)C3)C4)cc(O)c2[C@@H]2C[C@H](CO)CC[C@H]21,c1cc2c(cc1C13CC4CC(CC(C4)C1)C3)OCC1CCCCC21,1
scaffold,CC1(C)Oc2cc(C34CC5CC(CC(C5)C3)C4)cc(O)c2[C@@H]2C[C@H](O)CC[C@H]21,c1cc2c(cc1C13CC4CC(CC(C4)C1)C3)OCC1CCCCC21,1
scaffold,CC1(C)Oc2cc([C@]34CC5CC(C[C@@](C#N)(C5)C3)C4)cc(O)c2[C@@H]2C[C@H](O)CC[C@H]21,c1cc2c(cc1C13CC4CC(CC(C4)C1)C3)OCC1CCCCC21,1
scaffold,CC1(C)Oc2cc([C@]34CC5CC(C[C@@](C(N)=O)(C5)C3)C4)cc(O)c2[C@@H]2C[C@H](O)CC[C@H]21,c1cc2c(cc1C13CC4CC(CC(C4)C1)C3)OCC1CCCCC21,1
scaffold,CC1(C)Oc2cc([C@]34CC5CC(C[C@@](CC#N)(C5)C3)C4)cc(O)c2[C@@H]2C[C@H](O)CC[C@H]21,c1cc2c(cc1C13CC4CC(CC(C4)C1)C3)OCC1CCCCC21,1
scaffold,CC1(C)Oc2cc([C@]34CC5CC(C[C@@](CN=C=S)(C5)C3)C4)cc(O)c2[C@@H]2C[C@H](O)CC[C@H]21,c1cc2c(cc1C13CC4CC(CC(C4)C1)C3)OCC1CCCCC21,1
scaffold,CC1(C)Oc2cc([C@]34CC5CC(C[C@@](CN=[N+]=[N-])(C5)C3)C4)cc(O)c2[C@@H]2C[C@H](O)CC[C@H]21,c1cc2c(cc1C13CC4CC(CC(C4)C1)C3)OCC1CCCCC21,1
scaffold,CC1(C)Oc2cc([C@]34CC5CC(C[C@@](N=C=S)(C5)C3)C4)cc(O)c2[C@@H]2C[C@H](O)CC[C@H]21,c1cc2c(cc1C13CC4CC(CC(C4)C1)C3)OCC1CCCCC21,1
scaffold,CC1(C)Oc2cc([C@]34CC5CC(C[C@@](N=[N+]=[N-])(C5)C3)C4)cc(O)c2[C@@H]2C[C@H](O)CC[C@H]21,c1cc2c(cc1C13CC4CC(CC(C4)C1)C3)OCC1CCCCC21,1
scaffold,CC12CC3CC(C)(C1)CC(NC(=O)c1cn(CCc4ccccc4)c4ccccc4c1=O)(C3)C2,O=C(NC12CC3CC(CC(C3)C1)C2)c1cn(CCc2ccccc2)c2ccccc2c1=O,1
scaffold,CC1=CC[C@@H]2[C@@H](C1)c1c(O)cc(C(C)(C)C(=O)CCCCBr)cc1OC2(C)C,C1=CCC2c3ccccc3OCC2C1,1
scaffold,CC1=CC[C@@H]2[C@@H](C1)c1c(O)cc(C(C)(C)C(=O)OCCBr)cc1OC2(C)C,C1=CCC2c3ccccc3OCC2C1,1
scaffold,CC1=CC[C@@H]2[C@@H](C1)c1c(O)cc(C(C)(C)C(=O)OCCCBr)cc1OC2(C)C,C1=CCC2c3ccccc3OCC2C1,1
scaffold,CC1=CC[C@@H]2[C@@H](C1)c1c(O)cc(C(C)(C)C(=O)OCCCC#N)cc1OC2(C)C,C1=CCC2c3ccccc3OCC2C1,1
scaffold,CC1=CC[C@@H]2[C@@H](C1)c1c(O)cc(C(C)(C)C(=O)OCCCCBr)cc1OC2(C)C,C1=CCC2c3ccccc3OCC2C1,1
scaffold,CC1=CC[C@@H]2[C@@H](C1)c1c(O)cc(C(C)(C)C(=O)OCCCCC#N)cc1OC2(C)C,C1=CCC2c3ccccc3OCC2C1,1
scaffold,CC1=CC[C@@H]2[C@@H](C1)c1c(O)cc(C(C)(C)C(=O)OCCCCCBr)cc1OC2(C)C,C1=CCC2c3ccccc3OCC2C1,1
scaffold,CC1=CC[C@@H]2[C@@H](C1)c1c(O)cc(C(C)(C)C(=O)OCCCN=[N+]=[N-])cc1OC2(C)C,C1=CCC2c3ccccc3OCC2C1,1
scaffold,CC1=CC[C@@H]2[C@@H](C1)c1c(O)cc(CC(=O)OCCCCBr)cc1OC2(C)C,C1=CCC2c3ccccc3OCC2C1,1
scaffold,CC1=CC[C@@H]2[C@@H](C1)c1c(O)cc(CC(=O)OCCCCC#N)cc1OC2(C)C,C1=CCC2c3ccccc3OCC2C1,1
scaffold,CC1=CC[C@H]2[C@@H](C1)c1c(O)cc(C(C)(C)C(=O)OCCCCC#N)cc1OC2(C)C,C1=CCC2c3ccccc3OCC2C1,1
scaffold,CC1=CC[C@H]2[C@@H](C1)c1c(O)cc(C(C)(C)C(=O)OCCCCCBr)cc1OC2(C)C,C1=CCC2c3ccccc3OCC2C1,1
scaffold,CC1=CC[C@H]2[C@H](C1)c1c(O)cc(/C(C)=N/OCCCC#N)cc1OC2(C)C,C1=CCC2c3ccccc3OCC2C1,1
scaffold,CC1=CC[C@H]2[C@H](C1)c1c(O)cc(/C(C)=N/OCCCC(F)(F)F)cc1OC2(C)C,C1=CCC2c3ccccc3OCC2C1,1
scaffold,CC1=CC[C@H]2[C@H](C1)c1c(O)cc(/C(C)=N/OCCCCF)cc1OC2(C)C,C1=CCC2c3ccccc3OCC2C1,1
scaffold,CC1=CC[C@H]2[C@H](C1)c1c(O)cc(/C(C)=N/OCCCc3ccccc3)cc1OC2(C)C,C1=CCC2c3ccc(C=NOCCCc4ccccc4)cc3OCC2C1,1
scaffold,CC1=CC[C@H]2[C@H](C1)c1c(O)cc(/C(C)=N/OCCOc3ccccc3)cc1OC2(C)C,C1=CCC2c3ccc(C=NOCCOc4ccccc4)cc3OCC2C1,1
scaffold,CC1=CC[C@H]2[C@H](C1)c1c(O)cc(/C(C)=N\OCCCC#N)cc1OC2(C)C,C1=CCC2c3ccccc3OCC2C1,1
scaffold,CC1=CC[C@H]2[C@H](C1)c1c(O)cc(/C(C)=N\OCCCc3ccccc3)cc1OC2(C)C,C1=CCC2c3ccc(C=NOCCCc4ccccc4)cc3OCC2C1,1
scaffold,CC1CCN(C(=O)c2ccc3[nH]c4c(c3c2)CN(C2CCCC2)C4)CC1,O=C(c1ccc2[nH]c3c(c2c1)CN(C1CCCC1)C3)N1CCCCC1,1
scaffold,CC1CCN(C(=O)c2ccc3c(c2)c2c(n3C)CN(C3CCCC3)C2)CC1,O=C(c1ccc2[nH]c3c(c2c1)CN(C1CCCC1)C3)N1CCCCC1,1
scaffold,CC1CCN(C(=O)c2ccc3c(c2)c2c(n3S(=O)(=O)C(C)C)CN(C3CCCC3)C2)CC1,O=C(c1ccc2[nH]c3c(c2c1)CN(C1CCCC1)C3)N1CCCCC1,1
scaffold,CC1CCN(C(=O)c2ccc3c(c2)c2c(n3S(=O)(=O)C3CC3)CN(C3CCCC3)C2)CC1,O=C(c1ccc2c(c1)c1c(n2S(=O)(=O)C2CC2)CN(C2CCCC2)C1)N1CCCCC1,1
scaffold,CC1CCN(C(=O)c2ccc3c(c2)c2c(n3S(C)(=O)=O)CN(C3CCCC3)C2)CC1,O=C(c1ccc2[nH]c3c(c2c1)CN(C1CCCC1)C3)N1CCCCC1,1
scaffold,CCC(C)(C)C(=O)Nc1cc(C)c(C)c(S(=O)(=O)N2CCC[C@@H]2CO)c1,O=S(=O)(c1ccccc1)N1CCCC1,1
scaffold,CCC(C)(C)C(=O)Nc1cc(C)c(C)c(S(=O)(=O)N2CCOCC2)c1,O=S(=O)(c1ccccc1)N1CCOCC1,1
scaffold,CCC(C)(C)C(=O)Nc1cc(C)c(C)c(S(=O)(=O)N2CC[C@H](O)C2)c1,O=S(=O)(c1ccccc1)N1CCCC1,1
scaffold,CCC(C)(C)C(=O)Nc1cc(S(=O)(=O)N2CCOCC2)c(C)c(C)c1C,O=S(=O)(c1ccccc1)N1CCOCC1,1
scaffold,CCC(C)(C)C(=O)Nc1cc(S(=O)(=O)N2CCOCC2)c(C)cc1C,O=S(=O)(c1ccccc1)N1CCOCC1,1
scaffold,CCC(C)(C)C(=O)Nc1ccc(C)c(S(=O)(=O)N2CCOCC2)c1,O=S(=O)(c1ccccc1)N1CCOCC1,1
scaffold,CCC(C)(C)c1ccc2c(c1)OC(C)(C)C1CC=C(C)CC21,C1=CCC2c3ccccc3OCC2C1,1
scaffold,CCC(CC)(NC(=O)c1ccc(N2CC(O)C2)c(OC[C@H]2C[C@@H]2COCc2ccccc2)n1)C(=O)OCCCF,c1ccc(COCC2CC2COc2ncccc2N2CCC2)cc1,1
scaffold,CCC(CC)(NC(=O)c1ccc(N2CC(OC)C2)c(OC[C@H]2C[C@@H]2COCc2ccccc2)n1)C(=O)OCCCF,c1ccc(COCC2CC2COc2ncccc2N2CCC2)cc1,1
scaffold,CCC(CC)(NC(=O)c1ccc(N2CCCC2)c(OCC2(CO)COC2)n1)C(=O)OCCCF,c1cnc(OCC2COC2)c(N2CCCC2)c1,1
scaffold,CCC(CC)(NC(=O)c1ccc(N2CCCC2)c(OCC2(CO)COC2)n1)C(=O)OCCF,c1cnc(OCC2COC2)c(N2CCCC2)c1,1
scaffold,CCC(CC)(NC(=O)c1ccc(N2CCCC2)c(OCC2(CO)COC2)n1)C(=O)OCF,c1cnc(OCC2COC2)c(N2CCCC2)c1,1
scaffold,CCC1(C(=O)Nc2cc(CN3CCOCC3)c(C)cn2)CCCC1,O=C(Nc1cc(CN2CCOCC2)ccn1)C1CCCC1,1
scaffold,CCC1COc2cccc3c(=O)c(C(=O)NC4C5CC6CC(C5)CC4C6)cn1c23,O=C(NC1C2CC3CC(C2)CC1C3)c1cn2c3c(cccc3c1=O)OCC2,1
scaffold,CCC1COc2cccc3c(=O)c(C(=O)Nc4nccs4)cn1c23,O=C(Nc1nccs1)c1cn2c3c(cccc3c1=O)OCC2,1
scaffold,CCCC(C)(C)C(=O)Nc1cc(C)c(C)c(S(=O)(=O)N2CCOCC2)c1,O=S(=O)(c1ccccc1)N1CCOCC1,1
scaffold,CCCC(C)(C)c1cc(Br)c2c(c1)OC(C)(C)[C@@H]1CC=C(C)C[C@@H]21,C1=CCC2c3ccccc3OCC2C1,1
scaffold,CCCC(C)(C)c1ccc2c(c1)OC(C)(C)C1CC=C(C)CC21,C1=CCC2c3ccccc3OCC2C1,1
scaffold,CCCC(C)(C)c1ccc2c(c1)OC(C)(C)[C@@H]1CC=C(O)C[C@@H]21,C1=CCC2c3ccccc3OCC2C1,1
scaffold,CCCC(C)O/N=C(/C)c1cc(O)c2c(c1)OC(C)(C)[C@H]1CC=C(C)C[C@H]21,C1=CCC2c3ccccc3OCC2C1,1
scaffold,CCCC(C)O/N=C(\C)c1cc(O)c2c(c1)OC(C)(C)[C@H]1CC=C(C)C[C@H]21,C1=CCC2c3ccccc3OCC2C1,1
scaffold,CCCCC(=O)OCC(C)(C)c1cc(O)c2c(c1)OC(C)(C)[C@@H]1CC=C(C)C[C@@H]21,C1=CCC2c3ccccc3OCC2C1,1
scaffold,CCCCC(C)(C)C(=O)Nc1cc(C)c(C)c(S(=O)(=O)N2CCOCC2)c1,O=S(=O)(c1ccccc1)N1CCOCC1,1
scaffold,CCCCC(C)(C)c1cc(Br)c2c(c1)OC(C)(C)[C@@H]1CC=C(C)C[C@@H]21,C1=CCC2c3ccccc3OCC2C1,1
scaffold,CCCCC/C=C\C/C=C\C/C=C\C/C=C\CCCC(=O)N(C)c1c(C)n(C)n(-c2ccccc2)c1=O,O=c1cc[nH]n1-c1ccccc1,1
scaffold,CCCCC/C=C\C/C=C\C/C=C\C/C=C\CCCC(=O)Nc1c(C)n(C)n(-c2ccccc2)c1=O,O=c1cc[nH]n1-c1ccccc1,1
scaffold,CCCCCC(C)(C)c1cc(Br)c2c(c1)OC(C)(C)[C@@H]1CC=C(C)C[C@@H]21,C1=CCC2c3ccccc3OCC2C1,1
scaffold,CCCCCC1=NN(C(=O)NC2C3CC4CC(C3)CC2C4)CC1c1ccccc1,O=C(NC1C2CC3CC(C2)CC1C3)N1CC(c2ccccc2)C=N1,1
scaffold,CCCCCC1=NN(C(=O)NC2CCCCC2)CC1c1ccccc1,O=C(NC1CCCCC1)N1CC(c2ccccc2)C=N1,1
scaffold,CCCCCC1=NN(C(=O)Nc2ccccc2C(F)(F)F)CC1c1ccccc1,O=C(Nc1ccccc1)N1CC(c2ccccc2)C=N1,1
scaffold,CCCCCCC(C)(C)C1=CC2=C(C(=O)C1=O)c1[nH]ncc1C(C)(C)O2,O=C1C=CC2=C(C1=O)c1[nH]ncc1CO2,1
scaffold,CCCCCCC(C)(C)C1=CC2=C(C(=O)C1=O)c1c(cnn1CC)C(C)(C)O2,O=C1C=CC2=C(C1=O)c1[nH]ncc1CO2,1
scaffold,CCCCCCC(C)(C)C1=CC2=C(C(=O)C1=O)c1nn(C)cc1C(C)(C)O2,O=C1C=CC2=C(C1=O)c1n[nH]cc1CO2,1
scaffold,CCCCCCC(C)(C)c1cc(Br)c2c(c1)OC(C)(C)[C@@H]1CC=C(C)C[C@@H]21,C1=CCC2c3ccccc3OCC2C1,1
scaffold,CCCCCCC(C)(C)c1cc(O)c2c(c1)OC(C)(C)C1CCC(=O)CC21,O=C1CCC2COc3ccccc3C2C1,1
scaffold,CCCCCCC(C)(C)c1cc(O)c2c(c1)OC(C)(C)[C@@H]1CC=C(C(=O)O)C[C@@H]21,C1=CCC2c3ccccc3OCC2C1,1
scaffold,CCCCCCC(C)(C)c1cc(O)c2c(c1)OC(C)(C)[C@@H]1CC=C(OO)C[C@@H]21,C1=CCC2c3ccccc3OCC2C1,1
scaffold,CCCCCCC(C)(C)c1cc(O)c2c(c1)OC(C)(C)[C@H]1CC=C(C)C[C@H]21,C1=CCC2c3ccccc3OCC2C1,1
scaffold,CCCCCCC(C)(C)c1cc(O)c2c(c1)OC(C)(C)[C@H]1CC=C(CO)C[C@H]21,C1=CCC2c3ccccc3OCC2C1,1
scaffold,CCCCCCC(C)(C)c1cc(O)c2c(c1)OC(C)(C)c1cnn(-c3ccc(Cl)c(Cl)c3)c1-2,c1ccc(-n2ncc3c2-c2ccccc2OC3)cc1,1
scaffold,CCCCCCC(C)(C)c1cc(O)c2c(c1)OC(C)(C)c1cnn(-c3cccc(OC)c3)c1-2,c1ccc(-n2ncc3c2-c2ccccc2OC3)cc1,1
scaffold,CCCCCCC(C)(C)c1cc(O)cc(OCCCCCCCCCCCNC(=O)C2CC2)c1,O=C(NCCCCCCCCCCCOc1ccccc1)C1CC1,1
scaffold,CCCCCCC(C)(C)c1cc(OC(C)=O)c2c(c1)OC(C)(C)[C@@H]1CC=C(C(=O)O)C[C@@H]21,C1=CCC2c3ccccc3OCC2C1,1
scaffold,CCCCCCC(C)(C)c1cc(OC)c2c(c1)OC(C)(C)[C@@H]1CC=C(C)C[C@@H]21,C1=CCC2c3ccccc3OCC2C1,1
scaffold,CCCCCCC(C)(C)c1cc(OC)c2c(c1)OC(C)(C)c1cnn(-c3ccc(Cl)c(Cl)c3)c1-2,c1ccc(-n2ncc3c2-c2ccccc2OC3)cc1,1
scaffold,CCCCCCC(C)(C)c1cc(OC)c2c(c1)OC(C)(C)c1cnn(-c3ccc(Cl)cc3Cl)c1-2,c1ccc(-n2ncc3c2-c2ccccc2OC3)cc1,1
scaffold,CCCCCCC(C)(C)c1cc(OCC)c2c(c1)OC(C)(C)c1cnn(-c3ccc(Cl)c(Cl)c3)c1-2,c1ccc(-n2ncc3c2-c2ccccc2OC3)cc1,1
scaffold,CCCCCCC(C)(C)c1cc2c(c3c1CCCO3)-c1nn(CC)cc1C(C)(C)O2,c1[nH]nc2c1COc1ccc3c(c1-2)OCCC3,1
scaffold,CCCCCCC(O)(CC(=O)O)c1cc(O)c2c(c1)OC(C)(C)[C@@H]1CC=C(C)C[C@@H]21,C1=CCC2c3ccccc3OCC2C1,1
scaffold,CCCCCCC1(c2cc(O)c3c(c2)OC(C)(C)[C@@H]2CC=C(C)C[C@@H]32)OCCO1,C1=CCC2c3ccc(C4OCCO4)cc3OCC2C1,1
scaffold,CCCCCCC1(c2ccc(-c3cc(C)cc(C)c3)c(O)c2)CC1,c1ccc(-c2ccc(C3CC3)cc2)cc1,1
scaffold,CCCCCCCN(Cc1ccc(N(CC)CC)cc1)S(=O)(=O)c1ccc(C(C)C)cc1,O=S(=O)(NCc1ccccc1)c1ccccc1,1
scaffold,CCCCCCCN(Cc1ccc(N(CC)CC)cc1)S(=O)(=O)c1ccc(C)cc1,O=S(=O)(NCc1ccccc1)c1ccccc1,1
scaffold,CCCCCCCN(Cc1ccc(N(CC)CC)cc1)S(=O)(=O)c1ccc(Cl)cc1,O=S(=O)(NCc1ccccc1)c1ccccc1,1
scaffold,CCCCCCCN(Cc1ccc(N(CC)CC)cc1)S(=O)(=O)c1ccc(F)cc1,O=S(=O)(NCc1ccccc1)c1ccccc1,1
scaffold,CCCCCCCN(Cc1ccc(N(CC)CC)cc1)S(=O)(=O)c1ccc(OC)cc1,O=S(=O)(NCc1ccccc1)c1ccccc1,1
scaffold,CCCCCCCN(Cc1ccc(N(CC)CC)cc1)S(=O)(=O)c1cccc(C)c1,O=S(=O)(NCc1ccccc1)c1ccccc1,1
scaffold,CCCCCCCn1c2ccccc2c2cc(C(=O)N3CCCCC3)ccc21,O=C(c1ccc2[nH]c3ccccc3c2c1)N1CCCCC1,1
scaffold,CCCCCCCn1cc(C(=O)c2cccc3ccccc23)cc1-c1ccccc1,O=C(c1c[nH]c(-c2ccccc2)c1)c1cccc2ccccc12,1
scaffold,CCCCCC[Si](C)(C)c1cc(O)c2c(c1)OC(C)(C)[C@@H]1CC=C(CO)C[C@@H]21,C1=CCC2c3ccccc3OCC2C1,1
scaffold,CCCCCCc1ccc(O)cc1OCCCCCCCCCCCNC(=O)C1CC1,O=C(NCCCCCCCCCCCOc1ccccc1)C1CC1,1
scaffold,CCCCCCn1c2ccccc2c2cc(C(=O)N3CCCCC3)ccc21,O=C(c1ccc2[nH]c3ccccc3c2c1)N1CCCCC1,1
scaffold,CCCCCCn1cc(C(=O)NC2CCCCC2)c(=O)c2c(C)nn(C)c21,O=C(NC1CCCCC1)c1c[nH]c2[nH]ncc2c1=O,1
scaffold,CCCCCCn1cc(C(=O)c2cccc3ccccc23)cc1-c1ccccc1,O=C(c1c[nH]c(-c2ccccc2)c1)c1cccc2ccccc12,1
scaffold,CCCCCNC(=O)C(C)(C)c1cc(O)c2c(c1)OC(C)(C)[C@@H]1CC=C(C)C[C@@H]21,C1=CCC2c3ccccc3OCC2C1,1
scaffold,CCCCCOc1c(OC)ccc2c1CCN(CCc1ccc(O)cc1)C2=O,O=C1c2ccccc2CCN1CCc1ccccc1,1
scaffold,CCCCCOc1c(OC)ccc2cc(C(=O)N3CCCc4ccccc4C3)c(=O)[nH]c12,O=C(c1cc2ccccc2[nH]c1=O)N1CCCc2ccccc2C1,1
scaffold,CCCCCOc1cc(C(=O)NCCc2ccncc2)ccc1OC,O=C(NCCc1ccncc1)c1ccccc1,1
scaffold,CCCCCOc1ccccc1-c1cc(C(=O)N(CC(C)C)CC(C)C)no1,c1ccc(-c2ccno2)cc1,1
scaffold,CCCCCOc1ccccc1-c1cc(C(=O)NN2CCCCC2)no1,O=C(NN1CCCCC1)c1cc(-c2ccccc2)on1,1
scaffold,CCCCCc1cc(Br)c2c(c1)OC(C)(C)[C@@H]1CC=C(C)C[C@@H]21,C1=CCC2c3ccccc3OCC2C1,1
scaffold,CCCCCc1cc(O)c2c(c1)OC(C)(C)C1=C2C(O)C(C)(OC)CC1,c1ccc2c(c1)OCC1=C2CCCC1,1
scaffold,CCCCCc1cc(O)c2c(c1)OC(C)(C)C1=C2C(OC(C)=O)C(C)(OC)CC1,c1ccc2c(c1)OCC1=C2CCCC1,1
scaffold,CCCCCc1cc(O)c2c(c1)OC(C)(C)C1=C2C[C@@H](C)CC1,c1ccc2c(c1)OCC1=C2CCCC1,1
scaffold,CCCCCc1cc(O)c2c(c1)OC(C)(C)C1=C2C[C@H](C)CC1,c1ccc2c(c1)OCC1=C2CCCC1,1
scaffold,CCCCCc1cc(O)c2c(c1)OC(C)(C)[C@@H]1CC=C(C)C[C@@H]21,C1=CCC2c3ccccc3OCC2C1,1
scaffold,CCCCCc1cc(O)c2c(c1)OC(C)(C)[C@@H]1CC=C(C)[C@@H](O)[C@@H]21,C1=CCC2c3ccccc3OCC2C1,1
scaffold,CCCCCc1cc(O)c2c(c1)OC(C)(C)[C@@H]1CC=C(C)[C@H](O)[C@@H]21,C1=CCC2c3ccccc3OCC2C1,1
scaffold,CCCCCc1cc(O)c2c(c1)OC(C)(C)[C@H]1CC=C(C)C[C@H]21,C1=CCC2c3ccccc3OCC2C1,1
scaffold,CCCCCc1cc(O)cc(OCCCCCCCCCCCNC(=O)C2CC2)c1,O=C(NCCCCCCCCCCCOc1ccccc1)C1CC1,1
scaffold,CCCCCc1cc(O)cc(OCCCCCCCCCCCNCc2ccccc2)c1,c1ccc(CNCCCCCCCCCCCOc2ccccc2)cc1,1
scaffold,CCCCCc1cc(OC(C)=O)c2c(c1)OC(C)(C)[C@@H]1CC=C(C)C[C@@H]21,C1=CCC2c3ccccc3OCC2C1,1
scaffold,CCCCCc1ccc2c(c1)OC(C)(C)[C@@H]1CC=C(C)C[C@@H]21,C1=CCC2c3ccccc3OCC2C1,1
scaffold,CCCCCn1c(=O)c(C(=O)NC23CC4CC(CC(C4)C2)C3)c(O)c2cc(Br)ccc21,O=C(NC12CC3CC(CC(C3)C1)C2)c1cc2ccccc2[nH]c1=O,1
scaffold,CCCCCn1c(=O)c(C(=O)NC23CC4CC(CC(C4)C2)C3)c(O)c2ccc(F)cc21,O=C(NC12CC3CC(CC(C3)C1)C2)c1cc2ccccc2[nH]c1=O,1
scaffold,CCCCCn1c(=O)c(C(=O)NC23CC4CC(CC(C4)C2)C3)cc2ccccc21,O=C(NC12CC3CC(CC(C3)C1)C2)c1cc2ccccc2[nH]c1=O,1
scaffold,CCCCCn1c(=O)sc2cc(C(=O)C3CCCC3)ccc21,O=C(c1ccc2[nH]c(=O)sc2c1)C1CCCC1,1
scaffold,CCCCCn1c2ccc(C(=O)N3CCCCC3)cc2c2ccc(OC)cc21,O=C(c1ccc2[nH]c3ccccc3c2c1)N1CCCCC1,1
scaffold,CCCCCn1c2ccccc2c2cc(C(=O)CN3CCS(=O)(=O)CC3)ccc21,O=C(CN1CCS(=O)(=O)CC1)c1ccc2[nH]c3ccccc3c2c1,1
scaffold,CCCCCn1c2ccccc2c2cc(C(=O)N3CCCCC3)ccc21,O=C(c1ccc2[nH]c3ccccc3c2c1)N1CCCCC1,1
scaffold,CCCCCn1c2ccccc2c2cc(C(=O)N3CCS(=O)(=O)CC3)ccc21,O=C(c1ccc2[nH]c3ccccc3c2c1)N1CCS(=O)(=O)CC1,1
scaffold,CCCCCn1c2ccccc2c2cc(C(=O)OCc3ccncc3)ccc21,O=C(OCc1ccncc1)c1ccc2[nH]c3ccccc3c2c1,1
scaffold,CCCCCn1cc(C(=O)C2C(C)(C)C2(C)C)c2ccccc21,O=C(c1c[nH]c2ccccc12)C1CC1,1
scaffold,CCCCCn1cc(C(=O)NC(C)C23CC4CC(CC(C4)C2)C3)c(=O)cc1C,O=C(NCC12CC3CC(CC(C3)C1)C2)c1c[nH]ccc1=O,1
scaffold,CCCCCn1cc(C(=O)NC(C)C23CC4CC(CC(C4)C2)C3)c(=O)cc1C(C)(C)C,O=C(NCC12CC3CC(CC(C3)C1)C2)c1c[nH]ccc1=O,1
scaffold,CCCCCn1cc(C(=O)NC(C)CCC(C)C)c(=O)c2c(C)nn(C)c21,O=c1cc[nH]c2[nH]ncc12,1
scaffold,CCCCCn1cc(C(=O)NC(C)c2cccc3ccccc23)c(=O)c2ccccc21,O=C(NCc1cccc2ccccc12)c1c[nH]c2ccccc2c1=O,1
scaffold,CCCCCn1cc(C(=O)NC23CC4CC(C)(CC(C)(C4)C2)C3)c(=O)n2nc(-c3ccccc3)nc12,O=C(NC12CC3CC(CC(C3)C1)C2)c1c[nH]c2nc(-c3ccccc3)nn2c1=O,1
scaffold,CCCCCn1cc(C(=O)NC23CC4CC(CC(C4)C2)C3)c(=O)c(-c2ccncc2)c1C,O=C(NC12CC3CC(CC(C3)C1)C2)c1c[nH]cc(-c2ccncc2)c1=O,1
scaffold,CCCCCn1cc(C(=O)NC23CC4CC(CC(C4)C2)C3)c(=O)c2cc(-c3ccc4cc(OC)ccc4c3)ccc21,O=C(NC12CC3CC(CC(C3)C1)C2)c1c[nH]c2ccc(-c3ccc4ccccc4c3)cc2c1=O,1
scaffold,CCCCCn1cc(C(=O)NC23CC4CC(CC(C4)C2)C3)c(=O)c2cc(-n3cccc3)ccc21,O=C(NC12CC3CC(CC(C3)C1)C2)c1c[nH]c2ccc(-n3cccc3)cc2c1=O,1
scaffold,CCCCCn1cc(C(=O)NC23CC4CC(CC(C4)C2)C3)c(=O)c2cc(Oc3ccc(F)c(Cl)c3)ccc21,O=C(NC12CC3CC(CC(C3)C1)C2)c1c[nH]c2ccc(Oc3ccccc3)cc2c1=O,1
scaffold,CCCCCn1cc(C(=O)NC23CC4CC(CC(C4)C2)C3)c(=O)n2nc(-c3ccc(C)cc3)nc12,O=C(NC12CC3CC(CC(C3)C1)C2)c1c[nH]c2nc(-c3ccccc3)nn2c1=O,1
scaffold,CCCCCn1cc(C(=O)NC23CC4CC(CC(C4)C2)C3)c(=O)n2nc(-c3ccc(Cl)cc3)nc12,O=C(NC12CC3CC(CC(C3)C1)C2)c1c[nH]c2nc(-c3ccccc3)nn2c1=O,1
scaffold,CCCCCn1cc(C(=O)NC23CC4CC(CC(C4)C2)C3)c(=O)n2nc(-c3ccc(OC)cc3)nc12,O=C(NC12CC3CC(CC(C3)C1)C2)c1c[nH]c2nc(-c3ccccc3)nn2c1=O,1
scaffold,CCCCCn1cc(C(=O)NC23CC4CC(CC(C4)C2)C3)c(=O)n2nc(-c3ccccc3)nc12,O=C(NC12CC3CC(CC(C3)C1)C2)c1c[nH]c2nc(-c3ccccc3)nn2c1=O,1
scaffold,CCCCCn1cc(C(=O)NC23CC4CC(CC(C4)C2)C3)c(=O)n2nc(-c3ccco3)nc12,O=C(NC12CC3CC(CC(C3)C1)C2)c1c[nH]c2nc(-c3ccco3)nn2c1=O,1
scaffold,CCCCCn1cc(C(=O)NC23CC4CC(CC(C4)C2)C3)c2cc(-c3ccco3)ccc21,O=C(NC12CC3CC(CC(C3)C1)C2)c1c[nH]c2ccc(-c3ccco3)cc12,1
scaffold,CCCCCn1cc(C(=O)NC23CC4CC(CC(C4)C2)C3)c2ccc(-c3ccccc3)cc21,O=C(NC12CC3CC(CC(C3)C1)C2)c1c[nH]c2cc(-c3ccccc3)ccc12,1
scaffold,CCCCCn1cc(C(=O)NC2CCC(C)CC2)c(=O)n2nc(C)cc12,O=C(NC1CCCCC1)c1c[nH]c2ccnn2c1=O,1
scaffold,CCCCCn1cc(C(=O)NC2CCCCC2)c(=O)c2c(C(C)(C)C)nn(C)c21,O=C(NC1CCCCC1)c1c[nH]c2[nH]ncc2c1=O,1
scaffold,CCCCCn1cc(C(=O)NC2CCCCC2)c(=O)c2c(C)csc21,O=C(NC1CCCCC1)c1c[nH]c2sccc2c1=O,1
scaffold,CCCCCn1cc(C(=O)NC2CCCCC2)c(=O)c2c(C)nn(C)c21,O=C(NC1CCCCC1)c1c[nH]c2[nH]ncc2c1=O,1
scaffold,CCCCCn1cc(C(=O)NC2CCCCC2)c(=O)c2c(CC)nn(C)c21,O=C(NC1CCCCC1)c1c[nH]c2[nH]ncc2c1=O,1
scaffold,CCCCCn1cc(C(=O)NC2CCCCC2)c(=O)c2cnn(C)c21,O=C(NC1CCCCC1)c1c[nH]c2[nH]ncc2c1=O,1
scaffold,CCCCCn1cc(C(=O)NC2CCCCC2)c(=O)n2nc(-c3ccco3)cc12,O=C(NC1CCCCC1)c1c[nH]c2cc(-c3ccco3)nn2c1=O,1
scaffold,CCCCCn1cc(C(=O)NC2CCCCC2)c(=O)n2nc(C(C)(C)C)cc12,O=C(NC1CCCCC1)c1c[nH]c2ccnn2c1=O,1
scaffold,CCCCCn1cc(C(=O)NC2CCCCC2)c(=O)n2nc(C)cc12,O=C(NC1CCCCC1)c1c[nH]c2ccnn2c1=O,1
scaffold,CCCCCn1cc(C(=O)NC2CCCCC2)c(=O)n2nc(CC)cc12,O=C(NC1CCCCC1)c1c[nH]c2ccnn2c1=O,1
scaffold,CCCCCn1cc(C(=O)NC2CCCCCC2)c(=O)n2nc(-c3ccc(C)cc3)cc12,O=C(NC1CCCCCC1)c1c[nH]c2cc(-c3ccccc3)nn2c1=O,1
scaffold,CCCCCn1cc(C(=O)NC2CCCCCC2)c(=O)n2nc(-c3ccc(Cl)cc3)cc12,O=C(NC1CCCCCC1)c1c[nH]c2cc(-c3ccccc3)nn2c1=O,1
scaffold,CCCCCn1cc(C(=O)NC2CCCCCC2)c(=O)n2nc(-c3ccc(Cl)cc3Cl)cc12,O=C(NC1CCCCCC1)c1c[nH]c2cc(-c3ccccc3)nn2c1=O,1
scaffold,CCCCCn1cc(C(=O)NC2CCCCCC2)c(=O)n2nc(-c3ccccc3)cc12,O=C(NC1CCCCCC1)c1c[nH]c2cc(-c3ccccc3)nn2c1=O,1
scaffold,CCCCCn1cc(C(=O)NC2CCCCCC2)c(=O)n2nc(-c3ccccc3C)cc12,O=C(NC1CCCCCC1)c1c[nH]c2cc(-c3ccccc3)nn2c1=O,1
scaffold,CCCCCn1cc(C(=O)NC2CCCCCC2)c(=O)n2nc(-c3ccccc3Cl)cc12,O=C(NC1CCCCCC1)c1c[nH]c2cc(-c3ccccc3)nn2c1=O,1
scaffold,CCCCCn1cc(C(=O)NC2CCCCCC2)c(=O)n2nc(-c3ccco3)cc12,O=C(NC1CCCCCC1)c1c[nH]c2cc(-c3ccco3)nn2c1=O,1
scaffold,CCCCCn1cc(C(=O)NCC23CC4CC(CC(C4)C2)C3)c(=O)cc1C,O=C(NCC12CC3CC(CC(C3)C1)C2)c1c[nH]ccc1=O,1
scaffold,CCCCCn1cc(C(=O)NCC23CC4CC(CC(C4)C2)C3)c(=O)cc1C(C)(C)C,O=C(NCC12CC3CC(CC(C3)C1)C2)c1c[nH]ccc1=O,1
scaffold,CCCCCn1cc(C(=O)NCC2CCCCC2)c(=O)c2c(C)nn(C)c21,O=C(NCC1CCCCC1)c1c[nH]c2[nH]ncc2c1=O,1
scaffold,CCCCCn1cc(C(=O)NCc2ccccc2)c(=O)n2nc(C)cc12,O=C(NCc1ccccc1)c1c[nH]c2ccnn2c1=O,1
scaffold,CCCCCn1cc(C(=O)N[C@@H](Cc2ccccc2)C(N)=O)c2cccnc21,O=C(NCCc1ccccc1)c1c[nH]c2ncccc12,1
scaffold,CCCCCn1cc(C(=O)N[C@H](C)c2cccc3ccccc23)c(=O)c2ccccc21,O=C(NCc1cccc2ccccc12)c1c[nH]c2ccccc2c1=O,1
scaffold,CCCCCn1cc(C(=O)N[C@H]2CC[C@@H](C)CC2)c(=O)c2c(C)nn(C)c21,O=C(NC1CCCCC1)c1c[nH]c2[nH]ncc2c1=O,1
scaffold,CCCCCn1cc(C(=O)N[C@H]2CC[C@H](C)CC2)c(=O)c2c(C)nn(C)c21,O=C(NC1CCCCC1)c1c[nH]c2[nH]ncc2c1=O,1
scaffold,CCCCCn1cc(C(=O)Nc2ccc3ccccc3c2)c2ccccc21,O=C(Nc1ccc2ccccc2c1)c1c[nH]c2ccccc12,1
scaffold,CCCCCn1cc(C(=O)c2ccc3ccccc3c2)c(=O)c2ccccc21,O=C(c1ccc2ccccc2c1)c1c[nH]c2ccccc2c1=O,1
scaffold,CCCCCn1cc(C(=O)c2cccc3ccccc23)c2cccnc21,O=C(c1cccc2ccccc12)c1c[nH]c2ncccc12,1
scaffold,CCCCCn1cc(C(=O)c2cccc3ccccc23)c2cnccc21,O=C(c1cccc2ccccc12)c1c[nH]c2ccncc12,1
scaffold,CCCCCn1cc(C(=O)c2cccc3ccccc23)cc1-c1ccc(C(F)(F)F)cc1,O=C(c1c[nH]c(-c2ccccc2)c1)c1cccc2ccccc12,1
scaffold,CCCCCn1cc(C(=O)c2cccc3ccccc23)cc1-c1ccc(C)cc1,O=C(c1c[nH]c(-c2ccccc2)c1)c1cccc2ccccc12,1
scaffold,CCCCCn1cc(C(=O)c2cccc3ccccc23)cc1-c1ccc(CC)cc1,O=C(c1c[nH]c(-c2ccccc2)c1)c1cccc2ccccc12,1
scaffold,CCCCCn1cc(C(=O)c2cccc3ccccc23)cc1-c1ccc(CCCC)cc1,O=C(c1c[nH]c(-c2ccccc2)c1)c1cccc2ccccc12,1
scaffold,CCCCCn1cc(C(=O)c2cccc3ccccc23)cc1-c1ccc(Cl)cc1,O=C(c1c[nH]c(-c2ccccc2)c1)c1cccc2ccccc12,1
scaffold,CCCCCn1cc(C(=O)c2cccc3ccccc23)cc1-c1ccc(F)cc1,O=C(c1c[nH]c(-c2ccccc2)c1)c1cccc2ccccc12,1
scaffold,CCCCCn1cc(C(=O)c2cccc3ccccc23)cc1-c1ccc(OC)cc1,O=C(c1c[nH]c(-c2ccccc2)c1)c1cccc2ccccc12,1
scaffold,CCCCCn1cc(C(=O)c2cccc3ccccc23)cc1-c1ccc2ccccc2c1,O=C(c1c[nH]c(-c2ccc3ccccc3c2)c1)c1cccc2ccccc12,1
scaffold,CCCCCn1cc(C(=O)c2cccc3ccccc23)cc1-c1cccc(C(F)(F)F)c1,O=C(c1c[nH]c(-c2ccccc2)c1)c1cccc2ccccc12,1
scaffold,CCCCCn1cc(C(=O)c2cccc3ccccc23)cc1-c1cccc(C)c1,O=C(c1c[nH]c(-c2ccccc2)c1)c1cccc2ccccc12,1
scaffold,CCCCCn1cc(C(=O)c2cccc3ccccc23)cc1-c1cccc(Cl)c1,O=C(c1c[nH]c(-c2ccccc2)c1)c1cccc2ccccc12,1
scaffold,CCCCCn1cc(C(=O)c2cccc3ccccc23)cc1-c1cccc(F)c1,O=C(c1c[nH]c(-c2ccccc2)c1)c1cccc2ccccc12,1
scaffold,CCCCCn1cc(C(=O)c2cccc3ccccc23)cc1-c1cccc(OC)c1,O=C(c1c[nH]c(-c2ccccc2)c1)c1cccc2ccccc12,1
scaffold,CCCCCn1cc(C(=O)c2cccc3ccccc23)cc1-c1cccc([N+](=O)[O-])c1,O=C(c1c[nH]c(-c2ccccc2)c1)c1cccc2ccccc12,1
scaffold,CCCCCn1cc(C(=O)c2cccc3ccccc23)cc1-c1ccccc1,O=C(c1c[nH]c(-c2ccccc2)c1)c1cccc2ccccc12,1
scaffold,CCCCCn1cc(C(=O)c2cccc3ccccc23)cc1-c1ccccc1C,O=C(c1c[nH]c(-c2ccccc2)c1)c1cccc2ccccc12,1
scaffold,CCCCCn1cc(C(=O)c2cccc3ccccc23)cc1-c1ccccc1C(F)(F)F,O=C(c1c[nH]c(-c2ccccc2)c1)c1cccc2ccccc12,1
scaffold,CCCCCn1cc(C(=O)c2cccc3ccccc23)cc1-c1ccccc1CC,O=C(c1c[nH]c(-c2ccccc2)c1)c1cccc2ccccc12,1
scaffold,CCCCCn1cc(C(=O)c2cccc3ccccc23)cc1-c1ccccc1CCCC,O=C(c1c[nH]c(-c2ccccc2)c1)c1cccc2ccccc12,1
scaffold,CCCCCn1cc(C(=O)c2cccc3ccccc23)cc1-c1ccccc1Cl,O=C(c1c[nH]c(-c2ccccc2)c1)c1cccc2ccccc12,1
scaffold,CCCCCn1cc(C(=O)c2cccc3ccccc23)cc1-c1ccccc1F,O=C(c1c[nH]c(-c2ccccc2)c1)c1cccc2ccccc12,1
scaffold,CCCCCn1cc(C(=O)c2cccc3ccccc23)cc1-c1ccccc1OC,O=C(c1c[nH]c(-c2ccccc2)c1)c1cccc2ccccc12,1
scaffold,CCCCCn1cc(CC(=O)NC23CC4CC(CC(C4)C2)C3)c2cc(-c3ccccc3)ccc21,O=C(Cc1c[nH]c2ccc(-c3ccccc3)cc12)NC12CC3CC(CC(C3)C1)C2,1
scaffold,CCCCCn1cc(CC(=O)NC23CC4CC(CC(C4)C2)C3)c2cc(Br)ccc21,O=C(Cc1c[nH]c2ccccc12)NC12CC3CC(CC(C3)C1)C2,1
scaffold,CCCCCn1cc(NC(=O)C2CCCCC2)c(=O)cc1-c1ccccc1,O=C(Nc1c[nH]c(-c2ccccc2)cc1=O)C1CCCCC1,1
scaffold,CCCCCn1cc2c(=O)n(C3CCCCC3)nc-2c2ccccc21,O=c1c2c[nH]c3ccccc3c-2nn1C1CCCCC1,1
scaffold,CCCCNC(=O)c1oc2ccc(S(=O)(=O)N3CC(C)CC(C)C3)cc2c1C,O=S(=O)(c1ccc2occc2c1)N1CCCCC1,1
scaffold,CCCCO/N=C(\C)c1cc(O)c2c(c1)OC(C)(C)[C@H]1CC=C(C)C[C@H]21,C1=CCC2c3ccccc3OCC2C1,1
scaffold,CCCCOC(=O)C(C)(C)c1cc(O)c2c(c1)OC(C)(C)[C@@H]1CC=C(C)C[C@@H]21,C1=CCC2c3ccccc3OCC2C1,1
scaffold,CCCCOC(=O)C(C)(C)c1cc(O)c2c(c1)OC(C)(C)[C@@H]1CC=C(CO)C[C@@H]21,C1=CCC2c3ccccc3OCC2C1,1
scaffold,CCCCOC(=O)C(C)(C)c1cc(O)c2c(c1)OC(C)(C)[C@@H]1CCC(=O)C[C@@H]21,O=C1CCC2COc3ccccc3C2C1,1
scaffold,CCCCOC(=O)C(C)(C)c1cc(O)c2c(c1)OC(C)(C)[C@H]1CC=C(C)C[C@@H]21,C1=CCC2c3ccccc3OCC2C1,1
scaffold,CCCCOC(=O)C(C)c1cc(O)c2c(c1)OC(C)(C)[C@@H]1CC=C(C)C[C@@H]21,C1=CCC2c3ccccc3OCC2C1,1
scaffold,CCCCOC(=O)Cc1cc(O)c2c(c1)OC(C)(C)[C@@H]1CC=C(C)C[C@@H]21,C1=CCC2c3ccccc3OCC2C1,1
scaffold,CCCCOC(=O)Cc1cc(O)c2c(c1)OC(C)(C)[C@@H]1CCC(=O)C[C@@H]21,O=C1CCC2COc3ccccc3C2C1,1
scaffold,CCCCOC(=O)[C@@H](C)c1cc(O)c2c(c1)OC(C)(C)[C@@H]1CC=C(C)C[C@@H]21,C1=CCC2c3ccccc3OCC2C1,1
scaffold,CCCCOC(=O)[C@H](C)c1cc(O)c2c(c1)OC(C)(C)[C@@H]1CC=C(C)C[C@@H]21,C1=CCC2c3ccccc3OCC2C1,1
scaffold,CCCCOc1c(OC)ccc2cc(C(=O)NCCc3cn(CCF)nn3)c(=O)[nH]c12,O=C(NCCc1c[nH]nn1)c1cc2ccccc2[nH]c1=O,1
scaffold,CCCC[Si](C)(C)c1cc(O)c2c(c1)OC(C)(C)[C@@H]1CC=C(CO)C[C@@H]21,C1=CCC2c3ccccc3OCC2C1,1
scaffold,CCCCn1c(C)c(C)cc(NC(=O)c2cccc3ccccc23)c1=O,O=C(Nc1ccc[nH]c1=O)c1cccc2ccccc12,1
scaffold,CCCCn1c(C)c(C)cc(Oc2nc3ccccc3o2)c1=O,O=c1[nH]cccc1Oc1nc2ccccc2o1,1
scaffold,CCCCn1c2ccccc2c2cc(C(=O)N3CCCCC3)ccc21,O=C(c1ccc2[nH]c3ccccc3c2c1)N1CCCCC1,1
scaffold,CCCCn1cc(C(=O)C2C(C)(C)C2(C)C)c2ccccc21,O=C(c1c[nH]c2ccccc12)C1CC1,1
scaffold,CCCCn1cc(C(=O)NC2CCCCC2)c(=O)c2c(C)nn(C)c21,O=C(NC1CCCCC1)c1c[nH]c2[nH]ncc2c1=O,1
scaffold,CCCCn1cc(C(=O)N[C@@H](Cc2ccccc2)C(N)=O)c2cccnc21,O=C(NCCc1ccccc1)c1c[nH]c2ncccc12,1
scaffold,CCCCn1cc(C(=O)c2cccc3ccccc23)cc1-c1ccccc1,O=C(c1c[nH]c(-c2ccccc2)c1)c1cccc2ccccc12,1
scaffold,CCCCn1cc(CC(=O)NC23CC4CC(CC(C4)C2)C3)c2cc(-c3ccccc3)ccc21,O=C(Cc1c[nH]c2ccc(-c3ccccc3)cc12)NC12CC3CC(CC(C3)C1)C2,1
scaffold,CCCCn1nc(C(C)(C)C)s/c1=N\C(=O)c1cc(C(F)(F)F)ccc1O/N=C1/CCCCCN1,O=C(N=c1[nH]ncs1)c1ccccc1ON=C1CCCCCN1,1
scaffold,CCCNC(=O)NC1(c2ccccc2)CCN(c2ncnc3c2nc(-c2ccccc2Cl)n3-c2ccc(Cl)cc2)CC1,c1ccc(-c2nc3c(N4CCC(c5ccccc5)CC4)ncnc3n2-c2ccccc2)cc1,1
scaffold,CCCNC(=O)c1c(NC(=O)C2C(C)(C)C2(C)C)sc2c1CCOC2,O=C(Nc1cc2c(s1)COCC2)C1CC1,1
scaffold,CCCOc1ccc2c(c1)c(C(=O)c1ccc(OC)cc1)cn2CC1CCOCC1,O=C(c1ccccc1)c1cn(CC2CCOCC2)c2ccccc12,1
scaffold,CCCOc1cccc2c(C(=O)c3ccc(OC)cc3)cn(CC3CCOCC3)c12,O=C(c1ccccc1)c1cn(CC2CCOCC2)c2ccccc12,1
scaffold,CCCS(=O)(=O)n1c2c(c3cc(C(=O)N4CCC(C)CC4)ccc31)CN(C1CCCC1)C2,O=C(c1ccc2[nH]c3c(c2c1)CN(C1CCCC1)C3)N1CCCCC1,1
scaffold,CCCSC(=O)C(C)(C)c1cc(O)c2c(c1)OC(C)(C)[C@@H]1CC=C(C)C[C@@H]21,C1=CCC2c3ccccc3OCC2C1,1
scaffold,CCCc1ccc(/C=C2\C=C(CCN3CCOCC3)c3ccccc32)c2ccccc12,C(=C1C=C(CCN2CCOCC2)c2ccccc21)c1cccc2ccccc12,1
scaffold,CCCn1c2ccccc2c2cc(C(=O)N3CCCCC3)ccc21,O=C(c1ccc2[nH]c3ccccc3c2c1)N1CCCCC1,1
scaffold,CCCn1cc(C(=O)C2C(C)(C)C2(C)C)c2ccccc21,O=C(c1c[nH]c2ccccc12)C1CC1,1
scaffold,CCCn1cc(C(=O)NC2CCCCC2)c(=O)c2c(C)nn(C)c21,O=C(NC1CCCCC1)c1c[nH]c2[nH]ncc2c1=O,1
scaffold,CCCn1cc(C(=O)c2cccc3ccccc23)cc1-c1ccccc1,O=C(c1c[nH]c(-c2ccccc2)c1)c1cccc2ccccc12,1
scaffold,CCCn1cc(CC(=O)NC23CC4CC(CC(C4)C2)C3)c2cc(-c3ccccc3)ccc21,O=C(Cc1c[nH]c2ccc(-c3ccccc3)cc12)NC12CC3CC(CC(C3)C1)C2,1
scaffold,CCN(CC)C(=O)c1ccc2c(c1)nc(Cc1ccc(OC3CCC3)cc1)n2CCC(C)C,c1ccc2[nH]c(Cc3ccc(OC4CCC4)cc3)nc2c1,1
scaffold,CCN(CC)C(=O)c1ccc2c(c1)nc(Nc1ccc(Oc3ccccc3)cc1)n2CCN1CCCCC1,c1ccc(Oc2ccc(Nc3nc4ccccc4n3CCN3CCCCC3)cc2)cc1,1
scaffold,CCN(CC)CCOc1ccc(C(=O)c2c(-c3ccc(OCCCCCCCN(C)Cc4ccccc4)cc3)oc3ccccc23)cc1,O=C(c1ccccc1)c1c(-c2ccc(OCCCCCCCNCc3ccccc3)cc2)oc2ccccc12,1
scaffold,CCN(CC)CCOc1cccc(C(=O)c2c(-c3ccc(OCCCCCCCN(C)Cc4ccccc4)cc3)oc3ccccc23)c1,O=C(c1ccccc1)c1c(-c2ccc(OCCCCCCCNCc3ccccc3)cc2)oc2ccccc12,1
scaffold,CCN(CC)Cc1ccc(C(=O)c2c(-c3ccc(OCCCCCCCN(C)Cc4ccccc4)cc3)oc3ccccc23)cc1,O=C(c1ccccc1)c1c(-c2ccc(OCCCCCCCNCc3ccccc3)cc2)oc2ccccc12,1
scaffold,CCN(CC)c1ccc(CN(C2CCCC2)S(=O)(=O)c2ccc(C)cc2)cc1,O=S(=O)(c1ccccc1)N(Cc1ccccc1)C1CCCC1,1
scaffold,CCN(CC)c1ccc(CNS(=O)(=O)c2ccc(C)cc2)cc1,O=S(=O)(NCc1ccccc1)c1ccccc1,1
scaffold,CCN1CCC[C@H]1COc1ccc(C(F)(F)F)cc1C(=O)/N=c1\sc(C(C)(C)C)cn1C[C@H]1CCCO1,O=C(N=c1sccn1CC1CCCO1)c1ccccc1OCC1CCCN1,1
scaffold,CCNC(=O)NC1(c2ccccc2)CCN(c2ncnc3c2nc(-c2ccccc2Cl)n3-c2ccc(Cl)cc2)CC1,c1ccc(-c2nc3c(N4CCC(c5ccccc5)CC4)ncnc3n2-c2ccccc2)cc1,1
scaffold,CCNC(=O)NCCCCCSc1ccc2ccccc2c1,c1ccc2ccccc2c1,1
scaffold,CCOC(=O)/C(=C/c1cn(CCN2CCOCC2)c2ccccc12)C(=O)c1ccccc1,O=C(C=Cc1cn(CCN2CCOCC2)c2ccccc12)c1ccccc1,1
scaffold,CCOC(=O)C(C)(C)c1cc(O)c2c(c1)OC(C)(C)[C@@H]1CC=C(C)C[C@@H]21,C1=CCC2c3ccccc3OCC2C1,1
scaffold,CCOC(=O)C(CC)(CC)NC(=O)c1ccc(N2CC(OC)C2)c(OCC(C)(C)COCF)n1,c1cncc(N2CCC2)c1,1
scaffold,CCOC(=O)CCn1c2ccccc2c2cc(C(=O)N3CCCCC3)ccc21,O=C(c1ccc2[nH]c3ccccc3c2c1)N1CCCCC1,1
scaffold,CCOC(=O)CNC(=O)CCC(=O)/C=C/c1ccc2ccccc2c1,c1ccc2ccccc2c1,1
scaffold,CCOC(=O)c1c(NC(=O)c2ccc3ccccc3c2)sc2c1CCCC2,O=C(Nc1cc2c(s1)CCCC2)c1ccc2ccccc2c1,1
scaffold,CCOc1ccc(C(=O)c2nc3cc(C(=O)N(CC)CC)ccc3n2CCC(C)C)cc1,O=C(c1ccccc1)c1nc2ccccc2[nH]1,1
scaffold,CCOc1ccc(Cc2nc3cc(C(=O)N(CC)CC)ccc3n2CC2CC2)nc1,c1ccc(Cc2nc3ccccc3n2CC2CC2)nc1,1
scaffold,CCOc1ccc(Cc2nc3cc(C(=O)N(CC)CC)ccc3n2CC2CCOCC2)cc1,c1ccc(Cc2nc3ccccc3n2CC2CCOCC2)cc1,1
scaffold,CCOc1ccc(Cc2nc3cc(C(=O)N(CC)CC)ccc3n2CCN2CCCCC2)cc1,c1ccc(Cc2nc3ccccc3n2CCN2CCCCC2)cc1,1
scaffold,CCOc1ccc(Cc2nc3cc(C(=O)N(CC)CC)ccc3n2Cc2ccco2)cc1,c1ccc(Cc2nc3ccccc3n2Cc2ccco2)cc1,1
scaffold,CCOc1ccc(Cc2nc3cc(C(=O)NCCCCCCNc4c5c(nc6ccccc46)CCCC5)ccc3n2CCC(C)C)cc1,O=C(NCCCCCCNc1c2c(nc3ccccc13)CCCC2)c1ccc2[nH]c(Cc3ccccc3)nc2c1,1
scaffold,CCOc1ccc(Cc2nc3cc(C(=O)Nc4ccccc4)ccc3n2CCC(C)C)cc1,O=C(Nc1ccccc1)c1ccc2[nH]c(Cc3ccccc3)nc2c1,1
scaffold,CCOc1ccc(Cc2nc3cc(N(C)S(=O)(=O)c4cccs4)ccc3n2CC2CCCCC2)nc1,O=S(=O)(Nc1ccc2c(c1)nc(Cc1ccccn1)n2CC1CCCCC1)c1cccs1,1
scaffold,CCOc1ccc(Nc2nc3cc(C(=O)N(CC)CC)ccc3n2CCC(C)C)cc1,c1ccc(Nc2nc3ccccc3[nH]2)cc1,1
scaffold,CCS(=O)(=O)NCCCCCSc1ccc2ccccc2c1,c1ccc2ccccc2c1,1
scaffold,CCS(=O)(=O)n1c2c(c3cc(C(=O)N4CCC(C)CC4)ccc31)CN(C1CCCC1)C2,O=C(c1ccc2[nH]c3c(c2c1)CN(C1CCCC1)C3)N1CCCCC1,1
scaffold,CCS(=O)(=O)n1c2c(c3cc(C(=O)N4CCC(C)CC4)ccc31)CN(C1CCOC1)C2,O=C(c1ccc2[nH]c3c(c2c1)CN(C1CCOC1)C3)N1CCCCC1,1
scaffold,CCS(=O)(=O)n1c2c(c3cc(C(=O)N4CCC(F)CC4)ccc31)CN(C1CCCC1)C2,O=C(c1ccc2[nH]c3c(c2c1)CN(C1CCCC1)C3)N1CCCCC1,1
scaffold,CCS(=O)(=O)n1c2c(c3cc(C(=O)N4CCC(OC)CC4)ccc31)CN(C1CCCC1)C2,O=C(c1ccc2[nH]c3c(c2c1)CN(C1CCCC1)C3)N1CCCCC1,1
scaffold,CCS(=O)(=O)n1c2c(c3cc(C(=O)N4CCCCC4)ccc31)CN(C1CCCC1)C2,O=C(c1ccc2[nH]c3c(c2c1)CN(C1CCCC1)C3)N1CCCCC1,1
scaffold,CCc1c(C(=O)NC2CCCCC2)cc(C)n1-c1ccccc1,O=C(NC1CCCCC1)c1ccn(-c2ccccc2)c1,1
scaffold,CCc1c(C(=O)Nc2cccc3ccccc23)cc(C)n1-c1ccccc1,O=C(Nc1cccc2ccccc12)c1ccn(-c2ccccc2)c1,1
scaffold,CCc1ccc(/C=C2\C=C(CCN3CCOCC3)c3ccccc32)c2ccccc12,C(=C1C=C(CCN2CCOCC2)c2ccccc21)c1cccc2ccccc12,1
scaffold,CCc1ccccc1NC(=O)CSc1nnc(-c2ccccc2OC)n1-c1ccccc1,O=C(CSc1nnc(-c2ccccc2)n1-c1ccccc1)Nc1ccccc1,1
scaffold,CCn1cc(CC(=O)NC23CC4CC(CC(C4)C2)C3)c2cc(-c3ccccc3)ccc21,O=C(Cc1c[nH]c2ccc(-c3ccccc3)cc12)NC12CC3CC(CC(C3)C1)C2,1
scaffold,CN(C)CCCn1c2ccccc2c2cc(C(=O)N3CCCCC3)ccc21,O=C(c1ccc2[nH]c3ccccc3c2c1)N1CCCCC1,1
scaffold,CN(C)CCn1cc(C(=O)C2C(C)(C)C2(C)C)c2ccccc21,O=C(c1c[nH]c2ccccc12)C1CC1,1
scaffold,CN(C)Cc1nc(-c2cc(C(C)(C)C)c(O)c(C(C)(C)C)c2)cs1,c1ccc(-c2cscn2)cc1,1
scaffold,CN(CC(N)=O)Cc1nc(-c2cn(CC3CCOCC3)c3c(Cl)cccc23)no1,c1ccc2c(c1)c(-c1ncon1)cn2CC1CCOCC1,1
scaffold,CN(Cc1ccccc1)S(=O)(=O)c1cc(C(=O)NCC(C)(C)C)ccc1Br,O=S(=O)(NCc1ccccc1)c1ccccc1,1
scaffold,CN/C(=N\S(=O)(=O)c1ccc(Cl)cc1)N1CCC(c2ccccc2)C(c2ccc(Cl)cc2)=N1,O=S(=O)(N=CN1CCC(c2ccccc2)C(c2ccccc2)=N1)c1ccccc1,1
scaffold,CN1C(=O)CC[C@H]1COc1ccc(C(F)(F)F)cc1C(=O)/N=c1\sc(C(C)(C)C)cn1C[C@H]1CCCO1,O=C1CCC(COc2ccccc2C(=O)N=c2sccn2CC2CCCO2)N1,1
scaffold,CN1CCC(COc2ccc(C(F)(F)F)cc2C(=O)/N=c2\sc(C(C)(C)C)cn2C[C@H]2CCCO2)CC1,O=C(N=c1sccn1CC1CCCO1)c1ccccc1OCC1CCNCC1,1
scaffold,CN1CCC[C@@H]1COc1ccc(C(F)(F)F)cc1C(=O)/N=c1\sc(C(C)(C)C)cn1C[C@H]1CCCO1,O=C(N=c1sccn1CC1CCCO1)c1ccccc1OCC1CCCN1,1
scaffold,CN1CCC[C@H]1COc1ccc(C#N)cc1C(=O)/N=c1\sc(C(C)(C)C)cn1C[C@H]1CCCO1,O=C(N=c1sccn1CC1CCCO1)c1ccccc1OCC1CCCN1,1
scaffold,CN1CCC[C@H]1COc1ccc(C(F)(F)F)cc1C(=O)/N=c1\sc(C(C)(C)C)cn1C[C@H]1CCCO1,O=C(N=c1sccn1CC1CCCO1)c1ccccc1OCC1CCCN1,1
scaffold,CN1CCC[C@H]1COc1ccc(C(F)(F)F)cc1C(=O)/N=c1\scc(C(C)(C)C)n1C[C@H]1CCCO1,O=C(N=c1sccn1CC1CCCO1)c1ccccc1OCC1CCCN1,1
scaffold,CN1C[C@@H](F)C[C@H]1COc1ccc(C(F)(F)F)cc1C(=O)/N=c1\sc(C(C)(C)C)cn1C[C@H]1CCCO1,O=C(N=c1sccn1CC1CCCO1)c1ccccc1OCC1CCCN1,1
scaffold,CN1C[C@H](F)C[C@H]1COc1ccc(C(F)(F)F)cc1C(=O)/N=c1\sc(C(C)(C)C)cn1C[C@H]1CCCO1,O=C(N=c1sccn1CC1CCCO1)c1ccccc1OCC1CCCN1,1
scaffold,CO/C=C\[C@@H]1CC[C@@H]2[C@@H](C1)c1c(O)cc(C34CC5CC(CC(C5)C3)C4)cc1OC2(C)C,c1cc2c(cc1C13CC4CC(CC(C4)C1)C3)OCC1CCCCC21,1
scaffold,COC(=O)C(C)(C)c1cc(O)c2c(c1)OC(C)(C)[C@@H]1CC=C(C)C[C@@H]21,C1=CCC2c3ccccc3OCC2C1,1
scaffold,COC(=O)CCC(=O)n1c2ccccc2c2nnc(SCc3ccccc3C#N)nc21,c1ccc(CSc2nnc3c(n2)[nH]c2ccccc23)cc1,1
scaffold,COC(=O)CCCCOc1cccc2c(C(=O)c3ccc(OC)cc3)cn(CC3CCOCC3)c12,O=C(c1ccccc1)c1cn(CC2CCOCC2)c2ccccc12,1
scaffold,COC(=O)CCCn1c2ccccc2c2cc(C(=O)N3CCCCC3)ccc21,O=C(c1ccc2[nH]c3ccccc3c2c1)N1CCCCC1,1
scaffold,COC(=O)CCn1cc(C(=O)C2C(C)(C)C2(C)C)c2ccccc21,O=C(c1c[nH]c2ccccc12)C1CC1,1
scaffold,COC(=O)N[C@]12CC3CC(C1)C[C@](c1cc(O)c4c(c1)OC(C)(C)[C@@H]1CC[C@@H](O)C[C@@H]41)(C3)C2,c1cc2c(cc1C13CC4CC(CC(C4)C1)C3)OCC1CCCCC21,1
scaffold,COC(=O)c1cc(-c2ccccc2)sc1NC(=O)C12CC3CC(CC(C3)C1)C2,O=C(Nc1ccc(-c2ccccc2)s1)C12CC3CC(CC(C3)C1)C2,1
scaffold,COC(=O)c1ccc(Cn2cc(/C=C3/C(=O)C4CCN3CC4)c3ccccc32)cc1,O=C1C(=Cc2cn(Cc3ccccc3)c3ccccc23)N2CCC1CC2,1
scaffold,COC(=O)c1ccc2c(/C=C3/C(=O)C4CCN3CC4)cn(Cc3ccccc3)c2c1,O=C1C(=Cc2cn(Cc3ccccc3)c3ccccc23)N2CCC1CC2,1
scaffold,COC1CN(c2ccc(C(=O)NC3(CC(N)=O)COC3)nc2OCC2CC2)C1,O=C(NC1COC1)c1ccc(N2CCC2)c(OCC2CC2)n1,1
scaffold,COCCC(C)(C)C(=O)Nc1cc(C)c(C)c(S(=O)(=O)N2CCOCC2)c1,O=S(=O)(c1ccccc1)N1CCOCC1,1
scaffold,COCCCn1c2ccccc2c2cc(C(=O)N3CCCCC3)ccc21,O=C(c1ccc2[nH]c3ccccc3c2c1)N1CCCCC1,1
scaffold,COCCCn1cc(C(=O)C2C(C)(C)C2(C)C)c2ccccc21,O=C(c1c[nH]c2ccccc12)C1CC1,1
scaffold,COCCn1cc(C(=O)C2C(C)(C)C2(C)C)c2ccccc21,O=C(c1c[nH]c2ccccc12)C1CC1,1
scaffold,COCCn1cc(C(=O)Nc2ccc3ccccc3c2)c2ccccc21,O=C(Nc1ccc2ccccc2c1)c1c[nH]c2ccccc12,1
scaffold,COCCn1cc(C(=O)c2cccc3ccccc23)c2cccnc21,O=C(c1cccc2ccccc12)c1c[nH]c2ncccc12,1
scaffold,COc1ccc(-c2cc(C(=O)NC3CCCCCC3)c(=O)n(Cc3ccc(F)cc3)c2)cc1,O=C(NC1CCCCCC1)c1cc(-c2ccccc2)cn(Cc2ccccc2)c1=O,1
scaffold,COc1ccc(-c2cc(C(=O)NC3CCCCCC3)c(=O)n(Cc3ccc(F)cc3)c2C)cc1,O=C(NC1CCCCCC1)c1cc(-c2ccccc2)cn(Cc2ccccc2)c1=O,1
scaffold,COc1ccc(-c2cc(C(=O)NC3CCCCCC3)c(OCc3ccc(F)cc3)nc2C)cc1,O=C(NC1CCCCCC1)c1cc(-c2ccccc2)cnc1OCc1ccccc1,1
scaffold,COc1ccc(-c2cn(Cc3ccc(F)cc3)c(=O)c(C(=O)NC3CCCCCC3)c2C)cc1,O=C(NC1CCCCCC1)c1cc(-c2ccccc2)cn(Cc2ccccc2)c1=O,1
scaffold,COc1ccc(-c2oc3ccccc3c2C(=O)c2ccc(N(C)Cc3ccc(F)cc3)cc2)cc1,O=C(c1ccc(NCc2ccccc2)cc1)c1c(-c2ccccc2)oc2ccccc12,1
scaffold,COc1ccc(-c2oc3ccccc3c2C(=O)c2ccc(NCc3cc(F)cc(F)c3)cc2)cc1,O=C(c1ccc(NCc2ccccc2)cc1)c1c(-c2ccccc2)oc2ccccc12,1
scaffold,COc1ccc(-c2oc3ccccc3c2C(=O)c2ccc(NCc3ccc(C#N)cc3)cc2)cc1,O=C(c1ccc(NCc2ccccc2)cc1)c1c(-c2ccccc2)oc2ccccc12,1
scaffold,COc1ccc(-c2oc3ccccc3c2C(=O)c2ccc(NCc3ccc(F)cc3)cc2)cc1,O=C(c1ccc(NCc2ccccc2)cc1)c1c(-c2ccccc2)oc2ccccc12,1
scaffold,COc1ccc(-c2oc3ccccc3c2C(=O)c2ccc(NCc3ccccc3)cc2)cc1,O=C(c1ccc(NCc2ccccc2)cc1)c1c(-c2ccccc2)oc2ccccc12,1
scaffold,COc1ccc(/C=C2\C=C(CCN3CCOCC3)c3ccccc32)c2ccccc12,C(=C1C=C(CCN2CCOCC2)c2ccccc21)c1cccc2ccccc12,1
scaffold,COc1ccc(C(=O)c2cn(CC3CCOCC3)c3c(O)cccc23)cc1,O=C(c1ccccc1)c1cn(CC2CCOCC2)c2ccccc12,1
scaffold,COc1ccc(C(=O)c2cn(CC3CCOCC3)c3c(OCC(=O)O)cccc23)cc1,O=C(c1ccccc1)c1cn(CC2CCOCC2)c2ccccc12,1
scaffold,COc1ccc(C(=O)c2cn(CC3CCOCC3)c3c(OCCCCC(=O)O)cccc23)cc1,O=C(c1ccccc1)c1cn(CC2CCOCC2)c2ccccc12,1
scaffold,COc1ccc(C(=O)c2cn(CC3CCOCC3)c3c(OCCCCCCNC(C)=O)cccc23)cc1,O=C(c1ccccc1)c1cn(CC2CCOCC2)c2ccccc12,1
scaffold,COc1ccc(C(=O)c2cn(CC3CCOCC3)c3ccc(O)cc23)cc1,O=C(c1ccccc1)c1cn(CC2CCOCC2)c2ccccc12,1
scaffold,COc1ccc(C(=O)c2cn(CC3CCOCC3)c3ccc(OCC(=O)O)cc23)cc1,O=C(c1ccccc1)c1cn(CC2CCOCC2)c2ccccc12,1
scaffold,COc1ccc(C(c2ccc(Cl)cc2Cl)N2CCN(C(=O)NC3CCCCC3)CC2)cc1,O=C(NC1CCCCC1)N1CCN(C(c2ccccc2)c2ccccc2)CC1,1
scaffold,COc1ccc(CNc2ccc(C(=O)c3c(-c4ccc(OC)cc4)oc4ccccc34)cc2)cc1,O=C(c1ccc(NCc2ccccc2)cc1)c1c(-c2ccccc2)oc2ccccc12,1
scaffold,COc1ccc2c(=O)c(C(=O)NC3CCCCC3)cn(CCN3CCOCC3)c2c1,O=C(NC1CCCCC1)c1cn(CCN2CCOCC2)c2ccccc2c1=O,1
scaffold,COc1ccc2c(c1)OC(C)(C)c1cn(CCN3CCN(C(=O)C(C)(C)C)CC3)nc1-2,c1ccc2c(c1)OCc1cn(CCN3CCNCC3)nc1-2,1
scaffold,COc1ccc2c(c1)OC(C)(C)c1cn(CCN3CCN(C(=O)C4CCCO4)CC3)nc1-2,O=C(C1CCCO1)N1CCN(CCn2cc3c(n2)-c2ccccc2OC3)CC1,1
scaffold,COc1ccc2c(c1)OC(C)(C)c1cn(CCN3CCN(C(=O)c4ccco4)CC3)nc1-2,O=C(c1ccco1)N1CCN(CCn2cc3c(n2)-c2ccccc2OC3)CC1,1
scaffold,COc1cccc(C(=O)NC23CC4CC(CC(C4)C2)C3)c1Cc1ccccc1,O=C(NC12CC3CC(CC(C3)C1)C2)c1ccccc1Cc1ccccc1,1
scaffold,COc1cccc2c(C(=O)NC(c3ccccc3)c3ccccn3)nn(CCN3CCOCC3)c12,O=C(NC(c1ccccc1)c1ccccn1)c1nn(CCN2CCOCC2)c2ccccc12,1
scaffold,COc1ccccc1Cc1cc2c(ccc3ccccc32)oc1=O,O=c1oc2ccc3ccccc3c2cc1Cc1ccccc1,1
scaffold,CS(=O)(=O)NC1(c2ccccc2)CCN(c2ncnc3c2nc(-c2ccccc2Cl)n3-c2ccc(Cl)cc2)CC1,c1ccc(-c2nc3c(N4CCC(c5ccccc5)CC4)ncnc3n2-c2ccccc2)cc1,1
scaffold,CS(=O)(=O)NCCCn1c2ccccc2c2cc(C(=O)N3CCCCC3)ccc21,O=C(c1ccc2[nH]c3ccccc3c2c1)N1CCCCC1,1
scaffold,CSC(=O)N1CC2(CCCCC2)CN/C1=N\c1cccc2ccccc12,c1ccc2c(N=C3NCC4(CCCCC4)CN3)cccc2c1,1
scaffold,CSC(=S)N1CC2(CCCCC2)CO/C1=N\c1ccc(C#N)c2c1CCCC2,c1cc2c(c(N=C3NCC4(CCCCC4)CO3)c1)CCCC2,1
scaffold,CSC(=S)N1CC2(CCCCC2)CO/C1=N\c1ccc(Cl)c2c1CCCC2,c1cc2c(c(N=C3NCC4(CCCCC4)CO3)c1)CCCC2,1
scaffold,CSC(=S)N1CC2(CCCCC2)CO/C1=N\c1cccc2c1CCCC2,c1cc2c(c(N=C3NCC4(CCCCC4)CO3)c1)CCCC2,1
scaffold,CSC(=S)N1CC2(CCCCC2)CS/C1=N\c1cccc2c1CCC2,c1cc2c(c(N=C3NCC4(CCCCC4)CS3)c1)CCC2,1
scaffold,CSC1=NC(=O)/C(=C/c2cccc(OCc3ccc(Cl)cc3)c2)N1,O=C1N=CNC1=Cc1cccc(OCc2ccccc2)c1,1
scaffold,CSCCCCn1cc(C(=O)C2C(C)(C)C2(C)C)c2ccccc21,O=C(c1c[nH]c2ccccc12)C1CC1,1
scaffold,C[C@H](NS(C)(=O)=O)c1ccc(S(=O)(=O)c2ccc(OC3CCCC3)cc2S(=O)(=O)c2ccc(Cl)cc2)cc1,O=S(=O)(c1ccccc1)c1ccc(OC2CCCC2)cc1S(=O)(=O)c1ccccc1,1
scaffold,Cc1c(-c2ccc(F)cc2)cc(C(=O)NC2CCCCCC2)c(=O)n1Cc1ccc(F)cc1,O=C(NC1CCCCCC1)c1cc(-c2ccccc2)cn(Cc2ccccc2)c1=O,1
scaffold,Cc1c(-c2ccccc2)cc(C(=O)NC2CCCCCC2)c(=O)n1Cc1ccc(F)cc1,O=C(NC1CCCCCC1)c1cc(-c2ccccc2)cn(Cc2ccccc2)c1=O,1
scaffold,Cc1c(-c2ccccc2)cn(Cc2ccc(F)cc2)c(=O)c1C(=O)NC1CCCCCC1,O=C(NC1CCCCCC1)c1cc(-c2ccccc2)cn(Cc2ccccc2)c1=O,1
scaffold,Cc1c(Br)cn(CCCc2cn(CCCCCn3c(C)c(Br)cc(C(=O)NC4CCCCCC4)c3=O)nn2)c(=O)c1NC(=O)C1CCCCCC1,O=C(NC1CCCCCC1)c1cccn(CCCCCn2cc(CCCn3cccc(NC(=O)C4CCCCCC4)c3=O)nn2)c1=O,1
scaffold,Cc1c(Br)cn(Cc2ccc(F)cc2)c(=O)c1NC(=O)C1CCCCCC1,O=C(Nc1cccn(Cc2ccccc2)c1=O)C1CCCCCC1,1
scaffold,Cc1c(C(=O)N2CCC(C(N)=O)(c3ccccc3)CC2)nn(-c2ccc(Cl)cc2Cl)c1-c1ccc(Cl)cc1,O=C(c1cc(-c2ccccc2)n(-c2ccccc2)n1)N1CCC(c2ccccc2)CC1,1
scaffold,Cc1c(C(=O)N2CCC(O)CC2)nc(-c2ccc(Cl)cc2Cl)n1-c1ccc(Cl)cc1,O=C(c1cn(-c2ccccc2)c(-c2ccccc2)n1)N1CCCCC1,1
scaffold,Cc1c(C(=O)NC2CC3CCC2C3)nc(-c2ccc(Cl)cc2Cl)n1-c1ccc(Cl)cc1,O=C(NC1CC2CCC1C2)c1cn(-c2ccccc2)c(-c2ccccc2)n1,1
scaffold,Cc1c(C(=O)NC2CCCCC2)oc2ccc(S(=O)(=O)N3CC(C)CC(C)C3)cc12,O=C(NC1CCCCC1)c1cc2cc(S(=O)(=O)N3CCCCC3)ccc2o1,1
scaffold,Cc1c(C(=O)NC2CCN(C(=O)c3ccccc3)CC2)nn(-c2ccc(Cl)cc2Cl)c1-c1ccc(Cl)cc1,O=C(NC1CCN(C(=O)c2ccccc2)CC1)c1cc(-c2ccccc2)n(-c2ccccc2)n1,1
scaffold,Cc1c(C(=O)NCCCNCCCNC(=O)c2nn(-c3ccc(Cl)cc3Cl)c(-c3ccc(Cl)cc3)c2C)nn(-c2ccc(Cl)cc2Cl)c1-c1ccc(Cl)cc1,O=C(NCCCNCCCNC(=O)c1cc(-c2ccccc2)n(-c2ccccc2)n1)c1cc(-c2ccccc2)n(-c2ccccc2)n1,1
scaffold,Cc1c2n(c(=O)c3cc(OC(=O)C(C)(C)C)cc(OC(=O)C(C)(C)C)c13)CCCC2,O=c1c2ccccc2cc2n1CCCC2,1
scaffold,Cc1cc(C(=O)NC2CCCCC2)c(C)n1-c1ccccc1,O=C(NC1CCCCC1)c1ccn(-c2ccccc2)c1,1
scaffold,Cc1cc(C(=O)Nc2cccc3ccccc23)c(C)n1-c1ccccc1,O=C(Nc1cccc2ccccc12)c1ccn(-c2ccccc2)c1,1
scaffold,Cc1cc(NC(=O)C(C)(C(F)(F)F)C(F)(F)F)cc(S(=O)(=O)N2CCOCC2)c1C,O=S(=O)(c1ccccc1)N1CCOCC1,1
scaffold,Cc1cc(NC(=O)C(C)(C)C)cc(S(=O)(=O)N2CCOCC2)c1C,O=S(=O)(c1ccccc1)N1CCOCC1,1
scaffold,Cc1cc(NC(=O)C(C)(C)O)cc(S(=O)(=O)N2CCOCC2)c1C,O=S(=O)(c1ccccc1)N1CCOCC1,1
scaffold,Cc1cc(O)c2c(c1)OC(C)(C)C1=C2C[C@H](C)CC1,c1ccc2c(c1)OCC1=C2CCCC1,1
scaffold,Cc1ccc(-c2cc(C(=O)NC34CC5CC(CC(C5)C3)C4)c(=O)n(C3CCCC3)n2)cc1Cl,O=C(NC12CC3CC(CC(C3)C1)C2)c1cc(-c2ccccc2)nn(C2CCCC2)c1=O,1
scaffold,Cc1ccc(-c2cc3ncccc3c3cc(C(=O)N[C@H]4C5(C)CCC(C5)C4(C)C)nn23)cc1,O=C(NC1CC2CCC1C2)c1cc2c3cccnc3cc(-c3ccccc3)n2n1,1
scaffold,Cc1ccc(-c2cc3ncccc3c3cc(C(=O)N[C@H]4CC5CCC4(C)C5(C)C)nn23)cc1,O=C(NC1CC2CCC1C2)c1cc2c3cccnc3cc(-c3ccccc3)n2n1,1
scaffold,Cc1ccc(-c2nc(C(C)(C)C)c[nH]2)cc1S(=O)(=O)N1CCOCC1,O=S(=O)(c1cccc(-c2ncc[nH]2)c1)N1CCOCC1,1
scaffold,Cc1ccc(-c2nc(CC(C)(C)C)c[nH]2)cc1S(=O)(=O)N1CCOCC1,O=S(=O)(c1cccc(-c2ncc[nH]2)c1)N1CCOCC1,1
scaffold,Cc1ccc(-c2nnn(CC3CCCCC3)n2)cc1S(=O)(=O)N1CCOCC1,O=S(=O)(c1cccc(-c2nnn(CC3CCCCC3)n2)c1)N1CCOCC1,1
scaffold,Cc1ccc(C(=O)NC(C(C)(C)C)C(C)(C)C)cc1S(=O)(=O)N1CCOCC1,O=S(=O)(c1ccccc1)N1CCOCC1,1
scaffold,Cc1ccc(C(=O)NC(C)C(C)(C)C)cc1S(=O)(=O)N1CCOCC1,O=S(=O)(c1ccccc1)N1CCOCC1,1
scaffold,Cc1ccc(C(=O)NC2C3(C)CCC(C3)C2(C)C)cc1CC(=O)N1CCOCC1,O=C(NC1CC2CCC1C2)c1cccc(CC(=O)N2CCOCC2)c1,1
scaffold,Cc1ccc(C(=O)NCC(C)(C)C)cc1S(=O)(=O)N1CCOCC1,O=S(=O)(c1ccccc1)N1CCOCC1,1
scaffold,Cc1ccc(C(c2ccc(Cl)cc2Cl)N2CCN(C(=O)NC3CCCCC3)CC2)cc1,O=C(NC1CCCCC1)N1CCN(C(c2ccccc2)c2ccccc2)CC1,1
scaffold,Cc1ccc(C(c2ccc(Cl)cc2Cl)N2CCN(C(=O)NN3CCCCC3)CC2)cc1,O=C(NN1CCCCC1)N1CCN(C(c2ccccc2)c2ccccc2)CC1,1
scaffold,Cc1ccc(C2c3cccn3-c3ccccc3N2C(=O)CN(C(=O)C2CCCC2)C2CC2)cc1,O=C(C1CCCC1)N(CC(=O)N1c2ccccc2-n2cccc2C1c1ccccc1)C1CC1,1
scaffold,Cc1ccc(Cn2cc(C(=O)NC3CCCCC3)cc2-c2ccc(Cl)c(C)c2)cc1,O=C(NC1CCCCC1)c1cc(-c2ccccc2)n(Cc2ccccc2)c1,1
scaffold,Cc1ccc(Cn2cc(C(=O)N[C@H]3C[C@@H](C)CC[C@@H]3C(C)C)cc2-c2ccc(Cl)c(C)c2)cc1,O=C(NC1CCCCC1)c1cc(-c2ccccc2)n(Cc2ccccc2)c1,1
scaffold,Cc1ccc(Cn2nc(/C=C/[C@@H]3C(C)(C)[C@@H]4CC[C@@]3(C)C4)cc2-c2ccc(Cl)c(C)c2)cc1,C(=CC1CC2CCC1C2)c1cc(-c2ccccc2)n(Cc2ccccc2)n1,1
scaffold,Cc1ccc(NC(=O)C(C(C)(C)C)C(C)(C)C)cc1S(=O)(=O)N1CCOCC1,O=S(=O)(c1ccccc1)N1CCOCC1,1
scaffold,Cc1ccc(NC(=O)C(C)(C(F)(F)F)C(F)(F)F)cc1S(=O)(=O)N1CCOCC1,O=S(=O)(c1ccccc1)N1CCOCC1,1
scaffold,Cc1ccc(NC(=O)C(C)(C)C)cc1S(=O)(=O)N1CCOCC1,O=S(=O)(c1ccccc1)N1CCOCC1,1
scaffold,Cc1ccc([C@@H](c2ccc(Cl)cc2Cl)N2CCN(C(=O)NC3CCCCC3)CC2)cc1,O=C(NC1CCCCC1)N1CCN(C(c2ccccc2)c2ccccc2)CC1,1
scaffold,Cc1ccc([C@H](c2ccc(Cl)cc2Cl)N2CCN(C(=O)NC3CCCCC3)CC2)cc1,O=C(NC1CCCCC1)N1CCN(C(c2ccccc2)c2ccccc2)CC1,1
scaffold,Cc1ccc2c(c1)Cc1c(C(=O)NN3CCCCC3)nn(-c3ccc(Cl)cc3Cl)c1-2,O=C(NN1CCCCC1)c1nn(-c2ccccc2)c2c1Cc1ccccc1-2,1
scaffold,Cc1cccc(-c2c(O)cc(C(=O)c3cccs3)cc2O)c1,O=C(c1ccc(-c2ccccc2)cc1)c1cccs1,1
scaffold,Cc1nc(N2CCN(C)CC2)c2nc(-c3ccccc3Cl)n(C3CCOCC3)c2n1,c1ccc(-c2nc3c(N4CCNCC4)ncnc3n2C2CCOCC2)cc1,1
scaffold,Cc1nc(OCc2ccc(F)cc2)c(C(=O)NC2CCCCCC2)cc1-c1ccc(F)cc1,O=C(NC1CCCCCC1)c1cc(-c2ccccc2)cnc1OCc1ccccc1,1
scaffold,Cc1noc([C@@H](NC(=O)n2c(=O)n(CCN3CCOCC3)c3ccccc32)C(C)(C)C)n1,O=C(NCc1ncno1)n1c(=O)n(CCN2CCOCC2)c2ccccc21,1
scaffold,Clc1ccc(-n2c(-c3ccccc3Cl)nc3c(N4CCN(CCc5ccncc5)CC4)ncnc32)cc1,c1ccc(-c2nc3c(N4CCN(CCc5ccncc5)CC4)ncnc3n2-c2ccccc2)cc1,1
scaffold,Clc1ccc(-n2c(-c3ccccc3Cl)nc3c(N4CCN(Cc5ccncc5)CC4)ncnc32)cc1,c1ccc(-c2nc3c(N4CCN(Cc5ccncc5)CC4)ncnc3n2-c2ccccc2)cc1,1
scaffold,Cn1c(C(C)(C)C)c/c(=N/C(=O)c2cc(C(F)(F)F)ccc2ONC(C)(C)C)n1CC1CCC1,O=C(N=c1cc[nH]n1CC1CCC1)c1ccccc1,1
scaffold,Cn1c(C(C)(C)C)c/c(=N/C(=O)c2cc(C(F)(F)F)ccc2ONC(C)(C)C)n1C[C@H]1CCCO1,O=C(N=c1cc[nH]n1CC1CCCO1)c1ccccc1,1
scaffold,Cn1c(C(C)(C)C)c/c(=N\C(=O)c2cc(C#N)ccc2ONC(C)(C)C)n1C[C@H]1CCCO1,O=C(N=c1cc[nH]n1CC1CCCO1)c1ccccc1,1
scaffold,Cn1c(C(C)(C)C)c/c(=N\C(=O)c2cc(C(F)(F)F)ccc2OCC(C)(C)O)n1C[C@H]1CCCO1,O=C(N=c1cc[nH]n1CC1CCCO1)c1ccccc1,1
scaffold,Cn1c(C(C)(C)C)c/c(=N\C(=O)c2cc(Cl)ccc2ONC(C)(C)C)n1C[C@H]1CCCO1,O=C(N=c1cc[nH]n1CC1CCCO1)c1ccccc1,1
scaffold,Cn1cc(CC(=O)NC23CC4CC(CC(C4)C2)C3)c2cc(-c3ccccc3)ccc21,O=C(Cc1c[nH]c2ccc(-c3ccccc3)cc12)NC12CC3CC(CC(C3)C1)C2,1
scaffold,Cn1cncc1COc1ccc(C(F)(F)F)cc1C(=O)/N=c1\sc(C(C)(C)C)cn1C[C@H]1CCCO1,O=C(N=c1sccn1CC1CCCO1)c1ccccc1OCc1cnc[nH]1,1
scaffold,Cn1nc(OCCc2ccccc2)c2cc([N+](=O)[O-])ccc21,c1ccc(CCOc2n[nH]c3ccccc23)cc1,1
scaffold,N#Cc1cc(F)ccc1-c1nnc(CCC(=O)Nc2ccc3c(c2)c2ccccc2n3CCF)o1,O=C(CCc1nnc(-c2ccccc2)o1)Nc1ccc2[nH]c3ccccc3c2c1,1
scaffold,N#Cc1ccc(C(=O)NC[C@@H]2CC[C@@H](c3ccc(Cl)cc3Cl)N(c3ccc(Cl)cc3)C2)cc1,O=C(NCC1CCC(c2ccccc2)N(c2ccccc2)C1)c1ccccc1,1
scaffold,N#Cc1ccc(Cn2cc(/C=C3/C(=O)C4CCN3CC4)c3ccccc32)cc1,O=C1C(=Cc2cn(Cc3ccccc3)c3ccccc23)N2CCC1CC2,1
scaffold,N#Cc1ccccc1CSc1nnc2c(n1)[nH]c1cccc(Br)c12,c1ccc(CSc2nnc3c(n2)[nH]c2ccccc23)cc1,1
scaffold,N#Cc1ccccc1CSc1nnc2c(n1)[nH]c1ccccc12,c1ccc(CSc2nnc3c(n2)[nH]c2ccccc23)cc1,1
scaffold,NC(=O)C1(c2ccccc2)CCN(c2ncnc3c2nc(-c2ccccc2Cl)n3-c2ccc(Cl)cc2)CC1,c1ccc(-c2nc3c(N4CCC(c5ccccc5)CC4)ncnc3n2-c2ccccc2)cc1,1
scaffold,NC1(c2ccccc2)CCN(c2ncnc3c2nc(-c2ccccc2Cl)n3-c2ccc(Cl)cc2)CC1,c1ccc(-c2nc3c(N4CCC(c5ccccc5)CC4)ncnc3n2-c2ccccc2)cc1,1
scaffold,O=C(/C=C/C=C/c1ccc2ccccc2c1)NCCO,c1ccc2ccccc2c1,1
scaffold,O=C(/C=C/c1ccc2ccccc2c1)CCC(=O)NCCO,c1ccc2ccccc2c1,1
scaffold,O=C(/C=C/c1ccc2ccccc2c1)CCCC(=O)NCCO,c1ccc2ccccc2c1,1
scaffold,O=C(C1CCCCC1)N1CCN(C(c2ccccc2)c2ccc(Cl)cc2Cl)CC1,O=C(C1CCCCC1)N1CCN(C(c2ccccc2)c2ccccc2)CC1,1
scaffold,O=C(C1CCCCC1)N1CCN(C(c2ccccc2)c2ccccc2)CC1,O=C(C1CCCCC1)N1CCN(C(c2ccccc2)c2ccccc2)CC1,1
scaffold,O=C(CCCCCCCCCCCCCCCOc1cccc(O)c1)Nc1ccc(O)cc1,O=C(CCCCCCCCCCCCCCCOc1ccccc1)Nc1ccccc1,1
scaffold,O=C(CCCOc1ccc(Cl)cc1Cl)NN/C=C1\C=CC=CC1=O,O=C(CCCOc1ccccc1)NNC=C1C=CC=CC1=O,1
scaffold,O=C(CCc1nnc(-c2ccc(Br)cc2F)o1)Nc1ccc2c(c1)c1ccccc1n2CCF,O=C(CCc1nnc(-c2ccccc2)o1)Nc1ccc2[nH]c3ccccc3c2c1,1
scaffold,O=C(CCc1nnc(-c2ccc(F)cc2Br)o1)Nc1ccc2c(c1)c1ccccc1n2CCF,O=C(CCc1nnc(-c2ccccc2)o1)Nc1ccc2[nH]c3ccccc3c2c1,1
scaffold,O=C(CN1CCCCC1)N1CCN(c2ncnc3c2nc(-c2ccccc2Cl)n3-c2ccc(Cl)cc2)CC1,O=C(CN1CCCCC1)N1CCN(c2ncnc3c2nc(-c2ccccc2)n3-c2ccccc2)CC1,1
scaffold,O=C(Cc1c[nH]c2ccc(-c3ccccc3)cc12)NC12CC3CC(CC(C3)C1)C2,O=C(Cc1c[nH]c2ccc(-c3ccccc3)cc12)NC12CC3CC(CC(C3)C1)C2,1
scaffold,O=C(Cc1ccc(Br)cc1)NCCC(c1ccccc1)c1ccccc1,O=C(Cc1ccccc1)NCCC(c1ccccc1)c1ccccc1,1
scaffold,O=C(Cc1ccc(Cl)cc1)NCCC(c1ccccc1)c1ccccc1,O=C(Cc1ccccc1)NCCC(c1ccccc1)c1ccccc1,1
scaffold,O=C(Cc1ccccc1)NC(NC(=O)Cc1ccccc1)c1ccc(N2CCCC2)cc1,O=C(Cc1ccccc1)NC(NC(=O)Cc1ccccc1)c1ccc(N2CCCC2)cc1,1
scaffold,O=C(N/N=C1\C(=O)N(Cc2ccccc2)c2ccccc21)c1ccccc1,O=C(NN=C1C(=O)N(Cc2ccccc2)c2ccccc21)c1ccccc1,1
scaffold,O=C(N1CCCCC1)N1CCN(C(c2ccccc2)c2ccc(Cl)cc2Cl)CC1,O=C(N1CCCCC1)N1CCN(C(c2ccccc2)c2ccccc2)CC1,1
scaffold,O=C(N1Cc2ccccc2C1)C12CC3CC(CC(C3)C1)C2,O=C(N1Cc2ccccc2C1)C12CC3CC(CC(C3)C1)C2,1
scaffold,O=C(NC1(C(=O)O)CCCC1)c1cc2c(n(CC3CCCCC3)c1=O)CCCCCC2,O=C(NC1CCCC1)c1cc2c(n(CC3CCCCC3)c1=O)CCCCCC2,1
scaffold,O=C(NC1(C(=O)O)CCCCC1)c1cc2c(n(CC3CCCCC3)c1=O)CCCCCC2,O=C(NC1CCCCC1)c1cc2c(n(CC3CCCCC3)c1=O)CCCCCC2,1
scaffold,O=C(NC12CC3CC(CC(C3)C1)C2)c1cc(-c2ccccc2)nn(C2CCCC2)c1=O,O=C(NC12CC3CC(CC(C3)C1)C2)c1cc(-c2ccccc2)nn(C2CCCC2)c1=O,1
scaffold,O=C(NC12CC3CC(CC(C3)C1)C2)c1ccc(OCc2ccccc2)cc1,O=C(NC12CC3CC(CC(C3)C1)C2)c1ccc(OCc2ccccc2)cc1,1
scaffold,O=C(NC12CC3CC(CC(C3)C1)C2)c1nn(-c2ccc(Cl)cc2Cl)c2c1Cc1cc(C3CC3)ccc1-2,O=C(NC12CC3CC(CC(C3)C1)C2)c1nn(-c2ccccc2)c2c1Cc1cc(C3CC3)ccc1-2,1
scaffold,O=C(NC1CCC1)[C@@H]1CC[C@@H](c2ccc(Cl)cc2Cl)N(c2ccc(Cl)cc2)C1,O=C(NC1CCC1)C1CCC(c2ccccc2)N(c2ccccc2)C1,1
scaffold,O=C(NC1CCCCC1)N1CCN(C(c2ccc(C(F)(F)F)cc2)c2ccc(Cl)cc2Cl)CC1,O=C(NC1CCCCC1)N1CCN(C(c2ccccc2)c2ccccc2)CC1,1
scaffold,O=C(NC1CCCCC1)N1CCN(C(c2ccc(Cl)cc2)c2ccc(Cl)cc2Cl)CC1,O=C(NC1CCCCC1)N1CCN(C(c2ccccc2)c2ccccc2)CC1,1
scaffold,O=C(NC1CCCCC1)N1CCN(C(c2ccc(F)cc2)c2ccc(Cl)cc2Cl)CC1,O=C(NC1CCCCC1)N1CCN(C(c2ccccc2)c2ccccc2)CC1,1
scaffold,O=C(NC1CCCCC1)N1CCN(C(c2cccc(Cl)c2)c2ccc(Cl)cc2Cl)CC1,O=C(NC1CCCCC1)N1CCN(C(c2ccccc2)c2ccccc2)CC1,1
scaffold,O=C(NC1CCCCC1)N1CCN(C(c2ccccc2)c2c(Cl)cccc2Cl)CC1,O=C(NC1CCCCC1)N1CCN(C(c2ccccc2)c2ccccc2)CC1,1
scaffold,O=C(NC1CCCCC1)N1CCN(C(c2ccccc2)c2cc(Cl)ccc2Cl)CC1,O=C(NC1CCCCC1)N1CCN(C(c2ccccc2)c2ccccc2)CC1,1
scaffold,O=C(NC1CCCCC1)N1CCN(C(c2ccccc2)c2ccc(Br)cc2F)CC1,O=C(NC1CCCCC1)N1CCN(C(c2ccccc2)c2ccccc2)CC1,1
scaffold,O=C(NC1CCCCC1)N1CCN(C(c2ccccc2)c2ccc(Cl)c(Cl)c2)CC1,O=C(NC1CCCCC1)N1CCN(C(c2ccccc2)c2ccccc2)CC1,1
scaffold,O=C(NC1CCCCC1)N1CCN(C(c2ccccc2)c2ccc(Cl)cc2Cl)CC1,O=C(NC1CCCCC1)N1CCN(C(c2ccccc2)c2ccccc2)CC1,1
scaffold,O=C(NC1CCCCC1)N1CCN(C(c2ccccc2)c2ccc(Cl)cc2F)CC1,O=C(NC1CCCCC1)N1CCN(C(c2ccccc2)c2ccccc2)CC1,1
scaffold,O=C(NC1CCCCC1)N1CCN(C(c2ccccc2)c2ccc(F)cc2Cl)CC1,O=C(NC1CCCCC1)N1CCN(C(c2ccccc2)c2ccccc2)CC1,1
scaffold,O=C(NC1CCCCC1)N1CCN(C(c2ccccc2)c2ccccc2)CC1,O=C(NC1CCCCC1)N1CCN(C(c2ccccc2)c2ccccc2)CC1,1
scaffold,O=C(NC1CCCCC1)c1cn2c3c(cccc3c1=O)OCC2C1CC1,O=C(NC1CCCCC1)c1cn2c3c(cccc3c1=O)OCC2C1CC1,1
scaffold,O=C(NC1CCCCCC1)c1cc(-c2ccc(F)cc2)cn(CCN2CCOCC2)c1=O,O=C(NC1CCCCCC1)c1cc(-c2ccccc2)cn(CCN2CCOCC2)c1=O,1
scaffold,O=C(NC1CCCCCC1)c1cc(-c2ccc(F)cc2)cn(Cc2ccc(F)cc2)c1=O,O=C(NC1CCCCCC1)c1cc(-c2ccccc2)cn(Cc2ccccc2)c1=O,1
scaffold,O=C(NC1CCCCCC1)c1cc(-c2ccccc2)cn(Cc2ccc(F)cc2)c1=O,O=C(NC1CCCCCC1)c1cc(-c2ccccc2)cn(Cc2ccccc2)c1=O,1
scaffold,O=C(NC1CCCCCC1)c1cn2c3c(cccc3c1=O)OCC2C1CC1,O=C(NC1CCCCCC1)c1cn2c3c(cccc3c1=O)OCC2C1CC1,1
scaffold,O=C(NC1CCCOc2c1nn(-c1ccccc1Cl)c2-c1ccc(Cl)cc1)C1CCCCC1,O=C(NC1CCCOc2c1nn(-c1ccccc1)c2-c1ccccc1)C1CCCCC1,1
scaffold,O=C(NC1CCN(c2ncnc3c2nc(-c2ccccc2Cl)n3-c2ccc(C(F)(F)F)nc2)CC1)c1ccccc1,O=C(NC1CCN(c2ncnc3c2nc(-c2ccccc2)n3-c2cccnc2)CC1)c1ccccc1,1
scaffold,O=C(NC1c2ccccc2CCC1O)n1c(=O)n(CCN2CCOCC2)c2ccccc21,O=C(NC1CCCc2ccccc21)n1c(=O)n(CCN2CCOCC2)c2ccccc21,1
scaffold,O=C(NCc1ccc(Cl)cc1)[C@@H]1CC[C@@H](c2ccc(Cl)cc2Cl)N(c2ccc(Cl)cc2)C1,O=C(NCc1ccccc1)C1CCC(c2ccccc2)N(c2ccccc2)C1,1
scaffold,O=C(NCc1ccccc1)c1cccn1Cc1ccc(F)cc1,O=C(NCc1ccccc1)c1cccn1Cc1ccccc1,1
scaffold,O=C(NN1CCCC1)c1nn(-c2ccc(Cl)cc2Cl)c2c1Cc1cc(C3CC3)ccc1-2,O=C(NN1CCCC1)c1nn(-c2ccccc2)c2c1Cc1cc(C3CC3)ccc1-2,1
scaffold,O=C(NN1CCCCC1)N1CCN(C(c2ccccc2)c2ccc(Cl)cc2Cl)CC1,O=C(NN1CCCCC1)N1CCN(C(c2ccccc2)c2ccccc2)CC1,1
scaffold,O=C(NN1CCCCC1)c1nc(-c2ccc(Cl)cc2Cl)n(-c2ccc(Cl)cc2)n1,O=C(NN1CCCCC1)c1nc(-c2ccccc2)n(-c2ccccc2)n1,1
scaffold,O=C(N[C@@H]1CCCC[C@H]1O)c1cnc(OCC2CC2)c(-c2cc(C(F)(F)F)ccc2Cl)c1,O=C(NC1CCCCC1)c1cnc(OCC2CC2)c(-c2ccccc2)c1,1
scaffold,O=C(N[C@@H]1CCCC[C@H]1O)c1cnc(OCC2CC2)c(-c2ccc(Cl)c(Cl)c2)c1,O=C(NC1CCCCC1)c1cnc(OCC2CC2)c(-c2ccccc2)c1,1
scaffold,O=C(N[C@@H]1CCCc2ccccc21)N1Cc2ccccc2N(CCN2CCOCC2)C1=O,O=C(NC1CCCc2ccccc21)N1Cc2ccccc2N(CCN2CCOCC2)C1=O,1
scaffold,O=C(N[C@@H]1CCCc2ccccc21)n1c(=O)n(CCN2CCOCC2)c2ccccc21,O=C(NC1CCCc2ccccc21)n1c(=O)n(CCN2CCOCC2)c2ccccc21,1
scaffold,O=C(N[C@H]1CCCC[C@@H]1O)c1cnc(OCC2CC2)c(-c2ccc(Cl)cc2)c1,O=C(NC1CCCCC1)c1cnc(OCC2CC2)c(-c2ccccc2)c1,1
scaffold,O=C(Nc1sc2c(c1C(=O)N1CCCCC1)CCOC2)c1ccccc1C(F)(F)F,O=C(Nc1sc2c(c1C(=O)N1CCCCC1)CCOC2)c1ccccc1,1
scaffold,O=C(Nc1sc2c(c1C(=O)N1CCCCC1)CCOC2)c1ccccc1OC(F)(F)F,O=C(Nc1sc2c(c1C(=O)N1CCCCC1)CCOC2)c1ccccc1,1
scaffold,O=C(O)CCc1csc(NC(=O)c2cc3c(n(CC4CCCCC4)c2=O)CCCCCC3)n1,O=C(Nc1nccs1)c1cc2c(n(CC3CCCCC3)c1=O)CCCCCC2,1
scaffold,O=C(O)Cc1cnc(NC(=O)c2cc3c(n(CC4CCCCC4)c2=O)CCCCCC3)s1,O=C(Nc1nccs1)c1cc2c(n(CC3CCCCC3)c1=O)CCCCCC2,1
scaffold,O=C(O)Cc1csc(NC(=O)c2cc3c(n(CC4CCCCC4)c2=O)CCCCCC3)n1,O=C(Nc1nccs1)c1cc2c(n(CC3CCCCC3)c1=O)CCCCCC2,1
scaffold,O=C(O)c1cnc(NC(=O)c2cc3c(n(CC4CCCCC4)c2=O)CCCCCC3)s1,O=C(Nc1nccs1)c1cc2c(n(CC3CCCCC3)c1=O)CCCCCC2,1
scaffold,O=C(c1cc(O)c(-c2cc(C(F)(F)F)cc(C(F)(F)F)c2)c(O)c1)c1cccs1,O=C(c1ccc(-c2ccccc2)cc1)c1cccs1,1
scaffold,O=C(c1cc(O)c(-c2cc(Cl)ccc2Cl)c(O)c1)c1cccs1,O=C(c1ccc(-c2ccccc2)cc1)c1cccs1,1
scaffold,O=C(c1cc(O)c(-c2cccc(C(F)(F)F)c2)c(O)c1)c1cccs1,O=C(c1ccc(-c2ccccc2)cc1)c1cccs1,1
scaffold,O=C(c1cc(O)c(-c2cccc(CO)c2)c(O)c1)c1cccs1,O=C(c1ccc(-c2ccccc2)cc1)c1cccs1,1
scaffold,O=C(c1ccc2c(c1)c1ccccc1n2CCCCl)N1CCCCC1,O=C(c1ccc2[nH]c3ccccc3c2c1)N1CCCCC1,1
scaffold,O=C(c1ccc2c(c1)c1ccccc1n2CCCl)N1CCCCC1,O=C(c1ccc2[nH]c3ccccc3c2c1)N1CCCCC1,1
scaffold,O=C(c1ccc2c(c1)c1ccccc1n2Cc1ccccn1)N1CCCCC1,O=C(c1ccc2c(c1)c1ccccc1n2Cc1ccccn1)N1CCCCC1,1
scaffold,O=C(c1cccc2ccccc12)n1c(C2CCCCC2)nc2ccccc21,O=C(c1cccc2ccccc12)n1c(C2CCCCC2)nc2ccccc21,1
scaffold,O=C(c1ccccc1)c1cc(O)c(-c2ccoc2)c(O)c1,O=C(c1ccccc1)c1ccc(-c2ccoc2)cc1,1
scaffold,O=C1/C(=C/c2cccc(OCc3ccc(Cl)cc3)c2)N=C2SCCCCN12,O=C1C(=Cc2cccc(OCc3ccccc3)c2)N=C2SCCCCN12,1
scaffold,O=C1/C(=C/c2cccc(OCc3ccc(Cl)cc3Cl)c2)N=C2SCCCCN12,O=C1C(=Cc2cccc(OCc3ccccc3)c2)N=C2SCCCCN12,1
scaffold,O=C1/C(=C/c2cccc(OCc3ccc(F)cc3)c2)N=C2SCCCCN12,O=C1C(=Cc2cccc(OCc3ccccc3)c2)N=C2SCCCCN12,1
scaffold,O=C1/C(=C/c2cccc(OCc3ccccc3)c2)N=C2SCCCCN12,O=C1C(=Cc2cccc(OCc3ccccc3)c2)N=C2SCCCCN12,1
scaffold,O=C1/C(=C/c2cccc(OCc3ccccc3Cl)c2)N=C2SCCCCN12,O=C1C(=Cc2cccc(OCc3ccccc3)c2)N=C2SCCCCN12,1
scaffold,O=C1/C(=C/c2cn(Cc3ccc(Br)cc3)c3ncccc23)N2CCC1CC2,O=C1C(=Cc2cn(Cc3ccccc3)c3ncccc23)N2CCC1CC2,1
scaffold,O=C1/C(=C/c2cn(Cc3ccc(Cl)cc3)c3ccccc23)N2CCC1CC2,O=C1C(=Cc2cn(Cc3ccccc3)c3ccccc23)N2CCC1CC2,1
scaffold,O=C1/C(=C/c2cn(Cc3ccc(Cl)cc3)c3ncccc23)N2CCC1CC2,O=C1C(=Cc2cn(Cc3ccccc3)c3ncccc23)N2CCC1CC2,1
scaffold,O=C1/C(=C/c2cn(Cc3ccc(F)cc3)c3ccccc23)N2CCC1CC2,O=C1C(=Cc2cn(Cc3ccccc3)c3ccccc23)N2CCC1CC2,1
scaffold,O=C1/C(=C/c2cn(Cc3ccc(F)cc3)c3ncccc23)N2CCC1CC2,O=C1C(=Cc2cn(Cc3ccccc3)c3ncccc23)N2CCC1CC2,1
scaffold,O=C1/C(=C/c2cn(Cc3ccccc3)c3ccccc23)N2CCC1CC2,O=C1C(=Cc2cn(Cc3ccccc3)c3ccccc23)N2CCC1CC2,1
scaffold,O=C1/C(=C/c2cn(Cc3ccccc3)c3ncccc23)N2CCC1CC2,O=C1C(=Cc2cn(Cc3ccccc3)c3ncccc23)N2CCC1CC2,1
scaffold,O=C1/C(=C/c2cn(Cc3ccccc3Br)c3ccccc23)N2CCC1CC2,O=C1C(=Cc2cn(Cc3ccccc3)c3ccccc23)N2CCC1CC2,1
scaffold,O=S(=O)(CC1CCCCC1)N1CCN(c2ncnc3c2nc(-c2ccccc2Cl)n3-c2ccc(Cl)cc2)CC1,O=S(=O)(CC1CCCCC1)N1CCN(c2ncnc3c2nc(-c2ccccc2)n3-c2ccccc2)CC1,1
scaffold,O=S(=O)(NC1CCN(c2ncnc3c2nc(-c2ccccc2Cl)n3-c2ccc(Cl)cc2)CC1)c1ccc(F)cc1,O=S(=O)(NC1CCN(c2ncnc3c2nc(-c2ccccc2)n3-c2ccccc2)CC1)c1ccccc1,1
scaffold,O=S(=O)(NC1CCN(c2ncnc3c2nc(-c2ccccc2Cl)n3-c2ccc(Cl)cc2)CC1)c1ccccc1,O=S(=O)(NC1CCN(c2ncnc3c2nc(-c2ccccc2)n3-c2ccccc2)CC1)c1ccccc1,1
scaffold,O=S(=O)(NC1CCN(c2ncnc3c2nc(-c2ccccc2Cl)n3-c2ccc(Cl)cc2)CC1)c1ccccc1F,O=S(=O)(NC1CCN(c2ncnc3c2nc(-c2ccccc2)n3-c2ccccc2)CC1)c1ccccc1,1
scaffold,O=S(=O)(c1ccccc1F)c1cc(Cl)ccc1S(=O)(=O)N1CCC(NS(=O)(=O)C(F)(F)F)C1,O=S(=O)(c1ccccc1)c1ccccc1S(=O)(=O)N1CCCC1,1
scaffold,O=S(=O)(c1ccccn1)c1ccc(C(F)(F)F)cc1S(=O)(=O)N1CCC2(CC1)CC2NS(=O)(=O)C(F)(F)F,O=S(=O)(c1ccccn1)c1ccccc1S(=O)(=O)N1CCC2(CC1)CC2,1
scaffold,O=S(=O)(c1ccccn1)c1ccc(Cl)cc1S(=O)(=O)N1CCC2(CC1)CC2NS(=O)(=O)C(F)(F)F,O=S(=O)(c1ccccn1)c1ccccc1S(=O)(=O)N1CCC2(CC1)CC2,1
scaffold,O=S(=O)(c1ccccn1)c1ccc(OC(F)(F)F)cc1S(=O)(=O)N1CCC2(CC1)CC2NS(=O)(=O)C(F)(F)F,O=S(=O)(c1ccccn1)c1ccccc1S(=O)(=O)N1CCC2(CC1)CC2,1
scaffold,O=S(=O)(c1ccccn1)c1ccccc1S(=O)(=O)N1CCC2(CC1)CC2NS(=O)(=O)C(F)(F)F,O=S(=O)(c1ccccn1)c1ccccc1S(=O)(=O)N1CCC2(CC1)CC2,1
scaffold,O=[N+]([O-])c1ccccc1CSc1nnc2c(n1)[nH]c1ccccc12,c1ccc(CSc2nnc3c(n2)[nH]c2ccccc23)cc1,1
scaffold,S=C(NC1CCCCC1)N1CCN(C(c2ccccc2)c2ccc(Cl)cc2Cl)CC1,S=C(NC1CCCCC1)N1CCN(C(c2ccccc2)c2ccccc2)CC1,1
scaffold,S=C(NC1CCCCC1)N1CCN(C(c2ccccc2)c2ccccc2)CC1,S=C(NC1CCCCC1)N1CCN(C(c2ccccc2)c2ccccc2)CC1,1
scaffold,C#Cc1cccc(C2(C(F)(F)F)N=N2)c1Cn1nnc2c(N3CCC(F)(F)C3)nc(C(F)(F)c3ccccc3)nc21,c1ccc(Cc2nc(N3CCCC3)c3nnn(Cc4ccccc4C4N=N4)c3n2)cc1,2
scaffold,C#Cc1cccc(C2(C(F)(F)F)N=N2)c1Cn1nnc2c(N3CC[C@H](O)C3)nc(C(F)(F)c3ccccc3)nc21,c1ccc(Cc2nc(N3CCCC3)c3nnn(Cc4ccccc4C4N=N4)c3n2)cc1,2
scaffold,C#Cc1cccc(S(=O)(=O)F)c1Cn1nnc2c(N3CCC(F)(F)C3)nc(C(C)(C)C)nc21,c1ccc(Cn2nnc3c(N4CCCC4)ncnc32)cc1,2
scaffold,C/C=C/c1ccc(O)c(-c2cc(/C=C/C)ccc2O)c1,c1ccc(-c2ccccc2)cc1,2
scaffold,C/N=C(\NS(=O)(=O)N1CCCCCC1)N1CC(c2ccccc2)C(c2ccc(Cl)cc2)=N1,N=C(NS(=O)(=O)N1CCCCCC1)N1CC(c2ccccc2)C(c2ccccc2)=N1,2
scaffold,C=CCOC(=O)NCC1(CNS(=O)(=O)C(F)(F)F)CCN(S(=O)(=O)c2ccc(Cl)cc2S(=O)(=O)c2ccccc2F)CC1,O=S(=O)(c1ccccc1)c1ccccc1S(=O)(=O)N1CCCCC1,2
scaffold,C=CCc1ccc(O)c(-c2cc(CC=C)ccc2O)c1,c1ccc(-c2ccccc2)cc1,2
scaffold,C=CCc1ccc(O)c(-c2ccc(O)c(CC=C)c2)c1,c1ccc(-c2ccccc2)cc1,2
scaffold,C=CCc1ccc(O)c(-c2ccc(OC)c(CC=C)c2)c1,c1ccc(-c2ccccc2)cc1,2
scaffold,C=CCc1ccc(O)c(-c2ccc(OCCCC)c(CC=C)c2)c1,c1ccc(-c2ccccc2)cc1,2
scaffold,C=CCc1ccc(OC)c(-c2ccc(OC)c(CC=C)c2)c1,c1ccc(-c2ccccc2)cc1,2
scaffold,C=CCc1ccc(OCCCC)c(-c2ccc(OCCCC)c(CC=C)c2)c1,c1ccc(-c2ccccc2)cc1,2
scaffold,C=CCn1cc(CC(=O)NC23CC4CC(CC(C4)C2)C3)c2cc(-c3ccco3)ccc21,O=C(Cc1c[nH]c2ccc(-c3ccco3)cc12)NC12CC3CC(CC(C3)C1)C2,2
scaffold,CC(=O)N/C(N)=N/C(=N/S(=O)(=O)c1ccc2ccccc2c1)N1C[C@H](c2ccccc2)C(c2ccc(Cl)cc2)=N1,O=S(=O)(N=CN1CC(c2ccccc2)C(c2ccccc2)=N1)c1ccc2ccccc2c1,2
scaffold,CC(=O)NC1CCCOc2c1nn(-c1ccccc1Cl)c2-c1ccc(Cl)cc1,c1ccc(-c2c3c(nn2-c2ccccc2)CCCCO3)cc1,2
scaffold,CC(C)(C)NOc1ccc(C(F)(F)F)cc1C(=O)/N=c1\sc(C(C)(C)C)nn1CC1CC1,O=C(N=c1scnn1CC1CC1)c1ccccc1,2
scaffold,CC(C)(C)[C@H](NC(=O)n1c(=O)n(CC2CCCO2)c2ccccc21)C(N)=O,O=c1[nH]c2ccccc2n1CC1CCCO1,2
scaffold,CC(C)(C)[C@H](NC(=O)n1c(=O)n(CCC2(O)CCOCC2)c2ccccc21)C(N)=O,O=c1[nH]c2ccccc2n1CCC1CCOCC1,2
scaffold,CC(C)(C)[C@H](NC(=O)n1c(=O)n(CCC2CCOCC2)c2ccccc21)C(N)=O,O=c1[nH]c2ccccc2n1CCC1CCOCC1,2
scaffold,CC(C)(C)c1cc(-c2csc(C3(N)CCOCC3)n2)cc(C(C)(C)C)c1O,c1ccc(-c2csc(C3CCOCC3)n2)cc1,2
scaffold,CC(C)(C)c1cc(N2CCC(F)(F)C2)c2nnn(Cc3ccccc3SSc3ccccn3)c2n1,c1ccc(SSc2ccccc2Cn2nnc3c(N4CCCC4)ccnc32)nc1,2
scaffold,CC(C)(C)c1cn(C[C@H]2CCCO2)/c(=N/C(=O)c2cc(C(F)(F)F)ccc2OCC(C)(C)n2cccc2)s1,O=C(N=c1sccn1CC1CCCO1)c1ccccc1OCCn1cccc1,2
scaffold,CC(C)(C)c1cn(C[C@H]2CCCO2)/c(=N/C(=O)c2cc(C(F)(F)F)ccc2OC[C@H]2CCC[N+]2(C)[O-])s1,O=C(N=c1sccn1CC1CCCO1)c1ccccc1OCC1CCC[NH2+]1,2
scaffold,CC(C)(C)c1cn(C[C@H]2CCCO2)/c(=N/C(=O)c2cc(C(F)(F)F)ccc2OCc2ccn[nH]2)s1,O=C(N=c1sccn1CC1CCCO1)c1ccccc1OCc1ccn[nH]1,2
scaffold,CC(C)(C)c1nc(N2CCC(F)(F)C2)c2nnn(Cc3ccccc3CCS(=O)(=O)F)c2n1,c1ccc(Cn2nnc3c(N4CCCC4)ncnc32)cc1,2
scaffold,CC(C)(C)c1nc(N2CCC(F)(F)C2)c2nnn(Cc3ccccc3CCSSCC(O)CO)c2n1,c1ccc(Cn2nnc3c(N4CCCC4)ncnc32)cc1,2
scaffold,CC(C)(C)c1nc(N2CCC(F)(F)C2)c2nnn(Cc3ccccc3CCSSCCN)c2n1,c1ccc(Cn2nnc3c(N4CCCC4)ncnc32)cc1,2
scaffold,CC(C)(C)c1nc(N2CCC(F)(F)C2)c2nnn(Cc3ccccc3CCSSCCO)c2n1,c1ccc(Cn2nnc3c(N4CCCC4)ncnc32)cc1,2
scaffold,CC(C)(C)c1nc(N2CCC(F)(F)C2)c2nnn(Cc3ccccc3CN=C=S)c2n1,c1ccc(Cn2nnc3c(N4CCCC4)ncnc32)cc1,2
scaffold,CC(C)(C)c1nc(N2CCC(F)(F)C2)c2nnn(Cc3ccccc3CS(=O)(=O)F)c2n1,c1ccc(Cn2nnc3c(N4CCCC4)ncnc32)cc1,2
scaffold,CC(C)(C)c1nc(N2CCC(F)(F)C2)c2nnn(Cc3ccccc3CSSCCO)c2n1,c1ccc(Cn2nnc3c(N4CCCC4)ncnc32)cc1,2
scaffold,CC(C)(C)c1nc(N2CCC(F)(F)C2)c2nnn(Cc3ccccc3N=C=S)c2n1,c1ccc(Cn2nnc3c(N4CCCC4)ncnc32)cc1,2
scaffold,CC(C)(C)c1nc(N2CCC(F)(F)C2)c2nnn(Cc3ccccc3S(=O)(=O)F)c2n1,c1ccc(Cn2nnc3c(N4CCCC4)ncnc32)cc1,2
scaffold,CC(C)(C)c1nc(N2CCC(N=C=S)C2)c2nnn(Cc3ccccc3Cl)c2n1,c1ccc(Cn2nnc3c(N4CCCC4)ncnc32)cc1,2
scaffold,CC(C)(C)c1nc(N2CCC(N=[N+]=[N-])C2)c2nnn(Cc3ccccc3Cl)c2n1,c1ccc(Cn2nnc3c(N4CCCC4)ncnc32)cc1,2
scaffold,CC(C)(C)c1nc(N2CCC(S)C2)c2nnn(Cc3ccccc3Cl)c2n1,c1ccc(Cn2nnc3c(N4CCCC4)ncnc32)cc1,2
scaffold,CC(C)(C)c1nc(N2CC[C@@H](S)C2)c2nnn(Cc3ccccc3Cl)c2n1,c1ccc(Cn2nnc3c(N4CCCC4)ncnc32)cc1,2
scaffold,CC(C)(C)c1nc(N2CC[C@H](O)C2)c2nnn(Cc3ccccc3CN=C=S)c2n1,c1ccc(Cn2nnc3c(N4CCCC4)ncnc32)cc1,2
scaffold,CC(C)(C)c1nc(N2CC[C@H](O)C2)c2nnn(Cc3ccccc3CS(=O)(=O)F)c2n1,c1ccc(Cn2nnc3c(N4CCCC4)ncnc32)cc1,2
scaffold,CC(C)(C)c1nc(N2CC[C@H](O)C2)c2nnn(Cc3ccccc3S(=O)(=O)F)c2n1,c1ccc(Cn2nnc3c(N4CCCC4)ncnc32)cc1,2
scaffold,CC(C)(C)c1nc(N2CC[C@H](S)C2)c2nnn(Cc3ccccc3Cl)c2n1,c1ccc(Cn2nnc3c(N4CCCC4)ncnc32)cc1,2
scaffold,CC(C)=C[C@H]1C[C@]2(C)[C@H](CC[C@@]3(C)[C@H]2CC[C@H]2Cc4c([nH]c5ccccc45)[C@@]23C)O1,c1ccc2c3c([nH]c2c1)C1C(CCC2C4CCOC4CCC21)C3,2
scaffold,CC(C)C(=O)N(C)C1CCCOc2c1nn(-c1ccccc1Cl)c2-c1ccc(Cl)cc1,c1ccc(-c2c3c(nn2-c2ccccc2)CCCCO3)cc1,2
scaffold,CC(C)C(=O)NC1CCCOc2c1nn(-c1ccccc1Cl)c2-c1ccc(Cl)cc1,c1ccc(-c2c3c(nn2-c2ccccc2)CCCCO3)cc1,2
scaffold,CC(C)C(=O)N[C@@H]1CCCOc2c1nn(-c1ccccc1Cl)c2-c1ccc(Cl)cc1,c1ccc(-c2c3c(nn2-c2ccccc2)CCCCO3)cc1,2
scaffold,CC(C)C(=O)N[C@H]1CCCOc2c1nn(-c1ccccc1Cl)c2-c1ccc(Cl)cc1,c1ccc(-c2c3c(nn2-c2ccccc2)CCCCO3)cc1,2
scaffold,CC(C)C1(CNS(=O)(=O)C(F)(F)F)CCN(S(=O)(=O)c2ccc(Cl)cc2S(=O)(=O)c2ccccc2F)CC1,O=S(=O)(c1ccccc1)c1ccccc1S(=O)(=O)N1CCCCC1,2
scaffold,CC(C)Cn1cc(C(C)(C)C)s/c1=N\C(=O)c1cc(Br)ccc1OC[C@@H]1CCCN1C,O=C(N=c1[nH]ccs1)c1ccccc1OCC1CCCN1,2
scaffold,CC(C)Cn1cc(C(C)(C)C)s/c1=N\C(=O)c1cc(C(F)(F)F)ccc1OCCn1ccnc1,O=C(N=c1[nH]ccs1)c1ccccc1OCCn1ccnc1,2
scaffold,CC(C)Cn1cc(C(C)(C)C)s/c1=N\C(=O)c1cc(C(F)(F)F)ccc1OC[C@@H]1CCCN1C,O=C(N=c1[nH]ccs1)c1ccccc1OCC1CCCN1,2
scaffold,CC(C)Cn1cc(C(C)(C)C)s/c1=N\C(=O)c1ccccc1OC[C@@H]1CCCN1C,O=C(N=c1[nH]ccs1)c1ccccc1OCC1CCCN1,2
scaffold,CC(C)Oc1ccc(C(NC(=O)Cc2ccccc2)NC(=O)Cc2ccccc2)cc1,O=C(Cc1ccccc1)NC(NC(=O)Cc1ccccc1)c1ccccc1,2
scaffold,CC(C)SC(=S)N1CC(C)(C)CS/C1=N\c1ccccc1C(C)C,c1ccc(N=C2NCCCS2)cc1,2
scaffold,CC(C)[C@H]1CC[C@H](C(=O)c2cn(CCN3CCOCC3)c3ccccc23)CC1,O=C(c1cn(CCN2CCOCC2)c2ccccc12)C1CCCCC1,2
scaffold,CC(C)c1ccc(C(NC(=O)Cc2ccccc2)NC(=O)Cc2ccccc2)cc1,O=C(Cc1ccccc1)NC(NC(=O)Cc1ccccc1)c1ccccc1,2
scaffold,CC(O)C1(CNS(=O)(=O)C(F)(F)F)CCN(S(=O)(=O)c2ccc(Cl)cc2S(=O)(=O)c2ccccc2F)CC1,O=S(=O)(c1ccccc1)c1ccccc1S(=O)(=O)N1CCCCC1,2
scaffold,CC1(C)C(C(=O)c2cn(CC3CCOCC3)c3cc(-c4ccccc4)ccc23)C1(C)C,O=C(c1cn(CC2CCOCC2)c2cc(-c3ccccc3)ccc12)C1CC1,2
scaffold,CC1(C)C(C(=O)c2cn(CCN3CCCC3=O)c3ccccc23)C1(C)C,O=C(c1cn(CCN2CCCC2=O)c2ccccc12)C1CC1,2
scaffold,CC1(C)C(C(=O)c2cn(CCN3CCOCC3)c3cc(O)ccc23)C1(C)C,O=C(c1cn(CCN2CCOCC2)c2ccccc12)C1CC1,2
scaffold,CC1(C)C(C(=O)c2cn(CCN3CCOCC3)c3ccc(O)cc23)C1(C)C,O=C(c1cn(CCN2CCOCC2)c2ccccc12)C1CC1,2
scaffold,CC1(C)C(C(=O)c2cn(CCN3CCOCC3)c3cccc(N)c23)C1(C)C,O=C(c1cn(CCN2CCOCC2)c2ccccc12)C1CC1,2
scaffold,CC1(C)C(C(=O)c2cn(CCN3CCOCC3)c3cccc([N+](=O)[O-])c23)C1(C)C,O=C(c1cn(CCN2CCOCC2)c2ccccc12)C1CC1,2
scaffold,CC1(C)C(C(=O)c2cn(CCN3CCOCC3)c3ccccc23)C1(C)C,O=C(c1cn(CCN2CCOCC2)c2ccccc12)C1CC1,2
scaffold,CC1(C)C(C(=O)c2cn(CCc3cccs3)c3ccccc23)C1(C)C,O=C(c1cn(CCc2cccs2)c2ccccc12)C1CC1,2
scaffold,CC1(C)C(C(=O)c2cn(CCn3cccc3)c3ccccc23)C1(C)C,O=C(c1cn(CCn2cccc2)c2ccccc12)C1CC1,2
scaffold,CC1(C)Oc2cc(C(=O)c3ccsc3)cc(O)c2[C@@H]2C[C@H](O)CC[C@H]21,O=C(c1ccsc1)c1ccc2c(c1)OCC1CCCCC21,2
scaffold,CC1(C)Oc2cc(C3(CCCCCBr)CCC3)cc(O)c2[C@@H]2CC(=O)CC[C@H]21,O=C1CCC2COc3cc(C4CCC4)ccc3C2C1,2
scaffold,CC1(C)[C@H]2CC[C@](C)(C2)[C@@H]1NC(=O)c1ccc(Br)c(S(=O)(=O)N2CCCCC2)c1,O=C(NC1CC2CCC1C2)c1cccc(S(=O)(=O)N2CCCCC2)c1,2
scaffold,CC1(CNS(=O)(=O)C(F)(F)F)CCN(S(=O)(=O)c2ccc(Cl)cc2S(=O)(=O)c2ccccc2F)CC1,O=S(=O)(c1ccccc1)c1ccccc1S(=O)(=O)N1CCCCC1,2
scaffold,CC12CC3CC(C)(C1)CC(NC(=O)c1cn(CCCc4ccccc4)c4ccccc4c1=O)(C3)C2,O=C(NC12CC3CC(CC(C3)C1)C2)c1cn(CCCc2ccccc2)c2ccccc2c1=O,2
scaffold,CC12CC3CC(C)(C1)CC(NC(=O)c1cn4c5c(cccc5c1=O)OCC4c1ccccc1)(C3)C2,O=C(NC12CC3CC(CC(C3)C1)C2)c1cn2c3c(cccc3c1=O)OCC2c1ccccc1,2
scaffold,CC1=CC[C@@H]2[C@@H](C1)c1c(OC(=O)CCCN3CCOCC3)cc(C(C)(C)CCCCC#N)cc1OC2(C)C,O=C(CCCN1CCOCC1)Oc1cccc2c1C1CC=CCC1CO2,2
scaffold,CC1=CC[C@H]2[C@H](C1)c1c(O)cc(/C(C)=N/OCCN3CCOCC3)cc1OC2(C)C,C1=CCC2c3ccc(C=NOCCN4CCOCC4)cc3OCC2C1,2
scaffold,CC1CCC(NC(=O)c2cc3cc(-c4ccco4)cnc3n(Cc3ccc(F)cc3)c2=O)CC1,O=C(NC1CCCCC1)c1cc2cc(-c3ccco3)cnc2n(Cc2ccccc2)c1=O,2
scaffold,CC1CCC(NC(=O)c2cc3cc(-c4cccs4)cnc3n(CCN3CCOCC3)c2=O)CC1,O=C(NC1CCCCC1)c1cc2cc(-c3cccs3)cnc2n(CCN2CCOCC2)c1=O,2
scaffold,CC1CCC(NC(=O)c2cc3ccccc3n(Cc3ccc(F)cc3)c2=O)CC1,O=C(NC1CCCCC1)c1cc2ccccc2n(Cc2ccccc2)c1=O,2
scaffold,CC1CCN(C(=O)c2ccc3c(c2)c2c(n3Cc3ccccc3)CN(C3CCCC3)C2)CC1,O=C(c1ccc2c(c1)c1c(n2Cc2ccccc2)CN(C2CCCC2)C1)N1CCCCC1,2
scaffold,CC1COc2cccc3c(=O)c(C(=O)NC4CCCCC4)cn1c23,O=C(NC1CCCCC1)c1cn2c3c(cccc3c1=O)OCC2,2
scaffold,CC1Oc2cccc3c(=O)c(C(=O)NC45CC6CC(CC(C6)C4)C5)cn(c23)C1c1ccccc1,O=C(NC12CC3CC(CC(C3)C1)C2)c1cn2c3c(cccc3c1=O)OCC2c1ccccc1,2
scaffold,CCC(=O)N1CC(C)(C)CS/C1=N\c1ccccc1C(C)C,c1ccc(N=C2NCCCS2)cc1,2
scaffold,CCC(=O)NC1CCCOc2c1nn(-c1ccccc1Cl)c2-c1ccc(Cl)cc1,c1ccc(-c2c3c(nn2-c2ccccc2)CCCCO3)cc1,2
scaffold,CCC(C)(C)C(=O)Nc1cc(C)c(C)c(S(=O)(=O)N2CCSC2)c1,O=S(=O)(c1ccccc1)N1CCSC1,2
scaffold,CCC1(C(=O)Nc2cc(CN3CCOCC3)c(C)cn2)CCC1,O=C(Nc1cc(CN2CCOCC2)ccn1)C1CCC1,2
scaffold,CCC1(C(=O)Nc2cc(CN3CCOCC3)c(C)cn2)CCCCC1,O=C(Nc1cc(CN2CCOCC2)ccn1)C1CCCCC1,2
scaffold,CCC1(CC)CS/C(=N\c2ccccc2C(C)C)N(C(=S)SC)C1,c1ccc(N=C2NCCCS2)cc1,2
scaffold,CCC1(CNS(=O)(=O)C(F)(F)F)CCN(S(=O)(=O)c2ccc(Cl)cc2S(=O)(=O)c2ccccc2F)CC1,O=S(=O)(c1ccccc1)c1ccccc1S(=O)(=O)N1CCCCC1,2
scaffold,CCC1CCC(C(=O)c2cn(CCN3CCOCC3)c3ccccc23)CC1,O=C(c1cn(CCN2CCOCC2)c2ccccc12)C1CCCCC1,2
scaffold,CCC1COc2cccc3c(=O)c(C(=O)NC4CCCCC4)cn1c23,O=C(NC1CCCCC1)c1cn2c3c(cccc3c1=O)OCC2,2
scaffold,CCCC/C=C\C1(c2cc(O)c3c(c2)OC(C)(C)[C@@H]2CCC(=O)C[C@@H]32)CCC1,O=C1CCC2COc3cc(C4CCC4)ccc3C2C1,2
scaffold,CCCC1(CNS(=O)(=O)C(F)(F)F)CCN(S(=O)(=O)c2ccc(Cl)cc2S(=O)(=O)c2ccccc2F)CC1,O=S(=O)(c1ccccc1)c1ccccc1S(=O)(=O)N1CCCCC1,2
scaffold,CCCC1COc2ccc(C)c3c(=O)c(C(=O)NC4CCCCC4)cn1c23,O=C(NC1CCCCC1)c1cn2c3c(cccc3c1=O)OCC2,2
scaffold,CCCC1COc2cccc3c(=O)c(C(=O)NC4CCCCC4)cn1c23,O=C(NC1CCCCC1)c1cn2c3c(cccc3c1=O)OCC2,2
scaffold,CCCCC(C)(C)c1cc(OC)c(C2C=C(CO)C3CC2C3(C)C)c(OC)c1,C1=CC(c2ccccc2)C2CC1C2,2
scaffold,CCCCC/C=C\C/C=C\C/C=C\C/C=C\CCCC(=O)N[C@@H]1C[C@@H]1O,C1CC1,2
scaffold,CCCCC/C=C\C/C=C\C/C=C\C/C=C\CCCC(=O)N[C@@H]1C[C@H]1O,C1CC1,2
scaffold,CCCCC/C=C\C/C=C\C/C=C\C/C=C\CCCC(=O)N[C@H]1C[C@@H]1O,C1CC1,2
scaffold,CCCCC/C=C\C/C=C\C/C=C\C/C=C\CCCC(=O)N[C@H]1C[C@H]1O,C1CC1,2
scaffold,CCCCC/C=C\[C@H](C)/C=C\C/C=C\C/C=C\CCCC(=O)NC1CC1,C1CC1,2
scaffold,CCCCC1(c2cc(O)c3cc(C)c(=O)oc3c2)CCCCC1,O=c1ccc2ccc(C3CCCCC3)cc2o1,2
scaffold,CCCCC1(c2cc(O)c3cc(CC)c(=O)oc3c2)CCCCC1,O=c1ccc2ccc(C3CCCCC3)cc2o1,2
scaffold,CCCCC1(c2cc(O)c3cc(CCC)c(=O)oc3c2)CCCCC1,O=c1ccc2ccc(C3CCCCC3)cc2o1,2
scaffold,CCCCC1(c2cc(O)c3cc(Cc4ccccc4O)c(=O)oc3c2)CCCC1,O=c1oc2cc(C3CCCC3)ccc2cc1Cc1ccccc1,2
scaffold,CCCCC1(c2cc(O)c3cc(Cc4ccccn4)c(=O)oc3c2)CCCCC1,O=c1oc2cc(C3CCCCC3)ccc2cc1Cc1ccccn1,2
scaffold,CCCCC1(c2cc(OC)c3cc(Cc4ccccc4OC)c(=O)oc3c2)CCCC1,O=c1oc2cc(C3CCCC3)ccc2cc1Cc1ccccc1,2
scaffold,CCCCCC1=NN(C(=O)NC2CCCc3ccccc32)CC1c1ccccc1,O=C(NC1CCCc2ccccc21)N1CC(c2ccccc2)C=N1,2
scaffold,CCCCCCC(C)(C)c1cc(O)c(-c2c(CO)cccc2C(C)C)c(OC)c1,c1ccc(-c2ccccc2)cc1,2
scaffold,CCCCCCC(C)(C)c1cc(O)c2c(c1)OC(C)(C)[C@@H]1CCOC(=O)C[C@@H]21,O=C1CC2c3ccccc3OCC2CCO1,2
scaffold,CCCCCCC(C)(C)c1cc(O)c2c(c1)OC(C)(C)c1ccc(C)c(CO)c1-2,c1ccc2c(c1)COc1ccccc1-2,2
scaffold,CCCCCCC(C)(C)c1cc(O)c2c(c1)OC(C)(C)c1cnn(CCO)c1-2,c1ccc2c(c1)OCc1cn[nH]c1-2,2
scaffold,CCCCCCC(C)(C)c1cc(O)c2c(c1)oc(=O)c1ccc(C)cc12,O=c1oc2ccccc2c2ccccc12,2
scaffold,CCCCCCC(C)(C)c1cc(O)c2c(c1)oc(=O)c1ccc(O)cc12,O=c1oc2ccccc2c2ccccc12,2
scaffold,CCCCCCC(C)(C)c1cc(O)c2c(c1)oc(=O)c1ccc(OC)cc12,O=c1oc2ccccc2c2ccccc12,2
scaffold,CCCCCCC(C)(C)c1cc(OC)c([C@@H]2C=C(CO)[C@@H]3C[C@H]2C3(C)C)c(OC)c1,C1=CC(c2ccccc2)C2CC1C2,2
scaffold,CCCCCCC(C)(C)c1cc(OC)c([C@H]2C=C(CO)[C@H]3C[C@@H]2C3(C)C)c(OC)c1,C1=CC(c2ccccc2)C2CC1C2,2
scaffold,CCCCCCC(C)(C)c1cc(OC)c2c(c1)OC(C)(C)c1cn[nH]c1-2,c1ccc2c(c1)OCc1cn[nH]c1-2,2
scaffold,CCCCCCC(C)(C)c1cc(OC)c2c(c1)OC(C)(C)c1cnn(CC)c1-2,c1ccc2c(c1)OCc1cn[nH]c1-2,2
scaffold,CCCCCCC(C)(C)c1cc(OCCCO)c2c(c1)OC(C)(C)c1cn[nH]c1-2,c1ccc2c(c1)OCc1cn[nH]c1-2,2
scaffold,CCCCCCC(C)(C)c1cc(OCCCO)c2c(c1)OC(C)(C)c1cnn(CC)c1-2,c1ccc2c(c1)OCc1cn[nH]c1-2,2
scaffold,CCCCCCC(C)(C)c1cc(OCCO)c2c(c1)OC(C)(C)c1cn[nH]c1-2,c1ccc2c(c1)OCc1cn[nH]c1-2,2
scaffold,CCCCCCC(C)(C)c1ccc(-c2c(C)cccc2C)c(O)c1,c1ccc(-c2ccccc2)cc1,2
scaffold,CCCCCCC(C)(C)c1ccc(-c2cc(C)cc(C)c2)c(C(N)=O)c1,c1ccc(-c2ccccc2)cc1,2
scaffold,CCCCCCC(C)(C)c1ccc(-c2cc(C)cc(C)c2)c(CN)c1,c1ccc(-c2ccccc2)cc1,2
scaffold,CCCCCCC(C)(C)c1ccc(-c2cc(C)cc(C)c2)c(CO)c1,c1ccc(-c2ccccc2)cc1,2
scaffold,CCCCCCC(C)(C)c1ccc(-c2cc(C)cc(C)c2)c(N)c1,c1ccc(-c2ccccc2)cc1,2
scaffold,CCCCCCC(C)(C)c1ccc(-c2cc(C)cc(C)c2)c(O)c1,c1ccc(-c2ccccc2)cc1,2
scaffold,CCCCCCC(C)(C)c1ccc(-c2cc(C)cc(C)c2)c(OC)c1,c1ccc(-c2ccccc2)cc1,2
scaffold,CCCCCCC(C)(C)c1ccc(-c2cc(C)ccc2C)c(O)c1,c1ccc(-c2ccccc2)cc1,2
scaffold,CCCCCCC(C)(C)c1ccc(-c2ccc(C)c(C)c2)c(O)c1,c1ccc(-c2ccccc2)cc1,2
scaffold,CCCCCCC(C)(C)c1ccc(-c2ccc(N)cc2)c(O)c1,c1ccc(-c2ccccc2)cc1,2
scaffold,CCCCCCC(C)(C)c1ccc(-c2ccc(OC)c(OC)c2)c(O)c1,c1ccc(-c2ccccc2)cc1,2
scaffold,CCCCCCC(C)(C)c1ccc(-c2cccc(C#N)c2)c(O)c1,c1ccc(-c2ccccc2)cc1,2
scaffold,CCCCCCC(C)(C)c1ccc(-c2cccc(C)c2C)c(O)c1,c1ccc(-c2ccccc2)cc1,2
scaffold,CCCCCCC(C)(C)c1ccc(-c2cccc(N)c2)c(O)c1,c1ccc(-c2ccccc2)cc1,2
scaffold,CCCCCCC(C)(C)c1ccc(-c2cccc(OC)c2)c(O)c1,c1ccc(-c2ccccc2)cc1,2
scaffold,CCCCCCC(C)(C)c1ccc(-c2cccc(OC)c2OC)c(O)c1,c1ccc(-c2ccccc2)cc1,2
scaffold,CCCCCCC(C)(C)c1ccc(-c2ccccc2N)c(O)c1,c1ccc(-c2ccccc2)cc1,2
scaffold,CCCCCCC(C)(C)c1ccc(-c2ccccc2OC)c(O)c1,c1ccc(-c2ccccc2)cc1,2
scaffold,CCCCCCC(C)(C)c1ccc(-c2cccnc2)c(O)c1,c1ccc(-c2cccnc2)cc1,2
scaffold,CCCCCCC1(c2cc(O)c3c(c2)OC(C)(C)[C@@H]2CC=C(C)C[C@@H]32)CC1,C1=CCC2c3ccc(C4CC4)cc3OCC2C1,2
scaffold,CCCCCCC1(c2cc(O)c3c(c2)OC(C)(C)[C@@H]2CC=C(C)C[C@@H]32)CC1(Cl)Cl,C1=CCC2c3ccc(C4CC4)cc3OCC2C1,2
scaffold,CCCCCCC1(c2cc(O)c3c(c2)OC(C)(C)[C@@H]2CCC(=O)C[C@@H]32)CCC1,O=C1CCC2COc3cc(C4CCC4)ccc3C2C1,2
scaffold,CCCCCCC1CCCc2c1cc1c(c2O)[C@@H]2CC(C)=CC[C@H]2C(C)(C)O1,C1=CCC2c3cc4c(cc3OCC2C1)CCCC4,2
scaffold,CCCCCCCC(=O)N(Cc1ccc(N(CC)CC)cc1)[C@]12C[C@H]3C[C@H](C[C@H](C3)C1)C2,c1ccc(CNC23CC4CC(CC(C4)C2)C3)cc1,2
scaffold,CCCCCCCC/C=C\CCCCCCCC(=O)N[C@@H]1C[C@@H]1O,C1CC1,2
scaffold,CCCCCCCCCCCCCCCC(=O)N[C@H]1C[C@@H]1O,C1CC1,2
scaffold,CCCCCCCCCCCCCCCC(=O)N[C@H]1C[C@H]1O,C1CC1,2
scaffold,CCCCCCCCCCC[C@@H](C[C@@H]1OC(=O)[C@H]1CCCCCC)OC(=O)CCNC=O,O=C1CCO1,2
scaffold,CCCCCC[Si](C)(C)c1cc(O)c([C@H]2C=C(CO)[C@H]3C[C@@H]2C3(C)C)c(O)c1,C1=CC(c2ccccc2)C2CC1C2,2
scaffold,CCCCCC[Si](C)(C)c1cc(O)c2c(c1)OC(C)(C)c1ccc(C)cc1-2,c1ccc2c(c1)COc1ccccc1-2,2
scaffold,CCCCCC[Si](C)(C)c1cc(O)c2c(c1)OC(C)(C)c1ccc(CO)cc1-2,c1ccc2c(c1)COc1ccccc1-2,2
scaffold,CCCCCC[Si](C)(C)c1cc(OC)c([C@H]2C=C(CO)[C@H]3C[C@@H]2C3(C)C)c(OC)c1,C1=CC(c2ccccc2)C2CC1C2,2
scaffold,CCCCCCc1ccc(O)cc1OCCCCCCCCCCCCCCCC(=O)NC1CC1,O=C(CCCCCCCCCCCCCCCOc1ccccc1)NC1CC1,2
scaffold,CCCCCCn1c(C)c(C)cc(Oc2nc3ccccc3o2)c1=S,S=c1[nH]cccc1Oc1nc2ccccc2o1,2
scaffold,CCCCCCn1cc(C(=O)c2cccc3ccccc23)c(=O)c2ccccc21,O=C(c1c[nH]c2ccccc2c1=O)c1cccc2ccccc12,2
scaffold,CCCCCN1N=C(C(=O)NC(C)(C)c2ccc(F)cc2)CC1c1ccccc1,O=C(NCc1ccccc1)C1=NNC(c2ccccc2)C1,2
scaffold,CCCCCN1N=C(C(=O)NC2C3CC4CC(C3)CC2C4)CC1c1ccccc1,O=C(NC1C2CC3CC(C2)CC1C3)C1=NNC(c2ccccc2)C1,2
scaffold,CCCCCOC(=O)c1cc(O)c(-c2cc(C)cc(C)c2)c(O)c1,c1ccc(-c2ccccc2)cc1,2
scaffold,CCCCCOC(=O)c1cc(O)c(-c2cc(C)cc(C)c2)c(OC)c1,c1ccc(-c2ccccc2)cc1,2
scaffold,CCCCCOC(=O)c1cc(O)c(-c2ccccc2)c(O)c1,c1ccc(-c2ccccc2)cc1,2
scaffold,CCCCCOc1c(OC)ccc2c1C(=O)N(CCc1ccc(O)cc1)C2=O,O=C1c2ccccc2C(=O)N1CCc1ccccc1,2
scaffold,CCCCCOc1c(OC)ccc2cc(C(=O)NCCc3ccc(F)cc3)c(=O)[nH]c12,O=C(NCCc1ccccc1)c1cc2ccccc2[nH]c1=O,2
scaffold,CCCCCOc1c(OC)ccc2cc(C(=O)NCCc3ccc(F)cc3)c(=O)n(C)c12,O=C(NCCc1ccccc1)c1cc2ccccc2[nH]c1=O,2
scaffold,CCCCCOc1c(OC)ccc2cc(C(=O)NCCc3ccc(O)c(OC)c3)c(=O)[nH]c12,O=C(NCCc1ccccc1)c1cc2ccccc2[nH]c1=O,2
scaffold,CCCCCOc1c(OC)ccc2cc(C(=O)NCCc3ccccc3F)c(=O)[nH]c12,O=C(NCCc1ccccc1)c1cc2ccccc2[nH]c1=O,2
scaffold,CCCCCOc1c(OC)ccc2cc(C(=O)NCc3ccc4c(c3)OCO4)c(=O)n(C)c12,O=C(NCc1ccc2c(c1)OCO2)c1cc2ccccc2[nH]c1=O,2
scaffold,CCCCCOc1ccc2cc(C(=O)NCCc3ccc(F)cc3)c(=O)[nH]c2c1OCCCCC,O=C(NCCc1ccccc1)c1cc2ccccc2[nH]c1=O,2
scaffold,CCCCCOc1ccccc1-c1cc(C(=O)NC2CCCC2)no1,O=C(NC1CCCC1)c1cc(-c2ccccc2)on1,2
scaffold,CCCCCn1c(-c2ccccc2)c(C(=O)NC23CC4CC(C)(CC(C)(C4)C2)C3)c(=O)c2ccccc21,O=C(NC12CC3CC(CC(C3)C1)C2)c1c(-c2ccccc2)[nH]c2ccccc2c1=O,2
scaffold,CCCCCn1c(-c2ccccc2)c(C(=O)NC23CC4CC(CC(C4)C2)C3)c(=O)c2ccccc21,O=C(NC12CC3CC(CC(C3)C1)C2)c1c(-c2ccccc2)[nH]c2ccccc2c1=O,2
scaffold,CCCCCn1c(C)c(C)cc(Oc2nc3ccccc3o2)c1=S,S=c1[nH]cccc1Oc1nc2ccccc2o1,2
scaffold,CCCCCn1c2ccccc2c2cc(C(=O)CN3CCN(C)CC3)ccc21,O=C(CN1CCNCC1)c1ccc2[nH]c3ccccc3c2c1,2
scaffold,CCCCCn1c2ccccc2c2cc(C(=O)N(CC)CC)ccc21,c1ccc2c(c1)[nH]c1ccccc12,2
scaffold,CCCCCn1c2ccccc2c2cc(C(=O)N3CCCCC3)ncc21,O=C(c1cc2c(cn1)[nH]c1ccccc12)N1CCCCC1,2
scaffold,CCCCCn1c2ccccc2c2cc(C(=O)NCC(C)(C)C)ncc21,c1ccc2c(c1)[nH]c1cnccc12,2
scaffold,CCCCCn1c2ccccc2c2cc(C(=O)OCC)ncc21,c1ccc2c(c1)[nH]c1cnccc12,2
scaffold,CCCCCn1c2ccccc2c2cc(C(=O)OCc3ccccn3)ccc21,O=C(OCc1ccccn1)c1ccc2[nH]c3ccccc3c2c1,2
scaffold,CCCCCn1c2ccccc2c2cc(C(=S)N3CCCCC3)ccc21,S=C(c1ccc2[nH]c3ccccc3c2c1)N1CCCCC1,2
scaffold,CCCCCn1cc(C(=O)NC(C)C23CC4CC(CC(C4)C2)C3)c(=O)cc1-c1ccccc1,O=C(NCC12CC3CC(CC(C3)C1)C2)c1c[nH]c(-c2ccccc2)cc1=O,2
scaffold,CCCCCn1cc(C(=O)NC23CC4CC(C)(CC(C)(C4)C2)C3)c(=O)c2c(C)nn(C)c21,O=C(NC12CC3CC(CC(C3)C1)C2)c1c[nH]c2[nH]ncc2c1=O,2
scaffold,CCCCCn1cc(C(=O)NC23CC4CC(C)(CC(C)(C4)C2)C3)c(=O)c2cnccc21,O=C(NC12CC3CC(CC(C3)C1)C2)c1c[nH]c2ccncc2c1=O,2
scaffold,CCCCCn1cc(C(=O)NC23CC4CC(CC(C4)C2)C3)c(=O)c2c(C(C)(C)C)nn(C)c21,O=C(NC12CC3CC(CC(C3)C1)C2)c1c[nH]c2[nH]ncc2c1=O,2
scaffold,CCCCCn1cc(C(=O)NC23CC4CC(CC(C4)C2)C3)c(=O)c2c(C)nn(C)c21,O=C(NC12CC3CC(CC(C3)C1)C2)c1c[nH]c2[nH]ncc2c1=O,2
scaffold,CCCCCn1cc(C(=O)NC23CC4CC(CC(C4)C2)C3)c(=O)c2c(C)noc21,O=C(NC12CC3CC(CC(C3)C1)C2)c1c[nH]c2oncc2c1=O,2
scaffold,CCCCCn1cc(C(=O)NC23CC4CC(CC(C4)C2)C3)c(=O)c2c(CC)nn(C)c21,O=C(NC12CC3CC(CC(C3)C1)C2)c1c[nH]c2[nH]ncc2c1=O,2
scaffold,CCCCCn1cc(C(=O)NC23CC4CC(CC(C4)C2)C3)c(=O)c2cc(-c3c(C)noc3C)ccc21,O=C(NC12CC3CC(CC(C3)C1)C2)c1c[nH]c2ccc(-c3cnoc3)cc2c1=O,2
scaffold,CCCCCn1cc(C(=O)NC23CC4CC(CC(C4)C2)C3)c(=O)c2cc(-c3ccc(-c4ccccc4)cc3)ccc21,O=C(NC12CC3CC(CC(C3)C1)C2)c1c[nH]c2ccc(-c3ccc(-c4ccccc4)cc3)cc2c1=O,2
scaffold,CCCCCn1cc(C(=O)NC23CC4CC(CC(C4)C2)C3)c(=O)c2cc(CCc3ccccc3)ccc21,O=C(NC12CC3CC(CC(C3)C1)C2)c1c[nH]c2ccc(CCc3ccccc3)cc2c1=O,2
scaffold,CCCCCn1cc(C(=O)NC23CC4CC(CC(C4)C2)C3)c(=O)c2cnn(C)c21,O=C(NC12CC3CC(CC(C3)C1)C2)c1c[nH]c2[nH]ncc2c1=O,2
scaffold,CCCCCn1cc(C(=O)NC23CC4CC(CC(C4)C2)C3)c(=O)n2nc(-c3cc(C)cs3)cc12,O=C(NC12CC3CC(CC(C3)C1)C2)c1c[nH]c2cc(-c3cccs3)nn2c1=O,2
scaffold,CCCCCn1cc(C(=O)NC23CC4CC(CC(C4)C2)C3)c(=O)n2nc(-c3ccc(C)s3)cc12,O=C(NC12CC3CC(CC(C3)C1)C2)c1c[nH]c2cc(-c3cccs3)nn2c1=O,2
scaffold,CCCCCn1cc(C(=O)NC23CC4CC(CC(C4)C2)C3)c(=O)n2nc(-c3cccs3)cc12,O=C(NC12CC3CC(CC(C3)C1)C2)c1c[nH]c2cc(-c3cccs3)nn2c1=O,2
scaffold,CCCCCn1cc(C(=O)NC2C(C)(C)[C@@H]3CC[C@@]2(C)C3)c(=O)c2cc(-c3ccco3)ccc21,O=C(NC1CC2CCC1C2)c1c[nH]c2ccc(-c3ccco3)cc2c1=O,2
scaffold,CCCCCn1cc(C(=O)NC2C3CC4CC(C3)CC2C4)c(=O)cc1C,O=C(NC1C2CC3CC(C2)CC1C3)c1c[nH]ccc1=O,2
scaffold,CCCCCn1cc(C(=O)NC2C3CC4CC(C3)CC2C4)c(=O)cc1C(C)(C)C,O=C(NC1C2CC3CC(C2)CC1C3)c1c[nH]ccc1=O,2
scaffold,CCCCCn1cc(C(=O)NC2CCCCC2)c(=O)c2c(-c3ccc(Cl)cc3)nn(C)c21,O=C(NC1CCCCC1)c1c[nH]c2[nH]nc(-c3ccccc3)c2c1=O,2
scaffold,CCCCCn1cc(C(=O)NC2CCCCC2)c(=O)c2c(C)noc21,O=C(NC1CCCCC1)c1c[nH]c2oncc2c1=O,2
scaffold,CCCCCn1cc(C(=O)NC2CCCCC2)c(=O)cc1C,O=C(NC1CCCCC1)c1c[nH]ccc1=O,2
scaffold,CCCCCn1cc(C(=O)NC2CCCCC2)c(=O)cc1C(C)(C)C,O=C(NC1CCCCC1)c1c[nH]ccc1=O,2
scaffold,CCCCCn1cc(C(=O)NC2CCCCCC2)c(=O)c2c(-c3ccc(Cl)cc3)nn(C)c21,O=C(NC1CCCCCC1)c1c[nH]c2[nH]nc(-c3ccccc3)c2c1=O,2
scaffold,CCCCCn1cc(C(=O)NC2CCCCCC2)c(=O)c2c(C)csc21,O=C(NC1CCCCCC1)c1c[nH]c2sccc2c1=O,2
scaffold,CCCCCn1cc(C(=O)NC2CCCCCC2)c(=O)n2nc(-c3ccc(C)cc3)nc12,O=C(NC1CCCCCC1)c1c[nH]c2nc(-c3ccccc3)nn2c1=O,2
scaffold,CCCCCn1cc(C(=O)NC2CCCCCC2)c(=O)n2nc(-c3ccccc3)nc12,O=C(NC1CCCCCC1)c1c[nH]c2nc(-c3ccccc3)nn2c1=O,2
scaffold,CCCCCn1cc(C(=O)NC2CN3CCC2CC3)c(=O)c2ccc(Sc3ccccc3)cc21,O=C(NC1CN2CCC1CC2)c1c[nH]c2cc(Sc3ccccc3)ccc2c1=O,2
scaffold,CCCCCn1cc(C(=O)NCC23CC4CC(C)(CC(C)(C4)C2)C3)c(=O)cc1-c1ccccc1,O=C(NCC12CC3CC(CC(C3)C1)C2)c1c[nH]c(-c2ccccc2)cc1=O,2
scaffold,CCCCCn1cc(C(=O)NCC23CC4CC(CC(C4)C2)C3)c(=O)cc1-c1ccccc1,O=C(NCC12CC3CC(CC(C3)C1)C2)c1c[nH]c(-c2ccccc2)cc1=O,2
scaffold,CCCCCn1cc(C(=O)NCCc2ccccc2)c(=O)c2ccccc21,O=C(NCCc1ccccc1)c1c[nH]c2ccccc2c1=O,2
scaffold,CCCCCn1cc(C(=O)NN2CCCCC2)c(=O)c2cc(Br)ccc21,O=C(NN1CCCCC1)c1c[nH]c2ccccc2c1=O,2
scaffold,CCCCCn1cc(C(=O)NOCc2ccccc2)c(=O)c2ccc(Sc3ccccc3)cc21,O=C(NOCc1ccccc1)c1c[nH]c2cc(Sc3ccccc3)ccc2c1=O,2
scaffold,CCCCCn1cc(C(=O)N[C@@H]2CCCc3ccccc32)c(=O)cc1-c1ccccc1,O=C(NC1CCCc2ccccc21)c1c[nH]c(-c2ccccc2)cc1=O,2
scaffold,CCCCCn1cc(C(=O)N[C@H](C)c2ccccc2)c(=O)c2ccc(N3CCCC3)cc21,O=C(NCc1ccccc1)c1c[nH]c2cc(N3CCCC3)ccc2c1=O,2
scaffold,CCCCCn1cc(C(=O)N[C@H]2C(C)(C)[C@H]3CC[C@]2(C)C3)c(=O)c2cc(-c3ccco3)ccc21,O=C(NC1CC2CCC1C2)c1c[nH]c2ccc(-c3ccco3)cc2c1=O,2
scaffold,CCCCCn1cc(C(=O)N[C@H]2CCCc3ccccc32)c(=O)cc1-c1ccccc1,O=C(NC1CCCc2ccccc21)c1c[nH]c(-c2ccccc2)cc1=O,2
scaffold,CCCCCn1cc(C(=O)Nc2cccc3ccccc23)c2ccccc21,O=C(Nc1cccc2ccccc12)c1c[nH]c2ccccc12,2
scaffold,CCCCCn1cc(C(=O)Nc2ccccc2)c(=O)cc1C(C)(C)C,O=C(Nc1ccccc1)c1c[nH]ccc1=O,2
scaffold,CCCCCn1cc(C(=O)c2c3ccccc3cc3ccccc23)c(=O)c2ccccc21,O=C(c1c[nH]c2ccccc2c1=O)c1c2ccccc2cc2ccccc12,2
scaffold,CCCCCn1cc(C(=O)c2cccc3ccccc23)c(=O)c2ccccc21,O=C(c1c[nH]c2ccccc2c1=O)c1cccc2ccccc12,2
scaffold,CCCCCn1cc(C(=O)c2cccc3ccccc23)c2ccncc21,O=C(c1cccc2ccccc12)c1c[nH]c2cnccc12,2
scaffold,CCCCCn1cc(CC(=O)NC23CC4CC(CC(C4)C2)C3)c2cc(-c3ccco3)ccc21,O=C(Cc1c[nH]c2ccc(-c3ccco3)cc12)NC12CC3CC(CC(C3)C1)C2,2
scaffold,CCCCCn1cc(CNC23CC4CC(CC(C4)C2)C3)c(=O)c2ccccc21,O=c1c(CNC23CC4CC(CC(C4)C2)C3)c[nH]c2ccccc12,2
scaffold,CCCCCn1cc(NC(=O)OC(C)(C)C)c(=O)cc1-c1ccccc1,O=c1cc[nH]c(-c2ccccc2)c1,2
scaffold,CCCCCn1cc2c(=O)n(CCC3CCCCC3)nc-2c2ccccc21,O=c1c2c[nH]c3ccccc3c-2nn1CCC1CCCCC1,2
scaffold,CCCCCn1nc(C(=O)NC23CC4CC(C)(CC(C)(C4)C2)C3)c(=O)c2ccccc21,O=C(NC12CC3CC(CC(C3)C1)C2)c1n[nH]c2ccccc2c1=O,2
scaffold,CCCCCn1nc(C(=O)NC23CC4CC(CC(C4)C2)C3)c(C)c1-c1ccccc1,O=C(NC12CC3CC(CC(C3)C1)C2)c1cc(-c2ccccc2)[nH]n1,2
scaffold,CCCCN(C)C(=O)c1ccc2c(c1)c1c(n2S(=O)(=O)CC)CN(C2CCCC2)C1,c1ccc2c3c([nH]c2c1)CN(C1CCCC1)C3,2
scaffold,CCCCN(CCCC)c1ccc(C(NC(=O)Cc2ccccc2)NC(=O)Cc2ccccc2)cc1,O=C(Cc1ccccc1)NC(NC(=O)Cc1ccccc1)c1ccccc1,2
scaffold,CCCCOC(=O)c1cc(O)c(-c2cc(C)cc(C)c2)c(O)c1,c1ccc(-c2ccccc2)cc1,2
scaffold,CCCCOc1c(OC)c([N+](=O)[O-])cc2cc(C(=O)NCCc3ccc(F)cc3)c(=O)[nH]c12,O=C(NCCc1ccccc1)c1cc2ccccc2[nH]c1=O,2
scaffold,CCCCOc1c(OC)ccc2cc(C(=O)NCC(F)c3ccccc3)c(=O)[nH]c12,O=C(NCCc1ccccc1)c1cc2ccccc2[nH]c1=O,2
scaffold,CCCCOc1c(OC)ccc2cc(C(=O)NCCc3ccc(F)cc3)c(=O)[nH]c12,O=C(NCCc1ccccc1)c1cc2ccccc2[nH]c1=O,2
scaffold,CCCCOc1c(OC)ccc2cc(C(=O)NCCc3ccccc3)c(=O)[nH]c12,O=C(NCCc1ccccc1)c1cc2ccccc2[nH]c1=O,2
scaffold,CCCC[Si](C)(C)c1cc(O)c2c(c1)OC(C)(C)c1ccc(C)cc1-2,c1ccc2c(c1)COc1ccccc1-2,2
scaffold,CCCC[Si](C)(C)c1cc(O)c2c(c1)OC(C)(C)c1ccc(CO)cc1-2,c1ccc2c(c1)COc1ccccc1-2,2
scaffold,CCCC[Si](C)(C)c1cc(OC)c([C@H]2C=C(CO)[C@H]3C[C@@H]2C3(C)C)c(OC)c1,C1=CC(c2ccccc2)C2CC1C2,2
scaffold,CCCCc1c(C(=O)NC23CC4CC(CC(C4)C2)C3)nc(C)n1-c1ccccc1,O=C(NC12CC3CC(CC(C3)C1)C2)c1cn(-c2ccccc2)cn1,2
scaffold,CCCCc1cc2c(O)cc(C3(CCCC)CCCCC3)cc2oc1=O,O=c1ccc2ccc(C3CCCCC3)cc2o1,2
scaffold,CCCCn1/c(=N/C(=O)c2cc(C(F)(F)F)ccc2OCC(C)(C)O)sc2ncccc21,O=C(N=c1[nH]c2cccnc2s1)c1ccccc1,2
scaffold,CCCCn1/c(=N/C(=O)c2cc(C(F)(F)F)ccc2OC[C@@H]2CCCN2C)sc2ccncc21,O=C(N=c1[nH]c2cnccc2s1)c1ccccc1OCC1CCCN1,2
scaffold,CCCCn1/c(=N/C(=O)c2cc(C(F)(F)F)ccc2OC[C@H](C)O)sc2ncccc21,O=C(N=c1[nH]c2cccnc2s1)c1ccccc1,2
scaffold,CCCCn1c(C)c(C)cc(NC(=O)c2ccc3ccccc3c2)c1=O,O=C(Nc1ccc[nH]c1=O)c1ccc2ccccc2c1,2
scaffold,CCCCn1c(C)c(C)cc(Oc2nc3ccccc3o2)c1=S,S=c1[nH]cccc1Oc1nc2ccccc2o1,2
scaffold,CCCCn1cc(C(=O)c2cccc3ccccc23)c(=O)c2ccccc21,O=C(c1c[nH]c2ccccc2c1=O)c1cccc2ccccc12,2
scaffold,CCCCn1cc(C(C)(C)C)s/c1=N\C(=O)c1cc(C(F)(F)F)ccc1OC[C@@H]1CCCN1C,O=C(N=c1[nH]ccs1)c1ccccc1OCC1CCCN1,2
scaffold,CCCCn1cc(C)cc(Oc2nc3ccccc3o2)c1=S,S=c1[nH]cccc1Oc1nc2ccccc2o1,2
scaffold,CCCCn1ccc(C)c(Oc2nc3ccccc3o2)c1=S,S=c1[nH]cccc1Oc1nc2ccccc2o1,2
scaffold,CCCCn1cccc(Oc2nc3ccccc3o2)c1=S,S=c1[nH]cccc1Oc1nc2ccccc2o1,2
scaffold,CCCCn1nc(C(=O)N[C@@H](Cc2ccccc2)C(N)=O)c2ccccc21,O=C(NCCc1ccccc1)c1n[nH]c2ccccc12,2
scaffold,CCCCn1nc(C(C)(C)C)s/c1=N\C(=O)c1cc(C(F)(F)F)ccc1ON=C1CCCC1,O=C(N=c1[nH]ncs1)c1ccccc1ON=C1CCCC1,2
scaffold,CCCN(C)C(=O)c1ccc2c(c1)nc(Cc1ccc(OCC)cc1)n2CC1CC1,c1ccc(Cc2nc3ccccc3n2CC2CC2)cc1,2
scaffold,CCCN(CCC)C(=O)c1ccc2c(c1)nc(Cc1ccc(OCC)cc1)n2CC1CC1,c1ccc(Cc2nc3ccccc3n2CC2CC2)cc1,2
scaffold,CCCN(CCC)c1ccc(C(NC(=O)Cc2ccccc2)NC(=O)Cc2ccccc2)cc1,O=C(Cc1ccccc1)NC(NC(=O)Cc1ccccc1)c1ccccc1,2
scaffold,CCCN1CC(C)(C)CS/C1=N\c1ccccc1C(C)C,c1ccc(N=C2NCCCS2)cc1,2
scaffold,CCCNC(=O)c1c(NC(=O)C23CC4CC(CC(C4)O2)C3)sc2c1CCOC2,O=C(Nc1cc2c(s1)COCC2)C12CC3CC(CC(C3)O1)C2,2
scaffold,CCCOc1c(OC)ccc2cc(C(=O)NCCc3ccccc3)c(=O)[nH]c12,O=C(NCCc1ccccc1)c1cc2ccccc2[nH]c1=O,2
scaffold,CCCSC(=S)N1CC(C)(C)CS/C1=N\c1ccccc1C(C)C,c1ccc(N=C2NCCCS2)cc1,2
scaffold,CCCc1ccc(O)c(-c2cc(CCC)ccc2O)c1,c1ccc(-c2ccccc2)cc1,2
scaffold,CCCc1ccccc1/N=C1\SCC(C)(C)CN1C(=S)SC,c1ccc(N=C2NCCCS2)cc1,2
scaffold,CCCn1c(C)c(C(=O)c2ccc3ccccc3c2)c2ccccc21,O=C(c1ccc2ccccc2c1)c1c[nH]c2ccccc12,2
scaffold,CCCn1c(C)c(C)cc(Oc2nc3ccccc3o2)c1=S,S=c1[nH]cccc1Oc1nc2ccccc2o1,2
scaffold,CCN(CC)C(=O)c1ccc2c(c1)nc(Nc1ccc(Oc3ccccc3)cc1)n2CCC(C)C,c1ccc(Oc2ccc(Nc3nc4ccccc4[nH]3)cc2)cc1,2
scaffold,CCN(CC)C1(c2nc(-c3cc(C(C)(C)C)c(O)c(C(C)(C)C)c3)cs2)CCOCC1,c1ccc(-c2csc(C3CCOCC3)n2)cc1,2
scaffold,CCN(CC)c1ccc(C(NC(=O)Cc2ccccc2)NC(=O)Cc2ccccc2)cc1,O=C(Cc1ccccc1)NC(NC(=O)Cc1ccccc1)c1ccccc1,2
scaffold,CCN(CC)c1ccc(C(NC(=O)c2ccccc2)NC(=O)c2ccccc2)cc1,O=C(NC(NC(=O)c1ccccc1)c1ccccc1)c1ccccc1,2
scaffold,CCN(CC)c1ccc(CN(C(=O)Cc2ccc(Cl)cc2)[C@]23C[C@H]4C[C@H](C[C@H](C4)C2)C3)cc1,O=C(Cc1ccccc1)N(Cc1ccccc1)C12CC3CC(CC(C3)C1)C2,2
scaffold,CCN(CC)c1ccc(CN(C(=O)Cc2ccccc2)[C@]23C[C@H]4C[C@H](C[C@H](C4)C2)C3)cc1,O=C(Cc1ccccc1)N(Cc1ccccc1)C12CC3CC(CC(C3)C1)C2,2
scaffold,CCN(CC)c1ccc(CN(Cc2ccccc2)S(=O)(=O)c2ccc3ccccc3c2)cc1,O=S(=O)(c1ccc2ccccc2c1)N(Cc1ccccc1)Cc1ccccc1,2
scaffold,CCN(CC)c1ccc(CN(Cc2ccco2)S(=O)(=O)c2ccc(C(C)C)cc2)cc1,O=S(=O)(c1ccccc1)N(Cc1ccccc1)Cc1ccco1,2
scaffold,CCN(CC)c1ccc(CN(Cc2ccco2)S(=O)(=O)c2ccc(C)cc2)cc1,O=S(=O)(c1ccccc1)N(Cc1ccccc1)Cc1ccco1,2
scaffold,CCN(CC)c1ccc(CN(Cc2ccco2)S(=O)(=O)c2ccc(OC)cc2)cc1,O=S(=O)(c1ccccc1)N(Cc1ccccc1)Cc1ccco1,2
scaffold,CCN(CC)c1ccc(CN[C@]23C[C@H]4C[C@H](C[C@H](C4)C2)C3)cc1,c1ccc(CNC23CC4CC(CC(C4)C2)C3)cc1,2
scaffold,CCN1CC(C)(C)CS/C1=N\c1ccccc1C(C)C,c1ccc(N=C2NCCCS2)cc1,2
scaffold,CCN1CCN(c2nc(C)nc3[nH]c(-c4ccccc4Cl)nc23)CC1,c1ccc(-c2nc3c(N4CCNCC4)ncnc3[nH]2)cc1,2
scaffold,CCN1CCN(c2nc(C)nc3sc(-c4ccccc4)cc23)CC1,c1ccc(-c2cc3c(N4CCNCC4)ncnc3s2)cc1,2
scaffold,CCNC(=O)NC1CCCOc2c1nn(-c1ccccc1Cl)c2-c1ccc(Cl)cc1,c1ccc(-c2c3c(nn2-c2ccccc2)CCCCO3)cc1,2
scaffold,CCNC(=O)c1ccc2c(c1)nc(Cc1ccc(OCC)cc1)n2CC1CC1,c1ccc(Cc2nc3ccccc3n2CC2CC2)cc1,2
scaffold,CCOC(=O)/C(=C/c1cn(CCN2CCCCC2)c2ccccc12)C(=O)c1ccccc1,O=C(C=Cc1cn(CCN2CCCCC2)c2ccccc12)c1ccccc1,2
scaffold,CCOC(=O)C(C)(C)c1cc(O)c(-c2cc(C)cc(C)c2)c(O)c1,c1ccc(-c2ccccc2)cc1,2
scaffold,CCOC(=O)C(C)(C)c1cc(O)c(-c2cc(C)cc(C)c2)c(OC)c1,c1ccc(-c2ccccc2)cc1,2
scaffold,CCOC(=O)C(C)(C)c1cc(O)c(-c2cc(Cl)cc(Cl)c2)c(O)c1,c1ccc(-c2ccccc2)cc1,2
scaffold,CCOC(=O)C(C)(C)c1cc(O)c(-c2cc(Cl)cc(Cl)c2)c(OC)c1,c1ccc(-c2ccccc2)cc1,2
scaffold,CCOC(=O)C(C)(C)c1cc(O)c(-c2cccc(C#N)c2)c(O)c1,c1ccc(-c2ccccc2)cc1,2
scaffold,CCOC(=O)C(C)(C)c1cc(OC)c(-c2cc(C)cc(C)c2)c(OC)c1,c1ccc(-c2ccccc2)cc1,2
scaffold,CCOC(=O)C(C)(C)c1cc(OC)c(-c2cc(Cl)cc(Cl)c2)c(OC)c1,c1ccc(-c2ccccc2)cc1,2
scaffold,CCOC(=O)C(CC)(CC)NC(=O)c1ccc(C2CCCC2)c(OCC2CC2)n1,c1cnc(OCC2CC2)c(C2CCCC2)c1,2
scaffold,CCOC(=O)CNC(=O)/C=C/C=C/c1ccc2c(c1)OCCO2,c1ccc2c(c1)OCCO2,2
scaffold,CCOC(=O)N1CC(C)(C)CS/C1=N\c1ccccc1C(C)C,c1ccc(N=C2NCCCS2)cc1,2
scaffold,CCOC(=O)N1CCC(N[C@H]2CCCOc3c2nn(-c2ccccc2Cl)c3-c2ccc(Cl)cc2)CC1,c1ccc(-c2c3c(nn2-c2ccccc2)C(NC2CCNCC2)CCCO3)cc1,2
scaffold,CCOC(=O)c1c(NS(=O)(=O)c2ccccc2)sc2c1CCCC2,O=S(=O)(Nc1cc2c(s1)CCCC2)c1ccccc1,2
scaffold,CCOC(=S)N1CC(C)(C)CS/C1=N\c1ccccc1C(C)C,c1ccc(N=C2NCCCS2)cc1,2
scaffold,CCOCC(=O)NC1CCCOc2c1nn(-c1ccccc1Cl)c2-c1ccc(Cl)cc1,c1ccc(-c2c3c(nn2-c2ccccc2)CCCCO3)cc1,2
scaffold,CCOCCn1cc(C(=O)NCCc2ccccc2)c(=O)c2cccc(OC)c21,O=C(NCCc1ccccc1)c1c[nH]c2ccccc2c1=O,2
scaffold,CCOc1c(OC)ccc2cc(C(=O)NCc3ccc4c(c3)OCO4)c(=O)[nH]c12,O=C(NCc1ccc2c(c1)OCO2)c1cc2ccccc2[nH]c1=O,2
scaffold,CCOc1ccc(C(NC(=O)Cc2ccccc2)NC(=O)Cc2ccccc2)cc1,O=C(Cc1ccccc1)NC(NC(=O)Cc1ccccc1)c1ccccc1,2
scaffold,CCOc1ccc(Cc2nc3cc(C(=O)N(CC(F)(F)F)CC(F)(F)F)ccc3n2CC2CC2)cc1,c1ccc(Cc2nc3ccccc3n2CC2CC2)cc1,2
scaffold,CCOc1ccc(Cc2nc3cc(C(=O)N(CC)CC)ccc3n2CC2CC2)cc1,c1ccc(Cc2nc3ccccc3n2CC2CC2)cc1,2
scaffold,CCOc1ccc(Cc2nc3cc(C(=O)N(CC)CC)ccc3n2CC2CCNCC2)cc1,c1ccc(Cc2nc3ccccc3n2CC2CCNCC2)cc1,2
scaffold,CCOc1ccc(Cc2nc3cc(C(=O)N(CC)CC)ccc3n2CCCCNc2c3c(nc4ccccc24)CCCC3)cc1,c1ccc(Cc2nc3ccccc3n2CCCCNc2c3c(nc4ccccc24)CCCC3)cc1,2
scaffold,CCOc1ccc(Cc2nc3cc(C(=O)N(CC)CC)ccc3n2Cc2ccccn2)cc1,c1ccc(Cc2nc3ccccc3n2Cc2ccccn2)cc1,2
scaffold,CCOc1ccc(Cc2nc3cc(C(=O)NCCSSCCNc4c5c(nc6ccccc46)CCCC5)ccc3n2CCC(C)C)cc1,O=C(NCCSSCCNc1c2c(nc3ccccc13)CCCC2)c1ccc2[nH]c(Cc3ccccc3)nc2c1,2
scaffold,CCOc1ccc(Cc2nc3cc(N(C)C(=O)CC(C)C)ccc3n2CC2CC2)cc1,c1ccc(Cc2nc3ccccc3n2CC2CC2)cc1,2
scaffold,CCOc1ccc(Cc2nc3cc(N(C)C(=O)N(C)C)ccc3n2CC2CC2)cc1,c1ccc(Cc2nc3ccccc3n2CC2CC2)cc1,2
scaffold,CCOc1ccc(Cc2nc3cc(N(C)C(=O)N(CC)CC)ccc3n2CC2CC2)cc1,c1ccc(Cc2nc3ccccc3n2CC2CC2)cc1,2
scaffold,CCOc1ccc(Cc2nc3cc(N(C)C(=O)NC(C)C)ccc3n2CC2CC2)cc1,c1ccc(Cc2nc3ccccc3n2CC2CC2)cc1,2
scaffold,CCOc1ccc(Cc2nc3cc(N(C)C(C)=O)ccc3n2CC2CC2)cc1,c1ccc(Cc2nc3ccccc3n2CC2CC2)cc1,2
scaffold,CCOc1ccc(Cc2nc3cc(NC)ccc3n2CC2CC2)cc1,c1ccc(Cc2nc3ccccc3n2CC2CC2)cc1,2
scaffold,CCOc1ccccc1/N=C1\SCC(C)(C)CN1C(=S)SC,c1ccc(N=C2NCCCS2)cc1,2
scaffold,CCS(=O)(=O)n1c2c(c3cc(C(=O)N(C)C(C)C)ccc31)CN(C1CCCC1)C2,c1ccc2c3c([nH]c2c1)CN(C1CCCC1)C3,2
scaffold,CCS(=O)(=O)n1c2c(c3cc(C(=O)N(C)CCC(C)C)ccc31)CN(C1CCCC1)C2,c1ccc2c3c([nH]c2c1)CN(C1CCCC1)C3,2
scaffold,CCS(=O)(=O)n1c2c(c3cc(C(=O)N4CCC(C)CC4)ccc31)CN(C1CCCCO1)C2,O=C(c1ccc2[nH]c3c(c2c1)CN(C1CCCCO1)C3)N1CCCCC1,2
scaffold,CCS(=O)(=O)n1c2c(c3cc(C(=O)N4CCC(C)CC4)ccc31)CN(CCC1CCCCC1)C2,O=C(c1ccc2[nH]c3c(c2c1)CN(CCC1CCCCC1)C3)N1CCCCC1,2
scaffold,CCSC(=O)N1CC(C)(C)CS/C1=N\c1ccccc1C(C)C,c1ccc(N=C2NCCCS2)cc1,2
scaffold,CCSC(=S)N1CC(C)(C)CS/C1=N\c1ccccc1C(C)C,c1ccc(N=C2NCCCS2)cc1,2
scaffold,CC[C@H]1CC[C@H](C(=O)c2cn(CCN3CCOCC3)c3ccccc23)CC1,O=C(c1cn(CCN2CCOCC2)c2ccccc12)C1CCCCC1,2
scaffold,CCc1c(C(=O)NC23CC4CC(CC(C4)C2)C3)nc(C)n1-c1ccccc1,O=C(NC12CC3CC(CC(C3)C1)C2)c1cn(-c2ccccc2)cn1,2
scaffold,CCc1c(C(=O)NC2CCCCC2)nn(-c2ccc(Cl)c(Cl)c2)c1-n1c(C)ccc1C,O=C(NC1CCCCC1)c1cc(-n2cccc2)n(-c2ccccc2)n1,2
scaffold,CCc1c(C(=O)NC2CCCCC2)nn(-c2ccc(Cl)c(Cl)c2)c1-n1cccc1,O=C(NC1CCCCC1)c1cc(-n2cccc2)n(-c2ccccc2)n1,2
scaffold,CCc1c(C(=O)NC2CCCCC2)nn(-c2ccc(Cl)cc2Cl)c1-n1c(C)ccc1C,O=C(NC1CCCCC1)c1cc(-n2cccc2)n(-c2ccccc2)n1,2
scaffold,CCc1c(C(=O)NC2CCCCC2)nn(-c2ccc(Cl)cc2Cl)c1-n1cccc1,O=C(NC1CCCCC1)c1cc(-n2cccc2)n(-c2ccccc2)n1,2
scaffold,CCc1c(C(=O)NN2CCCCC2)nc(-c2ccc(Cl)cc2Cl)n1-c1ccc(Cl)cc1,O=C(NN1CCCCC1)c1cn(-c2ccccc2)c(-c2ccccc2)n1,2
scaffold,CCc1ccc(CC)n1-c1c(C)c(C(=O)NC2CCCCC2)nn1-c1ccc(Cl)c(Cl)c1,O=C(NC1CCCCC1)c1cc(-n2cccc2)n(-c2ccccc2)n1,2
scaffold,CCc1ccccc1/N=C1\SCC(C)(C)CN1C(=S)SC,c1ccc(N=C2NCCCS2)cc1,2
scaffold,CCc1nc(C(=O)NC23CC4CC(CC(C4)C2)C3)c(C)n1-c1ccccc1,O=C(NC12CC3CC(CC(C3)C1)C2)c1cn(-c2ccccc2)cn1,2
scaffold,CCc1nc(C(=O)NC23CC4CC(CC(C4)C2)C3)cn1-c1ccccc1,O=C(NC12CC3CC(CC(C3)C1)C2)c1cn(-c2ccccc2)cn1,2
scaffold,CCn1c(C)c(C)cc(Oc2nc3ccccc3o2)c1=S,S=c1[nH]cccc1Oc1nc2ccccc2o1,2
scaffold,CCn1cc(C(=O)NC(C)C23CC4CC(CC(C4)C2)C3)c(=O)cc1-c1ccccc1,O=C(NCC12CC3CC(CC(C3)C1)C2)c1c[nH]c(-c2ccccc2)cc1=O,2
scaffold,CN(C)C1(c2nc(-c3cc(C(C)(C)C)c(O)c(C(C)(C)C)c3)cs2)CCOCC1,c1ccc(-c2csc(C3CCOCC3)n2)cc1,2
scaffold,CN(C)C1(c2nc(-c3cc(C(C)(C)C)c(O)c(C(C)(C)C)c3)cs2)CCSCC1,c1ccc(-c2csc(C3CCSCC3)n2)cc1,2
scaffold,CN(C)C1(c2nc(-c3cc(C(C)(C)C)cc(C(C)(C)C)c3)cs2)CCOCC1,c1ccc(-c2csc(C3CCOCC3)n2)cc1,2
scaffold,CN(C)c1ccc(/C=C2\N=C3SCCCN3C2=O)cc1,O=C1C(=Cc2ccccc2)N=C2SCCCN12,2
scaffold,CN(C)c1ccc(C(NC(=O)Cc2ccccc2)NC(=O)Cc2ccccc2)cc1,O=C(Cc1ccccc1)NC(NC(=O)Cc1ccccc1)c1ccccc1,2
scaffold,CN(Cc1ccccc1)C1CCN(c2ncnc3c2nc(-c2ccccc2Cl)n3-c2ccc(Cl)cc2)CC1,c1ccc(CNC2CCN(c3ncnc4c3nc(-c3ccccc3)n4-c3ccccc3)CC2)cc1,2
scaffold,CN1CCCCC1Cn1cc(C(=O)C2C(C)(C)C2(C)C)c2ccccc21,O=C(c1cn(CC2CCCCN2)c2ccccc12)C1CC1,2
scaffold,CN1CCCCC1Cn1cc(C(=O)c2cc([N+](=O)[O-])ccc2I)c2ccccc21,O=C(c1ccccc1)c1cn(CC2CCCCN2)c2ccccc12,2
scaffold,CNC(=O)CCC(C)(C)c1ccc(-c2cc(C)cc(C)c2)c(O)c1,c1ccc(-c2ccccc2)cc1,2
scaffold,CNC(=O)CCCCC(C)(C)c1ccc(-c2cc(C)cc(C)c2)c(O)c1,c1ccc(-c2ccccc2)cc1,2
scaffold,CNC1(c2nc(-c3cc(C(C)(C)C)c(O)c(C(C)(C)C)c3)cs2)CCOCC1,c1ccc(-c2csc(C3CCOCC3)n2)cc1,2
scaffold,COC(=O)C(C)(C)c1ccc(-c2cc(C)cc(C)c2)c(O)c1,c1ccc(-c2ccccc2)cc1,2
scaffold,COC(=O)CCC(C)(C)c1ccc(-c2cc(C)cc(C)c2)c(O)c1,c1ccc(-c2ccccc2)cc1,2
scaffold,COC(=O)CCCCC(C)(C)c1ccc(-c2cc(C)cc(C)c2)c(O)c1,c1ccc(-c2ccccc2)cc1,2
scaffold,COC(=O)c1c(C)noc1NC(=O)C12CC3CC(CC(C3)C1)C2,O=C(Nc1ccno1)C12CC3CC(CC(C3)C1)C2,2
scaffold,COC(=O)c1c(NC(=O)C23CC4CC(CC(C4)C2)C3)cnn1C,O=C(Nc1cn[nH]c1)C12CC3CC(CC(C3)C1)C2,2
scaffold,COC(=O)c1c(NC(=O)Oc2ccccc2)sc2c1CCCC2,O=C(Nc1cc2c(s1)CCCC2)Oc1ccccc1,2
scaffold,COC(=O)c1cc(O)c(-c2cc(C)cc(C)c2)c(O)c1,c1ccc(-c2ccccc2)cc1,2
scaffold,COC(=O)c1cc(O)c(-c2cc(C)cc(C)c2)c(OC)c1,c1ccc(-c2ccccc2)cc1,2
scaffold,COC(=O)c1nn(C)cc1NC(=O)C12CC3CC(CC(C3)C1)C2,O=C(Nc1cn[nH]c1)C12CC3CC(CC(C3)C1)C2,2
scaffold,COCC(=O)NC1CCCOc2c1nn(-c1ccccc1Cl)c2-c1ccc(Cl)cc1,c1ccc(-c2c3c(nn2-c2ccccc2)CCCCO3)cc1,2
scaffold,COCC(C)(NC(=O)c1ccc(N2CCCCC2)c(S(=O)(=O)N2CCCCC2)c1)C1CC1,O=C(NCC1CC1)c1ccc(N2CCCCC2)c(S(=O)(=O)N2CCCCC2)c1,2
scaffold,COCCn1cc(C(=O)Nc2cccc3ccccc23)c2ccccc21,O=C(Nc1cccc2ccccc12)c1c[nH]c2ccccc12,2
scaffold,COCCn1cc(C(=O)c2cccc3ccccc23)c2ccncc21,O=C(c1cccc2ccccc12)c1c[nH]c2cnccc12,2
scaffold,COc1c(Cc2ccc(F)cc2)cc(-c2ccc(F)cc2)cc1C(=O)N[C@H]1CC[C@@H](C)CC1,O=C(NC1CCCCC1)c1cc(Cc2ccccc2)cc(-c2ccccc2)c1,2
scaffold,COc1c(Cc2ccc(F)cc2)cc(-c2ccc(F)cc2)cc1C(=O)N[C@H]1CC[C@H](C)CC1,O=C(NC1CCCCC1)c1cc(Cc2ccccc2)cc(-c2ccccc2)c1,2
scaffold,COc1c(Cc2ccc(F)cc2)cc(-c2ccccc2)cc1C(=O)N[C@H]1CC[C@@H](C)CC1,O=C(NC1CCCCC1)c1cc(Cc2ccccc2)cc(-c2ccccc2)c1,2
scaffold,COc1c(Cc2ccc(F)cc2)cc(-c2ccccc2)cc1C(=O)N[C@H]1CC[C@H](C)CC1,O=C(NC1CCCCC1)c1cc(Cc2ccccc2)cc(-c2ccccc2)c1,2
scaffold,COc1c(Cc2ccccc2)cc(-c2ccccc2)cc1C(=O)N[C@H]1CC[C@@H](C)CC1,O=C(NC1CCCCC1)c1cc(Cc2ccccc2)cc(-c2ccccc2)c1,2
scaffold,COc1c(Cc2ccccc2)cc(-c2ccccc2)cc1C(=O)N[C@H]1CC[C@H](C)CC1,O=C(NC1CCCCC1)c1cc(Cc2ccccc2)cc(-c2ccccc2)c1,2
scaffold,COc1cc(C(=O)O)cc(OC)c1-c1cc(C)cc(C)c1,c1ccc(-c2ccccc2)cc1,2
scaffold,COc1cc(C(C)(C)CCCCCCN=C=S)cc(OC)c1[C@@H]1C=C(CO)[C@@H]2C[C@H]1C2(C)C,C1=CC(c2ccccc2)C2CC1C2,2
scaffold,COc1cc(C(C)(C)CCCCCCN=C=S)cc(OC)c1[C@H]1C=C(CO)[C@H]2C[C@@H]1C2(C)C,C1=CC(c2ccccc2)C2CC1C2,2
scaffold,COc1ccc(-c2cc(Cc3ccc(F)cc3)c(OC)c(C(=O)N[C@H]3CC[C@@H](C)CC3)c2)cc1,O=C(NC1CCCCC1)c1cc(Cc2ccccc2)cc(-c2ccccc2)c1,2
scaffold,COc1ccc(-c2cc(Cc3ccc(F)cc3)c(OC)c(C(=O)N[C@H]3CC[C@H](C)CC3)c2)cc1,O=C(NC1CCCCC1)c1cc(Cc2ccccc2)cc(-c2ccccc2)c1,2
scaffold,COc1ccc(-c2oc3ccccc3c2C(=O)c2ccc(OCCN(C)Cc3ccccc3)cc2)cc1,O=C(c1ccc(OCCNCc2ccccc2)cc1)c1c(-c2ccccc2)oc2ccccc12,2
scaffold,COc1ccc(-c2sc3ccccc3c2C(=O)c2cccc3ccccc23)cc1,O=C(c1cccc2ccccc12)c1c(-c2ccccc2)sc2ccccc12,2
scaffold,COc1ccc(-n2c(-c3ccc(Cl)cc3Cl)nc(C(=O)NN3CCCCC3)c2C)cc1,O=C(NN1CCCCC1)c1cn(-c2ccccc2)c(-c2ccccc2)n1,2
scaffold,COc1ccc(/C=C2\N=C3SCCCN3C2=O)c(OC)c1,O=C1C(=Cc2ccccc2)N=C2SCCCN12,2
scaffold,COc1ccc(C(=O)n2c(C3CCCCC3)nc3ccccc32)cc1,O=C(c1ccccc1)n1c(C2CCCCC2)nc2ccccc21,2
scaffold,COc1ccc(C(NC(=O)Cc2ccc(Cl)cc2)NC(=O)Cc2ccc(Cl)cc2)cc1,O=C(Cc1ccccc1)NC(NC(=O)Cc1ccccc1)c1ccccc1,2
scaffold,COc1ccc(C(NC(=O)Cc2ccccc2)NC(=O)Cc2ccccc2)cc1,O=C(Cc1ccccc1)NC(NC(=O)Cc1ccccc1)c1ccccc1,2
scaffold,COc1ccc(OC)c(N(CC(=O)NCc2ccncc2)S(=O)(=O)c2ccc(C)cc2)c1,O=C(CN(c1ccccc1)S(=O)(=O)c1ccccc1)NCc1ccncc1,2
scaffold,COc1ccc(S(=O)(=O)c2ccc(Cl)cc2S(=O)(=O)N2CCC3(CC2)CC3NS(=O)(=O)C(F)(F)F)cc1,O=S(=O)(c1ccccc1)c1ccccc1S(=O)(=O)N1CCC2(CC1)CC2,2
scaffold,COc1ccc2c(=O)c(C(=O)NC3CCCCC3)cn(Cc3ccccc3)c2n1,O=C(NC1CCCCC1)c1cn(Cc2ccccc2)c2ncccc2c1=O,2
scaffold,COc1ccc2c(c1)c(C(=O)C1C(C)(C)C1(C)C)cn2CCN1CCOCC1,O=C(c1cn(CCN2CCOCC2)c2ccccc12)C1CC1,2
scaffold,COc1ccc2cc(C(=O)NCC(F)c3ccccc3)c(=O)[nH]c2c1OC,O=C(NCCc1ccccc1)c1cc2ccccc2[nH]c1=O,2
scaffold,COc1ccc2cc(C(=O)NCCc3ccc(F)cc3)c(=O)[nH]c2c1OC,O=C(NCCc1ccccc1)c1cc2ccccc2[nH]c1=O,2
scaffold,COc1cccc(N2C(C(C)=O)=NN(c3ccc(Cl)cc3)C2c2ccc(N3CCOCC3)cc2)c1,C1=NN(c2ccccc2)C(c2ccc(N3CCOCC3)cc2)N1c1ccccc1,2
scaffold,COc1cccc2c(C(=O)N(Cc3c(F)cccc3Cl)C(C)C)nn(CCN3CCOCC3)c12,O=C(NCc1ccccc1)c1nn(CCN2CCOCC2)c2ccccc12,2
scaffold,COc1ccccc1/N=C1\SCC(C)(C)CN1C(=S)SC,c1ccc(N=C2NCCCS2)cc1,2
scaffold,COc1ccccc1CNC(=O)c1nn(CCN2CCOCC2)c2c(OC)cccc12,O=C(NCc1ccccc1)c1nn(CCN2CCOCC2)c2ccccc12,2
scaffold,COc1ccccc1NC(=O)C(C)Sc1nc(-c2ccc(C)cc2)nc2c1COC(C)(C)C2,O=C(CSc1nc(-c2ccccc2)nc2c1COCC2)Nc1ccccc1,2
scaffold,CS(=O)(=O)CC(=O)NC1CCCOc2c1nn(-c1ccccc1Cl)c2-c1ccc(Cl)cc1,c1ccc(-c2c3c(nn2-c2ccccc2)CCCCO3)cc1,2
scaffold,CS(=O)(=O)N1CCC(N[C@H]2CCCOc3c2nn(-c2ccccc2Cl)c3-c2ccc(Cl)cc2)CC1,c1ccc(-c2c3c(nn2-c2ccccc2)C(NC2CCNCC2)CCCO3)cc1,2
scaffold,CSC(=S)N1CC(C)(C)CS/C1=N\c1ccc(C(C)C)cc1,c1ccc(N=C2NCCCS2)cc1,2
scaffold,CSC(=S)N1CC(C)(C)CS/C1=N\c1cccc(C(C)C)c1,c1ccc(N=C2NCCCS2)cc1,2
scaffold,CSC(=S)N1CC(C)(C)CS/C1=N\c1ccccc1,c1ccc(N=C2NCCCS2)cc1,2
scaffold,CSC(=S)N1CC(C)(C)CS/C1=N\c1ccccc1Br,c1ccc(N=C2NCCCS2)cc1,2
scaffold,CSC(=S)N1CC(C)(C)CS/C1=N\c1ccccc1C,c1ccc(N=C2NCCCS2)cc1,2
scaffold,CSC(=S)N1CC(C)(C)CS/C1=N\c1ccccc1C(C)(C)C,c1ccc(N=C2NCCCS2)cc1,2
scaffold,CSC(=S)N1CC(C)(C)CS/C1=N\c1ccccc1C(C)C,c1ccc(N=C2NCCCS2)cc1,2
scaffold,CSC(=S)N1CC(C)(C)CS/C1=N\c1ccccc1C(F)(F)F,c1ccc(N=C2NCCCS2)cc1,2
scaffold,CSC(=S)N1CC(C)(C)CS/C1=N\c1ccccc1Cl,c1ccc(N=C2NCCCS2)cc1,2
scaffold,CSC(=S)N1CC(C)(C)CS/C1=N\c1ccccc1F,c1ccc(N=C2NCCCS2)cc1,2
scaffold,CSC(=S)N1CC(C)CS/C1=N\c1ccccc1C(C)C,c1ccc(N=C2NCCCS2)cc1,2
scaffold,CSC(=S)N1CC2(CCCCC2)CS/C1=N\c1cccc2nonc12,c1cc(N=C2NCC3(CCCCC3)CS2)c2nonc2c1,2
scaffold,CSC(=S)N1CCCS/C1=N\c1ccccc1C(C)C,c1ccc(N=C2NCCCS2)cc1,2
scaffold,CSc1c(C(=O)NC23CC4CC(CC(C4)C2)C3)nc(C)n1-c1ccccc1,O=C(NC12CC3CC(CC(C3)C1)C2)c1cn(-c2ccccc2)cn1,2
scaffold,CSc1c(C(=O)NN2CCCCC2)nc(-c2ccc(Cl)cc2Cl)n1-c1ccc(Cl)cc1,O=C(NN1CCCCC1)c1cn(-c2ccccc2)c(-c2ccccc2)n1,2
scaffold,C[C@@H]1COc2cccc3c(=O)c(C(=O)NC4CCCCC4)cn1c23,O=C(NC1CCCCC1)c1cn2c3c(cccc3c1=O)OCC2,2
scaffold,C[C@H](/C=C\C/C=C\C/C=C\CCCC(=O)NC1CC1)/C=C\CCCCCN=C=S,C1CC1,2
scaffold,C[C@H](/C=C\C/C=C\C/C=C\CCCC(=O)NC1CC1)/C=C\CCCCCN=[N+]=[N-],C1CC1,2
scaffold,C[C@H]1CC(CNS(=O)(=O)C(F)(F)F)CCN1S(=O)(=O)c1ccc(Cl)cc1S(=O)(=O)c1ccccc1F,O=S(=O)(c1ccccc1)c1ccccc1S(=O)(=O)N1CCCCC1,2
scaffold,C[C@H]1CC[C@H](NC(=O)c2cc3cc(-c4ccco4)cnc3n(Cc3ccc(F)cc3)c2=O)CC1,O=C(NC1CCCCC1)c1cc2cc(-c3ccco3)cnc2n(Cc2ccccc2)c1=O,2
scaffold,C[C@H]1CN(S(=O)(=O)c2ccc(Cl)cc2S(=O)(=O)c2ccccc2F)CC[C@@H]1CNS(=O)(=O)C(F)(F)F,O=S(=O)(c1ccccc1)c1ccccc1S(=O)(=O)N1CCCCC1,2
scaffold,C[C@H]1COc2cccc3c(=O)c(C(=O)NC4CCCCC4)cn1c23,O=C(NC1CCCCC1)c1cn2c3c(cccc3c1=O)OCC2,2
scaffold,Cc1c(C(=O)C2C(C)(C)C2(C)C)c2ccccc2n1CCN1CCOCC1,O=C(c1cn(CCN2CCOCC2)c2ccccc12)C1CC1,2
scaffold,Cc1c(C(=O)NC23CC4CC(CC(C4)C2)C3)nn(CCCCCO)c1-c1ccccc1,O=C(NC12CC3CC(CC(C3)C1)C2)c1cc(-c2ccccc2)[nH]n1,2
scaffold,Cc1c(C(=O)NC2CCCCC2)nn(-c2c(Cl)cc(Cl)cc2Cl)c1-n1c(C)ccc1C,O=C(NC1CCCCC1)c1cc(-n2cccc2)n(-c2ccccc2)n1,2
scaffold,Cc1c(C(=O)NC2CCCCC2)nn(-c2ccc(Cl)c(Cl)c2)c1-n1c(C)ccc1C,O=C(NC1CCCCC1)c1cc(-n2cccc2)n(-c2ccccc2)n1,2
scaffold,Cc1c(C(=O)NC2CCCCC2)nn(-c2ccc(Cl)c(Cl)c2)c1-n1c(Cl)ccc1Cl,O=C(NC1CCCCC1)c1cc(-n2cccc2)n(-c2ccccc2)n1,2
scaffold,Cc1c(C(=O)NC2CCCCC2)nn(-c2ccc(Cl)c(Cl)c2)c1-n1cccc1,O=C(NC1CCCCC1)c1cc(-n2cccc2)n(-c2ccccc2)n1,2
scaffold,Cc1c(C(=O)NC2CCCCC2)nn(-c2ccc(Cl)c(Cl)c2)c1-n1cccc1Cl,O=C(NC1CCCCC1)c1cc(-n2cccc2)n(-c2ccccc2)n1,2
scaffold,Cc1c(C(=O)NC2CCCCC2)nn(-c2ccc(Cl)cc2Cl)c1-n1c(C)ccc1C,O=C(NC1CCCCC1)c1cc(-n2cccc2)n(-c2ccccc2)n1,2
scaffold,Cc1c(C(=O)NC2CCCCC2)nn(-c2ccc(Cl)cc2Cl)c1-n1c(Cl)ccc1Cl,O=C(NC1CCCCC1)c1cc(-n2cccc2)n(-c2ccccc2)n1,2
scaffold,Cc1c(C(=O)NC2CCCCC2)nn(-c2ccc(Cl)cc2Cl)c1-n1cccc1,O=C(NC1CCCCC1)c1cc(-n2cccc2)n(-c2ccccc2)n1,2
scaffold,Cc1c(C(=O)NC2CCCCC2)nn(-c2ccc(Cl)cc2Cl)c1-n1cccc1Cl,O=C(NC1CCCCC1)c1cc(-n2cccc2)n(-c2ccccc2)n1,2
scaffold,Cc1c(C(=O)NC2CCCCC2)nn(-c2ccc(F)cc2F)c1-n1c(C)ccc1C,O=C(NC1CCCCC1)c1cc(-n2cccc2)n(-c2ccccc2)n1,2
scaffold,Cc1c(C(=O)NC2CCCCC2)nn(-c2ccc(F)cc2F)c1-n1cccc1,O=C(NC1CCCCC1)c1cc(-n2cccc2)n(-c2ccccc2)n1,2
scaffold,Cc1c(C(=O)NC2CCN(C(=O)C3CCCC3)CC2)nn(-c2ccc(Cl)cc2Cl)c1-c1ccc(Cl)cc1,O=C(NC1CCN(C(=O)C2CCCC2)CC1)c1cc(-c2ccccc2)n(-c2ccccc2)n1,2
scaffold,Cc1c(C(=O)NCC2CCCCC2)nn(-c2ccc(Cl)cc2)c1-n1cccc1,O=C(NCC1CCCCC1)c1cc(-n2cccc2)n(-c2ccccc2)n1,2
scaffold,Cc1c(C(=O)NCCCCCCCCNCc2ccccc2)nn(-c2ccc(Cl)cc2Cl)c1-c1ccc(Cl)cc1,O=C(NCCCCCCCCNCc1ccccc1)c1cc(-c2ccccc2)n(-c2ccccc2)n1,2
scaffold,Cc1c(C(=O)NCCCCNCc2ccccc2)nn(-c2ccc(Cl)cc2Cl)c1-c1ccc(Cl)cc1,O=C(NCCCCNCc1ccccc1)c1cc(-c2ccccc2)n(-c2ccccc2)n1,2
scaffold,Cc1c(C(=O)NN2CCCCC2)nc(-c2ccc(Cl)cc2)n1-c1ccc(Cl)cc1Cl,O=C(NN1CCCCC1)c1cn(-c2ccccc2)c(-c2ccccc2)n1,2
scaffold,Cc1c(C(=O)NN2CCCCC2)nc(-c2ccc(Cl)cc2Cl)n1-c1ccc(Br)cc1,O=C(NN1CCCCC1)c1cn(-c2ccccc2)c(-c2ccccc2)n1,2
scaffold,Cc1c(C(=O)NN2CCCCC2)nc(-c2ccc(Cl)cc2Cl)n1-c1ccc(C(F)(F)F)cc1,O=C(NN1CCCCC1)c1cn(-c2ccccc2)c(-c2ccccc2)n1,2
scaffold,Cc1c(C(=O)NN2CCCCC2)nc(-c2ccc(Cl)cc2Cl)n1-c1ccc(Cl)cc1,O=C(NN1CCCCC1)c1cn(-c2ccccc2)c(-c2ccccc2)n1,2
scaffold,Cc1c(C(=O)NN2CCCCC2)nc(-c2ccc(Cl)cc2Cl)n1-c1ccc(F)cc1,O=C(NN1CCCCC1)c1cn(-c2ccccc2)c(-c2ccccc2)n1,2
scaffold,Cc1c(C(=O)N[C@@H](C)C2CCCCC2)nn(-c2ccc(Cl)c(Cl)c2)c1-n1cccc1,O=C(NCC1CCCCC1)c1cc(-n2cccc2)n(-c2ccccc2)n1,2
scaffold,Cc1c(C(=O)N[C@H](C)C2CCCCC2)nn(-c2ccc(Cl)c(Cl)c2)c1-n1cccc1,O=C(NCC1CCCCC1)c1cc(-n2cccc2)n(-c2ccccc2)n1,2
scaffold,Cc1c(C(=O)Nc2cc[n+]([O-])cc2)nn(-c2ccc(Cl)cc2Cl)c1-c1ccc(Cl)cc1,O=C(Nc1cc[nH+]cc1)c1cc(-c2ccccc2)n(-c2ccccc2)n1,2
scaffold,Cc1c(C(C)(C)C)s/c(=N\C(=O)c2ccc(Br)cc2)n1CC1CC1,O=C(N=c1sccn1CC1CC1)c1ccccc1,2
scaffold,Cc1c(C(C)(C)C)s/c(=N\C(=O)c2ccc(OC(F)(F)F)cc2)n1CC1CC1,O=C(N=c1sccn1CC1CC1)c1ccccc1,2
scaffold,Cc1cc(C)cc(-c2ccc(C(C)(C)CCCCCO)cc2O)c1,c1ccc(-c2ccccc2)cc1,2
scaffold,Cc1cc(C)cc(-c2ccc(C(C)(C)CCCO)cc2O)c1,c1ccc(-c2ccccc2)cc1,2
scaffold,Cc1cc(C)cc(-c2ccc(C(C)(C)CO)cc2O)c1,c1ccc(-c2ccccc2)cc1,2
scaffold,Cc1ccc(-c2cc(C(C)(C)C)[nH]n2)cc1S(=O)(=O)N1CCOCC1,O=S(=O)(c1cccc(-c2cc[nH]n2)c1)N1CCOCC1,2
scaffold,Cc1ccc(-c2cc(CC(C)(C)C)[nH]n2)cc1S(=O)(=O)N1CCOCC1,O=S(=O)(c1cccc(-c2cc[nH]n2)c1)N1CCOCC1,2
scaffold,Cc1ccc(-c2cc3ncccc3c3cc(C(=O)NC45CC6CC(CC(C6)C4)C5)nn23)cc1,O=C(NC12CC3CC(CC(C3)C1)C2)c1cc2c3cccnc3cc(-c3ccccc3)n2n1,2
scaffold,Cc1ccc(-c2nnn(CC(C)(C)C)n2)cc1S(=O)(=O)N1CCOCC1,O=S(=O)(c1cccc(-c2nn[nH]n2)c1)N1CCOCC1,2
scaffold,Cc1ccc(C(=O)NC23CC4CC(CC(C4)C2)C3)cc1S(=O)(=O)N1CCOCC1,O=C(NC12CC3CC(CC(C3)C1)C2)c1cccc(S(=O)(=O)N2CCOCC2)c1,2
scaffold,Cc1ccc(C(=O)NC2C(C)(C)[C@@H]3CC[C@@]2(C)C3)cc1C(=O)N1CCOCC1,O=C(NC1CC2CCC1C2)c1cccc(C(=O)N2CCOCC2)c1,2
scaffold,Cc1ccc(C(NC(=O)Cc2ccc(Cl)cc2)NC(=O)Cc2ccc(Cl)cc2)cc1,O=C(Cc1ccccc1)NC(NC(=O)Cc1ccccc1)c1ccccc1,2
scaffold,Cc1ccc(C(NC(=O)Cc2ccccc2)NC(=O)Cc2ccccc2)cc1,O=C(Cc1ccccc1)NC(NC(=O)Cc1ccccc1)c1ccccc1,2
scaffold,Cc1ccc(C2COc3cccc4c(=O)c(C(=O)NC56CC7CC(CC(C7)C5)C6)cn2c34)cc1,O=C(NC12CC3CC(CC(C3)C1)C2)c1cn2c3c(cccc3c1=O)OCC2c1ccccc1,2
scaffold,Cc1ccc(Cn2cc(/C=C/[C@@H]3C(C)(C)[C@@H]4CC[C@@]3(C)C4)cc2-c2ccc(Cl)c(C)c2)cc1,C(=CC1CC2CCC1C2)c1cc(-c2ccccc2)n(Cc2ccccc2)c1,2
scaffold,Cc1ccc(Cn2nc(C(=O)NCC3CCC4CC3C4(C)C)c3c2-c2cc(Cl)ccc2CCC3)cc1,O=C(NCC1CCC2CC1C2)c1nn(Cc2ccccc2)c2c1CCCc1ccccc1-2,2
scaffold,Cc1ccc(Cn2nc(C(=O)NCC3CCC4CC3C4(C)C)c3c2-c2ccc(Cl)cc2CCC3)cc1,O=C(NCC1CCC2CC1C2)c1nn(Cc2ccccc2)c2c1CCCc1ccccc1-2,2
scaffold,Cc1ccc(NC(=O)C2(C)CCCCC2)cc1S(=O)(=O)N1CCOCC1,O=C(Nc1cccc(S(=O)(=O)N2CCOCC2)c1)C1CCCCC1,2
scaffold,Cc1ccc(NC(=O)C2CCCCC2(C)C)cc1S(=O)(=O)N1CCOCC1,O=C(Nc1cccc(S(=O)(=O)N2CCOCC2)c1)C1CCCCC1,2
scaffold,Cc1ccc(NC(=O)C2CCCCC2)cc1S(=O)(=O)N1CCOCC1,O=C(Nc1cccc(S(=O)(=O)N2CCOCC2)c1)C1CCCCC1,2
scaffold,Cc1ccc(NC(=O)C2CCCCC2C)cc1S(=O)(=O)N1CCOCC1,O=C(Nc1cccc(S(=O)(=O)N2CCOCC2)c1)C1CCCCC1,2
scaffold,Cc1ccc(S(=O)(=O)N(CCc2ccc(Cl)cc2)S(=O)(=O)c2ccc(C)cc2)cc1,O=S(=O)(c1ccccc1)N(CCc1ccccc1)S(=O)(=O)c1ccccc1,2
scaffold,Cc1cccc(Cn2cc(C(=O)N[C@@H]3C(C)(C)C4CC[C@]3(C)C4)c(=O)c3ccc(F)cc32)c1,O=C(NC1CC2CCC1C2)c1cn(Cc2ccccc2)c2ccccc2c1=O,2
scaffold,Cc1cnc(NC(=O)C2(C)CCCCC2C)cc1CN1CCOCC1,O=C(Nc1cc(CN2CCOCC2)ccn1)C1CCCCC1,2
scaffold,Cc1nc(C(=O)NC23CC4CC(CC(C4)C2)C3)c(Br)n1-c1ccccc1,O=C(NC12CC3CC(CC(C3)C1)C2)c1cn(-c2ccccc2)cn1,2
scaffold,Cc1nc(C(=O)NC23CC4CC(CC(C4)C2)C3)c(C)n1-c1ccccc1,O=C(NC12CC3CC(CC(C3)C1)C2)c1cn(-c2ccccc2)cn1,2
scaffold,Cc1nc(C(=O)NC23CC4CC(CC(C4)C2)C3)c(Cl)n1-c1ccccc1,O=C(NC12CC3CC(CC(C3)C1)C2)c1cn(-c2ccccc2)cn1,2
scaffold,Cc1nc(C(=O)NC2C3CC4CC(C3)CC2C4)c(C)n1-c1ccccc1,O=C(NC1C2CC3CC(C2)CC1C3)c1cn(-c2ccccc2)cn1,2
scaffold,Clc1ccc(-n2c(-c3ccccc3Cl)nc3c(N4CCN(C5CCCCC5)CC4)ncnc32)cc1,c1ccc(-c2nc3c(N4CCN(C5CCCCC5)CC4)ncnc3n2-c2ccccc2)cc1,2
scaffold,Clc1ccc(-n2c(-c3ccccc3Cl)nc3c(N4CCN(CCc5ccccc5)CC4)ncnc32)cc1,c1ccc(CCN2CCN(c3ncnc4c3nc(-c3ccccc3)n4-c3ccccc3)CC2)cc1,2
scaffold,Clc1ccc(Nc2ccc(CN3CCO[C@@H](c4ccccc4)C3)cn2)c(Cl)c1,c1ccc(Nc2ccc(CN3CCOC(c4ccccc4)C3)cn2)cc1,2
scaffold,Cn1c(C(C)(C)C)c/c(=N/C(=O)c2cc(C(F)(F)F)ccc2ONC(C)(C)C)n1CC1CC1,O=C(N=c1cc[nH]n1CC1CC1)c1ccccc1,2
scaffold,FC1(F)CCN(c2nc(C(F)(F)c3ccccc3)nc3c2nnn3Cc2ccccc2CCSSc2ccccn2)C1,c1ccc(Cc2nc(N3CCCC3)c3nnn(Cc4ccccc4CCSSc4ccccn4)c3n2)cc1,2
scaffold,Fc1ccccc1CSc1nnc2c3ccccc3n(Cc3ccccc3)c2n1,c1ccc(CSc2nnc3c4ccccc4n(Cc4ccccc4)c3n2)cc1,2
scaffold,N#C/C(=C\c1cn(CCN2CCOCC2)c2ccccc12)S(=O)(=O)c1ccccc1,O=S(=O)(C=Cc1cn(CCN2CCOCC2)c2ccccc12)c1ccccc1,2
scaffold,N#CC1(CNS(=O)(=O)C(F)(F)F)CCN(S(=O)(=O)c2ccc(Cl)cc2S(=O)(=O)c2ccccc2F)CC1,O=S(=O)(c1ccccc1)c1ccccc1S(=O)(=O)N1CCCCC1,2
scaffold,N#Cc1c(C(=O)NN2CCCCC2)nc(-c2ccc(Cl)cc2Cl)n1-c1ccc(Cl)cc1,O=C(NN1CCCCC1)c1cn(-c2ccccc2)c(-c2ccccc2)n1,2
scaffold,N#Cc1c(C(F)(F)F)ccc2c1oc1c(OS(=O)(=O)CCCC(F)(F)F)cccc12,c1ccc2c(c1)oc1ccccc12,2
scaffold,N#Cc1c(C(F)(F)F)ccc2c1oc1cc(OS(=O)(=O)CCCC(F)(F)F)ccc12,c1ccc2c(c1)oc1ccccc12,2
scaffold,N#Cc1c(C(F)(F)F)ccc2c1oc1ccc(OS(=O)(=O)CCCC(F)(F)F)cc12,c1ccc2c(c1)oc1ccccc12,2
scaffold,N#Cc1c(C(F)(F)F)ccc2c1oc1cccc(OS(=O)(=O)CCCC(F)(F)F)c12,c1ccc2c(c1)oc1ccccc12,2
scaffold,N#Cc1ccccc1CSc1nnc2c3ccccc3n(C(=O)C3CCCCC3)c2n1,O=C(C1CCCCC1)n1c2ccccc2c2nnc(SCc3ccccc3)nc21,2
scaffold,N#Cc1ccccc1CSc1nnc2c3ccccc3n(Cc3ccccc3)c2n1,c1ccc(CSc2nnc3c4ccccc4n(Cc4ccccc4)c3n2)cc1,2
scaffold,N#Cc1ccccc1CSc1nnc2c3ccccc3n(Cc3ccccc3[N+](=O)[O-])c2n1,c1ccc(CSc2nnc3c4ccccc4n(Cc4ccccc4)c3n2)cc1,2
scaffold,NCC1(CNS(=O)(=O)C(F)(F)F)CCN(S(=O)(=O)c2ccc(Cl)cc2S(=O)(=O)c2ccccc2F)CC1,O=S(=O)(c1ccccc1)c1ccccc1S(=O)(=O)N1CCCCC1,2
scaffold,Nc1ccc(C(NC(=O)Cc2ccccc2)NC(=O)Cc2ccccc2)cc1,O=C(Cc1ccccc1)NC(NC(=O)Cc1ccccc1)c1ccccc1,2
scaffold,Nc1ccc2c(=O)cc(C(=O)NC3CCCCC3)n(Cc3ccccc3)c2n1,O=C(NC1CCCCC1)c1cc(=O)c2cccnc2n1Cc1ccccc1,2
scaffold,O/N=C1/C(=C/c2cn(Cc3ccc(Cl)cc3)c3ccccc23)N2CCC1CC2,N=C1C(=Cc2cn(Cc3ccccc3)c3ccccc23)N2CCC1CC2,2
scaffold,O/N=C1/C(=C/c2cn(Cc3ccccc3)c3ccccc23)N2CCC1CC2,N=C1C(=Cc2cn(Cc3ccccc3)c3ccccc23)N2CCC1CC2,2
scaffold,O=C(C1C2CC3CC(C2)CC1C3)N1CCc2ccccc21,O=C(C1C2CC3CC(C2)CC1C3)N1CCc2ccccc21,2
scaffold,O=C(CCC(=O)NCCO)CCc1ccc(-c2ccccc2)cc1,c1ccc(-c2ccccc2)cc1,2
scaffold,O=C(Cc1ccc(Cl)cc1)NC(NC(=O)Cc1ccc(Cl)cc1)c1ccc(C(F)(F)F)cc1,O=C(Cc1ccccc1)NC(NC(=O)Cc1ccccc1)c1ccccc1,2
scaffold,O=C(Cc1ccc(Cl)cc1)NC(NC(=O)Cc1ccc(Cl)cc1)c1ccc(Cl)cc1,O=C(Cc1ccccc1)NC(NC(=O)Cc1ccccc1)c1ccccc1,2
scaffold,O=C(Cc1ccc(Cl)cc1)NC(NC(=O)Cc1ccc(Cl)cc1)c1ccccc1C(F)(F)F,O=C(Cc1ccccc1)NC(NC(=O)Cc1ccccc1)c1ccccc1,2
scaffold,O=C(Cc1ccc(Cl)cc1)NC(NC(=O)Cc1ccc(Cl)cc1)c1ccccc1F,O=C(Cc1ccccc1)NC(NC(=O)Cc1ccccc1)c1ccccc1,2
scaffold,O=C(Cc1ccccc1)NC(NC(=O)Cc1ccccc1)c1ccc(Br)cc1,O=C(Cc1ccccc1)NC(NC(=O)Cc1ccccc1)c1ccccc1,2
scaffold,O=C(Cc1ccccc1)NC(NC(=O)Cc1ccccc1)c1ccc(C(F)(F)F)cc1,O=C(Cc1ccccc1)NC(NC(=O)Cc1ccccc1)c1ccccc1,2
scaffold,O=C(Cc1ccccc1)NC(NC(=O)Cc1ccccc1)c1ccc(Cl)cc1,O=C(Cc1ccccc1)NC(NC(=O)Cc1ccccc1)c1ccccc1,2
scaffold,O=C(Cc1ccccc1)NC(NC(=O)Cc1ccccc1)c1ccc(F)cc1,O=C(Cc1ccccc1)NC(NC(=O)Cc1ccccc1)c1ccccc1,2
scaffold,O=C(Cc1ccccc1)NC(NC(=O)Cc1ccccc1)c1ccc(N(Cc2ccccc2)Cc2ccccc2)cc1,O=C(Cc1ccccc1)NC(NC(=O)Cc1ccccc1)c1ccc(N(Cc2ccccc2)Cc2ccccc2)cc1,2
scaffold,O=C(Cc1ccccc1)NC(NC(=O)Cc1ccccc1)c1cccc(F)c1,O=C(Cc1ccccc1)NC(NC(=O)Cc1ccccc1)c1ccccc1,2
scaffold,O=C(Cc1ccccc1)NC(NC(=O)Cc1ccccc1)c1ccccc1,O=C(Cc1ccccc1)NC(NC(=O)Cc1ccccc1)c1ccccc1,2
scaffold,O=C(Cc1ccccc1)NC(NC(=O)Cc1ccccc1)c1ccccc1C(F)(F)F,O=C(Cc1ccccc1)NC(NC(=O)Cc1ccccc1)c1ccccc1,2
scaffold,O=C(Cc1ccccc1)NC(NC(=O)Cc1ccccc1)c1ccccc1F,O=C(Cc1ccccc1)NC(NC(=O)Cc1ccccc1)c1ccccc1,2
scaffold,O=C(Cc1cn(Cc2ccccc2)c2ccc(-c3ccccc3)cc12)NC12CC3CC(CC(C3)C1)C2,O=C(Cc1cn(Cc2ccccc2)c2ccc(-c3ccccc3)cc12)NC12CC3CC(CC(C3)C1)C2,2
scaffold,O=C(N1CCc2ccccc21)C12CC3CC(CC1C3)C2,O=C(N1CCc2ccccc21)C12CC3CC(CC1C3)C2,2
scaffold,O=C(NC1(C(=O)O)CCCCCCC1)c1cc2c(n(CC3CCCCC3)c1=O)CCCCCC2,O=C(NC1CCCCCCC1)c1cc2c(n(CC3CCCCC3)c1=O)CCCCCC2,2
scaffold,O=C(NC12CC3CC(CC(C3)C1)C2)c1c[nH]c2c(-c3ccccc3)cccc2c1=O,O=C(NC12CC3CC(CC(C3)C1)C2)c1c[nH]c2c(-c3ccccc3)cccc2c1=O,2
scaffold,O=C(NC12CC3CC(CC(C3)C1)C2)c1cn2c3c(cccc3c1=O)OCC2c1ccccc1,O=C(NC12CC3CC(CC(C3)C1)C2)c1cn2c3c(cccc3c1=O)OCC2c1ccccc1,2
scaffold,O=C(NC12CC3CC(CC(C3)C1)C2)c1nc(Cl)n(-c2ccccc2)c1Cl,O=C(NC12CC3CC(CC(C3)C1)C2)c1cn(-c2ccccc2)cn1,2
scaffold,O=C(NC1CCCCC1)[C@@H]1CC[C@@H](c2ccc(Cl)cc2Cl)N(c2ccc(Cl)cc2)C1,O=C(NC1CCCCC1)C1CCC(c2ccccc2)N(c2ccccc2)C1,2
scaffold,O=C(NC1CCCCC1)c1cc(-n2cccc2)n(-c2ccc(Cl)cc2)n1,O=C(NC1CCCCC1)c1cc(-n2cccc2)n(-c2ccccc2)n1,2
scaffold,O=C(NC1CCCCC1)c1cc2ccccc2n(Cc2ccc(F)cc2)c1=O,O=C(NC1CCCCC1)c1cc2ccccc2n(Cc2ccccc2)c1=O,2
scaffold,O=C(NC1CCCCC1)c1cc2ccccc2n(Cc2ccccc2)c1=O,O=C(NC1CCCCC1)c1cc2ccccc2n(Cc2ccccc2)c1=O,2
scaffold,O=C(NC1CCCCC1)c1cccn(CCN2CCOCC2)c1=O,O=C(NC1CCCCC1)c1cccn(CCN2CCOCC2)c1=O,2
scaffold,O=C(NC1CCCCCC1)c1cc2ccccc2n(CCN2CCOCC2)c1=O,O=C(NC1CCCCCC1)c1cc2ccccc2n(CCN2CCOCC2)c1=O,2
scaffold,O=C(NC1CCCCCC1)c1cn(Cc2ccccc2)c2ccccc2c1=O,O=C(NC1CCCCCC1)c1cn(Cc2ccccc2)c2ccccc2c1=O,2
scaffold,O=C(NC1CCN(c2ncnc3c2nc(-c2ccccc2Cl)n3-c2ccc(Cl)cc2)CC1)Oc1ccccc1,O=C(NC1CCN(c2ncnc3c2nc(-c2ccccc2)n3-c2ccccc2)CC1)Oc1ccccc1,2
scaffold,O=C(NCC1CCCCC1)N1CCN(c2ncnc3c2nc(-c2ccccc2Cl)n3-c2ccc(Cl)cc2)CC1,O=C(NCC1CCCCC1)N1CCN(c2ncnc3c2nc(-c2ccccc2)n3-c2ccccc2)CC1,2
scaffold,O=C(NCc1ccccc1)c1ccc(Br)c(S(=O)(=O)N2CCOCC2)c1,O=C(NCc1ccccc1)c1cccc(S(=O)(=O)N2CCOCC2)c1,2
scaffold,O=C(NCc1ccco1)c1cccn1Cc1ccc(-c2ccccc2)cc1,O=C(NCc1ccco1)c1cccn1Cc1ccc(-c2ccccc2)cc1,2
scaffold,O=C(NN1CCCC1)c1nn(-c2ccc(Cl)cc2Cl)c2c1CCCc1cc(Cl)ccc1-2,O=C(NN1CCCC1)c1nn(-c2ccccc2)c2c1CCCc1ccccc1-2,2
scaffold,O=C(NN1CCCCC1)c1cn(-c2ccc(Cl)cc2)c(-c2ccc(Cl)cc2Cl)n1,O=C(NN1CCCCC1)c1cn(-c2ccccc2)c(-c2ccccc2)n1,2
scaffold,O=C(NN1CCCCC1)c1cnn(-c2ccc(Cl)cc2Cl)c1-c1ccc(I)cc1,O=C(NN1CCCCC1)c1cnn(-c2ccccc2)c1-c1ccccc1,2
scaffold,O=C(NN1CCCCC1)c1nc(-c2ccc(Cl)cc2Cl)n(-c2ccc(Cl)cc2)c1Br,O=C(NN1CCCCC1)c1cn(-c2ccccc2)c(-c2ccccc2)n1,2
scaffold,O=C(NN1CCCCC1)c1nc(-c2ccc(Cl)cc2Cl)n(-c2ccc(Cl)cc2)c1CF,O=C(NN1CCCCC1)c1cn(-c2ccccc2)c(-c2ccccc2)n1,2
scaffold,O=C(NN1CCCCC1)c1nc(-c2ccc(Cl)cc2Cl)n(-c2ccc(Cl)cc2)c1CO,O=C(NN1CCCCC1)c1cn(-c2ccccc2)c(-c2ccccc2)n1,2
scaffold,O=C(NN1CCCCC1)c1nc(-c2ccc(Cl)cc2Cl)n(-c2ccc(Cl)cc2)c1Cl,O=C(NN1CCCCC1)c1cn(-c2ccccc2)c(-c2ccccc2)n1,2
scaffold,O=C(NN1CCCCC1)c1nc(-c2ccc(Cl)cc2Cl)n(-c2ccc(Cl)cc2)c1I,O=C(NN1CCCCC1)c1cn(-c2ccccc2)c(-c2ccccc2)n1,2
scaffold,O=C(NN1CCCCC1)c1nn(-c2ccc(Cl)cc2Cl)c2c1Cc1cc(C3CCCCC3)ccc1-2,O=C(NN1CCCCC1)c1nn(-c2ccccc2)c2c1Cc1cc(C3CCCCC3)ccc1-2,2
scaffold,O=C(NN1CCOCC1)c1nn(-c2ccc(Cl)cc2Cl)c2c1Cc1cc(C3CC3)ccc1-2,O=C(NN1CCOCC1)c1nn(-c2ccccc2)c2c1Cc1cc(C3CC3)ccc1-2,2
scaffold,O=C(Nc1ccc(F)c(F)c1)N1CCN(c2ncnc3c2nc(-c2ccccc2Cl)n3-c2ccc(Cl)cc2)CC1,O=C(Nc1ccccc1)N1CCN(c2ncnc3c2nc(-c2ccccc2)n3-c2ccccc2)CC1,2
scaffold,O=C(Nc1ccc(F)cc1)N1CCN(c2ncnc3c2nc(-c2ccccc2Cl)n3-c2ccc(Cl)cc2)CC1,O=C(Nc1ccccc1)N1CCN(c2ncnc3c2nc(-c2ccccc2)n3-c2ccccc2)CC1,2
scaffold,O=C(Nc1ccc(F)cc1F)N1CCN(c2ncnc3c2nc(-c2ccccc2Cl)n3-c2ccc(Cl)cc2)CC1,O=C(Nc1ccccc1)N1CCN(c2ncnc3c2nc(-c2ccccc2)n3-c2ccccc2)CC1,2
scaffold,O=C(Nc1cccc2ccccc12)n1c(=O)n(CCN2CCOCC2)c2ccccc21,O=C(Nc1cccc2ccccc12)n1c(=O)n(CCN2CCOCC2)c2ccccc21,2
scaffold,O=C(Nc1ccccc1)N1CCN(c2ncnc3c2nc(-c2ccccc2Cl)n3-c2ccc(Cl)cc2)CC1,O=C(Nc1ccccc1)N1CCN(c2ncnc3c2nc(-c2ccccc2)n3-c2ccccc2)CC1,2
scaffold,O=C(Nc1ccccc1F)N1CCN(c2ncnc3c2nc(-c2ccccc2Cl)n3-c2ccc(Cl)cc2)CC1,O=C(Nc1ccccc1)N1CCN(c2ncnc3c2nc(-c2ccccc2)n3-c2ccccc2)CC1,2
scaffold,O=C(Nc1ccccn1)N1CCN(c2ncnc3c2nc(-c2ccccc2Cl)n3-c2ccc(Cl)cc2)CC1,O=C(Nc1ccccn1)N1CCN(c2ncnc3c2nc(-c2ccccc2)n3-c2ccccc2)CC1,2
scaffold,O=C(O)Cc1ccc(NC(=O)c2cc3c(n(CC4CCCCC4)c2=O)CCCCCC3)cc1,O=C(Nc1ccccc1)c1cc2c(n(CC3CCCCC3)c1=O)CCCCCC2,2
scaffold,O=C(O)Cc1cccc(NC(=O)c2cc3c(n(CC4CCCCC4)c2=O)CCCCCC3)c1,O=C(Nc1ccccc1)c1cc2c(n(CC3CCCCC3)c1=O)CCCCCC2,2
scaffold,O=C(O)Cc1ccccc1NC(=O)c1cc2c(n(CC3CCCCC3)c1=O)CCCCCC2,O=C(Nc1ccccc1)c1cc2c(n(CC3CCCCC3)c1=O)CCCCCC2,2
scaffold,O=C(O)c1ccc(NC(=O)c2cc3c(n(CC4CCCCC4)c2=O)CCCCCC3)cc1,O=C(Nc1ccccc1)c1cc2c(n(CC3CCCCC3)c1=O)CCCCCC2,2
scaffold,O=C(O)c1cccc(NC(=O)c2cc3c(n(CC4CCCCC4)c2=O)CCCCCC3)c1,O=C(Nc1ccccc1)c1cc2c(n(CC3CCCCC3)c1=O)CCCCCC2,2
scaffold,O=C(O)c1ccccc1NC(=O)c1cc2c(n(CC3CCCCC3)c1=O)CCCCCC2,O=C(Nc1ccccc1)c1cc2c(n(CC3CCCCC3)c1=O)CCCCCC2,2
scaffold,O=C(c1c(NC(=O)C23CC4CC(CC2C4)C3)sc2c1CCOC2)N1CCOCC1,O=C(c1c(NC(=O)C23CC4CC(CC2C4)C3)sc2c1CCOC2)N1CCOCC1,2
scaffold,O=C(c1ccc2c(c1)c1ccccc1n2CCCN1CCS(=O)(=O)CC1)N1CCCCC1,O=C(c1ccc2c(c1)c1ccccc1n2CCCN1CCS(=O)(=O)CC1)N1CCCCC1,2
scaffold,O=C(c1cccc2ccccc12)n1c(C2CCCC2)nc2ccccc21,O=C(c1cccc2ccccc12)n1c(C2CCCC2)nc2ccccc21,2
scaffold,O=C(c1ccccc1)c1cc(O)c(-c2ccc3c(c2)OCCO3)c(O)c1,O=C(c1ccccc1)c1ccc(-c2ccc3c(c2)OCCO3)cc1,2
scaffold,O=C(c1cn(CC2CCOCC2)c2ccccc12)[C@@H]1CC12CCCCC2,O=C(c1cn(CC2CCOCC2)c2ccccc12)C1CC12CCCCC2,2
scaffold,O=C(c1cn(CCN2CCOCC2)c2ccc(O)cc12)C1CCCCC1,O=C(c1cn(CCN2CCOCC2)c2ccccc12)C1CCCCC1,2
scaffold,O=C(c1cn(CCN2CCOCC2)c2ccccc12)C1CCCCC1,O=C(c1cn(CCN2CCOCC2)c2ccccc12)C1CCCCC1,2
scaffold,O=C(c1cn(Cc2ccc(Br)cc2)c2ccccc2c1=O)c1cccc2ccccc12,O=C(c1cn(Cc2ccccc2)c2ccccc2c1=O)c1cccc2ccccc12,2
scaffold,O=C(c1cn(Cc2ccc(Cl)cc2)c2ccccc2c1=O)c1cccc2ccccc12,O=C(c1cn(Cc2ccccc2)c2ccccc2c1=O)c1cccc2ccccc12,2
scaffold,O=C(c1cn(Cc2ccc(F)cc2)c2ccccc2c1=O)c1cccc2ccccc12,O=C(c1cn(Cc2ccccc2)c2ccccc2c1=O)c1cccc2ccccc12,2
scaffold,O=C(c1cn(Cc2ccccc2)c2ccccc2c1=O)c1cccc2ccccc12,O=C(c1cn(Cc2ccccc2)c2ccccc2c1=O)c1cccc2ccccc12,2
scaffold,O=C1/C(=C/c2ccc(-c3ccccc3)cc2)N=C2SCCCCN12,O=C1C(=Cc2ccc(-c3ccccc3)cc2)N=C2SCCCCN12,2
scaffold,O=C1[C@@H](Cc2ccc(F)c(F)c2)CC[C@H](c2ccc(Cl)cc2)N1c1ccc(Cl)cc1,O=C1C(Cc2ccccc2)CCC(c2ccccc2)N1c1ccccc1,2
scaffold,O=S(=O)(N[C@H]1CC[C@@H](NS(=O)(=O)C(F)(F)F)CC1)c1ccc(Cl)cc1S(=O)(=O)c1ccccc1F,O=S(=O)(NC1CCCCC1)c1ccccc1S(=O)(=O)c1ccccc1,2
scaffold,O=S(=O)(N[C@H]1CC[C@H](CNS(=O)(=O)C(F)(F)F)CC1)c1ccc(Cl)cc1S(=O)(=O)c1ccccc1F,O=S(=O)(NC1CCCCC1)c1ccccc1S(=O)(=O)c1ccccc1,2
scaffold,O=S(=O)(N[C@H]1CC[C@H](NS(=O)(=O)C(F)(F)F)CC1)c1ccc(Cl)cc1S(=O)(=O)c1ccccc1F,O=S(=O)(NC1CCCCC1)c1ccccc1S(=O)(=O)c1ccccc1,2
scaffold,O=S(=O)(c1ccccc1F)c1cc(Cl)ccc1S(=O)(=O)N1CCC(CNS(=O)(=O)C(F)(F)F)CC1,O=S(=O)(c1ccccc1)c1ccccc1S(=O)(=O)N1CCCCC1,2
scaffold,O=S(=O)(c1ccccc1F)c1cc(Cl)ccc1S(=O)(=O)N1CCC(CO)(CNS(=O)(=O)C(F)(F)F)CC1,O=S(=O)(c1ccccc1)c1ccccc1S(=O)(=O)N1CCCCC1,2
scaffold,O=S(=O)(c1ccccc1F)c1cc(Cl)ccc1S(=O)(=O)N1CCC(F)(CNS(=O)(=O)C(F)(F)F)CC1,O=S(=O)(c1ccccc1)c1ccccc1S(=O)(=O)N1CCCCC1,2
scaffold,O=S(=O)(c1ccccc1F)c1cc(Cl)ccc1S(=O)(=O)N1CCC2(CC1)CC2NS(=O)(=O)C(F)(F)F,O=S(=O)(c1ccccc1)c1ccccc1S(=O)(=O)N1CCC2(CC1)CC2,2
scaffold,O=S(=O)(c1ccccc1F)c1cc(Cl)ccc1S(=O)(=O)N1CCC2(CC1)CCN(S(=O)(=O)C(F)(F)F)C2,O=S(=O)(c1ccccc1)c1ccccc1S(=O)(=O)N1CCC2(CCNC2)CC1,2
scaffold,O=S(=O)(c1ccccc1F)c1ccc(C(F)(F)F)cc1S(=O)(=O)N1CCC2(CC1)CC2NS(=O)(=O)C(F)(F)F,O=S(=O)(c1ccccc1)c1ccccc1S(=O)(=O)N1CCC2(CC1)CC2,2
scaffold,O=S(=O)(c1ccccc1F)c1ccc(OC(F)(F)F)cc1S(=O)(=O)N1CCC2(CC1)CC2NS(=O)(=O)C(F)(F)F,O=S(=O)(c1ccccc1)c1ccccc1S(=O)(=O)N1CCC2(CC1)CC2,2
scaffold,O=[N+]([O-])c1ccc2c(c1)c(OCc1ccc3ccccc3c1)nn2Cc1ccccc1,c1ccc(Cn2nc(OCc3ccc4ccccc4c3)c3ccccc32)cc1,2
scaffold,O=[N+]([O-])c1ccc2c(c1)c(OCc1cccc3ccccc13)nn2Cc1cccc2ccccc12,c1ccc2c(COc3nn(Cc4cccc5ccccc45)c4ccccc34)cccc2c1,2
scaffold,OC(CC1CCCCC1)c1nn(-c2ccc(Cl)cc2Cl)c2c1CCCc1cc(Cl)ccc1-2,c1ccc(-n2nc(CCC3CCCCC3)c3c2-c2ccccc2CCC3)cc1,2
scaffold,C#Cc1cccc(C2(C(F)(F)F)N=N2)c1Cn1nc2nc(C(C)(C)C)nc(N3CCC(F)(F)C3)c2n1,c1ccc(C2N=N2)c(Cn2nc3ncnc(N4CCCC4)c3n2)c1,3
scaffold,C#Cc1cccc(C2(C(F)(F)F)N=N2)c1Cn1nc2nc(C(C)(C)C)nc(N3CC[C@H](O)C3)c2n1,c1ccc(C2N=N2)c(Cn2nc3ncnc(N4CCCC4)c3n2)c1,3
scaffold,C#Cc1cccc(C2(C(F)(F)F)N=N2)c1Cn1nc2nc(C(F)(F)c3ccccc3)nc(N3CCC(F)(F)C3)c2n1,c1ccc(Cc2nc(N3CCCC3)c3nn(Cc4ccccc4C4N=N4)nc3n2)cc1,3
scaffold,C#Cc1cccc(C2(C(F)(F)F)N=N2)c1Cn1nc2nc(C(F)(F)c3ccccc3)nc(N3CC[C@H](O)C3)c2n1,c1ccc(Cc2nc(N3CCCC3)c3nn(Cc4ccccc4C4N=N4)nc3n2)cc1,3
scaffold,C/C(=N\Oc1ccc(C(F)(F)F)cc1C(=O)/N=c1\sc(C(C)(C)C)cn1C[C@H]1CCCO1)C(F)(F)F,O=C(N=c1sccn1CC1CCCO1)c1ccccc1,3
scaffold,C/C(COc1ccc(C(F)(F)F)cc1C(=O)/N=c1\sc(C(C)(C)C)cn1C[C@H]1CCCO1)=N\O,O=C(N=c1sccn1CC1CCCO1)c1ccccc1,3
scaffold,C/N=C(\NS(=O)(=O)N1CCCC1)N1CC(c2ccccc2)C(c2ccc(Cl)cc2)=N1,N=C(NS(=O)(=O)N1CCCC1)N1CC(c2ccccc2)C(c2ccccc2)=N1,3
scaffold,C1=C(CCN2CCOCC2)c2ccccc2/C1=C/c1ccc2c3c(cccc13)CC2,C(=C1C=C(CCN2CCOCC2)c2ccccc21)c1ccc2c3c(cccc13)CC2,3
scaffold,C=C(C)[C@@H]1CCC(C)=C[C@H]1c1c(O)cc(C(C)(C)CCCCCC)cc1O,C1=CC(c2ccccc2)CCC1,3
scaffold,C=C(C)[C@@H]1CCC(C)=C[C@H]1c1c(O)cc(CCC)cc1O,C1=CC(c2ccccc2)CCC1,3
scaffold,C=C(C)[C@@H]1CCC(C)=C[C@H]1c1c(O)cc(CCCCC)c(C(=O)OC)c1O,C1=CC(c2ccccc2)CCC1,3
scaffold,C=C(C)[C@@H]1CCC(C)=C[C@H]1c1c(O)cc(CCCCC)c(C(=O)OCC(O)CCC)c1O,C1=CC(c2ccccc2)CCC1,3
scaffold,C=C(C)[C@@H]1CCC(C)=C[C@H]1c1c(O)cc([Si](C)(C)CCCC)cc1O,C1=CC(c2ccccc2)CCC1,3
scaffold,C=C(C)[C@@H]1CCC(C)=C[C@H]1c1c(O)cc([Si](C)(C)CCCCCC)cc1O,C1=CC(c2ccccc2)CCC1,3
scaffold,C=C(C)[C@@H]1CCC(CO)=C[C@H]1c1c(O)cc(C(C)(C)CCCCCC)cc1O,C1=CC(c2ccccc2)CCC1,3
scaffold,C=C(C)[C@H]1CCC(C(=O)O)=C[C@@H]1c1c(O)cc(C(C)(C)CCCCCC)cc1O,C1=CC(c2ccccc2)CCC1,3
scaffold,C=C(C)[C@H]1CCC(C(=O)O)=C[C@@H]1c1c(O)cc(CCCCC)cc1O,C1=CC(c2ccccc2)CCC1,3
scaffold,C=C(C)[C@H]1CCC(C)=CC1c1c(O)cc(CCC)cc1O,C1=CC(c2ccccc2)CCC1,3
scaffold,C=C(C)[C@H]1CCC(C)=CC1c1c(O)cc(CCCCC)c(C(=O)OC)c1O,C1=CC(c2ccccc2)CCC1,3
scaffold,C=C(C)[C@H]1CCC(C)=CC1c1c(O)cc(CCCCC)c(C(=O)OCC(O)CCC)c1O,C1=CC(c2ccccc2)CCC1,3
scaffold,C=C(C)[C@H]1CCC(C)=CC1c1c(O)cc(CCCCC)c(C(=O)OCCO)c1O,C1=CC(c2ccccc2)CCC1,3
scaffold,C=C(C)[C@H]1CCC(C)=CC1c1c(O)cc(CCCCC)cc1O,C1=CC(c2ccccc2)CCC1,3
scaffold,C=C(C)[C@H]1CCC(C)=C[C@@H]1c1c(O)cc(C(C)(C)CCCCCC)cc1O,C1=CC(c2ccccc2)CCC1,3
scaffold,C=C(C)[C@H]1CCC(C)=C[C@@H]1c1c(O)cc(CCC)c(C(=O)OC)c1O,C1=CC(c2ccccc2)CCC1,3
scaffold,C=C(C)[C@H]1CCC(C)=C[C@@H]1c1c(O)cc(CCC)cc1O,C1=CC(c2ccccc2)CCC1,3
scaffold,C=C(C)[C@H]1CCC(C)=C[C@@H]1c1c(O)cc(CCCCC)c(C(=O)OCC(O)CCC)c1O,C1=CC(c2ccccc2)CCC1,3
scaffold,C=C(C)[C@H]1CCC(C)=C[C@@H]1c1c(O)cc(CCCCC)c(C(=O)OCCO)c1O,C1=CC(c2ccccc2)CCC1,3
scaffold,C=C(C)[C@H]1CCC(C)=C[C@@H]1c1c(O)cc(CCCCC)cc1O,C1=CC(c2ccccc2)CCC1,3
scaffold,C=C(C)[C@H]1CCC(CO)=C[C@@H]1c1c(O)cc(C(C)(C)CCCCCC)cc1O,C1=CC(c2ccccc2)CCC1,3
scaffold,C=C(C)[C@H]1CCC(CO)=C[C@@H]1c1c(O)cc(CCCCC)cc1O,C1=CC(c2ccccc2)CCC1,3
scaffold,C=C1CC/C=C(\C)CC[C@@H]2[C@@H]1CC2(C)C,C=C1CCC=CCCC2CCC12,3
scaffold,C=C1CC/C=C/CC[C@@H]2[C@@H]1CC2(C)C,C=C1CCC=CCCC2CCC12,3
scaffold,C=CCN(CC=C)c1nc2n(CCCCC)cc(C(=O)NC3CCCCC3)c(=O)n2n1,O=C(NC1CCCCC1)c1c[nH]c2ncnn2c1=O,3
scaffold,C=CCn1cc(C(=O)C(=O)NC23CC4CC(CC(C4)C2)C3)c2cc(-c3ccco3)ccc21,O=C(NC12CC3CC(CC(C3)C1)C2)C(=O)c1c[nH]c2ccc(-c3ccco3)cc12,3
scaffold,CC(=O)/C(C)=N/Oc1ccc(C(F)(F)F)cc1C(=O)/N=c1\sc(C(C)(C)C)cn1C[C@H]1CCCO1,O=C(N=c1sccn1CC1CCCO1)c1ccccc1,3
scaffold,CC(=O)N1CCN(c2ncnc3oc(-c4ccccc4C(F)(F)F)nc23)CC1,c1ccc(-c2nc3c(N4CCNCC4)ncnc3o2)cc1,3
scaffold,CC(=O)N1CCN(c2ncnc3oc(-c4ccccc4Cl)nc23)CC1,c1ccc(-c2nc3c(N4CCNCC4)ncnc3o2)cc1,3
scaffold,CC(=O)NOc1ccc(C(F)(F)F)cc1C(=O)/N=c1\sc(C(C)(C)C)cn1C[C@H]1CCCO1,O=C(N=c1sccn1CC1CCCO1)c1ccccc1,3
scaffold,CC(=O)OCCCCn1c(=O)c(C(=O)NC23CC4CC(CC(C4)C2)C3)c(O)c2nn(C)cc21,O=C(NC12CC3CC(CC(C3)C1)C2)c1cc2n[nH]cc2[nH]c1=O,3
scaffold,CC(C)(C(=O)OCCCn1ccnc1)c1cc(O)c2c(c1)OC(C)(C)[C@@H]1CC=C(CO)C[C@@H]21,O=C(Cc1ccc2c(c1)OCC1CC=CCC21)OCCCn1ccnc1,3
scaffold,CC(C)(C)/C(COc1ccc(C(F)(F)F)cc1C(=O)/N=c1\sc(C(C)(C)C)cn1C[C@H]1CCCO1)=N/O,O=C(N=c1sccn1CC1CCCO1)c1ccccc1,3
scaffold,CC(C)(C)/C(COc1ccc(C(F)(F)F)cc1C(=O)/N=c1\sc(C(C)(C)C)cn1C[C@H]1CCCO1)=N\O,O=C(N=c1sccn1CC1CCCO1)c1ccccc1,3
scaffold,CC(C)(C)C(=O)COc1ccc(C(F)(F)F)cc1C(=O)/N=c1\sc(C(C)(C)C)cn1C[C@H]1CCCO1,O=C(N=c1sccn1CC1CCCO1)c1ccccc1,3
scaffold,CC(C)(C)C(=O)OCC1=CC[C@@H]2[C@@H](C1)c1c(O)cc(C34CC5CC(CC(C5)C3)C4)cc1OC2(C)C,C1=CCC2c3ccc(C45CC6CC(CC(C6)C4)C5)cc3OCC2C1,3
scaffold,CC(C)(C)CC(=O)N1CCN(c2ncnc3c2nc(-c2ccccc2Cl)n3-c2ccc(Cl)cc2)CC1,c1ccc(-c2nc3c(N4CCNCC4)ncnc3n2-c2ccccc2)cc1,3
scaffold,CC(C)(C)CNC(=O)c1ccc(Br)c(S(=O)(=O)N2CCCCC2)c1,O=S(=O)(c1ccccc1)N1CCCCC1,3
scaffold,CC(C)(C)CO/C=N/CCCOc1ccc(C(F)(F)F)cc1C(=O)/N=c1\sc(C(C)(C)C)cn1C[C@H]1CCCO1,O=C(N=c1sccn1CC1CCCO1)c1ccccc1,3
scaffold,CC(C)(C)NNc1ccc(C(F)(F)F)cc1C(=O)/N=c1\sc(C(C)(C)C)cn1C[C@H]1CCCO1,O=C(N=c1sccn1CC1CCCO1)c1ccccc1,3
scaffold,CC(C)(C)NOc1ccc(C(F)(F)F)cc1C(=O)/N=c1\sc(C(C)(C)C)nn1CC1CCO1,O=C(N=c1scnn1CC1CCO1)c1ccccc1,3
scaffold,CC(C)(C)OC(=O)N1CCN(c2ncnc3c2nc(-c2ccccc2Cl)n3-c2ccc(Cl)cc2)CC1,c1ccc(-c2nc3c(N4CCNCC4)ncnc3n2-c2ccccc2)cc1,3
scaffold,CC(C)(C)OC(=O)NCCOCCOc1ccc(-c2cc(=O)c3c(OCc4ccccc4)cccc3o2)cc1,O=c1cc(-c2ccccc2)oc2cccc(OCc3ccccc3)c12,3
scaffold,CC(C)(C)OC(=O)NNc1ccc(C(F)(F)F)cc1C(=O)/N=c1/sc(C(C)(C)C)cn1C[C@H]1CCCO1,O=C(N=c1sccn1CC1CCCO1)c1ccccc1,3
scaffold,CC(C)(C)[C@@H](CO)NC(=O)c1nn(-c2c[n+]([O-])ccn2)c2c1C[C@H]1C[C@@H]21,c1c[nH+]cc(-n2ncc3c2C2CC2C3)n1,3
scaffold,CC(C)(C)[C@@H](NC(=O)c1nn(-c2c[n+]([O-])ccn2)c2c1C[C@H]1C[C@@H]21)OCC(N)=O,c1c[nH+]cc(-n2ncc3c2C2CC2C3)n1,3
scaffold,CC(C)(C)[C@H](CC(N)=O)NC(=O)c1nn(-c2c[n+]([O-])ccn2)c2c1C[C@@H]1C[C@H]21,c1c[nH+]cc(-n2ncc3c2C2CC2C3)n1,3
scaffold,CC(C)(C)c1cc(-c2csc(C3(N4CCOCC4)CCOCC3)n2)cc(C(C)(C)C)c1O,c1ccc(-c2csc(C3(N4CCOCC4)CCOCC3)n2)cc1,3
scaffold,CC(C)(C)c1cn(CC2CCCO2)/c(=N/C(=O)c2cc(C(F)(F)F)ccc2ON=C2CCCC2)s1,O=C(N=c1sccn1CC1CCCO1)c1ccccc1ON=C1CCCC1,3
scaffold,CC(C)(C)c1cn(C[C@@H]2CCCO2)/c(=N/C(=O)c2cc(C(F)(F)F)ccc2OC[C@H](N)CO)s1,O=C(N=c1sccn1CC1CCCO1)c1ccccc1,3
scaffold,CC(C)(C)c1cn(C[C@H]2CCCO2)/c(=N/C(=O)c2cc(C(F)(F)F)ccc2OCCNCCO)s1,O=C(N=c1sccn1CC1CCCO1)c1ccccc1,3
scaffold,CC(C)(C)c1cn(C[C@H]2CCCO2)/c(=N/C(=O)c2cc(C(F)(F)F)ccc2OCc2cccnc2)s1,O=C(N=c1sccn1CC1CCCO1)c1ccccc1OCc1cccnc1,3
scaffold,CC(C)(C)c1nc(N2CCC(F)(F)C2)c2nnn(Cc3ccccc3CCSSc3ccccn3)c2n1,c1ccc(SSCCc2ccccc2Cn2nnc3c(N4CCCC4)ncnc32)nc1,3
scaffold,CC(C)(Cc1nnc(-c2ccc(F)cc2)o1)NC(=O)c1ccc(N2CC(F)(F)C2)c(OCC2CC2)n1,O=C(NCCc1nnc(-c2ccccc2)o1)c1ccc(N2CCC2)c(OCC2CC2)n1,3
scaffold,CC(C)(O)CCOc1ccc(C(F)(F)F)cc1C(=O)/N=c1\sc(C(C)(C)C)cn1C[C@H]1CCCO1,O=C(N=c1sccn1CC1CCCO1)c1ccccc1,3
scaffold,CC(C)(O)COc1ccc(C(F)(F)F)cc1-c1nnc2c(C(C)(C)C)nn(C[C@H]3CCCO3)c2n1,c1ccc(-c2nnc3cnn(CC4CCCO4)c3n2)cc1,3
scaffold,CC(C)CCNS(=O)(=O)[C@@H]1CC[C@@H](c2ccc(Cl)cc2Cl)N(c2ccc(Cl)cc2)C1,c1ccc(C2CCCCN2c2ccccc2)cc1,3
scaffold,CC(C)CNC(=O)/C=C/C=C/CCCCCC/C=C/c1ccc2c(c1)OCO2,c1ccc2c(c1)OCO2,3
scaffold,CC(C)CNC(=O)[C@@H]1CC[C@@H](c2ccc(Cl)cc2Cl)N(c2ccc(Cl)cc2)C1,c1ccc(C2CCCCN2c2ccccc2)cc1,3
scaffold,CC(C)CNC(=O)c1ccc(Br)c(S(=O)(=O)N2CCCCC2)c1,O=S(=O)(c1ccccc1)N1CCCCC1,3
scaffold,CC(C)CNS(=O)(=O)[C@@H]1CC[C@@H](c2ccc(Cl)cc2Cl)N(c2ccc(Cl)cc2)C1,c1ccc(C2CCCCN2c2ccccc2)cc1,3
scaffold,CC(C)CS(=O)(=O)N1CCN(c2ncnc3c2nc(-c2ccccc2Cl)n3-c2ccc(Cl)cc2)CC1,c1ccc(-c2nc3c(N4CCNCC4)ncnc3n2-c2ccccc2)cc1,3
scaffold,CC(C)Cc1sc2ccccc2c1C(=O)c1cccc2ccccc12,O=C(c1cccc2ccccc12)c1csc2ccccc12,3
scaffold,CC(C)Cn1cc(C(C)(C)C)s/c1=N\C(=O)c1cc(C(F)(F)F)ccc1OCCN1CCCC1,O=C(N=c1[nH]ccs1)c1ccccc1OCCN1CCCC1,3
scaffold,CC(C)NOc1ccc(C(F)(F)F)cc1C(=O)/N=c1\sc(C(C)(C)C)cn1C[C@H]1CCCO1,O=C(N=c1sccn1CC1CCCO1)c1ccccc1,3
scaffold,CC(C)S(=O)(=O)N1CCN(c2ncnc3c2nc(-c2ccccc2Cl)n3-c2ccc(Cl)cc2)CC1,c1ccc(-c2nc3c(N4CCNCC4)ncnc3n2-c2ccccc2)cc1,3
scaffold,CC(C)c1ccccc1/N=C1\SCC(C)(C)CN1Cc1ccccc1,c1ccc(CN2CCCSC2=Nc2ccccc2)cc1,3
scaffold,CC1(C)C(C(=O)c2cn(CC3CCOCC3)c3c(OCc4ccccc4)cccc23)C1(C)C,O=C(c1cn(CC2CCOCC2)c2c(OCc3ccccc3)cccc12)C1CC1,3
scaffold,CC1(C)C(C(=O)c2cn(CCN3CCCC3)c3ccccc23)C1(C)C,O=C(c1cn(CCN2CCCC2)c2ccccc12)C1CC1,3
scaffold,CC1(C)C(C(=O)c2cn(CCc3cccnc3)c3ccccc23)C1(C)C,O=C(c1cn(CCc2cccnc2)c2ccccc12)C1CC1,3
scaffold,CC1(C)Oc2cc(C(=O)c3c[nH]c4ccccc34)cc(O)c2[C@@H]2C[C@H](O)CC[C@H]21,O=C(c1ccc2c(c1)OCC1CCCCC21)c1c[nH]c2ccccc12,3
scaffold,CC1(C)Oc2cc(C3(CCCCCCC#N)CCCC3)cc(O)c2[C@@H]2C[C@H](CO)CC[C@H]21,c1cc2c(cc1C1CCCC1)OCC1CCCCC21,3
scaffold,CC1(C)Oc2cc(C3(CCCCCCCC#N)CCCC3)cc(O)c2[C@@H]2C[C@H](CN=C=S)CC[C@H]21,c1cc2c(cc1C1CCCC1)OCC1CCCCC21,3
scaffold,CC1(C)Oc2cc(C3(CCCCCCCC#N)CCCC3)cc(O)c2[C@@H]2C[C@H](CN=[N+]=[N-])CC[C@H]21,c1cc2c(cc1C1CCCC1)OCC1CCCCC21,3
scaffold,CC1(C)Oc2cc(C3(CCCCCCCC#N)CCCC3)cc(O)c2[C@@H]2C[C@H](CO)CC[C@H]21,c1cc2c(cc1C1CCCC1)OCC1CCCCC21,3
scaffold,CC1(C)Oc2cc(C3(CCCCCCCN=C=S)CCCC3)cc(O)c2[C@@H]2C[C@H](CN=C=S)CC[C@H]21,c1cc2c(cc1C1CCCC1)OCC1CCCCC21,3
scaffold,CC1(C)Oc2cc(C3(CCCCCCCN=C=S)CCCC3)cc(O)c2[C@@H]2C[C@H](CO)CC[C@H]21,c1cc2c(cc1C1CCCC1)OCC1CCCCC21,3
scaffold,CC1(C)Oc2cc(C3(CCCCCCCN=[N+]=[N-])CCCC3)cc(O)c2[C@@H]2C[C@H](CN=[N+]=[N-])CC[C@H]21,c1cc2c(cc1C1CCCC1)OCC1CCCCC21,3
scaffold,CC1(C)Oc2cc(C3(CCCCCCCN=[N+]=[N-])CCCC3)cc(O)c2[C@@H]2C[C@H](CO)CC[C@H]21,c1cc2c(cc1C1CCCC1)OCC1CCCCC21,3
scaffold,CC1(C)Oc2cc(C3(CCCCCCN=C=S)CCCC3)cc(O)c2[C@@H]2C[C@H](CO)CC[C@H]21,c1cc2c(cc1C1CCCC1)OCC1CCCCC21,3
scaffold,CC1(C)Oc2cc(C3(CCCCCCN=[N+]=[N-])CCCC3)cc(O)c2[C@@H]2C[C@H](CO)CC[C@H]21,c1cc2c(cc1C1CCCC1)OCC1CCCCC21,3
scaffold,CC1(C)Oc2cc(C34CC5CC(CC(C5)C3)C4)cc(O)c2-c2cc(CO)ccc21,c1ccc2c(c1)COc1cc(C34CC5CC(CC(C5)C3)C4)ccc1-2,3
scaffold,CC1(C)Oc2cc(C34CC5CC(CC(C5)C3)C4)cc(O)c2-c2cc(O)ccc21,c1ccc2c(c1)COc1cc(C34CC5CC(CC(C5)C3)C4)ccc1-2,3
scaffold,CC1(C)Oc2cc(C34CC5CC(CC(C5)C3)C4)cc(O)c2[C@@H]2CC(CO)=CC[C@H]21,C1=CCC2c3ccc(C45CC6CC(CC(C6)C4)C5)cc3OCC2C1,3
scaffold,CC1(C)Oc2cc(CNC3C4CC5CC(C4)CC3C5)cc(O)c2[C@@H]2C[C@@H](O)CC[C@H]21,c1cc2c(cc1CNC1C3CC4CC(C3)CC1C4)OCC1CCCCC21,3
scaffold,CC1(C)Oc2cc(CNC3C4CC5CC(C4)CC3C5)cc(O)c2[C@@H]2C[C@H](O)CC[C@H]21,c1cc2c(cc1CNC1C3CC4CC(C3)CC1C4)OCC1CCCCC21,3
scaffold,CC1(C)[C@H]2CC[C@](C)(C2)[C@@H]1NC(=O)c1ccc(Br)c(S(=O)(=O)N2CCCC2)c1,O=C(NC1CC2CCC1C2)c1cccc(S(=O)(=O)N2CCCC2)c1,3
scaffold,CC1(Cc2ccccc2)COc2cc(C(=O)N3CCCCC3)ccc21,O=C(c1ccc2c(c1)OCC2Cc1ccccc1)N1CCCCC1,3
scaffold,CC12CC3CC(C)(C1)CC(NC(=O)c1cn(Cc4ccc(F)cc4)c4ccccc4c1=O)(C3)C2,O=C(NC12CC3CC(CC(C3)C1)C2)c1cn(Cc2ccccc2)c2ccccc2c1=O,3
scaffold,CC12CC3CC(C)(C1)CC(NC(=O)c1cn(Cc4ccccc4)c4ccccc4c1=O)(C3)C2,O=C(NC12CC3CC(CC(C3)C1)C2)c1cn(Cc2ccccc2)c2ccccc2c1=O,3
scaffold,CC1=CC[C@@H]2[C@@H](C1)c1c(O)cc(C(C)(C)C(=O)OCCCn3ccnc3)cc1OC2(C)C,O=C(Cc1ccc2c(c1)OCC1CC=CCC21)OCCCn1ccnc1,3
scaffold,CC1=CC[C@H]2[C@H](C1)c1c(O)cc(/C(C)=N/OCCN3CCCCC3)cc1OC2(C)C,C1=CCC2c3ccc(C=NOCCN4CCCCC4)cc3OCC2C1,3
scaffold,CC1CCC(NC(=O)c2cc3cc(-c4ccc(F)cc4)cnc3n(Cc3ccc(F)cc3)c2=O)CC1,O=C(NC1CCCCC1)c1cc2cc(-c3ccccc3)cnc2n(Cc2ccccc2)c1=O,3
scaffold,CC1CCC(NC(=O)c2cc3cc(-c4ccco4)cnc3n(CCN3CCOCC3)c2=O)CC1,O=C(NC1CCCCC1)c1cc2cc(-c3ccco3)cnc2n(CCN2CCOCC2)c1=O,3
scaffold,CC1CCC(NC(=O)c2cc3ccccc3n(CCCO)c2=O)CC1,O=C(NC1CCCCC1)c1cc2ccccc2[nH]c1=O,3
scaffold,CC1CCC(NC(=O)c2cccn(Cc3ccc(F)cc3)c2=O)CC1,O=C(NC1CCCCC1)c1cccn(Cc2ccccc2)c1=O,3
scaffold,CC1CCC(NC(=O)c2cccn(Cc3ccccc3)c2=O)CC1,O=C(NC1CCCCC1)c1cccn(Cc2ccccc2)c1=O,3
scaffold,CC1COc2cccc3c(=O)c(C(=O)NC4CCCCCC4)cn1c23,O=C(NC1CCCCCC1)c1cn2c3c(cccc3c1=O)OCC2,3
scaffold,CCC(C)(C)C(=O)Cc1cc(C)c(C)c(S(=O)(=O)N2CCCCC2)c1,O=S(=O)(c1ccccc1)N1CCCCC1,3
scaffold,CCC(C)(C)C(=O)Nc1cc(C)c(C)c(S(=O)(=O)N2CCCCC2)c1,O=S(=O)(c1ccccc1)N1CCCCC1,3
scaffold,CCC(C)(C)C(=O)Nc1cc(C)c(C)c(S(=O)(=O)N2CCS(=O)(=O)CC2)c1,O=S1(=O)CCN(S(=O)(=O)c2ccccc2)CC1,3
scaffold,CCC(C)(C)C(=O)Nc1cc(C)c(C)c(S(=O)(=O)NCC2CC2)c1,O=S(=O)(NCC1CC1)c1ccccc1,3
scaffold,CCC(C)(C)C(=O)Nc1cc2c(c(S(=O)(=O)N3CCOCC3)c1)CCCC2,O=S(=O)(c1cccc2c1CCCC2)N1CCOCC1,3
scaffold,CCC1(C(=O)Nc2cc(CN3CCOCC3)c(C)cn2)CC1,O=C(Nc1cc(CN2CCOCC2)ccn1)C1CC1,3
scaffold,CCC1COc2cccc3c(=O)c(C(=O)N(C(C)C)C(C)C)cn1c23,O=c1ccn2c3c(cccc13)OCC2,3
scaffold,CCC1COc2cccc3c(=O)c(C(=O)NC(C)CCC(C)C)cn1c23,O=c1ccn2c3c(cccc13)OCC2,3
scaffold,CCC1COc2cccc3c(=O)c(C(=O)NC4CCCCCC4)cn1c23,O=C(NC1CCCCCC1)c1cn2c3c(cccc3c1=O)OCC2,3
scaffold,CCCCC(=O)N1CCC(NC(=O)c2nn(-c3ccc(Cl)cc3Cl)c(-c3ccc(Cl)cc3)c2C)CC1,O=C(NC1CCNCC1)c1cc(-c2ccccc2)n(-c2ccccc2)n1,3
scaffold,CCCCC(=O)N1CCN(c2ncnc3c2nc(-c2ccccc2Cl)n3-c2ccc(Cl)cc2)CC1,c1ccc(-c2nc3c(N4CCNCC4)ncnc3n2-c2ccccc2)cc1,3
scaffold,CCCCC(=O)NC1CCN(c2ncnc3c2nc(-c2ccccc2Cl)n3-c2ccc(C(F)(F)F)nc2)CC1,c1ccc(-c2nc3c(N4CCCCC4)ncnc3n2-c2cccnc2)cc1,3
scaffold,CCCCC(C)(C)c1cc(OC)c2cc(Cc3ccccc3OC)c(=O)oc2c1,O=c1oc2ccccc2cc1Cc1ccccc1,3
scaffold,CCCCC1(c2cc(O)c3cc(C)c(=O)oc3c2)CCCC1,O=c1ccc2ccc(C3CCCC3)cc2o1,3
scaffold,CCCCC1(c2cc(O)c3cc(CC)c(=O)oc3c2)CCCC1,O=c1ccc2ccc(C3CCCC3)cc2o1,3
scaffold,CCCCC1(c2cc(O)c3cc(CCC)c(=O)oc3c2)CCCC1,O=c1ccc2ccc(C3CCCC3)cc2o1,3
scaffold,CCCCC1(c2cc(O)c3cc(Cc4ccccc4O)c(=O)oc3c2)CCCCC1,O=c1oc2cc(C3CCCCC3)ccc2cc1Cc1ccccc1,3
scaffold,CCCCC1=NN(C(=O)NC(C)(C)c2ccc(F)cc2)CC1c1cccc(F)c1,O=C(NCc1ccccc1)N1CC(c2ccccc2)C=N1,3
scaffold,CCCCC1=NN(C(=O)NC(C)(C)c2ccc(F)cc2)CC1c1ccccc1F,O=C(NCc1ccccc1)N1CC(c2ccccc2)C=N1,3
scaffold,CCCCC1=NN(C(=O)NC(C)(C)c2ccccc2)C(C)(C)C1c1ccccc1,O=C(NCc1ccccc1)N1CC(c2ccccc2)C=N1,3
scaffold,CCCCC1=NN(C(=O)NC(C)(C)c2ccccc2)CC1c1ccccc1,O=C(NCc1ccccc1)N1CC(c2ccccc2)C=N1,3
scaffold,CCCCC1=NN(C(=O)N[C@H]2C[C@H]3CC[C@]2(C)C3(C)C)C(C)(C)C1c1ccccc1,O=C(NC1CC2CCC1C2)N1CC(c2ccccc2)C=N1,3
scaffold,CCCCCC1=NN(C(=O)NC(C)(C)c2ccccc2)CC1c1ccccc1,O=C(NCc1ccccc1)N1CC(c2ccccc2)C=N1,3
scaffold,CCCCCC1=NN(C(=O)NC2CCCCCC2)CC1c1ccccc1,O=C(NC1CCCCCC1)N1CC(c2ccccc2)C=N1,3
scaffold,CCCCCC1=NN(C(=O)NCC2CCCCC2)CC1c1ccccc1,O=C(NCC1CCCCC1)N1CC(c2ccccc2)C=N1,3
scaffold,CCCCCC1=NN(C(=O)NCc2ccccc2)CC1c1ccccc1,O=C(NCc1ccccc1)N1CC(c2ccccc2)C=N1,3
scaffold,CCCCCC1=NN(C(=O)N[C@H]2C[C@H]3CC[C@]2(C)C3(C)C)CC1c1ccccc1,O=C(NC1CC2CCC1C2)N1CC(c2ccccc2)C=N1,3
scaffold,CCCCCC1=NN(C(=O)c2cccc3ccccc23)CC1c1ccccc1,O=C(c1cccc2ccccc12)N1CC(c2ccccc2)C=N1,3
scaffold,CCCCCCC(C)(C)C1=CC(=O)C2=C(OC(C)(C)c3c[nH]nc32)C1=O,O=C1C=CC(=O)C2=C1OCc1c[nH]nc12,3
scaffold,CCCCCCC(C)(C)C1=CC(=O)C2=C(OC(C)(C)c3cn(C)nc32)C1=O,O=C1C=CC(=O)C2=C1OCc1c[nH]nc12,3
scaffold,CCCCCCC(C)(C)C1=CC(=O)C2=C(OC(C)(C)c3cn(CC)nc32)C1=O,O=C1C=CC(=O)C2=C1OCc1c[nH]nc12,3
scaffold,CCCCCCC(C)(C)c1cc(O)c([C@H]2CC(=O)[C@H]3C[C@@H]2C3(C)C)c(OC(=O)/C=C/C(=O)O)c1,O=C1CC(c2ccccc2)C2CC1C2,3
scaffold,CCCCCCC(C)(C)c1cc(O)c2c(c1)OC(C)(C)[C@@H]1CCC(=O)OC[C@@H]21,O=C1CCC2COc3ccccc3C2CO1,3
scaffold,CCCCCCC(C)(C)c1cc(O)c2c(c1)OC(C)(C)c1cnoc1-2,c1ccc2c(c1)OCc1cnoc1-2,3
scaffold,CCCCCCC(C)(C)c1cc(O)c2cc(Cc3ccccc3)c(=O)oc2c1,O=c1oc2ccccc2cc1Cc1ccccc1,3
scaffold,CCCCCCC(C)(C)c1cc(O)c2cc(Cc3ccccc3C)c(=O)oc2c1,O=c1oc2ccccc2cc1Cc1ccccc1,3
scaffold,CCCCCCC(C)(C)c1cc(O)c2cc(Cc3ccccc3O)c(=O)oc2c1,O=c1oc2ccccc2cc1Cc1ccccc1,3
scaffold,CCCCCCC(C)(C)c1cc(O)cc(OCCCCCCCC(=O)NCC2CC2)c1,O=C(CCCCCCCOc1ccccc1)NCC1CC1,3
scaffold,CCCCCCC(C)(C)c1cc(OC)c2c(c1)OC(C)(C)c1cnoc1-2,c1ccc2c(c1)OCc1cnoc1-2,3
scaffold,CCCCCCC(C)(C)c1cc(OC)c2cc(Cc3ccccc3)c(=O)oc2c1,O=c1oc2ccccc2cc1Cc1ccccc1,3
scaffold,CCCCCCC(C)(C)c1cc(OC)c2cc(Cc3ccccc3OC)c(=O)oc2c1,O=c1oc2ccccc2cc1Cc1ccccc1,3
scaffold,CCCCCCC(C)(C)c1cc(OCCCO)c2c(c1)OC(C)(C)c1cnoc1-2,c1ccc2c(c1)OCc1cnoc1-2,3
scaffold,CCCCCCCC(C)(C)c1cc(O)c2cc(Cc3ccccc3O)c(=O)oc2c1,O=c1oc2ccccc2cc1Cc1ccccc1,3
scaffold,CCCCCCCC(C)(C)c1cc(OC)c2cc(Cc3ccccc3OC)c(=O)oc2c1,O=c1oc2ccccc2cc1Cc1ccccc1,3
scaffold,CCCCCCCCN1C(=O)C2C3c4ccccc4C(c4ccccc43)C2C1=O,O=C1NC(=O)C2C3c4ccccc4C(c4ccccc43)C12,3
scaffold,CCCCCCCN(Cc1ccc(N(CC)CC)cc1)S(=O)(=O)Cc1ccccc1,O=S(=O)(Cc1ccccc1)NCc1ccccc1,3
scaffold,CCCCCCCN1C(=O)C2C3c4ccccc4C(C)(c4ccccc43)C2C1=O,O=C1NC(=O)C2C3c4ccccc4C(c4ccccc43)C12,3
scaffold,CCCCCCCN1C(=O)C2C3c4ccccc4C(Cl)(c4ccccc43)C2C1=O,O=C1NC(=O)C2C3c4ccccc4C(c4ccccc43)C12,3
scaffold,CCCCCCCN1C(=O)C2C3c4ccccc4C(c4cc(Cl)ccc43)C2C1=O,O=C1NC(=O)C2C3c4ccccc4C(c4ccccc43)C12,3
scaffold,CCCCCCCN1C(=O)C2C3c4ccccc4C(c4ccccc43)C2C1=O,O=C1NC(=O)C2C3c4ccccc4C(c4ccccc43)C12,3
scaffold,CCCCCCCNCC12c3ccccc3C(c3ccccc31)C1C(=O)NC(=O)C12,O=C1NC(=O)C2C3c4ccccc4C(c4ccccc43)C12,3
scaffold,CCCCCCCOCC12c3ccccc3C(c3ccccc31)C1C(=O)NC(=O)C12,O=C1NC(=O)C2C3c4ccccc4C(c4ccccc43)C12,3
scaffold,CCCCCCN1C(=O)/C(=N\NC(=O)OC(C)(C)C)c2ccccc21,N=C1C(=O)Nc2ccccc21,3
scaffold,CCCCCCN1C(=O)C2C3c4ccccc4C(C)(c4ccccc43)C2C1=O,O=C1NC(=O)C2C3c4ccccc4C(c4ccccc43)C12,3
scaffold,CCCCCCN1C(=O)C2C3c4ccccc4C(c4ccccc43)C2C1=O,O=C1NC(=O)C2C3c4ccccc4C(c4ccccc43)C12,3
scaffold,CCCCCCNC(=O)c1ccc2c(c1)nc(Cc1ccc(OCC)cc1)n2CCC(C)C,c1ccc(Cc2nc3ccccc3[nH]2)cc1,3
scaffold,CCCCCCNC(=O)c1cn(CCCCC)c2ccc(Br)cc2c1=O,O=c1cc[nH]c2ccccc12,3
scaffold,CCCCCCc1cc(O)c2c(c1)OC(C)(C)C1=C2CCN(C)C1,c1ccc2c(c1)OCC1=C2CCNC1,3
scaffold,CCCCCCn1cc(C(=O)NC23CC4CC(CC(C4)C2)C3)c(=O)cc1-c1ccccc1,O=C(NC12CC3CC(CC(C3)C1)C2)c1c[nH]c(-c2ccccc2)cc1=O,3
scaffold,CCCCCCn1cc(C(=O)NC2CCCCC2)c(=O)c2ccc(C)nc21,O=C(NC1CCCCC1)c1c[nH]c2ncccc2c1=O,3
scaffold,CCCCCCn1cc(C(=O)Nc2cccc3ccccc23)c(=O)c2ccccc21,O=C(Nc1cccc2ccccc12)c1c[nH]c2ccccc2c1=O,3
scaffold,CCCCCOc1cc(C(=O)NC2CCc3cc(O)c(O)cc3C2)ccc1OC,O=C(NC1CCc2ccccc2C1)c1ccccc1,3
scaffold,CCCCCOc1ccccc1-c1cc(C(=O)NC2CCCCCCC2)no1,O=C(NC1CCCCCCC1)c1cc(-c2ccccc2)on1,3
scaffold,CCCCCc1cc(O)c([C@H]2C=C(CO)CC[C@@H]2C(C)C)c(O)c1,C1=CC(c2ccccc2)CCC1,3
scaffold,CCCCCc1cc(O)c2c(c1)CC(C)(C)[C@@H]1CCC(C)=C[C@@H]21,C1=CC2c3ccccc3CCC2CC1,3
scaffold,CCCCCc1cc(O)c2c(c1)OC(C)(CCC=C(C)C)C=C2,C1=Cc2ccccc2OC1,3
scaffold,CCCCCc1cc(O)c2c(c1)OC1=C(CC[C@@H](C)C1)C2(C)C,c1ccc2c(c1)CC1=C(CCCC1)O2,3
scaffold,CCCCCc1cc(O)c2c(c1)OC1=C(CC[C@H](C)C1)C2(C)C,c1ccc2c(c1)CC1=C(CCCC1)O2,3
scaffold,CCCCCc1cc(O)c2cc(Cc3cccc(C)c3)c(=O)oc2c1,O=c1oc2ccccc2cc1Cc1ccccc1,3
scaffold,CCCCCc1cc(O)c2cc(Cc3cccc(Cl)c3)c(=O)oc2c1,O=c1oc2ccccc2cc1Cc1ccccc1,3
scaffold,CCCCCc1cc(O)c2cc(Cc3cccc(O)c3)c(=O)oc2c1,O=c1oc2ccccc2cc1Cc1ccccc1,3
scaffold,CCCCCc1cc(O)c2cc(Cc3ccccc3)c(=O)oc2c1,O=c1oc2ccccc2cc1Cc1ccccc1,3
scaffold,CCCCCc1cc(O)c2cc(Cc3ccccc3C)c(=O)oc2c1,O=c1oc2ccccc2cc1Cc1ccccc1,3
scaffold,CCCCCc1cc(O)c2cc(Cc3ccccc3Cl)c(=O)oc2c1,O=c1oc2ccccc2cc1Cc1ccccc1,3
scaffold,CCCCCc1cc(O)c2cc(Cc3ccccc3O)c(=O)oc2c1,O=c1oc2ccccc2cc1Cc1ccccc1,3
scaffold,CCCCCc1cc(OC)c2cc(Cc3ccc(Br)cc3)c(=O)oc2c1,O=c1oc2ccccc2cc1Cc1ccccc1,3
scaffold,CCCCCc1cc(OC)c2cc(Cc3ccc(Cl)cc3)c(=O)oc2c1,O=c1oc2ccccc2cc1Cc1ccccc1,3
scaffold,CCCCCc1cc(OC)c2cc(Cc3cccc(C)c3)c(=O)oc2c1,O=c1oc2ccccc2cc1Cc1ccccc1,3
scaffold,CCCCCc1cc(OC)c2cc(Cc3cccc(Cl)c3)c(=O)oc2c1,O=c1oc2ccccc2cc1Cc1ccccc1,3
scaffold,CCCCCc1cc(OC)c2cc(Cc3cccc(OC)c3)c(=O)oc2c1,O=c1oc2ccccc2cc1Cc1ccccc1,3
scaffold,CCCCCc1cc(OC)c2cc(Cc3ccccc3)c(=O)oc2c1,O=c1oc2ccccc2cc1Cc1ccccc1,3
scaffold,CCCCCc1cc(OC)c2cc(Cc3ccccc3C)c(=O)oc2c1,O=c1oc2ccccc2cc1Cc1ccccc1,3
scaffold,CCCCCc1cc(OC)c2cc(Cc3ccccc3Cl)c(=O)oc2c1,O=c1oc2ccccc2cc1Cc1ccccc1,3
scaffold,CCCCCc1cc(OC)c2cc(Cc3ccccc3OC)c(=O)oc2c1,O=c1oc2ccccc2cc1Cc1ccccc1,3
scaffold,CCCCCc1cc2c(c(OS(=O)(=O)c3ccc(C)cc3)c1)[C@@H]1[C@H](O)C(C)=CC[C@H]1C(C)(C)O2,O=S(=O)(Oc1cccc2c1C1CC=CCC1CO2)c1ccccc1,3
scaffold,CCCCCc1cc2c(c(OS(=O)(=O)c3ccc(C)cc3)c1)[C@H]1[C@@H](CC=C(C)[C@@H]1OO)C(C)(C)O2,O=S(=O)(Oc1cccc2c1C1CC=CCC1CO2)c1ccccc1,3
scaffold,CCCCCc1sc(NC(=O)C23CC4CC(CC(C4)C2)C3)c(C(=O)OC)c1-c1ccccc1,O=C(Nc1cc(-c2ccccc2)cs1)C12CC3CC(CC(C3)C1)C2,3
scaffold,CCCCCc1sc2ccccc2c1C(=O)c1cccc2ccccc12,O=C(c1cccc2ccccc12)c1csc2ccccc12,3
scaffold,CCCCCn1/c(=N/C(=O)c2cccc(C(F)(F)F)c2)sc2ccccc21,O=C(N=c1[nH]c2ccccc2s1)c1ccccc1,3
scaffold,CCCCCn1c(=O)c(C(=O)NC23CC4CC(CC(C4)C2)C3)c(O)c2nn(C)cc21,O=C(NC12CC3CC(CC(C3)C1)C2)c1cc2n[nH]cc2[nH]c1=O,3
scaffold,CCCCCn1c(=O)c(C(=O)NC23CC4CC(CC(C4)C2)C3)c(O)c2nn(CCO)cc21,O=C(NC12CC3CC(CC(C3)C1)C2)c1cc2n[nH]cc2[nH]c1=O,3
scaffold,CCCCCn1c(=O)c(C(=O)NC23CC4CC(CC(O)(C4)C2)C3)c(O)c2nn(CCO)cc21,O=C(NC12CC3CC(CC(C3)C1)C2)c1cc2n[nH]cc2[nH]c1=O,3
scaffold,CCCCCn1c(=O)c(C(=O)NC2CCC(C)CC2)cc2ccccc21,O=C(NC1CCCCC1)c1cc2ccccc2[nH]c1=O,3
scaffold,CCCCCn1c(C)c(C(=O)Cc2ccc(Br)cc2)c2ccccc21,O=C(Cc1ccccc1)c1c[nH]c2ccccc12,3
scaffold,CCCCCn1c(C)c(C(=O)Cc2ccc(C)cc2)c2ccccc21,O=C(Cc1ccccc1)c1c[nH]c2ccccc12,3
scaffold,CCCCCn1c(C)c(C(=O)Cc2ccc(Cl)cc2)c2ccccc21,O=C(Cc1ccccc1)c1c[nH]c2ccccc12,3
scaffold,CCCCCn1c(C)c(C(=O)Cc2ccc(F)cc2)c2ccccc21,O=C(Cc1ccccc1)c1c[nH]c2ccccc12,3
scaffold,CCCCCn1c(C)c(C(=O)Cc2ccc(OC)cc2)c2ccccc21,O=C(Cc1ccccc1)c1c[nH]c2ccccc12,3
scaffold,CCCCCn1c(C)c(C(=O)Cc2cccc(Cl)c2)c2ccccc21,O=C(Cc1ccccc1)c1c[nH]c2ccccc12,3
scaffold,CCCCCn1c(C)c(C(=O)Cc2cccc(F)c2)c2ccccc21,O=C(Cc1ccccc1)c1c[nH]c2ccccc12,3
scaffold,CCCCCn1c(C)c(C(=O)Cc2cccc(OC)c2)c2ccccc21,O=C(Cc1ccccc1)c1c[nH]c2ccccc12,3
scaffold,CCCCCn1c(C)c(C(=O)Cc2ccccc2)c2ccccc21,O=C(Cc1ccccc1)c1c[nH]c2ccccc12,3
scaffold,CCCCCn1c(C)c(C(=O)Cc2ccccc2Br)c2ccccc21,O=C(Cc1ccccc1)c1c[nH]c2ccccc12,3
scaffold,CCCCCn1c(C)c(C(=O)Cc2ccccc2C)c2ccccc21,O=C(Cc1ccccc1)c1c[nH]c2ccccc12,3
scaffold,CCCCCn1c(C)c(C(=O)Cc2ccccc2Cl)c2ccccc21,O=C(Cc1ccccc1)c1c[nH]c2ccccc12,3
scaffold,CCCCCn1c(C)c(C(=O)Cc2ccccc2F)c2ccccc21,O=C(Cc1ccccc1)c1c[nH]c2ccccc12,3
scaffold,CCCCCn1c(C)c(C(=O)Cc2ccccc2OC)c2ccccc21,O=C(Cc1ccccc1)c1c[nH]c2ccccc12,3
scaffold,CCCCCn1c2ccccc2c2cc(CN3CCN(C)CC3)ccc21,c1ccc2c(c1)[nH]c1ccc(CN3CCNCC3)cc12,3
scaffold,CCCCCn1cc(-c2nnc(C34CC5CC(CC(C5)C3)C4)o2)c(=O)c2cc(-c3ccco3)ccc21,O=c1c(-c2nnc(C34CC5CC(CC(C5)C3)C4)o2)c[nH]c2ccc(-c3ccco3)cc12,3
scaffold,CCCCCn1cc(C(=O)C(=O)NC23CC4CC(CC(C4)C2)C3)c2cc(-c3ccco3)ccc21,O=C(NC12CC3CC(CC(C3)C1)C2)C(=O)c1c[nH]c2ccc(-c3ccco3)cc12,3
scaffold,CCCCCn1cc(C(=O)Cc2ccc(Br)cc2)c2ccccc21,O=C(Cc1ccccc1)c1c[nH]c2ccccc12,3
scaffold,CCCCCn1cc(C(=O)Cc2ccc(C)cc2)c2ccccc21,O=C(Cc1ccccc1)c1c[nH]c2ccccc12,3
scaffold,CCCCCn1cc(C(=O)Cc2ccc(Cl)cc2)c2ccccc21,O=C(Cc1ccccc1)c1c[nH]c2ccccc12,3
scaffold,CCCCCn1cc(C(=O)Cc2ccc(F)cc2)c2ccccc21,O=C(Cc1ccccc1)c1c[nH]c2ccccc12,3
scaffold,CCCCCn1cc(C(=O)Cc2ccc(OC)cc2)c2ccccc21,O=C(Cc1ccccc1)c1c[nH]c2ccccc12,3
scaffold,CCCCCn1cc(C(=O)Cc2cccc(Cl)c2)c2ccccc21,O=C(Cc1ccccc1)c1c[nH]c2ccccc12,3
scaffold,CCCCCn1cc(C(=O)Cc2cccc(F)c2)c2ccccc21,O=C(Cc1ccccc1)c1c[nH]c2ccccc12,3
scaffold,CCCCCn1cc(C(=O)Cc2cccc(OC)c2)c2ccccc21,O=C(Cc1ccccc1)c1c[nH]c2ccccc12,3
scaffold,CCCCCn1cc(C(=O)Cc2ccccc2)c2ccccc21,O=C(Cc1ccccc1)c1c[nH]c2ccccc12,3
scaffold,CCCCCn1cc(C(=O)Cc2ccccc2Br)c2ccccc21,O=C(Cc1ccccc1)c1c[nH]c2ccccc12,3
scaffold,CCCCCn1cc(C(=O)Cc2ccccc2C)c2ccccc21,O=C(Cc1ccccc1)c1c[nH]c2ccccc12,3
scaffold,CCCCCn1cc(C(=O)Cc2ccccc2Cl)c2ccccc21,O=C(Cc1ccccc1)c1c[nH]c2ccccc12,3
scaffold,CCCCCn1cc(C(=O)Cc2ccccc2F)c2ccccc21,O=C(Cc1ccccc1)c1c[nH]c2ccccc12,3
scaffold,CCCCCn1cc(C(=O)Cc2ccccc2OC)c2ccccc21,O=C(Cc1ccccc1)c1c[nH]c2ccccc12,3
scaffold,CCCCCn1cc(C(=O)N2CCC[C@H]2C(N)=O)c(=O)c2ccc(Sc3ccccc3)cc21,O=C(c1c[nH]c2cc(Sc3ccccc3)ccc2c1=O)N1CCCC1,3
scaffold,CCCCCn1cc(C(=O)NC23CC4CC(C)(CC(C)(C4)C2)C3)c(=O)c2cccnc21,O=C(NC12CC3CC(CC(C3)C1)C2)c1c[nH]c2ncccc2c1=O,3
scaffold,CCCCCn1cc(C(=O)NC23CC4CC(C)(CC(C)(C4)C2)C3)c(=O)c2ncccc21,O=C(NC12CC3CC(CC(C3)C1)C2)c1c[nH]c2cccnc2c1=O,3
scaffold,CCCCCn1cc(C(=O)NC23CC4CC(CC(C4)C2)C3)c(=O)c(-c2ccc(CC)cc2)c1C,O=C(NC12CC3CC(CC(C3)C1)C2)c1c[nH]cc(-c2ccccc2)c1=O,3
scaffold,CCCCCn1cc(C(=O)NC23CC4CC(CC(C4)C2)C3)c(=O)c(-c2ccccc2)c1C,O=C(NC12CC3CC(CC(C3)C1)C2)c1c[nH]cc(-c2ccccc2)c1=O,3
scaffold,CCCCCn1cc(C(=O)NC23CC4CC(CC(C4)C2)C3)c(=O)c(I)c1C,O=C(NC12CC3CC(CC(C3)C1)C2)c1c[nH]ccc1=O,3
scaffold,CCCCCn1cc(C(=O)NC23CC4CC(CC(C4)C2)C3)c(=O)c2cc(-c3cnn(CC(C)C)c3)ccc21,O=C(NC12CC3CC(CC(C3)C1)C2)c1c[nH]c2ccc(-c3cn[nH]c3)cc2c1=O,3
scaffold,CCCCCn1cc(C(=O)NC23CC4CC(CC(C4)C2)C3)c(=O)c2cc(C3CCCCC3)ccc21,O=C(NC12CC3CC(CC(C3)C1)C2)c1c[nH]c2ccc(C3CCCCC3)cc2c1=O,3
scaffold,CCCCCn1cc(C(=O)NC23CC4CC(CC(C4)C2)C3)c(=O)c2ccc(S(=O)(=O)c3ccccc3)cc21,O=C(NC12CC3CC(CC(C3)C1)C2)c1c[nH]c2cc(S(=O)(=O)c3ccccc3)ccc2c1=O,3
scaffold,CCCCCn1cc(C(=O)NC23CC4CC(CC(C4)C2)C3)c(=O)cc1-c1ccc(C)cc1,O=C(NC12CC3CC(CC(C3)C1)C2)c1c[nH]c(-c2ccccc2)cc1=O,3
scaffold,CCCCCn1cc(C(=O)NC23CC4CC(CC(C4)C2)C3)c(=O)cc1-c1ccc(Cl)cc1,O=C(NC12CC3CC(CC(C3)C1)C2)c1c[nH]c(-c2ccccc2)cc1=O,3
scaffold,CCCCCn1cc(C(=O)NC23CC4CC(CC(C4)C2)C3)c(=O)cc1-c1ccc(OC)cc1,O=C(NC12CC3CC(CC(C3)C1)C2)c1c[nH]c(-c2ccccc2)cc1=O,3
scaffold,CCCCCn1cc(C(=O)NC23CC4CC(CC(C4)C2)C3)c(=O)cc1-c1cccc(Cl)c1,O=C(NC12CC3CC(CC(C3)C1)C2)c1c[nH]c(-c2ccccc2)cc1=O,3
scaffold,CCCCCn1cc(C(=O)NC23CC4CC(CC(C4)C2)C3)c(=O)cc1-c1ccccc1,O=C(NC12CC3CC(CC(C3)C1)C2)c1c[nH]c(-c2ccccc2)cc1=O,3
scaffold,CCCCCn1cc(C(=O)NC23CC4CC(CC(C4)C2)C3)c(=O)cc1-c1ccccc1Cl,O=C(NC12CC3CC(CC(C3)C1)C2)c1c[nH]c(-c2ccccc2)cc1=O,3
scaffold,CCCCCn1cc(C(=O)NC23CC4CC(CC(C4)C2)C3)c(=O)cc1C,O=C(NC12CC3CC(CC(C3)C1)C2)c1c[nH]ccc1=O,3
scaffold,CCCCCn1cc(C(=O)NC23CC4CC(CC(C4)C2)C3)c(=O)cc1C(C)(C)C,O=C(NC12CC3CC(CC(C3)C1)C2)c1c[nH]ccc1=O,3
scaffold,CCCCCn1cc(C(=O)NC23CC4CC(CC(C4)C2)C3)c(=S)cc1-c1ccccc1,O=C(NC12CC3CC(CC(C3)C1)C2)c1c[nH]c(-c2ccccc2)cc1=S,3
scaffold,CCCCCn1cc(C(=O)NC2CCCCC2)c(=O)cc1-c1ccc(Cl)cc1,O=C(NC1CCCCC1)c1c[nH]c(-c2ccccc2)cc1=O,3
scaffold,CCCCCn1cc(C(=O)NC2CCCCC2)c(=O)cc1-c1ccccc1,O=C(NC1CCCCC1)c1c[nH]c(-c2ccccc2)cc1=O,3
scaffold,CCCCCn1cc(C(=O)NC2CCCCC2)c(=O)n2nc(C)nc12,O=C(NC1CCCCC1)c1c[nH]c2ncnn2c1=O,3
scaffold,CCCCCn1cc(C(=O)NC2CCCCC2)c(=O)n2nc(SC)nc12,O=C(NC1CCCCC1)c1c[nH]c2ncnn2c1=O,3
scaffold,CCCCCn1cc(C(=O)NC2CCCCC2)c(=S)cc1-c1ccccc1,O=C(NC1CCCCC1)c1c[nH]c(-c2ccccc2)cc1=S,3
scaffold,CCCCCn1cc(C(=O)NC2CCCCCC2)c(=O)c2c(C)nn(C)c21,O=C(NC1CCCCCC1)c1c[nH]c2[nH]ncc2c1=O,3
scaffold,CCCCCn1cc(C(=O)NC2CCCCCC2)c(=O)c2c(C)noc21,O=C(NC1CCCCCC1)c1c[nH]c2oncc2c1=O,3
scaffold,CCCCCn1cc(C(=O)NC2CCCCCC2)c(=O)c2cnn(C)c21,O=C(NC1CCCCCC1)c1c[nH]c2[nH]ncc2c1=O,3
scaffold,CCCCCn1cc(C(=O)NCC2CC2)c(=O)cc1C(C)(C)C,O=C(NCC1CC1)c1c[nH]ccc1=O,3
scaffold,CCCCCn1cc(C(=O)NCc2ccccc2)c(=O)c2c(C)nn(C)c21,O=C(NCc1ccccc1)c1c[nH]c2[nH]ncc2c1=O,3
scaffold,CCCCCn1cc(C(=O)NN2CCCCC2)c(=O)c2ccc(Sc3ccccc3)cc21,O=C(NN1CCCCC1)c1c[nH]c2cc(Sc3ccccc3)ccc2c1=O,3
scaffold,CCCCCn1cc(C(=O)N[C@H](C)c2ccc3ccccc3c2)c(=O)c2ccccc21,O=C(NCc1ccc2ccccc2c1)c1c[nH]c2ccccc2c1=O,3
scaffold,CCCCCn1cc(C(=O)Nc2cccc3ccccc23)c(=O)c2ccccc21,O=C(Nc1cccc2ccccc12)c1c[nH]c2ccccc2c1=O,3
scaffold,CCCCCn1cc(C(=O)Nc2ccccc2)c(=O)c2c(C)nn(C)c21,O=C(Nc1ccccc1)c1c[nH]c2[nH]ncc2c1=O,3
scaffold,CCCCCn1cc(C(=O)c2ccccc2)c(=O)c2ccccc21,O=C(c1ccccc1)c1c[nH]c2ccccc2c1=O,3
scaffold,CCCCCn1cc(C(=O)c2ccccc2-c2ccccc2)c2ccccc21,O=C(c1ccccc1-c1ccccc1)c1c[nH]c2ccccc12,3
scaffold,CCCCCn1cc2c(=O)n(CCC34CC5CC(CC(C5)C3)C4)nc-2c2ccccc21,O=c1c2c[nH]c3ccccc3c-2nn1CCC12CC3CC(CC(C3)C1)C2,3
scaffold,CCCCOc1c(OC)ccc2cc(C(=O)NC3CCCCC3)c(=O)[nH]c12,O=C(NC1CCCCC1)c1cc2ccccc2[nH]c1=O,3
scaffold,CCCCOc1c(OCC[18F])ccc2cc(C(=O)NC3CCCCC3)c(=O)[nH]c12,O=C(NC1CCCCC1)c1cc2ccccc2[nH]c1=O,3
scaffold,CCCCOc1c(O[11CH3])ccc2cc(C(=O)NC3CCCCC3)c(=O)[nH]c12,O=C(NC1CCCCC1)c1cc2ccccc2[nH]c1=O,3
scaffold,CCCCS(=O)(=O)N1CCN(c2ncnc3c2nc(-c2ccccc2Cl)n3-c2ccc(Cl)cc2)CC1,c1ccc(-c2nc3c(N4CCNCC4)ncnc3n2-c2ccccc2)cc1,3
scaffold,CCCCc1cc2c(O)cc(C3(CCCC)CCCC3)cc2oc1=O,O=c1ccc2ccc(C3CCCC3)cc2o1,3
scaffold,CCCCc1nc2ccccc2n1C(=O)c1ccc(OC)cc1,O=C(c1ccccc1)n1cnc2ccccc21,3
scaffold,CCCCn1/c(=N/C(=O)c2cc(C(F)(F)F)ccc2NNC(=O)C(C)(C)C)cc(C(C)(C)C)n1C,O=C(N=c1cc[nH][nH]1)c1ccccc1,3
scaffold,CCCCn1/c(=N/C(=O)c2cc(C(F)(F)F)ccc2O/N=C(\C)C(F)(F)F)cc(C(C)(C)C)n1C,O=C(N=c1cc[nH][nH]1)c1ccccc1,3
scaffold,CCCCn1/c(=N/C(=O)c2cc(C(F)(F)F)ccc2ONC(C)C)cc(C(C)(C)C)n1C,O=C(N=c1cc[nH][nH]1)c1ccccc1,3
scaffold,CCCCn1/c(=N\C(=O)c2cc(C(F)(F)F)ccc2ONC(C)(C)C)cc(C(C)(C)C)n1C,O=C(N=c1cc[nH][nH]1)c1ccccc1,3
scaffold,CCCCn1c(=O)c(C(=O)NC23CC4CC(CC(C4)C2)C3)c(O)c2c1cnn2CCO,O=C(NC12CC3CC(CC(C3)C1)C2)c1cc2[nH]ncc2[nH]c1=O,3
scaffold,CCCCn1c(=O)c(C(=O)NC23CC4CC(CC(C4)C2)C3)c(O)c2nn(C)cc21,O=C(NC12CC3CC(CC(C3)C1)C2)c1cc2n[nH]cc2[nH]c1=O,3
scaffold,CCCCn1c(=O)c(C(=O)NC23CC4CC(CC(C4)C2)C3)c(O)c2nn(CCO)cc21,O=C(NC12CC3CC(CC(C3)C1)C2)c1cc2n[nH]cc2[nH]c1=O,3
scaffold,CCCCn1c(=O)c(C(=O)NC23CC4CC(CC(O)(C4)C2)C3)c(O)c2nn(C)cc21,O=C(NC12CC3CC(CC(C3)C1)C2)c1cc2n[nH]cc2[nH]c1=O,3
scaffold,CCCCn1c(=O)c(C(=O)NC2CCC(C)CC2)cc2ccccc21,O=C(NC1CCCCC1)c1cc2ccccc2[nH]c1=O,3
scaffold,CCCCn1c(Cc2ccc(Cl)c(Cl)c2)nc2cc(C(F)(F)F)ccc21,c1ccc(Cc2nc3ccccc3[nH]2)cc1,3
scaffold,CCCCn1cc(C(=O)NC(C)(C)C)c(=O)c2cccc(OC)c21,O=c1cc[nH]c2ccccc12,3
scaffold,CCCCn1cc(C(=O)NC23CC4CC(CC(C4)C2)C3)c(=O)cc1-c1ccccc1,O=C(NC12CC3CC(CC(C3)C1)C2)c1c[nH]c(-c2ccccc2)cc1=O,3
scaffold,CCCCn1cc(C(=O)NC2CCCC2)c(=O)c2cccc(OC)c21,O=C(NC1CCCC1)c1c[nH]c2ccccc2c1=O,3
scaffold,CCCCn1cc(C(=O)Nc2cccc3ccccc23)c(=O)c2ccccc21,O=C(Nc1cccc2ccccc12)c1c[nH]c2ccccc2c1=O,3
scaffold,CCCCn1cc(C(C)(C)C)cc/c1=N\C(=O)c1cc(C(F)(F)F)ccc1ONC(C)(C)C,O=C(N=c1cccc[nH]1)c1ccccc1,3
scaffold,CCCCn1ccc(C(C)(C)C)c/c1=N\C(=O)c1cc(C(F)(F)F)ccc1ONC(C)(C)C,O=C(N=c1cccc[nH]1)c1ccccc1,3
scaffold,CCCCn1nc(C(C)(C)C)s/c1=N\C(=O)c1cc(C(F)(F)F)ccc1NNC(=O)c1ccncc1,O=C(NNc1ccccc1C(=O)N=c1[nH]ncs1)c1ccncc1,3
scaffold,CCCCn1nc(C(C)(C)C)s/c1=N\C(=O)c1cc(C(F)(F)F)ccc1NNc1ccccn1,O=C(N=c1[nH]ncs1)c1ccccc1NNc1ccccn1,3
scaffold,CCCCn1nc(C(C)(C)C)s/c1=N\C(=O)c1cc(C(F)(F)F)ccc1O/N=C(\N)c1ccncc1,O=C(N=c1[nH]ncs1)c1ccccc1ON=Cc1ccncc1,3
scaffold,CCCNC(=O)c1c(NC(=O)C23CC4CC(CC(C4)C2)C3)sc2c1CCOC2,O=C(Nc1cc2c(s1)COCC2)C12CC3CC(CC(C3)C1)C2,3
scaffold,CCCOC(=O)N1CCC(NC(=O)c2nn(-c3ccc(Cl)cc3Cl)c(-c3ccc(Cl)cc3)c2C)CC1,O=C(NC1CCNCC1)c1cc(-c2ccccc2)n(-c2ccccc2)n1,3
scaffold,CCCS(=O)(=O)N1CCN(c2ncnc3c2nc(-c2ccccc2Cl)n3-c2ccc(Cl)cc2)CC1,c1ccc(-c2nc3c(N4CCNCC4)ncnc3n2-c2ccccc2)cc1,3
scaffold,CCCc1c(C(=O)N[C@H]2CCCC[C@@H]2O)nc(-c2ccccc2Cl)n1-c1ccc(Cl)cc1,O=C(NC1CCCCC1)c1cn(-c2ccccc2)c(-c2ccccc2)n1,3
scaffold,CCCc1c(CC)cc(C(=O)NC2(C(=O)O)CCCCC2)c(=O)n1Cc1ccc(F)cc1,O=C(NC1CCCCC1)c1cccn(Cc2ccccc2)c1=O,3
scaffold,CCCc1nc2ccccc2n1C(=O)c1ccc(OC)cc1,O=C(c1ccccc1)n1cnc2ccccc21,3
scaffold,CCCc1sc2ccccc2c1C(=O)c1cccc2ccccc12,O=C(c1cccc2ccccc12)c1csc2ccccc12,3
scaffold,CCCn1c(=O)c(C(=O)NC23CC4CC(CC(C4)C2)C3)c(O)c2nn(CCO)cc21,O=C(NC12CC3CC(CC(C3)C1)C2)c1cc2n[nH]cc2[nH]c1=O,3
scaffold,CCCn1c(=O)c(C(=O)NC23CC4CC(CC(C4)C2)C3)c(O)c2nn(CCOC(C)=O)cc21,O=C(NC12CC3CC(CC(C3)C1)C2)c1cc2n[nH]cc2[nH]c1=O,3
scaffold,CCCn1c(=O)c(C(=O)NC2CCC(C)CC2)cc2ccccc21,O=C(NC1CCCCC1)c1cc2ccccc2[nH]c1=O,3
scaffold,CCN(CC)C(=O)c1ccc2c(c1)nc(Cc1ccc(O)cc1)n2CCC(C)C,c1ccc(Cc2nc3ccccc3[nH]2)cc1,3
scaffold,CCN(CC)C(=O)c1ccc2c(c1)nc(Cc1ccc(OC(C)C)cc1)n2CCC(C)C,c1ccc(Cc2nc3ccccc3[nH]2)cc1,3
scaffold,CCN(CC)C(=O)c1ccc2c(c1)nc(Cc1ccc(OC(F)(F)F)cc1)n2CCC(C)C,c1ccc(Cc2nc3ccccc3[nH]2)cc1,3
scaffold,CCN(CC)C(=O)c1ccc2c(c1)nc(Cc1ccc(OC)cc1)n2CCC(C)C,c1ccc(Cc2nc3ccccc3[nH]2)cc1,3
scaffold,CCN(CC)C(=O)c1ccc2c(c1)nc(Cc1ccc(OCC(F)(F)F)cc1)n2CCC(C)C,c1ccc(Cc2nc3ccccc3[nH]2)cc1,3
scaffold,CCN(CC)C(=O)c1ccc2c(c1)nc(Cc1ccc(OCC3CC3)cc1)n2CCC(C)C,c1ccc2[nH]c(Cc3ccc(OCC4CC4)cc3)nc2c1,3
scaffold,CCN(CC)C(=O)c1ccc2c(c1)nc(Cc1ccc(Oc3ccccc3)cc1)n2CCC(C)C,c1ccc(Oc2ccc(Cc3nc4ccccc4[nH]3)cc2)cc1,3
scaffold,CCN(CC)CCn1c(Cc2ccc(OC)cc2)nc2cc(C(F)(F)F)ccc21,c1ccc(Cc2nc3ccccc3[nH]2)cc1,3
scaffold,CCN(CC)CCn1c(Cc2ccccc2)nc2cc(C(F)(F)F)ccc21,c1ccc(Cc2nc3ccccc3[nH]2)cc1,3
scaffold,CCN(CC)Oc1ccc(C(F)(F)F)cc1C(=O)/N=c1\sc(C(C)(C)C)cn1C[C@H]1CCCO1,O=C(N=c1sccn1CC1CCCO1)c1ccccc1,3
scaffold,CCN(CC)c1ccc(CN(C(=O)C2CCCCC2)[C@]23C[C@H]4C[C@H](C[C@H](C4)C2)C3)cc1,O=C(C1CCCCC1)N(Cc1ccccc1)C12CC3CC(CC(C3)C1)C2,3
scaffold,CCN(CC)c1ccc(CN(C2CCCCC2)S(=O)(=O)c2ccc(C(C)C)cc2)cc1,O=S(=O)(c1ccccc1)N(Cc1ccccc1)C1CCCCC1,3
scaffold,CCN(CC)c1ccc(CN(C2CCCCC2)S(=O)(=O)c2ccc(C)cc2)cc1,O=S(=O)(c1ccccc1)N(Cc1ccccc1)C1CCCCC1,3
scaffold,CCN(CC)c1ccc(CN(C2CCCCC2)S(=O)(=O)c2ccc(OC)cc2)cc1,O=S(=O)(c1ccccc1)N(Cc1ccccc1)C1CCCCC1,3
scaffold,CCN(CC)c1ccc(CN(Cc2ccccc2)S(=O)(=O)c2ccc(-c3ccccc3)cc2)cc1,O=S(=O)(c1ccc(-c2ccccc2)cc1)N(Cc1ccccc1)Cc1ccccc1,3
scaffold,CCN(CC)c1ccc(CN([C@]23C[C@H]4C[C@H](C[C@H](C4)C2)C3)S(=O)(=O)c2ccc(C(C)C)cc2)cc1,O=S(=O)(c1ccccc1)N(Cc1ccccc1)C12CC3CC(CC(C3)C1)C2,3
scaffold,CCN(CC)c1ccc(CN([C@]23C[C@H]4C[C@H](C[C@H](C4)C2)C3)S(=O)(=O)c2ccc(C)cc2)cc1,O=S(=O)(c1ccccc1)N(Cc1ccccc1)C12CC3CC(CC(C3)C1)C2,3
scaffold,CCN(CC)c1ccc(CN([C@]23C[C@H]4C[C@H](C[C@H](C4)C2)C3)S(=O)(=O)c2ccc(Cl)cc2)cc1,O=S(=O)(c1ccccc1)N(Cc1ccccc1)C12CC3CC(CC(C3)C1)C2,3
scaffold,CCN(CC)c1ccc(CN([C@]23C[C@H]4C[C@H](C[C@H](C4)C2)C3)S(=O)(=O)c2ccc(F)cc2)cc1,O=S(=O)(c1ccccc1)N(Cc1ccccc1)C12CC3CC(CC(C3)C1)C2,3
scaffold,CCN(CC)c1ccc(CN([C@]23C[C@H]4C[C@H](C[C@H](C4)C2)C3)S(=O)(=O)c2ccc(OC)cc2)cc1,O=S(=O)(c1ccccc1)N(Cc1ccccc1)C12CC3CC(CC(C3)C1)C2,3
scaffold,CCN(CC)c1ccc(CN([C@]23C[C@H]4C[C@H](C[C@H](C4)C2)C3)S(=O)(=O)c2cccc(C)c2)cc1,O=S(=O)(c1ccccc1)N(Cc1ccccc1)C12CC3CC(CC(C3)C1)C2,3
scaffold,CCN(CC)c1ccc(CN([C@]23C[C@H]4C[C@H](C[C@H](C4)C2)C3)S(=O)(=O)c2ccccc2)cc1,O=S(=O)(c1ccccc1)N(Cc1ccccc1)C12CC3CC(CC(C3)C1)C2,3
scaffold,CCN(CC)c1ccc(CN(c2ncc(C)s2)S(=O)(=O)c2ccc(C)cc2)cc1,O=S(=O)(c1ccccc1)N(Cc1ccccc1)c1nccs1,3
scaffold,CCN(CC)c1ccc(CN(c2ncc(C)s2)S(=O)(=O)c2ccc(OC)cc2)cc1,O=S(=O)(c1ccccc1)N(Cc1ccccc1)c1nccs1,3
scaffold,CCN1CCN(c2nc(C)nc3oc(-c4ccccc4Cl)nc23)CC1,c1ccc(-c2nc3c(N4CCNCC4)ncnc3o2)cc1,3
scaffold,CCN1CCN(c2ncnc3oc(-c4ccccc4C(F)(F)F)nc23)CC1,c1ccc(-c2nc3c(N4CCNCC4)ncnc3o2)cc1,3
scaffold,CCN1CCN(c2ncnc3oc(-c4ccccc4Cl)nc23)CC1,c1ccc(-c2nc3c(N4CCNCC4)ncnc3o2)cc1,3
scaffold,CCOC(=O)/C=C/c1cc(C(=O)NC2CCCCCC2)c(=O)n(Cc2ccc(F)cc2)c1,O=C(NC1CCCCCC1)c1cccn(Cc2ccccc2)c1=O,3
scaffold,CCOC(=O)N1CCN(C(=O)c2cc(-c3ccccc3Cl)nn2-c2ccc(C)cc2C)CC1,O=C(c1cc(-c2ccccc2)nn1-c1ccccc1)N1CCNCC1,3
scaffold,CCOC(=O)c1c(NC(=O)C23CC4CC(CC(C4)C2)C3)sc2c1CCCC2,O=C(Nc1cc2c(s1)CCCC2)C12CC3CC(CC(C3)C1)C2,3
scaffold,CCOC(=O)c1c(NC(=O)CCc2ccccc2)sc2c1CCCC2,O=C(CCc1ccccc1)Nc1cc2c(s1)CCCC2,3
scaffold,CCOC1CCN(C(=O)C23CC4CC(CC(C4)C2)C3)c2ccccc21,O=C(N1CCCc2ccccc21)C12CC3CC(CC(C3)C1)C2,3
scaffold,CCOCCOCC(C)(C)c1cc(NC(=O)c2ccc(C3CCCC3)c(OCC3CC3)n2)on1,O=C(Nc1ccno1)c1ccc(C2CCCC2)c(OCC2CC2)n1,3
scaffold,CCOc1ccc(C(O)c2nc3cc(C(=O)N(CC)CC)ccc3n2CCC(C)C)cc1,c1ccc(Cc2nc3ccccc3[nH]2)cc1,3
scaffold,CCOc1ccc(Cc2nc3cc(C(=O)N(C)CC)ccc3n2CCC(C)C)cc1,c1ccc(Cc2nc3ccccc3[nH]2)cc1,3
scaffold,CCOc1ccc(Cc2nc3cc(C(=O)N(CC)CC)ccc3n2CCC(C)C)cc1,c1ccc(Cc2nc3ccccc3[nH]2)cc1,3
scaffold,CCOc1ccc(Cc2nc3cc(C(=O)N(CC)CC)ccc3n2CCCCN2CCCCC2)cc1,c1ccc(Cc2nc3ccccc3n2CCCCN2CCCCC2)cc1,3
scaffold,CCOc1ccc(Cc2nc3cc(C(=O)N(CC)CC)ccc3n2CCN(C)C)cc1,c1ccc(Cc2nc3ccccc3[nH]2)cc1,3
scaffold,CCOc1ccc(Cc2nc3cc(C(=O)N(CC)CC)ccc3n2C[C@@H]2CCCN2C)cc1,c1ccc(Cc2nc3ccccc3n2CC2CCCN2)cc1,3
scaffold,CCOc1ccc(Cc2nc3cc(C(=O)N(CC)CC)ccc3n2Cc2ccccc2)cc1,c1ccc(Cc2nc3ccccc3n2Cc2ccccc2)cc1,3
scaffold,CCOc1ccc(Cc2nc3cc(C(=O)N4CCCCC4)ccc3n2CC2CC2)cc1,O=C(c1ccc2c(c1)nc(Cc1ccccc1)n2CC1CC1)N1CCCCC1,3
scaffold,CCOc1ccc(Cc2nc3cc(C(=O)NCCC(C)C)ccc3n2CCC(C)C)cc1,c1ccc(Cc2nc3ccccc3[nH]2)cc1,3
scaffold,CCOc1ccc(Cc2nc3cc(C(=O)NCCOCCOCCNc4c5c(nc6ccccc46)CCCC5)ccc3n2CCC(C)C)cc1,O=C(NCCOCCOCCNc1c2c(nc3ccccc13)CCCC2)c1ccc2[nH]c(Cc3ccccc3)nc2c1,3
scaffold,CCOc1ccc(Cc2nc3cc(C(C)=O)ccc3n2CCN(CC)CC)cc1,c1ccc(Cc2nc3ccccc3[nH]2)cc1,3
scaffold,CCOc1ccc(Cc2nc3cc(C(F)(F)F)ccc3n2CCN(CC)CC)cc1,c1ccc(Cc2nc3ccccc3[nH]2)cc1,3
scaffold,CCOc1ccc(Cc2nc3cc(N(C)C(=O)c4cccs4)ccc3n2CC2CC2)cc1,O=C(Nc1ccc2c(c1)nc(Cc1ccccc1)n2CC1CC1)c1cccs1,3
scaffold,CCOc1ccc(Cc2nc3cc(N)ccc3n2CCC(C)C)cc1,c1ccc(Cc2nc3ccccc3[nH]2)cc1,3
scaffold,CCOc1ccc(Cc2nc3cc([N+](=O)[O-])ccc3n2CCC(C)C)cc1,c1ccc(Cc2nc3ccccc3[nH]2)cc1,3
scaffold,CCS(=O)(=O)N1CCC(NC(=O)c2nn(-c3ccc(Cl)cc3Cl)c(-c3ccc(Cl)cc3)c2C)CC1,O=C(NC1CCNCC1)c1cc(-c2ccccc2)n(-c2ccccc2)n1,3
scaffold,CCS(=O)(=O)N1CCN(c2ncnc3c2nc(-c2ccccc2Cl)n3-c2ccc(Cl)cc2)CC1,c1ccc(-c2nc3c(N4CCNCC4)ncnc3n2-c2ccccc2)cc1,3
scaffold,CCS(=O)(=O)n1c2c(c3cc(C(=O)N4CCC(C)CC4)ccc31)CN(CC1CCCCC1)C2,O=C(c1ccc2[nH]c3c(c2c1)CN(CC1CCCCC1)C3)N1CCCCC1,3
scaffold,CCS(=O)(=O)n1c2c(c3cc(C(=O)N4CCOCC4)ccc31)CN(C1CCCC1)C2,O=C(c1ccc2[nH]c3c(c2c1)CN(C1CCCC1)C3)N1CCOCC1,3
scaffold,CC[C@@H]1COc2cccc3c(=O)c(C(=O)NC4CCCCCC4)cn1c23,O=C(NC1CCCCCC1)c1cn2c3c(cccc3c1=O)OCC2,3
scaffold,CC[C@H]1COc2cccc3c(=O)c(C(=O)NC4CCCCCC4)cn1c23,O=C(NC1CCCCCC1)c1cn2c3c(cccc3c1=O)OCC2,3
scaffold,CCc1c(C(=O)NC(C)c2ccccc2)cc(C)n1-c1ccccc1,O=C(NCc1ccccc1)c1ccn(-c2ccccc2)c1,3
scaffold,CCc1c(C(=O)N[C@H]2CCCC[C@@H]2O)nc(-c2ccccc2Cl)n1-c1ccc(Br)cc1,O=C(NC1CCCCC1)c1cn(-c2ccccc2)c(-c2ccccc2)n1,3
scaffold,CCc1c(C(=O)N[C@H]2CCCC[C@@H]2O)nc(-c2ccccc2Cl)n1-c1ccc(Cl)cc1,O=C(NC1CCCCC1)c1cn(-c2ccccc2)c(-c2ccccc2)n1,3
scaffold,CCc1c(C)cc(C(=O)NC2(C(=O)O)CCCCC2)c(=O)n1Cc1ccc(F)cc1,O=C(NC1CCCCC1)c1cccn(Cc2ccccc2)c1=O,3
scaffold,CCc1cc2c(cc1O)OC1=C(CC[C@@H](C)C1)C2(C)C,c1ccc2c(c1)CC1=C(CCCC1)O2,3
scaffold,CCc1sc2ccccc2c1C(=O)c1cccc2ccccc12,O=C(c1cccc2ccccc12)c1csc2ccccc12,3
scaffold,CCn1c2ccccc2c2cc(NC(=O)CCc3nc(-c4ccc(F)cc4C#N)no3)ccc21,O=C(CCc1nc(-c2ccccc2)no1)Nc1ccc2[nH]c3ccccc3c2c1,3
scaffold,CN(C)CCn1c(Cc2ccc(Cl)c(Cl)c2)nc2cc(C(F)(F)F)ccc21,c1ccc(Cc2nc3ccccc3[nH]2)cc1,3
scaffold,CN(CCCCCCCOc1ccc(-c2oc3ccccc3c2C(=O)c2ccc(OCCN3CCOCC3)cc2)cc1)Cc1ccccc1,O=C(c1ccc(OCCN2CCOCC2)cc1)c1c(-c2ccc(OCCCCCCCNCc3ccccc3)cc2)oc2ccccc12,3
scaffold,CN(CCOc1ccc(C(F)(F)F)cc1C(=O)/N=c1\sc(C(C)(C)C)cn1C[C@H]1CCCO1)c1ccccc1,O=C(N=c1sccn1CC1CCCO1)c1ccccc1OCCNc1ccccc1,3
scaffold,CN/C(=N\S(=O)(=O)c1ccc(C(F)(F)F)cc1)C1=NN(c2ccc(Cl)cc2Cl)C(c2ccccc2)C1,O=S(=O)(N=CC1=NN(c2ccccc2)C(c2ccccc2)C1)c1ccccc1,3
scaffold,CN/C(=N\S(=O)(=O)c1ccc(Cl)cc1)C1=NN(c2ccc(Cl)cc2Cl)C(c2ccccc2)C1,O=S(=O)(N=CC1=NN(c2ccccc2)C(c2ccccc2)C1)c1ccccc1,3
scaffold,CN/C(=N\S(=O)(=O)c1cccc(Cl)c1)C1=NN(c2ccc(Cl)cc2Cl)C(c2ccccc2)C1,O=S(=O)(N=CC1=NN(c2ccccc2)C(c2ccccc2)C1)c1ccccc1,3
scaffold,CN1CCC[C@H]1CNc1ccc(C(F)(F)F)cc1C(=O)/N=c1\sc(C(C)(C)C)cn1C[C@H]1CCCO1,O=C(N=c1sccn1CC1CCCO1)c1ccccc1NCC1CCCN1,3
scaffold,CN1CCC[C@H]1COc1ccc(C(F)(F)F)cc1C(=S)/N=c1\sc(C(C)(C)C)cn1C[C@H]1CCCO1,S=C(N=c1sccn1CC1CCCO1)c1ccccc1OCC1CCCN1,3
scaffold,CN1CCN(c2ncnc3oc(-c4ccccc4C(F)(F)F)nc23)CC1,c1ccc(-c2nc3c(N4CCNCC4)ncnc3o2)cc1,3
scaffold,CN1CCN(c2ncnc3oc(-c4ccccc4Cl)nc23)CC1,c1ccc(-c2nc3c(N4CCNCC4)ncnc3o2)cc1,3
scaffold,CNC(=O)[C@@H](NC(=O)c1nn(-c2c[n+]([O-])ccn2)c2c1C[C@@H]1C[C@H]21)C(C)(C)C,c1c[nH+]cc(-n2ncc3c2C2CC2C3)n1,3
scaffold,COC(=O)c1c(-c2ccccc2)csc1NC(=O)C12CC3CC(CC(C3)C1)C2,O=C(Nc1cc(-c2ccccc2)cs1)C12CC3CC(CC(C3)C1)C2,3
scaffold,COC(=O)c1c(NC(=O)C23CC4CC(CC(C4)C2)C3)sc2c1CCCC2,O=C(Nc1cc2c(s1)CCCC2)C12CC3CC(CC(C3)C1)C2,3
scaffold,COC(=O)c1c(NC(=O)C23CC4CC(CC(C4)C2)C3)sc2c1CCSC2,O=C(Nc1cc2c(s1)CSCC2)C12CC3CC(CC(C3)C1)C2,3
scaffold,COC(=O)c1c(NC(=O)C23CC4CC(CC(O)(C4)C2)C3)sc2c1CCCC2,O=C(Nc1cc2c(s1)CCCC2)C12CC3CC(CC(C3)C1)C2,3
scaffold,COC(=O)c1c(NC(=O)NC23CC4CC(CC(C4)C2)C3)sc2c1CCCC2,O=C(Nc1cc2c(s1)CCCC2)NC12CC3CC(CC(C3)C1)C2,3
scaffold,COC(=O)c1cccnc1NC(=O)C12CC3CC(CC(C3)C1)C2,O=C(Nc1ccccn1)C12CC3CC(CC(C3)C1)C2,3
scaffold,COC1CCN(C(=O)C23CC4CC(CC(C4)C2)C3)c2ccccc21,O=C(N1CCCc2ccccc21)C12CC3CC(CC(C3)C1)C2,3
scaffold,COC1CN(c2ccc(C(=O)NC(C)(C)Cc3nnc(-c4ccc(F)cc4)o3)nc2OCC2CC2)C1,O=C(NCCc1nnc(-c2ccccc2)o1)c1ccc(N2CCC2)c(OCC2CC2)n1,3
scaffold,COCCOC1CCN(C(=O)C23CC4CC(CC(C4)C2)C3)c2ccccc21,O=C(N1CCCc2ccccc21)C12CC3CC(CC(C3)C1)C2,3
scaffold,COCCOCC(C)(C)c1cc(NC(=O)c2ccc(C3CCCC3)c(OCC3CC3)n2)on1,O=C(Nc1ccno1)c1ccc(C2CCCC2)c(OCC2CC2)n1,3
scaffold,COCCn1c(C)c(C)s/c1=N\C(=O)C1C(C)(C)C1(C)C,O=C(N=c1[nH]ccs1)C1CC1,3
scaffold,COCCn1c(Cc2ccc(Cl)c(Cl)c2)nc2cc(C(F)(F)F)ccc21,c1ccc(Cc2nc3ccccc3[nH]2)cc1,3
scaffold,COCCn1cc(C(=O)c2ccccc2-c2ccccc2)c2ccccc21,O=C(c1ccccc1-c1ccccc1)c1c[nH]c2ccccc12,3
scaffold,CONC(=O)[C@@H](NC(=O)c1nn(-c2c[n+]([O-])ccn2)c2c1C[C@H]1C[C@@H]21)C(C)(C)C,c1c[nH+]cc(-n2ncc3c2C2CC2C3)n1,3
scaffold,COc1c(C)c(C)c2oc(=O)c(Cc3ccc(F)cc3)cc2c1C,O=c1oc2ccccc2cc1Cc1ccccc1,3
scaffold,COc1c(C)c(C)c2oc(=O)c(Cc3ccccc3)cc2c1C,O=c1oc2ccccc2cc1Cc1ccccc1,3
scaffold,COc1c(C)c(C)c2oc(=O)c(Cc3ccccc3C)cc2c1C,O=c1oc2ccccc2cc1Cc1ccccc1,3
scaffold,COc1cc(C)cc2oc(=O)c(Cc3ccc(C)cc3)cc12,O=c1oc2ccccc2cc1Cc1ccccc1,3
scaffold,COc1cc(C)cc2oc(=O)c(Cc3ccc(Cl)cc3)cc12,O=c1oc2ccccc2cc1Cc1ccccc1,3
scaffold,COc1cc(C)cc2oc(=O)c(Cc3ccccc3C)cc12,O=c1oc2ccccc2cc1Cc1ccccc1,3
scaffold,COc1cc(C)cc2oc(=O)c(Cc3ccccc3Cl)cc12,O=c1oc2ccccc2cc1Cc1ccccc1,3
scaffold,COc1cc(C)cc2oc(=O)c(Cc3ccccc3O)cc12,O=c1oc2ccccc2cc1Cc1ccccc1,3
scaffold,COc1ccc(-c2cnc3c(c2)cc(C(=O)NC2CCC(C)CC2)c(=O)n3Cc2ccc(F)cc2)cc1,O=C(NC1CCCCC1)c1cc2cc(-c3ccccc3)cnc2n(Cc2ccccc2)c1=O,3
scaffold,COc1ccc(C(=O)n2c(C(C)(C)C)nc3ccccc32)cc1,O=C(c1ccccc1)n1cnc2ccccc21,3
scaffold,COc1ccc(C(=O)n2c(C(C)C)nc3ccccc32)cc1,O=C(c1ccccc1)n1cnc2ccccc21,3
scaffold,COc1ccc(C(=O)n2c(C3CCCC3)nc3ccccc32)cc1,O=C(c1ccccc1)n1c(C2CCCC2)nc2ccccc21,3
scaffold,COc1ccc(C2c3cccn3-c3ccccc3N2C(=O)CN(C(=O)NC(C)(C)C)C(C)C)cc1,c1ccc(C2Nc3ccccc3-n3cccc32)cc1,3
scaffold,COc1ccc(Cc2cc3c(OC)cc(C)cc3oc2=O)c(OC)c1,O=c1oc2ccccc2cc1Cc1ccccc1,3
scaffold,COc1ccc(Cc2cc3c(OC)cc(C)cc3oc2=O)cc1,O=c1oc2ccccc2cc1Cc1ccccc1,3
scaffold,COc1ccc([C@@H]2[C@@H](Cc3cc4ccccc4o3)C(=O)N2c2ccccc2)cc1,O=C1C(Cc2cc3ccccc3o2)C(c2ccccc2)N1c1ccccc1,3
scaffold,COc1ccc2c(=O)c(C(=O)NC3CCCCC3)cn(Cc3ccccc3)c2c1,O=C(NC1CCCCC1)c1cn(Cc2ccccc2)c2ccccc2c1=O,3
scaffold,COc1ccc2c(c1)-c1c(O)cc(C34CC5CC(CC(C5)C3)C4)cc1OC2(C)C,c1ccc2c(c1)COc1cc(C34CC5CC(CC(C5)C3)C4)ccc1-2,3
scaffold,COc1ccc2c(c1)OC(C)(C)c1cnn(CNC(=O)CN3CCN(c4ccccc4)CC3)c1-2,O=C(CN1CCN(c2ccccc2)CC1)NCn1ncc2c1-c1ccccc1OC2,3
scaffold,COc1cccc(Cc2cc3c(OC)cc(Br)cc3oc2=O)c1,O=c1oc2ccccc2cc1Cc1ccccc1,3
scaffold,COc1cccc(Cc2cc3c(OC)cc(C)cc3oc2=O)c1,O=c1oc2ccccc2cc1Cc1ccccc1,3
scaffold,COc1cccc(Cc2cc3c(OC)cc(CBr)cc3oc2=O)c1,O=c1oc2ccccc2cc1Cc1ccccc1,3
scaffold,COc1cccc2c(=O)c(C(=O)NC(C)(C)C)cn(CCCF)c12,O=c1cc[nH]c2ccccc12,3
scaffold,COc1cccc2c(C(=O)N3C[C@@H](C)N(C)[C@@H](C)C3)cn(CC3CCCCC3)c12,O=C(c1cn(CC2CCCCC2)c2ccccc12)N1CCNCC1,3
scaffold,COc1ccccc1Cc1cc2c(C(C)C)ccc(C)c2oc1=O,O=c1oc2ccccc2cc1Cc1ccccc1,3
scaffold,COc1ccccc1Cc1cc2c(C)c(OC)c(C)c(C)c2oc1=O,O=c1oc2ccccc2cc1Cc1ccccc1,3
scaffold,COc1ccccc1Cc1cc2c(C)ccc(C(C)C)c2oc1=O,O=c1oc2ccccc2cc1Cc1ccccc1,3
scaffold,COc1ccccc1Cc1cc2c(C)ccc(C)c2oc1=O,O=c1oc2ccccc2cc1Cc1ccccc1,3
scaffold,COc1ccccc1Cc1cc2c(OC)cc(C)cc2oc1=O,O=c1oc2ccccc2cc1Cc1ccccc1,3
scaffold,COc1ccccc1Cc1cc2c(OC)ccc(C)c2oc1=O,O=c1oc2ccccc2cc1Cc1ccccc1,3
scaffold,COc1ccccc1Cc1cc2c(OC)cccc2oc1=O,O=c1oc2ccccc2cc1Cc1ccccc1,3
scaffold,CS(=O)(=O)N1CCN(c2ncnc3c2nc(-c2ccccc2Cl)n3-c2ccc(Cl)cc2)CC1,c1ccc(-c2nc3c(N4CCNCC4)ncnc3n2-c2ccccc2)cc1,3
scaffold,CSC(=S)N1CC(C)(C)CS/C1=N\c1ccccc1-c1ccccc1,c1ccc(-c2ccccc2N=C2NCCCS2)cc1,3
scaffold,CSC(=S)N1CC2(CCCC2)CS/C1=N\c1ccccc1C(C)C,c1ccc(N=C2NCC3(CCCC3)CS2)cc1,3
scaffold,CSC(=S)N1CC2(CCCCC2)CS/C1=N\c1cccc2ncccc12,c1cc(N=C2NCC3(CCCCC3)CS2)c2cccnc2c1,3
scaffold,C[C@@H](O)COc1ccc(C(F)(F)F)cc1C(=O)/N=c1\sc(C(C)(C)C)cn1C[C@H]1CCCO1,O=C(N=c1sccn1CC1CCCO1)c1ccccc1,3
scaffold,C[C@@H]1CCC2=C(C1)Oc1cc(O)ccc1C2(C)C,c1ccc2c(c1)CC1=C(CCCC1)O2,3
scaffold,C[C@H](CO)NC(=O)CCC/C=C\C/C=C\C/C=C\C/C=C\CCOC(=O)c1cccc2c1OC(C)(C(C)(C)C)O2,c1ccc2c(c1)OCO2,3
scaffold,Cc1c(Br)cc(C(=O)NC2CCCCCC2)c(=O)n1Cc1ccc(F)cc1,O=C(NC1CCCCCC1)c1cccn(Cc2ccccc2)c1=O,3
scaffold,Cc1c(Br)cn(Cc2ccc(F)cc2)c(=O)c1C(=O)NC1CCCCCC1,O=C(NC1CCCCCC1)c1cccn(Cc2ccccc2)c1=O,3
scaffold,Cc1c(C(=O)NC2CCCCC2)nc(-c2ccc(Cl)cc2Cl)n1-c1ccc(Cl)cc1,O=C(NC1CCCCC1)c1cn(-c2ccccc2)c(-c2ccccc2)n1,3
scaffold,Cc1c(C(=O)NC2CCCCC2)nn(-c2ccc(Cl)cc2Cl)c1-n1cc2c(c1)CCCC2,O=C(NC1CCCCC1)c1cc(-n2cc3c(c2)CCCC3)n(-c2ccccc2)n1,3
scaffold,Cc1c(C(=O)NC2CCN(C(=O)C(F)(F)F)CC2)nn(-c2ccc(Cl)cc2Cl)c1-c1ccc(Cl)cc1,O=C(NC1CCNCC1)c1cc(-c2ccccc2)n(-c2ccccc2)n1,3
scaffold,Cc1c(C(=O)NC2CCN(C(=O)CC(C)C)CC2)nn(-c2ccc(Cl)cc2Cl)c1-c1ccc(Cl)cc1,O=C(NC1CCNCC1)c1cc(-c2ccccc2)n(-c2ccccc2)n1,3
scaffold,Cc1c(C(=O)NC2CCN(C(=O)OC(C)C)CC2)nn(-c2ccc(Cl)cc2Cl)c1-c1ccc(Cl)cc1,O=C(NC1CCNCC1)c1cc(-c2ccccc2)n(-c2ccccc2)n1,3
scaffold,Cc1c(C(=O)NC2CCN(S(=O)(=O)CC(C)C)CC2)nn(-c2ccc(Cl)cc2Cl)c1-c1ccc(Cl)cc1,O=C(NC1CCNCC1)c1cc(-c2ccccc2)n(-c2ccccc2)n1,3
scaffold,Cc1c(C(=O)NC2CCN(S(=O)(=O)CCC(F)(F)F)CC2)nn(-c2ccc(Cl)cc2Cl)c1-c1ccc(Cl)cc1,O=C(NC1CCNCC1)c1cc(-c2ccccc2)n(-c2ccccc2)n1,3
scaffold,Cc1c(C(=O)NCCCCNCc2ccc(CNCCCCNC(=O)c3nn(-c4ccc(Cl)cc4Cl)c(-c4ccc(Cl)cc4)c3C)cc2)nn(-c2ccc(Cl)cc2Cl)c1-c1ccc(Cl)cc1,O=C(NCCCCNCc1ccc(CNCCCCNC(=O)c2cc(-c3ccccc3)n(-c3ccccc3)n2)cc1)c1cc(-c2ccccc2)n(-c2ccccc2)n1,3
scaffold,Cc1c(C(=O)NN2CCCC2)nc(-c2ccc(Cl)cc2Cl)n1-c1ccc(Cl)cc1,O=C(NN1CCCC1)c1cn(-c2ccccc2)c(-c2ccccc2)n1,3
scaffold,Cc1c(C(=O)NN2CCCCC2)nc(-c2ccc(Cl)cc2Cl)n1-c1ccc(Cl)cn1,O=C(NN1CCCCC1)c1cn(-c2ccccn2)c(-c2ccccc2)n1,3
scaffold,Cc1c(C(=O)NN2CCOCC2)nc(-c2ccc(Cl)cc2Cl)n1-c1ccc(Cl)cc1,O=C(NN1CCOCC1)c1cn(-c2ccccc2)c(-c2ccccc2)n1,3
scaffold,Cc1c(C(=O)N[C@H]2CC[C@H](O)CC2)nc(-c2ccc(Cl)cc2Cl)n1-c1ccc(Cl)cc1,O=C(NC1CCCCC1)c1cn(-c2ccccc2)c(-c2ccccc2)n1,3
scaffold,Cc1c(C(=O)Nc2ccncc2)nn(-c2ccc(Cl)cc2Cl)c1-c1ccc(Cl)cc1,O=C(Nc1ccncc1)c1cc(-c2ccccc2)n(-c2ccccc2)n1,3
scaffold,Cc1c(CN2CCOCC2)cc(NC(=O)C2CCCCC2C)cc1C(F)(F)F,O=C(Nc1cccc(CN2CCOCC2)c1)C1CCCCC1,3
scaffold,Cc1c(Cl)cc(C(=O)NC2CCCCCC2)c(=O)n1Cc1ccc(F)cc1,O=C(NC1CCCCCC1)c1cccn(Cc2ccccc2)c1=O,3
scaffold,Cc1c(F)cc(C(=O)NC2CCCCCC2)c(=O)n1Cc1ccc(F)cc1,O=C(NC1CCCCCC1)c1cccn(Cc2ccccc2)c1=O,3
scaffold,Cc1c(O)c(C)c2cc(Cc3ccc(F)cc3)c(=O)oc2c1C,O=c1oc2ccccc2cc1Cc1ccccc1,3
scaffold,Cc1c(O)c(C)c2cc(Cc3ccccc3)c(=O)oc2c1C,O=c1oc2ccccc2cc1Cc1ccccc1,3
scaffold,Cc1c(O)ccc2c1OC1=C(CC[C@@H](C)C1)C2(C)C,c1ccc2c(c1)CC1=C(CCCC1)O2,3
scaffold,Cc1c2c(n(-c3ccc(Cl)cc3Cl)c1-c1ccc(Cl)cc1)CCN(C1CCCCC1)C2=O,O=C1c2cc(-c3ccccc3)n(-c3ccccc3)c2CCN1C1CCCCC1,3
scaffold,Cc1cc(-c2cc(C(=O)N[C@@H]3C(C)(C)[C@@H]4CC[C@@]3(C)C4)c(=O)n(Cc3ccc(F)cc3)n2)ccc1Cl,O=C(NC1CC2CCC1C2)c1cc(-c2ccccc2)nn(Cc2ccccc2)c1=O,3
scaffold,Cc1cc(=O)c(C(=O)NC23CC4CC(CC(C4)C2)C3)cn1CCC1CCOCC1,O=C(NC12CC3CC(CC(C3)C1)C2)c1cn(CCC2CCOCC2)ccc1=O,3
scaffold,Cc1cc(=O)c(C(=O)NC23CC4CC(CC(C4)C2)C3)cn1CCCC(F)(F)F,O=C(NC12CC3CC(CC(C3)C1)C2)c1c[nH]ccc1=O,3
scaffold,Cc1cc(C(=O)NC(C)c2ccccc2)c(C)n1-c1ccccc1,O=C(NCc1ccccc1)c1ccn(-c2ccccc2)c1,3
scaffold,Cc1cc(C)c(NC(=O)C2CCCCC2C)cc1CN1CCOCC1,O=C(Nc1cccc(CN2CCOCC2)c1)C1CCCCC1,3
scaffold,Cc1cc(C)c(OCC(=O)Nc2sc3c(c2C(=O)NC2CCS(=O)(=O)C2)CCCC3)c(C)c1,O=C(COc1ccccc1)Nc1sc2c(c1C(=O)NC1CCS(=O)(=O)C1)CCCC2,3
scaffold,Cc1cc(F)c(NC(=O)C2CCCCC2C)cc1CN1CCOCC1,O=C(Nc1cccc(CN2CCOCC2)c1)C1CCCCC1,3
scaffold,Cc1cc(NC(=O)C(C)(C)c2ccccc2)cc(S(=O)(=O)N2CCOCC2)c1C,O=C(Cc1ccccc1)Nc1cccc(S(=O)(=O)N2CCOCC2)c1,3
scaffold,Cc1cc(NC(=O)C2CCCCC2C)cc(CN2CCOCC2)c1C,O=C(Nc1cccc(CN2CCOCC2)c1)C1CCCCC1,3
scaffold,Cc1ccc(-c2nc(CC3CCCCC3)cs2)cc1S(=O)(=O)N1CCOCC1,O=S(=O)(c1cccc(-c2nc(CC3CCCCC3)cs2)c1)N1CCOCC1,3
scaffold,Cc1ccc(-c2noc(CCC(=O)Nc3ccc4c(c3)c3ccccc3n4CCF)n2)cc1,O=C(CCc1nc(-c2ccccc2)no1)Nc1ccc2[nH]c3ccccc3c2c1,3
scaffold,Cc1ccc(C(=O)NC(C)C23CC4CC(CC(C4)C2)C3)cc1S(=O)(=O)N1CCOCC1,O=C(NCC12CC3CC(CC(C3)C1)C2)c1cccc(S(=O)(=O)N2CCOCC2)c1,3
scaffold,Cc1ccc(C(=O)NC2C(C)CCCC2C)cc1S(=O)(=O)N1CCOCC1,O=C(NC1CCCCC1)c1cccc(S(=O)(=O)N2CCOCC2)c1,3
scaffold,Cc1ccc(C(=O)NC2C3CC4CC(C3)CC2C4)cc1S(=O)(=O)N1CCOCC1,O=C(NC1C2CC3CC(C2)CC1C3)c1cccc(S(=O)(=O)N2CCOCC2)c1,3
scaffold,Cc1ccc(C(=O)NC2CCCCCC2)c(=O)n1Cc1ccc(F)cc1,O=C(NC1CCCCCC1)c1cccn(Cc2ccccc2)c1=O,3
scaffold,Cc1ccc(C(=O)NCC23CC4CC(CC(C4)C2)C3)cc1S(=O)(=O)N1CCOCC1,O=C(NCC12CC3CC(CC(C3)C1)C2)c1cccc(S(=O)(=O)N2CCOCC2)c1,3
scaffold,Cc1ccc(C(C)C)c2cc(Cc3ccccc3)c(=O)oc12,O=c1oc2ccccc2cc1Cc1ccccc1,3
scaffold,Cc1ccc(NC(=O)C2CCCCC2C)cc1CN1CCOCC1,O=C(Nc1cccc(CN2CCOCC2)c1)C1CCCCC1,3
scaffold,Cc1ccc(NC(=O)[C@@H]2C[C@@]3(C)CC[C@]2(C)O3)cc1S(=O)(=O)N1CCOCC1,O=C(Nc1cccc(S(=O)(=O)N2CCOCC2)c1)C1CC2CCC1O2,3
scaffold,Cc1ccc(NC(=O)[C@H]2C[C@@]3(C)CC[C@]2(C)O3)cc1S(=O)(=O)N1CCOCC1,O=C(Nc1cccc(S(=O)(=O)N2CCOCC2)c1)C1CC2CCC1O2,3
scaffold,Cc1ccc2c(c1)-c1c(O)cc(C34CC5CC(CC(C5)C3)C4)cc1OC2(C)C,c1ccc2c(c1)COc1cc(C34CC5CC(CC(C5)C3)C4)ccc1-2,3
scaffold,Cc1cccc(Cn2cc(C(=O)N[C@@H]3C(C)(C)C4CC[C@]3(C)C4)c(=O)c3ccc(Sc4ccccc4)cc32)c1,O=C(NC1CC2CCC1C2)c1cn(Cc2ccccc2)c2cc(Sc3ccccc3)ccc2c1=O,3
scaffold,Cc1ccccc1Cc1cc2c(C)c(O)c(C)c(C)c2oc1=O,O=c1oc2ccccc2cc1Cc1ccccc1,3
scaffold,Cc1ccn(Cc2ccc(F)cc2)c(=O)c1C(=O)NC1CCCCCC1,O=C(NC1CCCCCC1)c1cccn(Cc2ccccc2)c1=O,3
scaffold,Cc1nc(C(=O)NC2C3CC4CC(C3)C2C4)c(C)n1-c1ccccc1,O=C(NC1C2CC3CC(C2)C1C3)c1cn(-c2ccccc2)cn1,3
scaffold,Cc1nc(N2CCN(C)CC2)c2nc(-c3ccccc3Cl)oc2n1,c1ccc(-c2nc3c(N4CCNCC4)ncnc3o2)cc1,3
scaffold,Cc1nonc1Cn1nnc2c(N3CCC4(C3)N=N4)nc(C(F)(F)c3ccccc3)nc21,c1ccc(Cc2nc(N3CCC4(C3)N=N4)c3nnn(Cc4cnon4)c3n2)cc1,3
scaffold,Cc1s/c(=N\C(=O)C2C(C)(C)C2(C)C)n(CCCC[18F])c1C,O=C(N=c1[nH]ccs1)C1CC1,3
scaffold,Cc1s/c(=N\C(=O)C2C(C)(C)C2(C)C)n(CCO[11CH3])c1C,O=C(N=c1[nH]ccs1)C1CC1,3
scaffold,Clc1ccc(-n2c(-c3ccccc3Cl)nc3c(N4CCN(c5ccccn5)CC4)ncnc32)cc1,c1ccc(-c2nc3c(N4CCN(c5ccccn5)CC4)ncnc3n2-c2ccccc2)cc1,3
scaffold,Cn1c(C(C)(C)C)c/c(=N/C(=O)c2cc(C(F)(F)F)ccc2ONC(C)(C)C)n1CCC(F)(F)F,O=C(N=c1cc[nH][nH]1)c1ccccc1,3
scaffold,Cn1cc(C(=O)c2cc(O)c3c(c2)OC(C)(C)[C@@H]2CC[C@@H](O)C[C@@H]32)c2ccccc21,O=C(c1ccc2c(c1)OCC1CCCCC21)c1c[nH]c2ccccc12,3
scaffold,Cn1cc2c(n1)c(O)c(C(=O)NC13CC4CC(CC(C4)C1)C3)c(=O)n2CCCCF,O=C(NC12CC3CC(CC(C3)C1)C2)c1cc2n[nH]cc2[nH]c1=O,3
scaffold,Cn1cc2c(n1)c(O)c(C(=O)NC13CC4CC(CC(C4)C1)C3)c(=O)n2CCCCO,O=C(NC12CC3CC(CC(C3)C1)C2)c1cc2n[nH]cc2[nH]c1=O,3
scaffold,Cn1cc2c(n1)c(O)c(C(=O)NC13CC4CC(CC(O)(C4)C1)C3)c(=O)n2CCCCF,O=C(NC12CC3CC(CC(C3)C1)C2)c1cc2n[nH]cc2[nH]c1=O,3
scaffold,Cn1ccnc1CCn1cc(C(=O)C2C(C)(C)C2(C)C)c2ccccc21,O=C(c1cn(CCc2ncc[nH]2)c2ccccc12)C1CC1,3
scaffold,FC(F)(F)c1cccc(-c2c[nH]c(-c3cccc(CN4CCOCC4)c3)n2)c1,c1ccc(-c2c[nH]c(-c3cccc(CN4CCOCC4)c3)n2)cc1,3
scaffold,N#C/C(=C\c1cn(CCN2CCCCC2)c2ccccc12)S(=O)(=O)c1ccccc1,O=S(=O)(C=Cc1cn(CCN2CCCCC2)c2ccccc12)c1ccccc1,3
scaffold,N#Cc1cc(F)ccc1-c1noc(CCC(=O)Nc2ccc3c(c2)c2ccccc2n3CCF)n1,O=C(CCc1nc(-c2ccccc2)no1)Nc1ccc2[nH]c3ccccc3c2c1,3
scaffold,N#Cc1cc(F)ccc1-c1noc(CCC(=O)Nc2ccc3c(c2)c2ccccc2n3CCO)n1,O=C(CCc1nc(-c2ccccc2)no1)Nc1ccc2[nH]c3ccccc3c2c1,3
scaffold,N#Cc1ccccc1CSc1nnc2c3ccccc3n(C(=O)c3ccno3)c2n1,O=C(c1ccno1)n1c2ccccc2c2nnc(SCc3ccccc3)nc21,3
scaffold,O=C(/C=C/c1ccc2ccccc2c1)CCCC(=O)NC1CC1,O=C(C=Cc1ccc2ccccc2c1)CCCC(=O)NC1CC1,3
scaffold,O=C(CC1CCOC1)N1CCN(c2ncnc3c2nc(-c2ccccc2Cl)n3-c2ccc(Cl)cc2)CC1,O=C(CC1CCOC1)N1CCN(c2ncnc3c2nc(-c2ccccc2)n3-c2ccccc2)CC1,3
scaffold,O=C(CCCc1nc(-c2ccc(Cl)cc2)no1)Nc1ccc2c(c1)c1ccccc1n2CCO,O=C(CCCc1nc(-c2ccccc2)no1)Nc1ccc2[nH]c3ccccc3c2c1,3
scaffold,O=C(CCCc1nc(-c2ccc(F)cc2Br)no1)Nc1ccc2c(c1)c1ccccc1n2CCF,O=C(CCCc1nc(-c2ccccc2)no1)Nc1ccc2[nH]c3ccccc3c2c1,3
scaffold,O=C(CCc1nc(-c2ccc(Br)cc2F)no1)Nc1ccc2c(c1)c1ccccc1n2CCF,O=C(CCc1nc(-c2ccccc2)no1)Nc1ccc2[nH]c3ccccc3c2c1,3
scaffold,O=C(CCc1nc(-c2ccc(Cl)cc2)no1)Nc1ccc2c(c1)c1ccccc1n2CCF,O=C(CCc1nc(-c2ccccc2)no1)Nc1ccc2[nH]c3ccccc3c2c1,3
scaffold,O=C(CCc1nc(-c2ccc(Cl)cc2)no1)Nc1ccc2c(c1)c1ccccc1n2CCO,O=C(CCc1nc(-c2ccccc2)no1)Nc1ccc2[nH]c3ccccc3c2c1,3
scaffold,O=C(CCc1nc(-c2ccc(F)cc2)no1)Nc1ccc2c(c1)c1ccccc1n2CCCO,O=C(CCc1nc(-c2ccccc2)no1)Nc1ccc2[nH]c3ccccc3c2c1,3
scaffold,O=C(CCc1nc(-c2ccc(F)cc2)no1)Nc1ccc2c(c1)c1ccccc1n2CCF,O=C(CCc1nc(-c2ccccc2)no1)Nc1ccc2[nH]c3ccccc3c2c1,3
scaffold,O=C(CCc1nc(-c2ccc(F)cc2)no1)Nc1ccc2c(c1)c1ccccc1n2CCO,O=C(CCc1nc(-c2ccccc2)no1)Nc1ccc2[nH]c3ccccc3c2c1,3
scaffold,O=C(CCc1nc(-c2ccc(F)cc2Br)no1)Nc1ccc2c(c1)c1ccccc1n2CCCCO,O=C(CCc1nc(-c2ccccc2)no1)Nc1ccc2[nH]c3ccccc3c2c1,3
scaffold,O=C(CCc1nc(-c2ccc(F)cc2Br)no1)Nc1ccc2c(c1)c1ccccc1n2CCCF,O=C(CCc1nc(-c2ccccc2)no1)Nc1ccc2[nH]c3ccccc3c2c1,3
scaffold,O=C(CCc1nc(-c2ccc(F)cc2Br)no1)Nc1ccc2c(c1)c1ccccc1n2CCCO,O=C(CCc1nc(-c2ccccc2)no1)Nc1ccc2[nH]c3ccccc3c2c1,3
scaffold,O=C(CCc1nc(-c2ccc(F)cc2Br)no1)Nc1ccc2c(c1)c1ccccc1n2CCF,O=C(CCc1nc(-c2ccccc2)no1)Nc1ccc2[nH]c3ccccc3c2c1,3
scaffold,O=C(CCc1nc(-c2ccc(F)cc2Br)no1)Nc1ccc2c(c1)c1ccccc1n2CCO,O=C(CCc1nc(-c2ccccc2)no1)Nc1ccc2[nH]c3ccccc3c2c1,3
scaffold,O=C(Cc1ccccc1)NC(/C=C/c1ccccc1)NC(=O)Cc1ccccc1,O=C(Cc1ccccc1)NC(C=Cc1ccccc1)NC(=O)Cc1ccccc1,3
scaffold,O=C(N1CCCCC1)N1CC(O[C@@H](c2ccc(Cl)cc2)c2cccnc2Cl)C1,O=C(N1CCCCC1)N1CC(OC(c2ccccc2)c2cccnc2)C1,3
scaffold,O=C(N1CCCCC1)N1CC(O[C@H](c2ccc(Cl)cc2)c2cccnc2Cl)C1,O=C(N1CCCCC1)N1CC(OC(c2ccccc2)c2cccnc2)C1,3
scaffold,O=C(N1CCCc2ccccc21)C12CC3CC(CC(C3)C1)C2,O=C(N1CCCc2ccccc21)C12CC3CC(CC(C3)C1)C2,3
scaffold,O=C(N1CCN(c2ncnc3c2nc(-c2ccccc2Cl)n3-c2ccc(Cl)cc2)CC1)C(F)(F)F,c1ccc(-c2nc3c(N4CCNCC4)ncnc3n2-c2ccccc2)cc1,3
scaffold,O=C(N1CCOCC1)N1CCN(C(c2ccccc2)c2ccc(Cl)cc2Cl)CC1,O=C(N1CCOCC1)N1CCN(C(c2ccccc2)c2ccccc2)CC1,3
scaffold,O=C(NC12CC3CC(CC(C3)C1)C2)c1cccc(OCc2ccccc2)c1,O=C(NC12CC3CC(CC(C3)C1)C2)c1cccc(OCc2ccccc2)c1,3
scaffold,O=C(NC12CC3CC(CC(C3)C1)C2)c1cn2c3c(cccc3c1=O)OC[C@H]2Cc1ccccc1,O=C(NC12CC3CC(CC(C3)C1)C2)c1cn2c3c(cccc3c1=O)OCC2Cc1ccccc1,3
scaffold,O=C(NC1CCCC1)c1cn2c3c(cccc3c1=O)OCC2c1ccccc1,O=C(NC1CCCC1)c1cn2c3c(cccc3c1=O)OCC2c1ccccc1,3
scaffold,O=C(NC1CCCCC1)c1cccn(Cc2ccc(F)cc2)c1=O,O=C(NC1CCCCC1)c1cccn(Cc2ccccc2)c1=O,3
scaffold,O=C(NC1CCCCC1)c1cccn(Cc2ccccc2)c1=O,O=C(NC1CCCCC1)c1cccn(Cc2ccccc2)c1=O,3
scaffold,O=C(NC1CCCCC1)c1cn(-c2ccc(Cl)cc2)c(-c2ccc(Cl)cc2Cl)n1,O=C(NC1CCCCC1)c1cn(-c2ccccc2)c(-c2ccccc2)n1,3
scaffold,O=C(NC1CCCCC1)c1cn(-c2ccc(Cl)cc2)c(-c2ccccc2Cl)n1,O=C(NC1CCCCC1)c1cn(-c2ccccc2)c(-c2ccccc2)n1,3
scaffold,O=C(NC1CCCCC1O)c1cn(-c2ccc(Cl)cc2)c(-c2ccc(Cl)cc2Cl)n1,O=C(NC1CCCCC1)c1cn(-c2ccccc2)c(-c2ccccc2)n1,3
scaffold,O=C(NC1CCCCCC1)c1cc(/C=C/c2ccccc2)cn(Cc2ccc(F)cc2)c1=O,O=C(NC1CCCCCC1)c1cc(C=Cc2ccccc2)cn(Cc2ccccc2)c1=O,3
scaffold,O=C(NC1CCCCCC1)c1cc(Br)cn(CCN2CCOCC2)c1=O,O=C(NC1CCCCCC1)c1cccn(CCN2CCOCC2)c1=O,3
scaffold,O=C(NC1CCCCCC1)c1cc(Br)cn(Cc2ccc(F)cc2)c1=O,O=C(NC1CCCCCC1)c1cccn(Cc2ccccc2)c1=O,3
scaffold,O=C(NC1CCCCCC1)c1cccn(CCN2CCOCC2)c1=O,O=C(NC1CCCCCC1)c1cccn(CCN2CCOCC2)c1=O,3
scaffold,O=C(NC1CCCCCC1)c1cccn(Cc2ccc(Cl)cc2)c1=O,O=C(NC1CCCCCC1)c1cccn(Cc2ccccc2)c1=O,3
scaffold,O=C(NC1CCCCCC1)c1cccn(Cc2ccc(F)cc2)c1=O,O=C(NC1CCCCCC1)c1cccn(Cc2ccccc2)c1=O,3
scaffold,O=C(NC1CCCCCC1)c1cccn(Cc2ccc(I)cc2)c1=O,O=C(NC1CCCCCC1)c1cccn(Cc2ccccc2)c1=O,3
scaffold,O=C(NC1CCCCCC1)c1cccn(Cc2cccc(I)c2)c1=O,O=C(NC1CCCCCC1)c1cccn(Cc2ccccc2)c1=O,3
scaffold,O=C(NC1CCCCCC1)c1cccn(Cc2ccccc2)c1=O,O=C(NC1CCCCCC1)c1cccn(Cc2ccccc2)c1=O,3
scaffold,O=C(NC1CCCCCC1)c1cn(CCN2CCOCC2)c2ccccc2c1=O,O=C(NC1CCCCCC1)c1cn(CCN2CCOCC2)c2ccccc2c1=O,3
scaffold,O=C(NC1CCCOc2c1nn(-c1ccccc1Cl)c2-c1ccc(Cl)cc1)c1ccon1,O=C(NC1CCCOc2c1nn(-c1ccccc1)c2-c1ccccc1)c1ccon1,3
scaffold,O=C(NC1CCCc2ccccc21)c1nc2ccccc2s1,O=C(NC1CCCc2ccccc21)c1nc2ccccc2s1,3
scaffold,O=C(NC1CCN(c2ncnc3c2nc(-c2ccccc2Cl)n3-c2ccc(Cl)cc2)CC1)OCc1ccccc1,O=C(NC1CCN(c2ncnc3c2nc(-c2ccccc2)n3-c2ccccc2)CC1)OCc1ccccc1,3
scaffold,O=C(NC1CCN(c2ncnc3c2nc(-c2ccccc2Cl)n3-c2ccc(Cl)cc2)CC1)c1ccc(F)c(F)c1,O=C(NC1CCN(c2ncnc3c2nc(-c2ccccc2)n3-c2ccccc2)CC1)c1ccccc1,3
scaffold,O=C(NC1CCN(c2ncnc3c2nc(-c2ccccc2Cl)n3-c2ccc(Cl)cc2)CC1)c1ccc(F)cc1,O=C(NC1CCN(c2ncnc3c2nc(-c2ccccc2)n3-c2ccccc2)CC1)c1ccccc1,3
scaffold,O=C(NC1CCN(c2ncnc3c2nc(-c2ccccc2Cl)n3-c2ccc(Cl)cc2)CC1)c1ccccc1F,O=C(NC1CCN(c2ncnc3c2nc(-c2ccccc2)n3-c2ccccc2)CC1)c1ccccc1,3
scaffold,O=C(NCC1CCCCC1)c1nn(-c2ccc(Cl)cc2Cl)c2c1CCCc1cc(Cl)ccc1-2,O=C(NCC1CCCCC1)c1nn(-c2ccccc2)c2c1CCCc1ccccc1-2,3
scaffold,O=C(NCCCc1ccccc1)C(c1ccccc1)c1ccc(Br)cc1,O=C(NCCCc1ccccc1)C(c1ccccc1)c1ccccc1,3
scaffold,O=C(NCCCc1ccccc1)C(c1ccccc1)c1ccc(Cl)cc1,O=C(NCCCc1ccccc1)C(c1ccccc1)c1ccccc1,3
scaffold,O=C(NCCc1ccc(F)cc1)c1cc2cccnc2n(Cc2ccccc2)c1=O,O=C(NCCc1ccccc1)c1cc2cccnc2n(Cc2ccccc2)c1=O,3
scaffold,O=C(NCc1cccc(Cl)c1)c1ccc2c(c1)N=C(N1CCC(F)(F)CC1)c1ccccc1S2,O=C(NCc1ccccc1)c1ccc2c(c1)N=C(N1CCCCC1)c1ccccc1S2,3
scaffold,O=C(NCc1cccnc1)c1ccc(Br)c(S(=O)(=O)N2CCCCC2)c1,O=C(NCc1cccnc1)c1cccc(S(=O)(=O)N2CCCCC2)c1,3
scaffold,O=C(NN1CCCCC1)c1nn(-c2ccc(Cl)cc2Cl)c2c1Cc1cc(C3CC3)ccc1-2,O=C(NN1CCCCC1)c1nn(-c2ccccc2)c2c1Cc1cc(C3CC3)ccc1-2,3
scaffold,O=C(N[C@H]1CCCC[C@@H]1O)c1cn(-c2ccc(Cl)cc2)c(-c2ccccc2Cl)n1,O=C(NC1CCCCC1)c1cn(-c2ccccc2)c(-c2ccccc2)n1,3
scaffold,O=C(Nc1cccc2ccccc12)N1Cc2ccccc2N(CCN2CCOCC2)C1=O,O=C(Nc1cccc2ccccc12)N1Cc2ccccc2N(CCN2CCOCC2)C1=O,3
scaffold,O=C(OCCCn1c2ccccc2c2cc(C(=O)N3CCCCC3)ccc21)N1CCS(=O)(=O)CC1,O=C(OCCCn1c2ccccc2c2cc(C(=O)N3CCCCC3)ccc21)N1CCS(=O)(=O)CC1,3
scaffold,O=C(c1c(NC(=O)C23CC4CC(CC2C4)C3)sc2c1CCOC2)N1CC(F)(F)C1,O=C(c1c(NC(=O)C23CC4CC(CC2C4)C3)sc2c1CCOC2)N1CCC1,3
scaffold,O=C(c1ccc2c(c1)c1ccccc1n2CCCN1CCCCC1)N1CCCCC1,O=C(c1ccc2c(c1)c1ccccc1n2CCCN1CCCCC1)N1CCCCC1,3
scaffold,O=C(c1cccc2ccccc12)c1csc2ccccc12,O=C(c1cccc2ccccc12)c1csc2ccccc12,3
scaffold,O=C(c1cccc2ccccc12)n1c(C2CCC2)nc2ccccc21,O=C(c1cccc2ccccc12)n1c(C2CCC2)nc2ccccc21,3
scaffold,O=C(c1ccccc1Cl)c1cccn1CC12CC3CC(CC(C3)C1)C2,O=C(c1ccccc1)c1cccn1CC12CC3CC(CC(C3)C1)C2,3
scaffold,O=C(c1cn(CC2CCOCC2)c2ccccc12)C12CC3CC(CC1C3)C2,O=C(c1cn(CC2CCOCC2)c2ccccc12)C12CC3CC(CC1C3)C2,3
scaffold,O=C(c1nn(-c2ccc(Cl)cc2Cl)c2c1Cc1cc(C3CC3)ccc1-2)N1CCCCC1,O=C(c1nn(-c2ccccc2)c2c1Cc1cc(C3CC3)ccc1-2)N1CCCCC1,3
scaffold,O=S(=O)(CCC(F)(F)F)N1CCN(c2ncnc3c2nc(-c2ccccc2Cl)n3-c2ccc(Cl)cc2)CC1,c1ccc(-c2nc3c(N4CCNCC4)ncnc3n2-c2ccccc2)cc1,3
scaffold,O=S(=O)(c1ccc(Cl)cc1)N1CCC(N[C@H]2CCCOc3c2nn(-c2ccccc2Cl)c3-c2ccc(Cl)cc2)CC1,O=S(=O)(c1ccccc1)N1CCC(NC2CCCOc3c2nn(-c2ccccc2)c3-c2ccccc2)CC1,3
scaffold,O=S(=O)(c1ccccc1F)c1cc(Cl)ccc1S(=O)(=O)N1CC(CCNS(=O)(=O)C(F)(F)F)C1,O=S(=O)(c1ccccc1)c1ccccc1S(=O)(=O)N1CCC1,3
scaffold,O=[N+]([O-])c1ccc2c(c1)c(OCC1CCCCC1)nn2Cc1ccccc1,c1ccc(Cn2nc(OCC3CCCCC3)c3ccccc32)cc1,3
scaffold,O=[N+]([O-])c1ccc2c(c1)c(OCc1ccc3ccccc3c1)nn2CCN1CCOCC1,c1ccc2cc(COc3nn(CCN4CCOCC4)c4ccccc34)ccc2c1,3
scaffold,[11CH3]OC(=O)c1c(NC(=O)C23CC4CC(CC(O)(C4)C2)C3)sc2c1CCCC2,O=C(Nc1cc2c(s1)CCCC2)C12CC3CC(CC(C3)C1)C2,3
scaffold,c1ccc2c(c1)c(OCC1CCCCC1)nn2CC1CCCCC1,c1ccc2c(c1)c(OCC1CCCCC1)nn2CC1CCCCC1,3
scaffold,C#CCCCC(=O)OCC(CO)OCCCC/C=C\C/C=C\C/C=C\C/C=C\CCCCC,ACYCLIC,4
scaffold,C#CCNC(=O)CCC/C=C\C/C=C\C/C=C\[C@@H](C)/C=C\CCCCC,ACYCLIC,4
scaffold,C#CCn1cc(C(=O)NC23CC4CC(CC(C4)C2)C3)c(=O)c2cc(Br)ccc21,O=C(NC12CC3CC(CC(C3)C1)C2)c1c[nH]c2ccccc2c1=O,4
scaffold,C#Cc1ccc2c(c1)c(=O)c(C(=O)NC13CC4CC(CC(C4)C1)C3)cn2CCCCC,O=C(NC12CC3CC(CC(C3)C1)C2)c1c[nH]c2ccccc2c1=O,4
scaffold,C/C=C/C=C\CC/C=C/C=C/C(=O)NCC(C)C,ACYCLIC,4
scaffold,C/C=C\C=C/CC/C=C/C=C/C(=O)NCC(C)C,ACYCLIC,4
scaffold,C/C=C\C=C\CC/C=C/C=C/C(=O)NCC(C)C,ACYCLIC,4
scaffold,C/N=C(\NS(=O)(=O)N(C)C(C)C)N1CC(c2ccccc2)C(c2ccc(Cl)cc2)=N1,c1ccc(C2=NNCC2c2ccccc2)cc1,4
scaffold,C/N=C(\NS(=O)(=O)N(C)C)N1CC(c2ccccc2)C(c2ccc(Cl)cc2)=N1,c1ccc(C2=NNCC2c2ccccc2)cc1,4
scaffold,C=C(C)C1CCC(C)=CC1O,C1=CCCCC1,4
scaffold,C=C1CC[C@@H]2[C@@H](C1)c1c(OC)cc(C(C)(C)CCCCCC)cc1OC2(C)C,C=C1CCC2COc3ccccc3C2C1,4
scaffold,C=C1CC[C@@H]2[C@H](c3c(O)cc(CCCCC)cc3OC2(C)C)[C@H]1O,C=C1CCC2COc3ccccc3C2C1,4
scaffold,C=CCCCn1cc(C(=O)NC23CC4CC(CC(C4)C2)C3)c(=O)c2cc(Br)ccc21,O=C(NC12CC3CC(CC(C3)C1)C2)c1c[nH]c2ccccc2c1=O,4
scaffold,C=CCCn1cc(C(=O)NC23CC4CC(CC(C4)C2)C3)c(=O)c2cc(Br)ccc21,O=C(NC12CC3CC(CC(C3)C1)C2)c1c[nH]c2ccccc2c1=O,4
scaffold,C=CCc1ccc(CN(Cc2ccccc2)S(=O)(=O)c2ccc(C)cc2)cc1,O=S(=O)(c1ccccc1)N(Cc1ccccc1)Cc1ccccc1,4
scaffold,C=CCn1c2c(c3cc(C(=O)N4CCC(C)CC4)ccc31)CN(CC1CC1)CC2,O=C(c1ccc2[nH]c3c(c2c1)CN(CC1CC1)CC3)N1CCCCC1,4
scaffold,C=CCn1cc(C(=O)C(=O)NC23CC4CC(CC(C4)C2)C3)c2cc(-c3ccccc3)ccc21,O=C(NC12CC3CC(CC(C3)C1)C2)C(=O)c1c[nH]c2ccc(-c3ccccc3)cc12,4
scaffold,C=CCn1cc(C(=O)NC23CC4CC(CC(C4)C2)C3)c(=O)c2c(OC)ccc(OC)c21,O=C(NC12CC3CC(CC(C3)C1)C2)c1c[nH]c2ccccc2c1=O,4
scaffold,C=Cn1cc(C(=O)N[C@@H]2C(C)(C)C3CC[C@]2(C)C3)c(=O)c2ccc(F)cc21,O=C(NC1CC2CCC1C2)c1c[nH]c2ccccc2c1=O,4
scaffold,CC#CC#CC/C=C\CCC/C=C/C=C/C(=O)NCC(C)C,ACYCLIC,4
scaffold,CC(=O)NCCNC(=O)C(C)(C)NC(=O)c1cc2c(n(CC3CCCCC3)c1=O)CCCCCC2,O=c1ccc2c(n1CC1CCCCC1)CCCCCC2,4
scaffold,CC(=O)OCCCCn1cccc1C(=O)c1ccccc1Cl,O=C(c1ccccc1)c1ccc[nH]1,4
scaffold,CC(C(=O)N1CCN(c2ncnc3c2nc(-c2ccccc2Cl)n3-c2ccc(Cl)cc2)CC1)c1ccccc1,O=C(Cc1ccccc1)N1CCN(c2ncnc3c2nc(-c2ccccc2)n3-c2ccccc2)CC1,4
scaffold,CC(C(=O)NCCC(c1ccccc1)c1ccccc1)(c1ccccc1)c1ccccc1,O=C(NCCC(c1ccccc1)c1ccccc1)C(c1ccccc1)c1ccccc1,4
scaffold,CC(C)(C(=O)OCCCN1CCOCC1)c1cc(O)c2c(c1)OC(C)(C)[C@@H]1CC=C(CO)C[C@@H]21,O=C(Cc1ccc2c(c1)OCC1CC=CCC21)OCCCN1CCOCC1,4
scaffold,CC(C)(C)CC(=O)NC1CCN(c2ncnc3c2nc(-c2ccccc2Cl)n3-c2ccc(Cl)cc2)CC1,c1ccc(-c2nc3c(N4CCCCC4)ncnc3n2-c2ccccc2)cc1,4
scaffold,CC(C)(C)NOc1ccc(C(F)(F)F)cc1C(=O)/N=c1\sc(C(C)(C)C)nn1C[C@H]1CCCO1,O=C(N=c1scnn1CC1CCCO1)c1ccccc1,4
scaffold,CC(C)(C)OC(=O)NC1CCN(c2ncnc3c2nc(-c2ccccc2Cl)n3-c2ccc(Cl)cc2)CC1,c1ccc(-c2nc3c(N4CCCCC4)ncnc3n2-c2ccccc2)cc1,4
scaffold,CC(C)(C)OC(=O)NCCOCCOc1ccc(-c2cc(=O)c3ccccc3o2)cc1,O=c1cc(-c2ccccc2)oc2ccccc12,4
scaffold,CC(C)(C)OCCC(=O)NC1CCN(c2ncnc3c2nc(-c2ccccc2Cl)n3-c2ccc(Cl)cc2)CC1,c1ccc(-c2nc3c(N4CCCCC4)ncnc3n2-c2ccccc2)cc1,4
scaffold,CC(C)(C)[C@@H](C#N)NC(=O)n1c(=O)n(CCN2CCOCC2)c2ccccc21,O=c1[nH]c2ccccc2n1CCN1CCOCC1,4
scaffold,CC(C)(C)[C@@H](CO)NC(=O)n1c(=O)n(CCN2CCOCC2)c2ccccc21,O=c1[nH]c2ccccc2n1CCN1CCOCC1,4
scaffold,CC(C)(C)[C@H](NC(=O)n1c(=O)n(CCN2CCOCC2)c2ccccc21)C(N)=O,O=c1[nH]c2ccccc2n1CCN1CCOCC1,4
scaffold,CC(C)(C)c1cc(-c2csc(C3(N4CCCCC4)CCOCC3)n2)cc(C(C)(C)C)c1O,c1ccc(-c2csc(C3(N4CCCCC4)CCOCC3)n2)cc1,4
scaffold,CC(C)(C)c1ccc(C(=O)c2cc(O)c(-c3cc(Cl)cc(Cl)c3)c(O)c2)cc1,O=C(c1ccccc1)c1ccc(-c2ccccc2)cc1,4
scaffold,CC(C)(C)c1cn(C[C@H]2CCCO2)/c(=N/C(=O)c2cc(C(F)(F)F)ccc2OC[C@@H]2CNCCO2)s1,O=C(N=c1sccn1CC1CCCO1)c1ccccc1OCC1CNCCO1,4
scaffold,CC(C)(C)c1cn(C[C@H]2CCCO2)/c(=N/C(=O)c2cc(C(F)(F)F)ccc2OCc2ccccn2)s1,O=C(N=c1sccn1CC1CCCO1)c1ccccc1OCc1ccccn1,4
scaffold,CC(C)(CCCCCCC#N)c1cc(O)c2c(c1)OC(C)(C)[C@@H]1CC[C@@H](CO)C[C@@H]21,c1ccc2c(c1)OCC1CCCCC21,4
scaffold,CC(C)(CCCCCCN=C=S)c1cc(O)c2c(c1)OC(C)(C)[C@@H]1CC[C@@H](CO)C[C@@H]21,c1ccc2c(c1)OCC1CCCCC21,4
scaffold,CC(C)(CCCCCCN=[N+]=[N-])c1cc(O)c2c(c1)OC(C)(C)[C@@H]1CC[C@@H](CO)C[C@@H]21,c1ccc2c(c1)OCC1CCCCC21,4
scaffold,CC(C)(NC(=O)c1cc2c(n(CC3CCCCC3)c1=O)CCCCCC2)C(=O)NCC(=O)O,O=c1ccc2c(n1CC1CCCCC1)CCCCCC2,4
scaffold,CC(C)(NC(=O)c1cc2c(n(CC3CCCCC3)c1=O)CCCCCC2)C(=O)NCC(N)=O,O=c1ccc2c(n1CC1CCCCC1)CCCCCC2,4
scaffold,CC(C)(NC(=O)c1cc2c(n(CC3CCCCC3)c1=O)CCCCCC2)C(=O)NCCCCCO,O=c1ccc2c(n1CC1CCCCC1)CCCCCC2,4
scaffold,CC(C)(NC(=O)c1cc2c(n(CC3CCCCC3)c1=O)CCCCCC2)C(=O)NCCCO,O=c1ccc2c(n1CC1CCCCC1)CCCCCC2,4
scaffold,CC(C)(NC(=O)c1cc2c(n(CC3CCCCC3)c1=O)CCCCCC2)C(=O)NCCOCCO,O=c1ccc2c(n1CC1CCCCC1)CCCCCC2,4
scaffold,CC(C)(NC(=O)c1cc2c(n(CC3CCCCC3)c1=O)CCCCCC2)C(=O)NN,O=c1ccc2c(n1CC1CCCCC1)CCCCCC2,4
scaffold,CC(C)(NC(=O)c1cc2c(n(CC3CCCCC3)c1=O)CCCCCC2)C(=O)NNS(C)(=O)=O,O=c1ccc2c(n1CC1CCCCC1)CCCCCC2,4
scaffold,CC(C)(NC(=O)c1cc2c(n(CC3CCCCC3)c1=O)CCCCCC2)C(=O)O,O=c1ccc2c(n1CC1CCCCC1)CCCCCC2,4
scaffold,CC(C)CC(=O)NC1CCN(c2ncnc3c2nc(-c2ccccc2Cl)n3-c2ccc(Cl)cc2)CC1,c1ccc(-c2nc3c(N4CCCCC4)ncnc3n2-c2ccccc2)cc1,4
scaffold,CC(C)CCC(=O)NC1CCN(c2ncnc3c2nc(-c2ccccc2Cl)n3-c2ccc(Cl)cc2)CC1,c1ccc(-c2nc3c(N4CCCCC4)ncnc3n2-c2ccccc2)cc1,4
scaffold,CC(C)CCOc1cc(O)cc(OCCCCCCCCCCC(=O)NCC2CC2)c1,O=C(CCCCCCCCCCOc1ccccc1)NCC1CC1,4
scaffold,CC(C)CCn1c2c(cc(C(=O)NCc3ccccc3)c1=O)CCCCCC2,O=C(NCc1ccccc1)c1cc2c([nH]c1=O)CCCCCC2,4
scaffold,CC(C)Cn1cc(C(C)(C)C)s/c1=N\C(=O)c1cc(C(F)(F)F)ccc1OCC1CCOC1,O=C(N=c1[nH]ccs1)c1ccccc1OCC1CCOC1,4
scaffold,CC(C)Cn1nnnc1Cc1ccc(-c2ccccc2)cc1,c1ccc(-c2ccc(Cc3nnn[nH]3)cc2)cc1,4
scaffold,CC(C)N(CCn1nc(OCc2cccc3ccccc23)c2ccccc21)C(C)C,c1ccc2c(COc3n[nH]c4ccccc34)cccc2c1,4
scaffold,CC(C)NC(=O)NC1CCN(c2ncnc3c2nc(-c2ccccc2Cl)n3-c2ccc(Cl)cc2)CC1,c1ccc(-c2nc3c(N4CCCCC4)ncnc3n2-c2ccccc2)cc1,4
scaffold,CC(C)[C@H](NC(=O)c1cc2c(n(CC3CCCCC3)c1=O)CCCCCC2)C(=O)O,O=c1ccc2c(n1CC1CCCCC1)CCCCCC2,4
scaffold,CC(C)c1ccc(C(=O)c2cc(O)c(-c3cc(Cl)cc(Cl)c3)c(O)c2)cc1,O=C(c1ccccc1)c1ccc(-c2ccccc2)cc1,4
scaffold,CC(NC(=O)n1c(=O)n(CCN2CCOCC2)c2ccccc21)c1ccc(F)cc1,O=C(NCc1ccccc1)n1c(=O)n(CCN2CCOCC2)c2ccccc21,4
scaffold,CC(c1ccccc1)N1CCN(c2ncnc3c2nc(-c2ccccc2Cl)n3-c2ccc(Cl)cc2)CC1,c1ccc(CN2CCN(c3ncnc4c3nc(-c3ccccc3)n4-c3ccccc3)CC2)cc1,4
scaffold,CC/N=C(\NS(=O)(=O)N(CC)CC)N1CC(c2ccccc2)C(c2ccc(Cl)cc2)=N1,c1ccc(C2=NNCC2c2ccccc2)cc1,4
scaffold,CC1(C)C(C(=O)c2cn(CC3CCOCC3)c3c(COc4ccccc4)cccc23)C1(C)C,O=C(c1cn(CC2CCOCC2)c2c(COc3ccccc3)cccc12)C1CC1,4
scaffold,CC1(C)C(C(=O)c2cn(CC3CCOCC3)c3ccc(-c4ccccc4)cc23)C1(C)C,O=C(c1cn(CC2CCOCC2)c2ccc(-c3ccccc3)cc12)C1CC1,4
scaffold,CC1(C)C(C(=O)c2cn(CC3OCCO3)c3ccccc23)C1(C)C,O=C(c1cn(CC2OCCO2)c2ccccc12)C1CC1,4
scaffold,CC1(C)C(C(=O)c2cn(Cc3ccncc3)c3ccccc23)C1(C)C,O=C(c1cn(Cc2ccncc2)c2ccccc12)C1CC1,4
scaffold,CC1(C)C2CC[C@](C)(C2)[C@@H]1NC(=O)c1c[nH]c2cc(F)ccc2c1=O,O=C(NC1CC2CCC1C2)c1c[nH]c2ccccc2c1=O,4
scaffold,CC1(C)C2CC[C@](C)(C2)[C@@H]1NC(=O)c1cn(CCCCO)c2cc(F)ccc2c1=O,O=C(NC1CC2CCC1C2)c1c[nH]c2ccccc2c1=O,4
scaffold,CC1(C)C2CC[C@](C)(C2)[C@@H]1NC(=O)c1cn(CCCCO)c2cc(Sc3ccccc3)ccc2c1=O,O=C(NC1CC2CCC1C2)c1c[nH]c2cc(Sc3ccccc3)ccc2c1=O,4
scaffold,CC1(C)CN(C(=O)C23CC4CC(CC(C4)C2)C3)c2ccccc21,O=C(N1CCc2ccccc21)C12CC3CC(CC(C3)C1)C2,4
scaffold,CC1(C)Oc2cc(C(=O)N3C4CC5CC3CC(C4)O5)cc(O)c2[C@@H]2C[C@@H](O)CC[C@H]21,O=C(c1ccc2c(c1)OCC1CCCCC21)N1C2CC3CC1CC(C2)O3,4
scaffold,CC1(C)Oc2cc(C(=O)N3C4CC5CC3CC(C4)O5)cc(O)c2[C@@H]2C[C@H](O)CC[C@H]21,O=C(c1ccc2c(c1)OCC1CCCCC21)N1C2CC3CC1CC(C2)O3,4
scaffold,CC1(C)Oc2cc(C(=O)c3coc4ccccc34)cc(O)c2[C@@H]2C[C@H](O)CC[C@H]21,O=C(c1ccc2c(c1)OCC1CCCCC21)c1coc2ccccc12,4
scaffold,CC1(C)Oc2cc(CNC34CC5CC(CC(C5)C3)C4)cc(O)c2[C@@H]2C[C@@H](O)CC[C@H]21,c1cc2c(cc1CNC13CC4CC(CC(C4)C1)C3)OCC1CCCCC21,4
scaffold,CC1(C)Oc2cc(CNC34CC5CC(CC(C5)C3)C4)cc(O)c2[C@@H]2C[C@H](O)CC[C@H]21,c1cc2c(cc1CNC13CC4CC(CC(C4)C1)C3)OCC1CCCCC21,4
scaffold,CC1=CC[C@@H]2[C@@H](C1)c1ccc(C(C)(C)C(=O)OCCCN3CCOCC3)cc1OC2(C)C,O=C(Cc1ccc2c(c1)OCC1CC=CCC21)OCCCN1CCOCC1,4
scaffold,CC1=CC[C@H]2[C@H](C1)c1c(O)cc(/C(C)=N/OCCN3CCCC3)cc1OC2(C)C,C1=CCC2c3ccc(C=NOCCN4CCCC4)cc3OCC2C1,4
scaffold,CC1CCC(NC(=O)c2cc3cc(-c4ccc(F)cc4)cnc3n(CCN3CCOCC3)c2=O)CC1,O=C(NC1CCCCC1)c1cc2cc(-c3ccccc3)cnc2n(CCN2CCOCC2)c1=O,4
scaffold,CC1Oc2cccc3c(=O)c(C(=O)NC4CCCCC4)cn(c23)C1c1ccccc1,O=C(NC1CCCCC1)c1cn2c3c(cccc3c1=O)OCC2c1ccccc1,4
scaffold,CCC(C)(C)C(=O)Nc1cc(C)c(C)c(S(=O)(=O)NC2CCCC2)c1,O=S(=O)(NC1CCCC1)c1ccccc1,4
scaffold,CCC(C)(C)C(=O)Nc1cc(CN2CCOCC2)c(C#N)cn1,c1cc(CN2CCOCC2)ccn1,4
scaffold,CCC(C)(C)C(=O)Nc1cc(CN2CCOCC2)c(C)cn1,c1cc(CN2CCOCC2)ccn1,4
scaffold,CCC(C)(C)C(=O)Nc1cc(CN2CCOCC2)c(N)cn1,c1cc(CN2CCOCC2)ccn1,4
scaffold,CCC(C)(C)C(=O)Nc1cc(CN2CCOCC2)cc(C)n1,c1cc(CN2CCOCC2)ccn1,4
scaffold,CCC(C)(C)C(=O)Nc1cc2c(c(S(=O)(=O)N3CCOCC3)c1)CCC2,O=S(=O)(c1cccc2c1CCC2)N1CCOCC1,4
scaffold,CCC(c1ccc([C@H](C)NS(C)(=O)=O)cc1)c1ccc(Cl)cc1S(=O)(=O)c1ccc(Cl)cc1,O=S(=O)(c1ccccc1)c1ccccc1Cc1ccccc1,4
scaffold,CCC/C=C/C/C=C/CCC/C=C/C=C/C(=O)NCC(C)CC,ACYCLIC,4
scaffold,CCC/C=C\C#C/C=C\C=C\CC/C=C/C=C/C(=O)NCC(C)C,ACYCLIC,4
scaffold,CCCC(C)(C)C(=O)Nc1cc(CN2CCOCC2)c(C)cn1,c1cc(CN2CCOCC2)ccn1,4
scaffold,CCCCC(=O)NC1CCN(c2ncnc3c2nc(-c2ccccc2Cl)n3-c2ccc(Cl)cc2)CC1,c1ccc(-c2nc3c(N4CCCCC4)ncnc3n2-c2ccccc2)cc1,4
scaffold,CCCCC/C=C\C/C=C\C/C=C\C/C=C\CCCC(=O)N(O)CCO,ACYCLIC,4
scaffold,CCCCC/C=C\C/C=C\C/C=C\C/C=C\CCCC(=O)NCCCl,ACYCLIC,4
scaffold,CCCCC/C=C\C/C=C\C/C=C\C/C=C\CCCC(=O)NCCO,ACYCLIC,4
scaffold,CCCCC/C=C\C/C=C\C/C=C\C/C=C\CCCC(=O)NOCCO,ACYCLIC,4
scaffold,CCCCC/C=C\C/C=C\C/C=C\C/C=C\CCCC(=O)N[C@H](C)CO,ACYCLIC,4
scaffold,CCCCC/C=C\C/C=C\C/C=C\C/C=C\CCCC(=O)OC(CO)CO,ACYCLIC,4
scaffold,CCCCC/C=C\C/C=C\C/C=C\C/C=C\CCCC(=O)ONCCO,ACYCLIC,4
scaffold,CCCCC/C=C\C/C=C\C/C=C\C/C=C\CCCCOC(CO)CO,ACYCLIC,4
scaffold,CCCCC/C=C\C/C=C\C/C=C\[C@@H](C)/C=C\CCCC(=O)NCCO,ACYCLIC,4
scaffold,CCCCC/C=C\C/C=C\C/C=C\[C@@H](C)/C=C\CCCC(=O)N[C@H](C)CO,ACYCLIC,4
scaffold,CCCCC/C=C\C/C=C\C/C=C\[C@H](C)/C=C\CCCC(=O)NCCO,ACYCLIC,4
scaffold,CCCCC/C=C\C/C=C\C/C=C\[C@H](C)/C=C\CCCC(=O)N[C@H](C)CO,ACYCLIC,4
scaffold,CCCCC/C=C\[C@H](C)/C=C\C/C=C\C/C=C\CCCC(=O)NCCCl,ACYCLIC,4
scaffold,CCCCC/C=C\[C@H](C)/C=C\C/C=C\C/C=C\CCCC(=O)NCCO,ACYCLIC,4
scaffold,CCCCC/C=C\[C@H](C)/C=C\C/C=C\C/C=C\CCCC(=O)N[C@H](C)CO,ACYCLIC,4
scaffold,CCCCC1(c2cc(O)c3cc(Cc4cccnc4)c(=O)oc3c2)CCCC1,O=c1oc2cc(C3CCCC3)ccc2cc1Cc1cccnc1,4
scaffold,CCCCC1=NN(C(=O)NC(C)(C)c2ccccc2)CC1c1ccsc1,O=C(NCc1ccccc1)N1CC(c2ccsc2)C=N1,4
scaffold,CCCCCC1(c2cc(O)c3c(c2)OC(C)(C)[C@@H]2CC=C(C)C[C@@H]32)CC(=O)O1,O=C1CC(c2ccc3c(c2)OCC2CC=CCC32)O1,4
scaffold,CCCCCC1=NN(C(=O)NC2CCCCCCC2)CC1c1ccccc1,O=C(NC1CCCCCCC1)N1CC(c2ccccc2)C=N1,4
scaffold,CCCCCC1=NN(C(=O)Nc2cccc3ccccc23)CC1c1ccccc1,O=C(Nc1cccc2ccccc12)N1CC(c2ccccc2)C=N1,4
scaffold,CCCCCCC(C)(C)c1cc(O)c2c(c1)OC(C)(C)[C@@H]1CC[C@@H](CO)C[C@@H]21,c1ccc2c(c1)OCC1CCCCC21,4
scaffold,CCCCCCC(C)(C)c1cc(O)cc(OCCCCCCCCCCC(=O)NCC2CC2)c1,O=C(CCCCCCCCCCOc1ccccc1)NCC1CC1,4
scaffold,CCCCCCC(C)(C)c1cc(O)cc(OCCCCCCCCCCC(=O)NCCc2ccc(O)c(O)c2)c1,O=C(CCCCCCCCCCOc1ccccc1)NCCc1ccccc1,4
scaffold,CCCCCCC(C)(C)c1cc(OC)c(C2(O)CCOCC2)c(OC)c1,c1ccc(C2CCOCC2)cc1,4
scaffold,CCCCCCC(C)(C)c1cc(OC)cc(OCCCCCCCCCCC(=O)NCC2CC2)c1,O=C(CCCCCCCCCCOc1ccccc1)NCC1CC1,4
scaffold,CCCCCCC(C)(C)c1cc(OCc2ccccc2)c2c(c1)OC(C)(C)c1cn(C)nc1-2,c1ccc(COc2cccc3c2-c2n[nH]cc2CO3)cc1,4
scaffold,CCCCCCC(C)(C)c1cc(OCc2ccccc2)c2c(c1)OC(C)(C)c1cn(CC)nc1-2,c1ccc(COc2cccc3c2-c2n[nH]cc2CO3)cc1,4
scaffold,CCCCCCC/C=C/C=C/C(=O)NCC(C)C,ACYCLIC,4
scaffold,CCCCCCC1(c2cc(O)c3c(c2)OC(C)(C)[C@@H]2CCC(=O)C[C@@H]32)SCCS1,O=C1CCC2COc3cc(C4SCCS4)ccc3C2C1,4
scaffold,CCCCCCCC/C=C\CCCCCCCC(=O)N(O)CCO,ACYCLIC,4
scaffold,CCCCCCCC/C=C\CCCCCCCC(=O)NOCCO,ACYCLIC,4
scaffold,CCCCCCCC/C=C\CCCCCCCC(=O)ONCCO,ACYCLIC,4
scaffold,CCCCCCCN(Cc1ccc(N(CC)CC)cc1)C(=O)Cc1ccc(Cl)cc1,O=C(Cc1ccccc1)NCc1ccccc1,4
scaffold,CCCCCCCN(Cc1ccc(N(CC)CC)cc1)C(=O)Cc1ccccc1,O=C(Cc1ccccc1)NCc1ccccc1,4
scaffold,CCCCCCOc1ccccc1-c1cc(C(=O)NC23CC4CC(CC(C4)C2)C3)no1,O=C(NC12CC3CC(CC(C3)C1)C2)c1cc(-c2ccccc2)on1,4
scaffold,CCCCCCc1c(O)cccc1OCCCCCCCCCCC(=O)NCC1CC1,O=C(CCCCCCCCCCOc1ccccc1)NCC1CC1,4
scaffold,CCCCCCc1c(O)cccc1OCCCCCCCCCCC(=O)NCCc1ccc(O)c(O)c1,O=C(CCCCCCCCCCOc1ccccc1)NCCc1ccccc1,4
scaffold,CCCCCCc1ccc(O)cc1OCCCCCCCCCCC(=O)Nc1ccc(O)cc1,O=C(CCCCCCCCCCOc1ccccc1)Nc1ccccc1,4
scaffold,CCCCCCc1ccc(OC)cc1OCCCCCCCCCCC(=O)NCC1CC1,O=C(CCCCCCCCCCOc1ccccc1)NCC1CC1,4
scaffold,CCCCCCc1ccc(OCCCCCCCCCCC(=O)NCC2CC2)cc1O,O=C(CCCCCCCCCCOc1ccccc1)NCC1CC1,4
scaffold,CCCCCCc1ccc(OCCCCCCCCCCC(=O)NCC2CC2)cc1OC,O=C(CCCCCCCCCCOc1ccccc1)NCC1CC1,4
scaffold,CCCCCCc1nc(-c2ccc(Cl)cc2)n(-c2ccc(Cl)cc2Cl)n1,c1ccc(-c2ncnn2-c2ccccc2)cc1,4
scaffold,CCCCCN1C(=O)/C(=N\NC(=O)CN(C)c2ccc([N+](=O)[O-])c3nonc23)c2ccc(OC)cc21,O=C(CNc1cccc2nonc12)NN=C1C(=O)Nc2ccccc21,4
scaffold,CCCCCNc1c(OC)ccc2c1CN(CCc1ccc(O)cc1)C2=O,O=C1c2ccccc2CN1CCc1ccccc1,4
scaffold,CCCCCOc1c(OC)ccc2c1CN(CCc1ccc(N)cc1)C2=O,O=C1c2ccccc2CN1CCc1ccccc1,4
scaffold,CCCCCOc1c(OC)ccc2c1CN(CCc1ccc(O)cc1)C2=O,O=C1c2ccccc2CN1CCc1ccccc1,4
scaffold,CCCCCOc1c(OC)ccc2cc(C(=O)NCCc3ccncc3)c(=O)[nH]c12,O=C(NCCc1ccncc1)c1cc2ccccc2[nH]c1=O,4
scaffold,CCCCCOc1c(OC)ccc2cc(C(=O)NCCc3ccncc3)c(=O)n(C)c12,O=C(NCCc1ccncc1)c1cc2ccccc2[nH]c1=O,4
scaffold,CCCCCOc1c(OC)ccc2cc(C(=O)NCc3ccc4c(c3)OCO4)c(=O)oc12,O=C(NCc1ccc2c(c1)OCO2)c1cc2ccccc2oc1=O,4
scaffold,CCCCCOc1ccc2c(c1OCCCCC)CN(CCc1ccc(N)cc1)C2=O,O=C1c2ccccc2CN1CCc1ccccc1,4
scaffold,CCCCCOc1cccc2c(=O)c(C(=O)NC34CC5CC(CC(C5)C3)C4)c[nH]c12,O=C(NC12CC3CC(CC(C3)C1)C2)c1c[nH]c2ccccc2c1=O,4
scaffold,CCCCCOc1ccccc1-c1cc(C(=O)NC23CC4CC(CC(C4)C2)C3)no1,O=C(NC12CC3CC(CC(C3)C1)C2)c1cc(-c2ccccc2)on1,4
scaffold,CCCCCOc1ccccc1-c1cc(C(=O)NC2C3CC4CC(C3)CC2C4)no1,O=C(NC1C2CC3CC(C2)CC1C3)c1cc(-c2ccccc2)on1,4
scaffold,CCCCCOc1ccccc1-c1cc(C(=O)NC2CCCCC2)no1,O=C(NC1CCCCC1)c1cc(-c2ccccc2)on1,4
scaffold,CCCCCOc1ccccc1-c1cc(C(=O)NC2CCCCCC2)no1,O=C(NC1CCCCCC1)c1cc(-c2ccccc2)on1,4
scaffold,CCCCCS(=O)(=O)NC1CCN(c2ncnc3c2nc(-c2ccccc2Cl)n3-c2ccc(Cl)cc2)CC1,c1ccc(-c2nc3c(N4CCCCC4)ncnc3n2-c2ccccc2)cc1,4
scaffold,CCCCCc1cc(O)c2c(c1)OC(C)(C)[C@@H]1C=C[C@@](C)(O)C[C@@H]21,C1=CC2COc3ccccc3C2CC1,4
scaffold,CCCCCc1cc(O)c2c(c1)OC(C)(C)[C@@H]1CC[C@](C)(O)[C@@H](O)[C@@H]21,c1ccc2c(c1)OCC1CCCCC21,4
scaffold,CCCCCc1cc(O)cc(OCCCCCCCCCCC(=O)NCC2CC2)c1,O=C(CCCCCCCCCCOc1ccccc1)NCC1CC1,4
scaffold,CCCCCc1cc(O)cc(OCCCCCCCCCCC(=O)NN2CCCCC2)c1,O=C(CCCCCCCCCCOc1ccccc1)NN1CCCCC1,4
scaffold,CCCCCc1cc(O)cc(OCCCCCCCCCCC(=O)Nc2ccc(O)cc2)c1,O=C(CCCCCCCCCCOc1ccccc1)Nc1ccccc1,4
scaffold,CCCCCc1cc(O)cc(OCCCCCCCCCCC(=O)Nc2ccccc2)c1,O=C(CCCCCCCCCCOc1ccccc1)Nc1ccccc1,4
scaffold,CCCCCc1cc(O)cc(OCCCCCCCCCCCNC2CC2)c1,c1ccc(OCCCCCCCCCCCNC2CC2)cc1,4
scaffold,CCCCCc1cc(OC(C)=O)c2c(c1)OC(C)(C)C1=C2C2OC2(C)CC1,c1ccc2c(c1)OCC1=C2C2OC2CC1,4
scaffold,CCCCCc1cc(OC)c2cc(Cc3cccnc3)c(=O)oc2c1,O=c1oc2ccccc2cc1Cc1cccnc1,4
scaffold,CCCCCc1cc(OC)cc(OCCCCCCCCCCC(=O)NCC2CC2)c1,O=C(CCCCCCCCCCOc1ccccc1)NCC1CC1,4
scaffold,CCCCCc1cc(OC)cc(OCCCCCCCCCCC(=O)Nc2ccccc2)c1,O=C(CCCCCCCCCCOc1ccccc1)Nc1ccccc1,4
scaffold,CCCCCc1cc2c(c(OS(=O)(=O)c3ccc(C)cc3)c1)[C@@H]1CC(C)(OO)C=C[C@H]1C(C)(C)O2,O=S(=O)(Oc1cccc2c1C1CCC=CC1CO2)c1ccccc1,4
scaffold,CCCCCn1/c(=N/C(=O)c2cccc3ccccc23)sc2ccccc21,O=C(N=c1[nH]c2ccccc2s1)c1cccc2ccccc12,4
scaffold,CCCCCn1c(C)c(C(=O)NC(C)c2ccccc2)c(=O)c2ccccc21,O=C(NCc1ccccc1)c1c[nH]c2ccccc2c1=O,4
scaffold,CCCCCn1c(C)c(C(=O)NC23CC4CC(C)(CC(C)(C4)C2)C3)c(=O)c2ccccc21,O=C(NC12CC3CC(CC(C3)C1)C2)c1c[nH]c2ccccc2c1=O,4
scaffold,CCCCCn1c2ccccc2c2cc(C(=O)N3CCN(C(=O)OC(C)(C)C)CC3)ccc21,O=C(c1ccc2[nH]c3ccccc3c2c1)N1CCNCC1,4
scaffold,CCCCCn1c2ccccc2c2cc(C(=O)N3CCN(C)CC3)ccc21,O=C(c1ccc2[nH]c3ccccc3c2c1)N1CCNCC1,4
scaffold,CCCCCn1c2ccccc2c2cc(C(=O)N3CCN(CC(=O)NC(C)(C)C)CC3)ccc21,O=C(c1ccc2[nH]c3ccccc3c2c1)N1CCNCC1,4
scaffold,CCCCCn1c2ccccc2c2cc(C(=O)N3CCNCC3)ccc21,O=C(c1ccc2[nH]c3ccccc3c2c1)N1CCNCC1,4
scaffold,CCCCCn1c2ccccc2c2cc(C(=O)NC34CC5CC(CC(C5)C3)C4)ccc21,O=C(NC12CC3CC(CC(C3)C1)C2)c1ccc2[nH]c3ccccc3c2c1,4
scaffold,CCCCCn1c2ccccc2c2cc(CN3CCCCC3)ccc21,c1ccc2c(c1)[nH]c1ccc(CN3CCCCC3)cc12,4
scaffold,CCCCCn1cc(-c2nc(C34CC5CC(CC(C5)C3)C4)no2)c(=O)c2cc(-c3ccco3)ccc21,O=c1c(-c2nc(C34CC5CC(CC(C5)C3)C4)no2)c[nH]c2ccc(-c3ccco3)cc12,4
scaffold,CCCCCn1cc(C(=O)C(=O)NC23CC4CC(CC(C4)C2)C3)c2cc(-c3ccccc3)ccc21,O=C(NC12CC3CC(CC(C3)C1)C2)C(=O)c1c[nH]c2ccc(-c3ccccc3)cc12,4
scaffold,CCCCCn1cc(C(=O)NC(C)C)c(=O)c2ccc(Sc3ccccc3)cc21,O=c1cc[nH]c2cc(Sc3ccccc3)ccc12,4
scaffold,CCCCCn1cc(C(=O)NC(C)C23CC4CC(CC(C4)C2)C3)c(=O)c2cc(Cl)ccc21,O=C(NCC12CC3CC(CC(C3)C1)C2)c1c[nH]c2ccccc2c1=O,4
scaffold,CCCCCn1cc(C(=O)NC(C)c2ccccc2)c(=O)c2ccccc21,O=C(NCc1ccccc1)c1c[nH]c2ccccc2c1=O,4
scaffold,CCCCCn1cc(C(=O)NC(CC)CO)c(=O)c2ccc(Sc3ccccc3)cc21,O=c1cc[nH]c2cc(Sc3ccccc3)ccc12,4
scaffold,CCCCCn1cc(C(=O)NC23CC4CC(C)(CC(C)(C4)C2)C3)c(=O)c2cc(Cl)ccc21,O=C(NC12CC3CC(CC(C3)C1)C2)c1c[nH]c2ccccc2c1=O,4
scaffold,CCCCCn1cc(C(=O)NC23CC4CC(C)(CC(C)(C4)C2)C3)c(=O)c2ccc(Cl)cc21,O=C(NC12CC3CC(CC(C3)C1)C2)c1c[nH]c2ccccc2c1=O,4
scaffold,CCCCCn1cc(C(=O)NC23CC4CC(C)(CC(C)(C4)C2)C3)c(=O)c2cccc(Cl)c21,O=C(NC12CC3CC(CC(C3)C1)C2)c1c[nH]c2ccccc2c1=O,4
scaffold,CCCCCn1cc(C(=O)NC23CC4CC(C)(CC(C)(C4)C2)C3)c(=O)c2ccccc21,O=C(NC12CC3CC(CC(C3)C1)C2)c1c[nH]c2ccccc2c1=O,4
scaffold,CCCCCn1cc(C(=O)NC23CC4CC(CC(C4)C2)C3)c(=O)c2c(OC)ccc(OC)c21,O=C(NC12CC3CC(CC(C3)C1)C2)c1c[nH]c2ccccc2c1=O,4
scaffold,CCCCCn1cc(C(=O)NC23CC4CC(CC(C4)C2)C3)c(=O)c2cc(/C=C/C(C)(C)C)ccc21,O=C(NC12CC3CC(CC(C3)C1)C2)c1c[nH]c2ccccc2c1=O,4
scaffold,CCCCCn1cc(C(=O)NC23CC4CC(CC(C4)C2)C3)c(=O)c2cc(/C=C/c3ccc(OC)cc3)ccc21,O=C(NC12CC3CC(CC(C3)C1)C2)c1c[nH]c2ccc(C=Cc3ccccc3)cc2c1=O,4
scaffold,CCCCCn1cc(C(=O)NC23CC4CC(CC(C4)C2)C3)c(=O)c2cc(/C=C/c3ccccc3)ccc21,O=C(NC12CC3CC(CC(C3)C1)C2)c1c[nH]c2ccc(C=Cc3ccccc3)cc2c1=O,4
scaffold,CCCCCn1cc(C(=O)NC23CC4CC(CC(C4)C2)C3)c(=O)c2cc(Br)cc(OC)c21,O=C(NC12CC3CC(CC(C3)C1)C2)c1c[nH]c2ccccc2c1=O,4
scaffold,CCCCCn1cc(C(=O)NC23CC4CC(CC(C4)C2)C3)c(=O)c2cc(Br)ccc21,O=C(NC12CC3CC(CC(C3)C1)C2)c1c[nH]c2ccccc2c1=O,4
scaffold,CCCCCn1cc(C(=O)NC23CC4CC(CC(C4)C2)C3)c(=O)c2cc(C(C)C)ccc21,O=C(NC12CC3CC(CC(C3)C1)C2)c1c[nH]c2ccccc2c1=O,4
scaffold,CCCCCn1cc(C(=O)NC23CC4CC(CC(C4)C2)C3)c(=O)c2cc(C(F)(F)F)ccc21,O=C(NC12CC3CC(CC(C3)C1)C2)c1c[nH]c2ccccc2c1=O,4
scaffold,CCCCCn1cc(C(=O)NC23CC4CC(CC(C4)C2)C3)c(=O)c2cc(C3=CCCCC3)ccc21,O=C(NC12CC3CC(CC(C3)C1)C2)c1c[nH]c2ccc(C3=CCCCC3)cc2c1=O,4
scaffold,CCCCCn1cc(C(=O)NC23CC4CC(CC(C4)C2)C3)c(=O)c2cc(CC)ccc21,O=C(NC12CC3CC(CC(C3)C1)C2)c1c[nH]c2ccccc2c1=O,4
scaffold,CCCCCn1cc(C(=O)NC23CC4CC(CC(C4)C2)C3)c(=O)c2cc(I)ccc21,O=C(NC12CC3CC(CC(C3)C1)C2)c1c[nH]c2ccccc2c1=O,4
scaffold,CCCCCn1cc(C(=O)NC23CC4CC(CC(C4)C2)C3)c(=O)c2cc([S+]([O-])c3ccccc3)ccc21,O=C(NC12CC3CC(CC(C3)C1)C2)c1c[nH]c2ccc([SH+]c3ccccc3)cc2c1=O,4
scaffold,CCCCCn1cc(C(=O)NC23CC4CC(CC(C4)C2)C3)c(=O)c2ccc(Cl)c(C)c21,O=C(NC12CC3CC(CC(C3)C1)C2)c1c[nH]c2ccccc2c1=O,4
scaffold,CCCCCn1cc(C(=O)NC23CC4CC(CC(C4)C2)C3)c(=O)c2ccc(F)cc21,O=C(NC12CC3CC(CC(C3)C1)C2)c1c[nH]c2ccccc2c1=O,4
scaffold,CCCCCn1cc(C(=O)NC23CC4CC(CC(C4)C2)C3)c(=O)c2cccc(C)c21,O=C(NC12CC3CC(CC(C3)C1)C2)c1c[nH]c2ccccc2c1=O,4
scaffold,CCCCCn1cc(C(=O)NC23CC4CC(CC(C4)C2)C3)c(=O)c2cccc(OC)c21,O=C(NC12CC3CC(CC(C3)C1)C2)c1c[nH]c2ccccc2c1=O,4
scaffold,CCCCCn1cc(C(=O)NC23CC4CC(CC(C4)C2)C3)c(=O)c2cccc([N+](=O)[O-])c21,O=C(NC12CC3CC(CC(C3)C1)C2)c1c[nH]c2ccccc2c1=O,4
scaffold,CCCCCn1cc(C(=O)NC23CC4CC(CC(C4)C2)C3)c(=O)c2ccccc21,O=C(NC12CC3CC(CC(C3)C1)C2)c1c[nH]c2ccccc2c1=O,4
scaffold,CCCCCn1cc(C(=O)NC23CC4CC(CC(C4)C2)C3)c(=O)n2nc(-c3ccoc3)cc12,O=C(NC12CC3CC(CC(C3)C1)C2)c1c[nH]c2cc(-c3ccoc3)nn2c1=O,4
scaffold,CCCCCn1cc(C(=O)NC23CC4CC(CC(C4)C2)C3)c(=O)n2nc(C(C)(C)C)cc12,O=C(NC12CC3CC(CC(C3)C1)C2)c1c[nH]c2ccnn2c1=O,4
scaffold,CCCCCn1cc(C(=O)NC23CC4CC(CC(C4)C2)C3)c(=O)n2nc(C)c(Br)c12,O=C(NC12CC3CC(CC(C3)C1)C2)c1c[nH]c2ccnn2c1=O,4
scaffold,CCCCCn1cc(C(=O)NC23CC4CC(CC(C4)C2)C3)c(=O)n2nc(C)cc12,O=C(NC12CC3CC(CC(C3)C1)C2)c1c[nH]c2ccnn2c1=O,4
scaffold,CCCCCn1cc(C(=O)NC23CC4CC(CC(C4)C2)C3)c(=O)n2nc(CC)cc12,O=C(NC12CC3CC(CC(C3)C1)C2)c1c[nH]c2ccnn2c1=O,4
scaffold,CCCCCn1cc(C(=O)NC23CC4CC(CC(C4)C2)C3)c(=O)n2nc(N(C)Cc3ccccc3)nc12,O=C(NC12CC3CC(CC(C3)C1)C2)c1c[nH]c2nc(NCc3ccccc3)nn2c1=O,4
scaffold,CCCCCn1cc(C(=O)NC23CC4CC(CC(C4)C2)C3)c2cc(-c3cccs3)ccc21,O=C(NC12CC3CC(CC(C3)C1)C2)c1c[nH]c2ccc(-c3cccs3)cc12,4
scaffold,CCCCCn1cc(C(=O)NC2CCCCC2)c(=O)n2nc(N(C)Cc3ccccc3)nc12,O=C(NC1CCCCC1)c1c[nH]c2nc(NCc3ccccc3)nn2c1=O,4
scaffold,CCCCCn1cc(C(=O)NC2CCCCCC2)c(=O)n2nc(N3CCOCC3)nc12,O=C(NC1CCCCCC1)c1c[nH]c2nc(N3CCOCC3)nn2c1=O,4
scaffold,CCCCCn1cc(C(=O)NCC23CC4CC(CC(C4)C2)C3)c(=O)c2ccccc21,O=C(NCC12CC3CC(CC(C3)C1)C2)c1c[nH]c2ccccc2c1=O,4
scaffold,CCCCCn1cc(C(=O)NCc2ccc(Cl)c(Cl)c2)c(=O)c2ccc(Br)cc21,O=C(NCc1ccccc1)c1c[nH]c2ccccc2c1=O,4
scaffold,CCCCCn1cc(C(=O)NN(C)C)c(=O)c2ccc(Sc3ccccc3)cc21,O=c1cc[nH]c2cc(Sc3ccccc3)ccc12,4
scaffold,CCCCCn1cc(C(=O)NN2CCCCC2)c(=O)cc1-c1ccccc1,O=C(NN1CCCCC1)c1c[nH]c(-c2ccccc2)cc1=O,4
scaffold,CCCCCn1cc(C(=O)NOC)c(=O)c2ccc(Sc3ccccc3)cc21,O=c1cc[nH]c2cc(Sc3ccccc3)ccc12,4
scaffold,CCCCCn1cc(C(=O)N[C@@H](C)c2ccccc2)c(=O)c2ccccc21,O=C(NCc1ccccc1)c1c[nH]c2ccccc2c1=O,4
scaffold,CCCCCn1cc(C(=O)N[C@@H]2C(C)(C)C3CC[C@]2(C)C3)c(=O)c2ccc(F)cc21,O=C(NC1CC2CCC1C2)c1c[nH]c2ccccc2c1=O,4
scaffold,CCCCCn1cc(C(=O)N[C@@H]2C(C)(C)C3CC[C@]2(C)C3)c(=O)c2ccc(Sc3ccccc3)cc21,O=C(NC1CC2CCC1C2)c1c[nH]c2cc(Sc3ccccc3)ccc2c1=O,4
scaffold,CCCCCn1cc(C(=O)N[C@H](C)c2ccccc2)c(=O)c2ccc(F)cc21,O=C(NCc1ccccc1)c1c[nH]c2ccccc2c1=O,4
scaffold,CCCCCn1cc(C(=O)N[C@H](C)c2ccccc2)c(=O)c2ccc(OCC)cc21,O=C(NCc1ccccc1)c1c[nH]c2ccccc2c1=O,4
scaffold,CCCCCn1cc(C(=O)N[C@H](C)c2ccccc2)c(=O)c2ccccc21,O=C(NCc1ccccc1)c1c[nH]c2ccccc2c1=O,4
scaffold,CCCCCn1cc(C(=O)N[C@H]2C(C)(C)[C@H]3CC[C@]2(C)C3)c(=O)c2cc(Br)ccc21,O=C(NC1CC2CCC1C2)c1c[nH]c2ccccc2c1=O,4
scaffold,CCCCCn1cc(C(=O)Nc2cccc(C(F)(F)F)c2)c(=O)cc1-c1ccccc1,O=C(Nc1ccccc1)c1c[nH]c(-c2ccccc2)cc1=O,4
scaffold,CCCCCn1cc(C(=O)c2cccc(-c3ccccc3)c2)c2ccccc21,O=C(c1cccc(-c2ccccc2)c1)c1c[nH]c2ccccc12,4
scaffold,CCCCCn1cc(C(=O)c2cccc3ccccc23)cc1-c1cccnc1,O=C(c1c[nH]c(-c2cccnc2)c1)c1cccc2ccccc12,4
scaffold,CCCCCn1cc(NC(=O)CCc2ccccc2)c(=O)c2ccccc21,O=C(CCc1ccccc1)Nc1c[nH]c2ccccc2c1=O,4
scaffold,CCCCCn1cc(NC(=O)c2cccc3ccccc23)c(=O)c2ccccc21,O=C(Nc1c[nH]c2ccccc2c1=O)c1cccc2ccccc12,4
scaffold,CCCCCn1cc2c(=O)n(CC3CCCCC3)nc-2c2ccccc21,O=c1c2c[nH]c3ccccc3c-2nn1CC1CCCCC1,4
scaffold,CCCCNC(=O)NC1CCN(c2ncnc3c2nc(-c2ccccc2Cl)n3-c2ccc(Cl)cc2)CC1,c1ccc(-c2nc3c(N4CCCCC4)ncnc3n2-c2ccccc2)cc1,4
scaffold,CCCCOC(=O)C(C)(C)c1cc(O)c2c(c1)OC(C)(C)[C@@H]1CC[C@@H](CO)C[C@@H]21,c1ccc2c(c1)OCC1CCCCC21,4
scaffold,CCCCOC(=O)C(C)(C)c1cc(O)c2c(c1)OC(C)(C)[C@@H]1CC[C@@H](CO)C[C@H]21,c1ccc2c(c1)OCC1CCCCC21,4
scaffold,CCCCOC(=O)C(C)(C)c1cc(O)c2c(c1)OC(C)(C)[C@@H]1CC[C@@H](O)C[C@@H]21,c1ccc2c(c1)OCC1CCCCC21,4
scaffold,CCCCOC(=O)C(C)(C)c1cc(O)c2c(c1)OC(C)(C)[C@@H]1CC[C@H](O)C[C@@H]21,c1ccc2c(c1)OCC1CCCCC21,4
scaffold,CCCCOC(=O)Cc1cc(O)c2c(c1)OC(C)(C)[C@@H]1CC[C@@H](O)C[C@@H]21,c1ccc2c(c1)OCC1CCCCC21,4
scaffold,CCCCOC(=O)Cc1cc(O)c2c(c1)OC(C)(C)[C@@H]1CC[C@H](O)C[C@@H]21,c1ccc2c(c1)OCC1CCCCC21,4
scaffold,CCCCOc1c(OC)ccc2cc(C(=O)NCCCF)c(=O)[nH]c12,O=c1ccc2ccccc2[nH]1,4
scaffold,CCCCOc1c(OC)ccc2cc(C(=O)NCCF)c(=O)[nH]c12,O=c1ccc2ccccc2[nH]1,4
scaffold,CCCCOc1ccccc1-c1cc(C(=O)NC23CC4CC(CC(C4)C2)C3)no1,O=C(NC12CC3CC(CC(C3)C1)C2)c1cc(-c2ccccc2)on1,4
scaffold,CCCCc1[nH]c2ccc(Br)cc2c(=O)c1C(=O)NC12CC3CC(CC(C3)C1)C2,O=C(NC12CC3CC(CC(C3)C1)C2)c1c[nH]c2ccccc2c1=O,4
scaffold,CCCCc1ccc(C(=O)c2cc(O)c(-c3cc(Cl)cc(Cl)c3)c(O)c2)cc1,O=C(c1ccccc1)c1ccc(-c2ccccc2)cc1,4
scaffold,CCCCc1ccc(CN(Cc2ccccc2)S(=O)(=O)c2ccc(C)cc2)cc1,O=S(=O)(c1ccccc1)N(Cc1ccccc1)Cc1ccccc1,4
scaffold,CCCCn1c(C)c(C)cc(C(=O)NCc2ccccc2)c1=O,O=C(NCc1ccccc1)c1ccc[nH]c1=O,4
scaffold,CCCCn1c(C)c(C)cc(NC(=O)Cc2ccccc2)c1=O,O=C(Cc1ccccc1)Nc1ccc[nH]c1=O,4
scaffold,CCCCn1c(CC)c(C)cc(C(=O)NCc2ccccc2)c1=O,O=C(NCc1ccccc1)c1ccc[nH]c1=O,4
scaffold,CCCCn1c2c(cc(C(=O)NC(C)(C)c3ccccc3)c1=O)CCCCCC2,O=C(NCc1ccccc1)c1cc2c([nH]c1=O)CCCCCC2,4
scaffold,CCCCn1c2c(cc(C(=O)NCc3ccccc3)c1=O)CCCCCC2,O=C(NCc1ccccc1)c1cc2c([nH]c1=O)CCCCCC2,4
scaffold,CCCCn1c2c(cc(C(=O)NCc3ccccc3)c1=O)COCC2,O=C(NCc1ccccc1)c1cc2c([nH]c1=O)CCOC2,4
scaffold,CCCCn1cc(Br)cc(C(=O)NC2CCCCCC2)c1=O,O=C(NC1CCCCCC1)c1ccc[nH]c1=O,4
scaffold,CCCCn1cc(C(=O)NC23CC4CC(CC(C4)C2)C3)c(=O)c2cccc(OC)c21,O=C(NC12CC3CC(CC(C3)C1)C2)c1c[nH]c2ccccc2c1=O,4
scaffold,CCCCn1cc(C(=O)N[C@@H]2C(C)(C)C3CC[C@]2(C)C3)c(=O)c2ccc(F)cc21,O=C(NC1CC2CCC1C2)c1c[nH]c2ccccc2c1=O,4
scaffold,CCCCn1cc(C(=O)N[C@@H]2C(C)(C)C3CC[C@]2(C)C3)c(=O)c2ccc(Sc3ccccc3)cc21,O=C(NC1CC2CCC1C2)c1c[nH]c2cc(Sc3ccccc3)ccc2c1=O,4
scaffold,CCCCn1cc(C(C)(C)C)s/c1=N\C(=O)c1cc(C(F)(F)F)ccc1NNC(=O)c1ccncc1,O=C(NNc1ccccc1C(=O)N=c1[nH]ccs1)c1ccncc1,4
scaffold,CCCCn1nc(C(C)(C)C)s/c1=N/C(=O)c1cc(C(F)(F)F)ccc1N(/N=C/c1cccc(C)n1)C(=O)OC(C)(C)C,O=C(N=c1[nH]ncs1)c1ccccc1NN=Cc1ccccn1,4
scaffold,CCCCn1nc(C(C)(C)C)s/c1=N/C(=O)c1cc(C(F)(F)F)ccc1N/N=C\c1cccc(C)n1,O=C(N=c1[nH]ncs1)c1ccccc1NN=Cc1ccccn1,4
scaffold,CCCCn1nc(C(C)(C)C)s/c1=N\C(=O)c1cc(C(F)(F)F)ccc1CN1CC(O)C1,O=C(N=c1[nH]ncs1)c1ccccc1CN1CCC1,4
scaffold,CCCCn1nc(C(C)(C)C)s/c1=N\C(=O)c1cc(C(F)(F)F)ccc1O/N=C(\N)c1ccc(F)cc1,O=C(N=c1[nH]ncs1)c1ccccc1ON=Cc1ccccc1,4
scaffold,CCCNC(=O)NC1CCN(c2ncnc3c2nc(-c2ccccc2Cl)n3-c2ccc(Cl)cc2)CC1,c1ccc(-c2nc3c(N4CCCCC4)ncnc3n2-c2ccccc2)cc1,4
scaffold,CCCNC(=O)c1c(NC(=O)C23CC4CC(CC2C4)C3)sc2c1CCN(C)C2,O=C(Nc1cc2c(s1)CNCC2)C12CC3CC(CC1C3)C2,4
scaffold,CCCOc1ccccc1-c1cc(C(=O)NC23CC4CC(CC(C4)C2)C3)no1,O=C(NC12CC3CC(CC(C3)C1)C2)c1cc(-c2ccccc2)on1,4
scaffold,CCCc1ccc(C(=O)c2cc(O)c(-c3cc(Cl)cc(Cl)c3)c(O)c2)cc1,O=C(c1ccccc1)c1ccc(-c2ccccc2)cc1,4
scaffold,CCCc1ccc(CN(Cc2ccccc2)S(=O)(=O)c2ccc(C)cc2)cc1,O=S(=O)(c1ccccc1)N(Cc1ccccc1)Cc1ccccc1,4
scaffold,CCCn1cc(C(=O)N[C@@H]2C(C)(C)C3CC[C@]2(C)C3)c(=O)c2ccc(F)cc21,O=C(NC1CC2CCC1C2)c1c[nH]c2ccccc2c1=O,4
scaffold,CCCn1cc(C(=O)N[C@@H]2C(C)(C)C3CC[C@]2(C)C3)c(=O)c2ccc(Sc3ccccc3)cc21,O=C(NC1CC2CCC1C2)c1c[nH]c2cc(Sc3ccccc3)ccc2c1=O,4
scaffold,CCN(C)S(=O)(=O)N/C(=N\C)N1CC(c2ccccc2)C(c2ccc(Cl)cc2)=N1,c1ccc(C2=NNCC2c2ccccc2)cc1,4
scaffold,CCN(CC)C(=O)c1ccc2c(c1)nc(Cc1ccc(OC3CCCCC3)cc1)n2CCC(C)C,c1ccc2[nH]c(Cc3ccc(OC4CCCCC4)cc3)nc2c1,4
scaffold,CCN(CC)C(=O)c1nc(-c2ccc(Cl)cc2Cl)n(-c2ccc(Cl)cc2)c1C,c1ccc(-c2nccn2-c2ccccc2)cc1,4
scaffold,CCN(CC)S(=O)(=O)/N=C(/N=C(/C)N)N1C[C@H](c2ccccc2)C(c2ccc(Cl)cc2)=N1,c1ccc(C2=NNCC2c2ccccc2)cc1,4
scaffold,CCN(CC)S(=O)(=O)/N=C(/N=C(\N)SC)N1CC(c2ccccc2)C(c2ccc(Cl)cc2)=N1,c1ccc(C2=NNCC2c2ccccc2)cc1,4
scaffold,CCN(CC)S(=O)(=O)/N=C(/N=C(\N)c1ccc(Cl)cc1)N1CC(c2ccccc2)C(c2ccc(Cl)cc2)=N1,N=C(N=Cc1ccccc1)N1CC(c2ccccc2)C(c2ccccc2)=N1,4
scaffold,CCN(CC)S(=O)(=O)N/C(=N\C(C)C)N1CC(c2ccccc2)C(c2ccc(Cl)cc2)=N1,c1ccc(C2=NNCC2c2ccccc2)cc1,4
scaffold,CCN(CC)S(=O)(=O)N/C(=N\C)N1CC(c2ccccc2)C(c2ccc(Cl)cc2)=N1,c1ccc(C2=NNCC2c2ccccc2)cc1,4
scaffold,CCN(CC)c1ccc(CN(C(=O)Cc2ccc(Cl)cc2)c2ccc(C)cc2)cc1,O=C(Cc1ccccc1)N(Cc1ccccc1)c1ccccc1,4
scaffold,CCN(CC)c1ccc(CN(C(=O)Cc2ccc(Cl)cc2)c2ccc(Cl)cc2)cc1,O=C(Cc1ccccc1)N(Cc1ccccc1)c1ccccc1,4
scaffold,CCN(CC)c1ccc(CN(C(=O)Cc2ccccc2)c2ccc(C)cc2)cc1,O=C(Cc1ccccc1)N(Cc1ccccc1)c1ccccc1,4
scaffold,CCN(CC)c1ccc(CN(CCc2ccccc2)S(=O)(=O)c2ccc(C)cc2)cc1,O=S(=O)(c1ccccc1)N(CCc1ccccc1)Cc1ccccc1,4
scaffold,CCN(CC)c1ccc(CN(Cc2ccc(Cl)c(Cl)c2)S(=O)(=O)c2ccc(C)cc2)cc1,O=S(=O)(c1ccccc1)N(Cc1ccccc1)Cc1ccccc1,4
scaffold,CCN(CC)c1ccc(CN(Cc2ccc(Cl)cc2)S(=O)(=O)c2ccc(C)cc2)cc1,O=S(=O)(c1ccccc1)N(Cc1ccccc1)Cc1ccccc1,4
scaffold,CCN(CC)c1ccc(CN(Cc2ccc(F)cc2)S(=O)(=O)c2ccc(C)cc2)cc1,O=S(=O)(c1ccccc1)N(Cc1ccccc1)Cc1ccccc1,4
scaffold,CCN(CC)c1ccc(CN(Cc2ccc(N(CC)CC)cc2)S(=O)(=O)c2ccc(C)cc2)cc1,O=S(=O)(c1ccccc1)N(Cc1ccccc1)Cc1ccccc1,4
scaffold,CCN(CC)c1ccc(CN(Cc2ccccc2)Cc2ccccc2)cc1,c1ccc(CN(Cc2ccccc2)Cc2ccccc2)cc1,4
scaffold,CCN(CC)c1ccc(CN(Cc2ccccc2)S(=O)(=O)Cc2ccccc2)cc1,O=S(=O)(Cc1ccccc1)N(Cc1ccccc1)Cc1ccccc1,4
scaffold,CCN(CC)c1ccc(CN(Cc2ccccc2)S(=O)(=O)c2ccc(C(C)C)cc2)cc1,O=S(=O)(c1ccccc1)N(Cc1ccccc1)Cc1ccccc1,4
scaffold,CCN(CC)c1ccc(CN(Cc2ccccc2)S(=O)(=O)c2ccc(C)cc2)cc1,O=S(=O)(c1ccccc1)N(Cc1ccccc1)Cc1ccccc1,4
scaffold,CCN(CC)c1ccc(CN(Cc2ccccc2)S(=O)(=O)c2ccc(Cl)cc2)cc1,O=S(=O)(c1ccccc1)N(Cc1ccccc1)Cc1ccccc1,4
scaffold,CCN(CC)c1ccc(CN(Cc2ccccc2)S(=O)(=O)c2ccc(F)cc2)cc1,O=S(=O)(c1ccccc1)N(Cc1ccccc1)Cc1ccccc1,4
scaffold,CCN(CC)c1ccc(CN(Cc2ccccc2)S(=O)(=O)c2ccc(NC(C)=O)cc2)cc1,O=S(=O)(c1ccccc1)N(Cc1ccccc1)Cc1ccccc1,4
scaffold,CCN(CC)c1ccc(CN(Cc2ccccc2)S(=O)(=O)c2ccc(OC(C)C)cc2)cc1,O=S(=O)(c1ccccc1)N(Cc1ccccc1)Cc1ccccc1,4
scaffold,CCN(CC)c1ccc(CN(Cc2ccccc2)S(=O)(=O)c2ccc(OC(F)(F)F)cc2)cc1,O=S(=O)(c1ccccc1)N(Cc1ccccc1)Cc1ccccc1,4
scaffold,CCN(CC)c1ccc(CN(Cc2ccccc2)S(=O)(=O)c2ccc(OC)cc2)cc1,O=S(=O)(c1ccccc1)N(Cc1ccccc1)Cc1ccccc1,4
scaffold,CCN(CC)c1ccc(CN(Cc2ccccc2)S(=O)(=O)c2ccccc2)cc1,O=S(=O)(c1ccccc1)N(Cc1ccccc1)Cc1ccccc1,4
scaffold,CCN(Cc1ccccc1)C(=O)c1oc2ccc(S(=O)(=O)N3CC(C)CC(C)C3)cc2c1C,O=C(NCc1ccccc1)c1cc2cc(S(=O)(=O)N3CCCCC3)ccc2o1,4
scaffold,CCNC1(C(N)=O)CCN(c2ncnc3c2nc(-c2ccccc2Cl)n3-c2ccc(Cl)cc2)CC1,c1ccc(-c2nc3c(N4CCCCC4)ncnc3n2-c2ccccc2)cc1,4
scaffold,CCOC(=O)CCCn1cccc(C(=O)NC2CCCCCC2)c1=O,O=C(NC1CCCCCC1)c1ccc[nH]c1=O,4
scaffold,CCOC(=O)CCn1c2ccccc2c2cc(C(=O)N3CCN(C)CC3)ccc21,O=C(c1ccc2[nH]c3ccccc3c2c1)N1CCNCC1,4
scaffold,CCOC(=O)NC1CCN(c2ncnc3c2nc(-c2ccccc2Cl)n3-c2ccc(Cl)cc2)CC1,c1ccc(-c2nc3c(N4CCCCC4)ncnc3n2-c2ccccc2)cc1,4
scaffold,CCOCCn1cc(C(=O)NC23CC4CC(CC(C4)C2)C3)c(=O)c2cccc(OC)c21,O=C(NC12CC3CC(CC(C3)C1)C2)c1c[nH]c2ccccc2c1=O,4
scaffold,CCOCCn1cc(C(=O)NC23CC4CC(CC(C4)C2)C3)c(=O)c2cccc(O[11CH3])c21,O=C(NC12CC3CC(CC(C3)C1)C2)c1c[nH]c2ccccc2c1=O,4
scaffold,CCOCCn1cc(C(=O)NC23CC4CC(CC(O)(C4)C2)C3)c(=O)c2cccc(OC)c21,O=C(NC12CC3CC(CC(C3)C1)C2)c1c[nH]c2ccccc2c1=O,4
scaffold,CCOc1ccc(CN(Cc2ccccc2)S(=O)(=O)c2ccc(C)cc2)cc1,O=S(=O)(c1ccccc1)N(Cc1ccccc1)Cc1ccccc1,4
scaffold,CCOc1ccc(CNc2nc3cc(C(=O)N(CC)CC)ccc3n2CCC(C)C)cc1,c1ccc(CNc2nc3ccccc3[nH]2)cc1,4
scaffold,CCOc1ccc(Cc2nc3cc(C(=O)N(C)C4CCCCC4)ccc3n2CC2CC2)cc1,O=C(NC1CCCCC1)c1ccc2c(c1)nc(Cc1ccccc1)n2CC1CC1,4
scaffold,CCOc1ccc(Cc2nc3cc(C(=O)N(CC)CC)ccc3n2CC2CCCCC2)cc1,c1ccc(Cc2nc3ccccc3n2CC2CCCCC2)cc1,4
scaffold,CCOc1ccc(Cc2nc3cc(C(=O)N(CC)CC)ccc3n2CCCCCNc2c3c(nc4ccccc24)CCCC3)cc1,c1ccc(Cc2nc3ccccc3n2CCCCCNc2c3c(nc4ccccc24)CCCC3)cc1,4
scaffold,CCOc1ccc(Cc2nc3cc(C(=O)N(CC)CC)ccc3n2Cc2cc[n+]([O-])cc2)cc1,c1ccc(Cc2nc3ccccc3n2Cc2cc[nH+]cc2)cc1,4
scaffold,CCOc1ccc(Cc2nc3cc(C(=O)N4CCCCC4)ccc3n2CCC(C)C)cc1,O=C(c1ccc2[nH]c(Cc3ccccc3)nc2c1)N1CCCCC1,4
scaffold,CCOc1ccc(Cc2nc3cc(C(=O)NCCCCCNc4c5c(nc6ccccc46)CCCC5)ccc3n2CCC(C)C)cc1,O=C(NCCCCCNc1c2c(nc3ccccc13)CCCC2)c1ccc2[nH]c(Cc3ccccc3)nc2c1,4
scaffold,CCOc1ccc(Cc2nc3cc(C(=O)NCCNc4c5c(nc6ccccc46)CCCC5)ccc3n2CCC(C)C)cc1,O=C(NCCNc1c2c(nc3ccccc13)CCCC2)c1ccc2[nH]c(Cc3ccccc3)nc2c1,4
scaffold,CCOc1ccc(Cc2nc3cc(NC(=O)c4ccccc4)ccc3n2CCC(C)C)cc1,O=C(Nc1ccc2[nH]c(Cc3ccccc3)nc2c1)c1ccccc1,4
scaffold,CCOc1ccccc1CNC(=O)c1oc2ccc(S(=O)(=O)N3CC(C)CC(C)C3)cc2c1C,O=C(NCc1ccccc1)c1cc2cc(S(=O)(=O)N3CCCCC3)ccc2o1,4
scaffold,CC[C@H](C)[C@H](NC(=O)n1c(=O)n(CCN2CCOCC2)c2ccccc21)C(N)=O,O=c1[nH]c2ccccc2n1CCN1CCOCC1,4
scaffold,CCc1c(C(=O)NCc2ccc(Cl)c(Cl)c2)nn(-c2ccc(Cl)c(Cl)c2)c1-n1c(C)ccc1C,O=C(NCc1ccccc1)c1cc(-n2cccc2)n(-c2ccccc2)n1,4
scaffold,CCc1c(C(=O)NCc2ccc(Cl)c(Cl)c2)nn(-c2ccc(Cl)c(Cl)c2)c1-n1cccc1,O=C(NCc1ccccc1)c1cc(-n2cccc2)n(-c2ccccc2)n1,4
scaffold,CCc1c(C(=O)NCc2ccc(Cl)c(Cl)c2)nn(-c2ccc(Cl)cc2Cl)c1-n1c(C)ccc1C,O=C(NCc1ccccc1)c1cc(-n2cccc2)n(-c2ccccc2)n1,4
scaffold,CCc1c(C(=O)NCc2ccc(Cl)c(Cl)c2)nn(-c2ccc(Cl)cc2Cl)c1-n1cccc1,O=C(NCc1ccccc1)c1cc(-n2cccc2)n(-c2ccccc2)n1,4
scaffold,CCc1c(C)sc(NC(=O)c2ccc(Cl)cc2)c1C(=O)OC,O=C(Nc1cccs1)c1ccccc1,4
scaffold,CCc1c(C)sc(NC(=O)c2ccc(F)cc2)c1C(=O)OC,O=C(Nc1cccs1)c1ccccc1,4
scaffold,CCc1ccc(C(=O)c2cc(O)c(-c3cc(Cl)cc(Cl)c3)c(O)c2)cc1,O=C(c1ccccc1)c1ccc(-c2ccccc2)cc1,4
scaffold,CCc1cccc(C(=O)c2cc(O)c(-c3cc(Cl)cc(Cl)c3)c(O)c2)c1,O=C(c1ccccc1)c1ccc(-c2ccccc2)cc1,4
scaffold,CCc1cnc(NC(=O)C(C)(C)CC)cc1CN1CCOCC1,c1cc(CN2CCOCC2)ccn1,4
scaffold,CCn1cc(C(=O)N[C@@H]2C(C)(C)C3CC[C@]2(C)C3)c(=O)c2ccc(F)cc21,O=C(NC1CC2CCC1C2)c1c[nH]c2ccccc2c1=O,4
scaffold,CCn1cc(C(=O)N[C@@H]2C(C)(C)C3CC[C@]2(C)C3)c(=O)c2ccc(Sc3ccccc3)cc21,O=C(NC1CC2CCC1C2)c1c[nH]c2cc(Sc3ccccc3)ccc2c1=O,4
scaffold,CN(C)C(=O)[C@@H](NC(=O)n1c(=O)n(CCN2CCOCC2)c2ccccc21)C(C)(C)C,O=c1[nH]c2ccccc2n1CCN1CCOCC1,4
scaffold,CN(C)CCNC(=O)C(C)(C)NC(=O)c1cc2c(n(CC3CCCCC3)c1=O)CCCCCC2,O=c1ccc2c(n1CC1CCCCC1)CCCCCC2,4
scaffold,CN(C)CCn1cc(C(=O)NC23CC4CC(CC(C4)C2)C3)c(=O)c2ccc(F)cc21,O=C(NC12CC3CC(CC(C3)C1)C2)c1c[nH]c2ccccc2c1=O,4
scaffold,CN(C)CCn1cc(C(=O)N[C@@H]2C(C)(C)C3CC[C@]2(C)C3)c(=O)c2ccc(F)cc21,O=C(NC1CC2CCC1C2)c1c[nH]c2ccccc2c1=O,4
scaffold,CN(C)CCn1cc(C(=O)N[C@@H]2C(C)(C)C3CC[C@]2(C)C3)c(=O)c2ccc(Sc3ccccc3)cc21,O=C(NC1CC2CCC1C2)c1c[nH]c2cc(Sc3ccccc3)ccc2c1=O,4
scaffold,CN(CCO)C(=O)C(C)(C)NC(=O)c1cc2c(n(CC3CCCCC3)c1=O)CCCCCC2,O=c1ccc2c(n1CC1CCCCC1)CCCCCC2,4
scaffold,CN/C(=N\S(=O)(=O)N1CCC(C(F)(F)F)CC1)C1=NN(c2ccc(Cl)cc2)C(c2ccccc2)C1,O=S(=O)(N=CC1=NN(c2ccccc2)C(c2ccccc2)C1)N1CCCCC1,4
scaffold,CN/C(=N\S(=O)(=O)N1CCC(C(F)(F)F)CC1)C1=NN(c2ccc(Cl)cc2)[C@@H](c2ccccc2)C1,O=S(=O)(N=CC1=NN(c2ccccc2)C(c2ccccc2)C1)N1CCCCC1,4
scaffold,CN/C(=N\S(=O)(=O)N1CCCCC1)C1=NN(c2ccc(Cl)cc2)C(c2ccccc2)C1,O=S(=O)(N=CC1=NN(c2ccccc2)C(c2ccccc2)C1)N1CCCCC1,4
scaffold,CN1CCC[C@H]1COc1ccc(C(F)(F)F)cc1C(=O)/N=c1\sc(C(C)(C)C)cn1CC1(O)CCC1,O=C(N=c1sccn1CC1CCC1)c1ccccc1OCC1CCCN1,4
scaffold,CN1CCN(C(=O)C23CC4CC(CC(C4)C2)C3)c2ccccc21,O=C(N1CCNc2ccccc21)C12CC3CC(CC(C3)C1)C2,4
scaffold,CNC(=O)CCCN(C)C(=O)c1ccc2c(c1)c1c(n2C)CC[C@@H](C2CCOCC2)C1,c1ccc2c3c([nH]c2c1)CCC(C1CCOCC1)C3,4
scaffold,CNC(=O)[C@@H](NC(=O)n1c(=O)n(CCN2CCOCC2)c2ccccc21)C(C)(C)C,O=c1[nH]c2ccccc2n1CCN1CCOCC1,4
scaffold,CO/N=C(\c1ccc([C@H](C)NS(C)(=O)=O)cc1)c1ccc(Cl)cc1S(=O)(=O)c1ccc(Cl)cc1,N=C(c1ccccc1)c1ccccc1S(=O)(=O)c1ccccc1,4
scaffold,COC(=O)C(C)(C)NC(=O)c1cc2c(n(CC3CCCCC3)c1=O)CCCCCC2,O=c1ccc2c(n1CC1CCCCC1)CCCCCC2,4
scaffold,COC(=O)c1c(NC(=O)C23CC4CC(CC(C4)C2)C3)sc2c1CCS(=O)(=O)C2,O=C(Nc1cc2c(s1)CS(=O)(=O)CC2)C12CC3CC(CC(C3)C1)C2,4
scaffold,COC(=O)c1c(NC(=O)N2CCCCC2)sc2c1CCCC2,O=C(Nc1cc2c(s1)CCCC2)N1CCCCC1,4
scaffold,COCCn1c2c(cc(C(=O)NCc3ccccc3)c1=O)CCCCCC2,O=C(NCc1ccccc1)c1cc2c([nH]c1=O)CCCCCC2,4
scaffold,COCCn1cc(C(=O)N[C@@H]2C(C)(C)C3CC[C@]2(C)C3)c(=O)c2ccc(F)cc21,O=C(NC1CC2CCC1C2)c1c[nH]c2ccccc2c1=O,4
scaffold,COCCn1cc(C(=O)N[C@@H]2C(C)(C)C3CC[C@]2(C)C3)c(=O)c2ccc(Sc3ccccc3)cc21,O=C(NC1CC2CCC1C2)c1c[nH]c2cc(Sc3ccccc3)ccc2c1=O,4
scaffold,COC[C@@H](COC(C)=O)N(C)C(=O)CC/C=C/CCCCC(Cl)CCCCCC(Cl)Cl,ACYCLIC,4
scaffold,COC[C@@H](COC(C)=O)N(C)C(=O)CC/C=C/CCCCC(Cl)CCCCCCCl,ACYCLIC,4
scaffold,COc1c(Cc2ccc(F)cc2)cc(-c2ccc(F)cc2)cc1C(=O)NC1CCCCCC1,O=C(NC1CCCCCC1)c1cc(Cc2ccccc2)cc(-c2ccccc2)c1,4
scaffold,COc1c(Cc2ccc(F)cc2)cc(-c2ccccc2)cc1C(=O)NC1CCCCCC1,O=C(NC1CCCCCC1)c1cc(Cc2ccccc2)cc(-c2ccccc2)c1,4
scaffold,COc1c(Cc2ccccc2)cc(-c2ccccc2)cc1C(=O)NC1CCCCCC1,O=C(NC1CCCCCC1)c1cc(Cc2ccccc2)cc(-c2ccccc2)c1,4
scaffold,COc1cc(Br)cc(C(=O)NC23CC4CC(CC(C4)C2)C3)c1OCc1ccccc1,O=C(NC12CC3CC(CC(C3)C1)C2)c1ccccc1OCc1ccccc1,4
scaffold,COc1cc(C(=O)c2ccccc2)cc(O)c1-c1cc(Cl)cc(Cl)c1,O=C(c1ccccc1)c1ccc(-c2ccccc2)cc1,4
scaffold,COc1cc(CNC(=O)c2nn(-c3ccc(Cl)cc3Cl)c(-n3c(C)ccc3C)c2C)c(Br)c(OC)c1OC,O=C(NCc1ccccc1)c1cc(-n2cccc2)n(-c2ccccc2)n1,4
scaffold,COc1cc(CNC(=O)c2nn(-c3ccc(Cl)cc3Cl)c(-n3cccc3)c2C)c(Br)c(OC)c1OC,O=C(NCc1ccccc1)c1cc(-n2cccc2)n(-c2ccccc2)n1,4
scaffold,COc1cc(CNC(=O)c2nn(-c3ccc(F)cc3F)c(-n3c(C)ccc3C)c2C)c(Br)c(OC)c1OC,O=C(NCc1ccccc1)c1cc(-n2cccc2)n(-c2ccccc2)n1,4
scaffold,COc1cc(CNC(=O)c2nn(-c3ccc(F)cc3F)c(-n3cccc3)c2C)c(Br)c(OC)c1OC,O=C(NCc1ccccc1)c1cc(-n2cccc2)n(-c2ccccc2)n1,4
scaffold,COc1ccc(-c2cnc3c(c2)cc(C(=O)NC2CCC(C)CC2)c(=O)n3CCN2CCOCC2)cc1,O=C(NC1CCCCC1)c1cc2cc(-c3ccccc3)cnc2n(CCN2CCOCC2)c1=O,4
scaffold,COc1ccc(C(=O)c2c(-c3ccc(OC)cc3)sc3ccccc23)cc1,O=C(c1ccccc1)c1c(-c2ccccc2)sc2ccccc12,4
scaffold,COc1ccc(C(=O)c2c(C)n(CCN3CCOCC3)c3cc(I)ccc23)cc1,O=C(c1ccccc1)c1cn(CCN2CCOCC2)c2ccccc12,4
scaffold,COc1ccc(C(=O)c2cn(CCN3CCOCC3)c3ccc(O)cc23)cc1,O=C(c1ccccc1)c1cn(CCN2CCOCC2)c2ccccc12,4
scaffold,COc1ccc(C(=O)n2c(C3CCC3)nc3ccccc32)cc1,O=C(c1ccccc1)n1c(C2CCC2)nc2ccccc21,4
scaffold,COc1ccc(C(C(=O)NCCC(c2ccccc2)c2ccccc2)c2ccccc2)cc1,O=C(NCCC(c1ccccc1)c1ccccc1)C(c1ccccc1)c1ccccc1,4
scaffold,COc1ccc(C2C(CCS(=O)(=O)c3ccccc3)C(=O)N2c2ccccc2)cc1,O=C1C(CCS(=O)(=O)c2ccccc2)C(c2ccccc2)N1c1ccccc1,4
scaffold,COc1ccc(OC)c2c(=O)c(C(=O)NC34CC5CC(CC(C5)C3)C4)c[nH]c12,O=C(NC12CC3CC(CC(C3)C1)C2)c1c[nH]c2ccccc2c1=O,4
scaffold,COc1ccc(S(=O)(=O)N(Cc2ccc(N3CCCCC3)cc2)c2ccccc2)cc1,O=S(=O)(c1ccccc1)N(Cc1ccc(N2CCCCC2)cc1)c1ccccc1,4
scaffold,COc1ccc(S(=O)(=O)c2cc(OC)ccc2Cc2ccc([C@H](C)NS(C)(=O)=O)cc2)cc1,O=S(=O)(c1ccccc1)c1ccccc1Cc1ccccc1,4
scaffold,COc1ccc2c(c1)OC(C)(C)c1cn(CCN3CCN(C(=O)c4cccs4)CC3)nc1-2,O=C(c1cccs1)N1CCN(CCn2cc3c(n2)-c2ccccc2OC3)CC1,4
scaffold,COc1ccc2c(c1)OC(C)(C)c1cn(CNC(=O)CN3CCN(c4ccccc4)CC3)nc1-2,O=C(CN1CCN(c2ccccc2)CC1)NCn1cc2c(n1)-c1ccccc1OC2,4
scaffold,COc1ccc2c(c1)c(CCN1CCOCC1)c(C)n2C(=O)c1ccc(Cl)cc1Cl,O=C(c1ccccc1)n1cc(CCN2CCOCC2)c2ccccc21,4
scaffold,COc1ccc2c(c1)c(CCN1CCOCC1)c(C)n2C(=O)c1cccc(Cl)c1Cl,O=C(c1ccccc1)n1cc(CCN2CCOCC2)c2ccccc21,4
scaffold,COc1cccc2c(-c3nsc(CN4CCN(CC(N)=O)CC4)n3)cn(CC3CCOCC3)c12,c1ccc2c(c1)c(-c1nsc(CN3CCNCC3)n1)cn2CC1CCOCC1,4
scaffold,COc1cccc2c(=O)c(C(=O)NC34CC5CC(CC(C5)C3)C4)c[nH]c12,O=C(NC12CC3CC(CC(C3)C1)C2)c1c[nH]c2ccccc2c1=O,4
scaffold,COc1cccc2c(=O)c(C(=O)NC34CC5CC(CC(C5)C3)C4)cn(CCOCCC[18F])c12,O=C(NC12CC3CC(CC(C3)C1)C2)c1c[nH]c2ccccc2c1=O,4
scaffold,COc1cccc2c(=O)c(C(=O)NC34CC5CC(CC(C5)C3)C4)cn(CCOCC[18F])c12,O=C(NC12CC3CC(CC(C3)C1)C2)c1c[nH]c2ccccc2c1=O,4
scaffold,COc1cccc2c(C(=O)N3CCN4CCCC[C@H]4C3)cn(CC3CCCCC3)c12,O=C(c1cn(CC2CCCCC2)c2ccccc12)N1CCN2CCCCC2C1,4
scaffold,COc1ccccc1-c1cc(C(=O)NC23CC4CC(CC(C4)C2)C3)no1,O=C(NC12CC3CC(CC(C3)C1)C2)c1cc(-c2ccccc2)on1,4
scaffold,COc1ccccc1/N=C1\OCC2(CCCCC2)CN1C(=S)SC,c1ccc(N=C2NCC3(CCCCC3)CO2)cc1,4
scaffold,COc1ccccc1CNC(=O)c1oc2ccc(S(=O)(=O)N3CC(C)CC(C)C3)cc2c1C,O=C(NCc1ccccc1)c1cc2cc(S(=O)(=O)N3CCCCC3)ccc2o1,4
scaffold,CS(=O)(=O)NC1CCN(c2ncnc3c2nc(-c2ccccc2Cl)n3-c2ccc(Cl)cc2)CC1,c1ccc(-c2nc3c(N4CCCCC4)ncnc3n2-c2ccccc2)cc1,4
scaffold,CSC(=S)N1CC(C)(C)CS/C1=N\c1ccccc1Oc1ccccc1,c1ccc(Oc2ccccc2N=C2NCCCS2)cc1,4
scaffold,CSC(=S)N1CC2(CC2)CS/C1=N\c1ccccc1C(C)C,c1ccc(N=C2NCC3(CC3)CS2)cc1,4
scaffold,CSC(=S)N1CC2(CCCCC2)CO/C1=N\c1ccccc1,c1ccc(N=C2NCC3(CCCCC3)CO2)cc1,4
scaffold,CSC(=S)N1CC2(CCCCC2)CS/C1=N\c1ccc2c(c1)CCCC2,c1cc2c(cc1N=C1NCC3(CCCCC3)CS1)CCCC2,4
scaffold,CSC(=S)N1CC2(CCCCC2)CS/C1=N\c1cccc2c1CCCN2C,c1cc(N=C2NCC3(CCCCC3)CS2)c2c(c1)NCCC2,4
scaffold,CSSC1CCN(c2nc(C(F)(F)c3ccccc3)nc3c2nnn3Cc2nonc2C)C1,c1ccc(Cc2nc(N3CCCC3)c3nnn(Cc4cnon4)c3n2)cc1,4
scaffold,CSc1c(C(=O)NN2CCCC2)nn(-c2ccc(Cl)cc2Cl)c1-c1ccc(Cl)cc1,O=C(NN1CCCC1)c1cc(-c2ccccc2)n(-c2ccccc2)n1,4
scaffold,CSc1c(C(=O)NN2CCCCCC2)nc(-c2ccc(Cl)cc2Cl)n1-c1ccc(Cl)cc1,O=C(NN1CCCCCC1)c1cn(-c2ccccc2)c(-c2ccccc2)n1,4
scaffold,C[C@H](NS(C)(=O)=O)c1ccc(Cc2ccc(C(F)(F)F)cc2S(=O)(=O)c2c(F)cccc2F)cc1,O=S(=O)(c1ccccc1)c1ccccc1Cc1ccccc1,4
scaffold,C[C@H](NS(C)(=O)=O)c1ccc(Cc2ccc(C(F)(F)F)cc2S(=O)(=O)c2cccc(F)c2)cc1,O=S(=O)(c1ccccc1)c1ccccc1Cc1ccccc1,4
scaffold,C[C@H](NS(C)(=O)=O)c1ccc(Cc2ccc(C(F)(F)F)cc2S(=O)(=O)c2ccccc2F)cc1,O=S(=O)(c1ccccc1)c1ccccc1Cc1ccccc1,4
scaffold,C[C@H](NS(C)(=O)=O)c1ccc(Cc2ccc(Cl)cc2S(=O)(=O)c2ccc(Cl)cc2)cc1,O=S(=O)(c1ccccc1)c1ccccc1Cc1ccccc1,4
scaffold,C[C@H](NS(C)(=O)=O)c1ccc(Cc2ccc(OC(F)(F)F)cc2S(=O)(=O)c2cccc(C(F)(F)F)c2)cc1,O=S(=O)(c1ccccc1)c1ccccc1Cc1ccccc1,4
scaffold,C[C@H](NS(C)(=O)=O)c1ccc(Cc2ccc(OC(F)(F)F)cc2S(=O)(=O)c2ccccc2F)cc1,O=S(=O)(c1ccccc1)c1ccccc1Cc1ccccc1,4
scaffold,C[C@H](NS(C)(=O)=O)c1ccc(Cc2ccc(OC(F)(F)F)cc2S(=O)(=O)c2ccccc2OC(F)(F)F)cc1,O=S(=O)(c1ccccc1)c1ccccc1Cc1ccccc1,4
scaffold,C[C@H](NS(C)(=O)=O)c1ccc(S(=O)(=O)c2ccc(Cl)cc2C(C)(O)c2ccc(Cl)cc2)cc1,O=S(=O)(c1ccccc1)c1ccccc1Cc1ccccc1,4
scaffold,C[C@H](NS(C)(=O)=O)c1ccc(S(=O)(=O)c2ccc(Cl)cc2C(C)(O)c2ccccc2F)cc1,O=S(=O)(c1ccccc1)c1ccccc1Cc1ccccc1,4
scaffold,C[C@H](NS(C)(=O)=O)c1ccc(S(=O)(=O)c2ccc(Cl)cc2Cc2ccc(Cl)cc2)cc1,O=S(=O)(c1ccccc1)c1ccccc1Cc1ccccc1,4
scaffold,C[C@H]1OC(=O)[C@@H]2C[C@@H]3CCCC[C@H]3[C@H](/C=C/c3ccc(N4CCCC4)cn3)[C@H]12,O=C1OCC2C1CC1CCCCC1C2C=Cc1ccc(N2CCCC2)cn1,4
scaffold,Cc1c(C(=O)N(C)Cc2ccccc2)oc2ccc(S(=O)(=O)N3CC(C)CC(C)C3)cc12,O=C(NCc1ccccc1)c1cc2cc(S(=O)(=O)N3CCCCC3)ccc2o1,4
scaffold,Cc1c(C(=O)NC(C)c2ccccc2)nn(-c2ccc(Cl)c(Cl)c2)c1-n1c(C)ccc1C,O=C(NCc1ccccc1)c1cc(-n2cccc2)n(-c2ccccc2)n1,4
scaffold,Cc1c(C(=O)NC2CCCCCC2)nc(-c2ccc(Cl)cc2Cl)n1-c1ccc(Cl)cc1,O=C(NC1CCCCCC1)c1cn(-c2ccccc2)c(-c2ccccc2)n1,4
scaffold,Cc1c(C(=O)NC2CCCCCC2)nn(-c2ccc(Cl)c(Cl)c2)c1-n1c(C)ccc1C,O=C(NC1CCCCCC1)c1cc(-n2cccc2)n(-c2ccccc2)n1,4
scaffold,Cc1c(C(=O)NC2CCCCCC2)nn(-c2ccc(Cl)c(Cl)c2)c1-n1cccc1,O=C(NC1CCCCCC1)c1cc(-n2cccc2)n(-c2ccccc2)n1,4
scaffold,Cc1c(C(=O)NC2CCCCCC2)nn(-c2ccc(Cl)cc2Cl)c1-n1c(C)ccc1C,O=C(NC1CCCCCC1)c1cc(-n2cccc2)n(-c2ccccc2)n1,4
scaffold,Cc1c(C(=O)NC2CCCCCC2)nn(-c2ccc(Cl)cc2Cl)c1-n1cccc1,O=C(NC1CCCCCC1)c1cc(-n2cccc2)n(-c2ccccc2)n1,4
scaffold,Cc1c(C(=O)NC2CCCCCC2)nn(-c2ccc(F)cc2F)c1-n1c(C)ccc1C,O=C(NC1CCCCCC1)c1cc(-n2cccc2)n(-c2ccccc2)n1,4
scaffold,Cc1c(C(=O)NC2CCCCCC2)nn(-c2ccc(F)cc2F)c1-n1cccc1,O=C(NC1CCCCCC1)c1cc(-n2cccc2)n(-c2ccccc2)n1,4
scaffold,Cc1c(C(=O)NC2CCCc3ccccc32)oc2ccc(S(=O)(=O)N3CC(C)CC(C)C3)cc12,O=C(NC1CCCc2ccccc21)c1cc2cc(S(=O)(=O)N3CCCCC3)ccc2o1,4
scaffold,Cc1c(C(=O)NCCCCCN(C)CCCCCNC(=O)c2nn(-c3ccc(Cl)cc3Cl)c(-c3ccc(Cl)cc3)c2C)nn(-c2ccc(Cl)cc2Cl)c1-c1ccc(Cl)cc1,O=C(NCCCCCNCCCCCNC(=O)c1cc(-c2ccccc2)n(-c2ccccc2)n1)c1cc(-c2ccccc2)n(-c2ccccc2)n1,4
scaffold,Cc1c(C(=O)NCCCCCNCCCCCNC(=O)c2nn(-c3ccc(Cl)cc3Cl)c(-c3ccc(Cl)cc3)c2C)nn(-c2ccc(Cl)cc2Cl)c1-c1ccc(Cl)cc1,O=C(NCCCCCNCCCCCNC(=O)c1cc(-c2ccccc2)n(-c2ccccc2)n1)c1cc(-c2ccccc2)n(-c2ccccc2)n1,4
scaffold,Cc1c(C(=O)NCCc2ccccc2)oc2ccc(S(=O)(=O)N3CC(C)CC(C)C3)cc12,O=C(NCCc1ccccc1)c1cc2cc(S(=O)(=O)N3CCCCC3)ccc2o1,4
scaffold,Cc1c(C(=O)NCc2ccc(Cl)c(Cl)c2)nn(-c2ccc(Cl)c(Cl)c2)c1-n1c(C)ccc1C,O=C(NCc1ccccc1)c1cc(-n2cccc2)n(-c2ccccc2)n1,4
scaffold,Cc1c(C(=O)NCc2ccc(Cl)c(Cl)c2)nn(-c2ccc(Cl)c(Cl)c2)c1-n1c(Cl)ccc1Cl,O=C(NCc1ccccc1)c1cc(-n2cccc2)n(-c2ccccc2)n1,4
scaffold,Cc1c(C(=O)NCc2ccc(Cl)c(Cl)c2)nn(-c2ccc(Cl)c(Cl)c2)c1-n1cccc1,O=C(NCc1ccccc1)c1cc(-n2cccc2)n(-c2ccccc2)n1,4
scaffold,Cc1c(C(=O)NCc2ccc(Cl)c(Cl)c2)nn(-c2ccc(Cl)c(Cl)c2)c1-n1cccc1Cl,O=C(NCc1ccccc1)c1cc(-n2cccc2)n(-c2ccccc2)n1,4
scaffold,Cc1c(C(=O)NCc2ccc(Cl)c(Cl)c2)nn(-c2ccc(Cl)cc2Cl)c1-n1c(C)ccc1C,O=C(NCc1ccccc1)c1cc(-n2cccc2)n(-c2ccccc2)n1,4
scaffold,Cc1c(C(=O)NCc2ccc(Cl)c(Cl)c2)nn(-c2ccc(Cl)cc2Cl)c1-n1c(Cl)ccc1Cl,O=C(NCc1ccccc1)c1cc(-n2cccc2)n(-c2ccccc2)n1,4
scaffold,Cc1c(C(=O)NCc2ccc(Cl)c(Cl)c2)nn(-c2ccc(Cl)cc2Cl)c1-n1cccc1,O=C(NCc1ccccc1)c1cc(-n2cccc2)n(-c2ccccc2)n1,4
scaffold,Cc1c(C(=O)NCc2ccc(Cl)c(Cl)c2)nn(-c2ccc(Cl)cc2Cl)c1-n1cccc1Cl,O=C(NCc1ccccc1)c1cc(-n2cccc2)n(-c2ccccc2)n1,4
scaffold,Cc1c(C(=O)NCc2ccc(Cl)c(Cl)c2)nn(-c2ccc(F)cc2F)c1-n1c(C)ccc1C,O=C(NCc1ccccc1)c1cc(-n2cccc2)n(-c2ccccc2)n1,4
scaffold,Cc1c(C(=O)NCc2ccc(Cl)c(Cl)c2)nn(-c2ccc(F)cc2F)c1-n1cccc1,O=C(NCc1ccccc1)c1cc(-n2cccc2)n(-c2ccccc2)n1,4
scaffold,Cc1c(C(=O)NCc2ccc(Cl)cc2)nn(-c2ccc(Cl)c(Cl)c2)c1-n1c(C)ccc1C,O=C(NCc1ccccc1)c1cc(-n2cccc2)n(-c2ccccc2)n1,4
scaffold,Cc1c(C(=O)NCc2ccc(Cl)cc2)nn(-c2ccc(Cl)c(Cl)c2)c1-n1cccc1,O=C(NCc1ccccc1)c1cc(-n2cccc2)n(-c2ccccc2)n1,4
scaffold,Cc1c(C(=O)NCc2ccc(Cl)cc2)nn(-c2ccc(Cl)cc2Cl)c1-n1cccc1,O=C(NCc1ccccc1)c1cc(-n2cccc2)n(-c2ccccc2)n1,4
scaffold,Cc1c(C(=O)NCc2ccc(Cl)cc2)nn(-c2ccc(F)cc2F)c1-n1cccc1,O=C(NCc1ccccc1)c1cc(-n2cccc2)n(-c2ccccc2)n1,4
scaffold,Cc1c(C(=O)NCc2ccc(F)cc2)oc2ccc(S(=O)(=O)N3CC(C)CC(C)C3)cc12,O=C(NCc1ccccc1)c1cc2cc(S(=O)(=O)N3CCCCC3)ccc2o1,4
scaffold,Cc1c(C(=O)NCc2ccccc2)oc2ccc(S(=O)(=O)N3CC(C)CC(C)C3)cc12,O=C(NCc1ccccc1)c1cc2cc(S(=O)(=O)N3CCCCC3)ccc2o1,4
scaffold,Cc1c(C(=O)NCc2ccccc2Cl)oc2ccc(S(=O)(=O)N3CC(C)CC(C)C3)cc12,O=C(NCc1ccccc1)c1cc2cc(S(=O)(=O)N3CCCCC3)ccc2o1,4
scaffold,Cc1c(C(=O)NN2CCCCCC2)nc(-c2ccc(Cl)cc2Cl)n1-c1ccc(Cl)cc1,O=C(NN1CCCCCC1)c1cn(-c2ccccc2)c(-c2ccccc2)n1,4
scaffold,Cc1c(C(=O)NN2CCOCC2)nn(-c2ccc(Cl)cc2Cl)c1-c1ccc(I)cc1,O=C(NN1CCOCC1)c1cc(-c2ccccc2)n(-c2ccccc2)n1,4
scaffold,Cc1c(C(=O)NOC(C)(C)C)nc(-c2ccc(Cl)cc2Cl)n1-c1ccc(Cl)cc1,c1ccc(-c2nccn2-c2ccccc2)cc1,4
scaffold,Cc1c(C(=O)OC(C)(C)C)nc(-c2ccc(Cl)cc2Cl)n1-c1ccc(Cl)cc1,c1ccc(-c2nccn2-c2ccccc2)cc1,4
scaffold,Cc1c(CCN2CCOCC2)c2cc(OCC[18F])ccc2n1C(=O)c1cccc(Cl)c1Cl,O=C(c1ccccc1)n1cc(CCN2CCOCC2)c2ccccc21,4
scaffold,Cc1c(CCN2CCOCC2)c2cc(O[11CH3])ccc2n1C(=O)c1cccc(Cl)c1Cl,O=C(c1ccccc1)n1cc(CCN2CCOCC2)c2ccccc21,4
scaffold,Cc1c(Cl)ccc2c(=O)c(C(=O)NC34CC5CC(CC(C5)C3)C4)c[nH]c12,O=C(NC12CC3CC(CC(C3)C1)C2)c1c[nH]c2ccccc2c1=O,4
scaffold,Cc1cc(-c2cc(C(=O)NC34CC5CC(CC(C5)C3)C4)c(=O)n(Cc3ccc(F)cc3)n2)ccc1Cl,O=C(NC12CC3CC(CC(C3)C1)C2)c1cc(-c2ccccc2)nn(Cc2ccccc2)c1=O,4
scaffold,Cc1cc(-c2cc(C(=O)NC3C4(C)CCC(C4)C3(C)C)nn2Cc2ccc(CNCCCCCCN)cc2)ccc1Cl,O=C(NC1CC2CCC1C2)c1cc(-c2ccccc2)n(Cc2ccccc2)n1,4
scaffold,Cc1cc(-c2cc(C(=O)N[C@@H]3C(C)(C)[C@@H]4CC[C@@]3(C)C4)nn2-c2ccccc2)ccc1Cl,O=C(NC1CC2CCC1C2)c1cc(-c2ccccc2)n(-c2ccccc2)n1,4
scaffold,Cc1cc(C2=NN(C(=O)NC3C4(C)CCC(C4)C3(C)C)CC2Cc2ccccc2)ccc1Cl,O=C(NC1CC2CCC1C2)N1CC(Cc2ccccc2)C(c2ccccc2)=N1,4
scaffold,Cc1cc([N+](=O)[O-])c2oc(-c3ccc(OCCOCCNC(=O)OC(C)(C)C)cc3)cc(=O)c2c1,O=c1cc(-c2ccccc2)oc2ccccc12,4
scaffold,Cc1cc2c3c(c1)c(=O)c(C(=O)NC1CCCCC1)cn3C(c1ccccc1)CO2,O=C(NC1CCCCC1)c1cn2c3c(cccc3c1=O)OCC2c1ccccc1,4
scaffold,Cc1ccc(-c2cc3ncccc3c3cc(C(=O)NC4C5CC(C[C@@H]4C)C5(C)C)nn23)cc1,O=C(NC1CCC2CC1C2)c1cc2c3cccnc3cc(-c3ccccc3)n2n1,4
scaffold,Cc1ccc(-c2n[nH]c(CC3CCCCC3)n2)cc1S(=O)(=O)N1CCOCC1,O=S(=O)(c1cccc(-c2n[nH]c(CC3CCCCC3)n2)c1)N1CCOCC1,4
scaffold,Cc1ccc(C(=O)NC2C(C)(C)[C@@H]3CC[C@@]2(C)C3)cc1CCN1CCOCC1,O=C(NC1CC2CCC1C2)c1cccc(CCN2CCOCC2)c1,4
scaffold,Cc1ccc(C(=O)Oc2cccc(/C=C3\N=C4SCCCCN4C3=O)c2)cc1,O=C(Oc1cccc(C=C2N=C3SCCCCN3C2=O)c1)c1ccccc1,4
scaffold,Cc1ccc(C(=O)c2cc(O)c(-c3cc(Cl)cc(Cl)c3)c(O)c2)cc1,O=C(c1ccccc1)c1ccc(-c2ccccc2)cc1,4
scaffold,Cc1ccc(C(C(=O)NCCC(c2ccccc2)c2ccccc2)c2ccccc2)cc1,O=C(NCCC(c1ccccc1)c1ccccc1)C(c1ccccc1)c1ccccc1,4
scaffold,Cc1ccc(C2COc3cccc4c(=O)c(C(=O)NC5CCCCC5)cn2c34)cc1,O=C(NC1CCCCC1)c1cn2c3c(cccc3c1=O)OCC2c1ccccc1,4
scaffold,Cc1ccc(CC2CN(C(=O)NC3C4(C)CCC(C4)C3(C)C)N=C2c2ccc(Cl)c(C)c2)cc1,O=C(NC1CC2CCC1C2)N1CC(Cc2ccccc2)C(c2ccccc2)=N1,4
scaffold,Cc1ccc(CC2CN(C(=O)NC3CCCCC3)N=C2c2ccc(Cl)c(C)c2)cc1,O=C(NC1CCCCC1)N1CC(Cc2ccccc2)C(c2ccccc2)=N1,4
scaffold,Cc1ccc(CNC(=O)c2oc3ccc(S(=O)(=O)N4CC(C)CC(C)C4)cc3c2C)cc1,O=C(NCc1ccccc1)c1cc2cc(S(=O)(=O)N3CCCCC3)ccc2o1,4
scaffold,Cc1ccc(Cn2cc(C(=O)N3CCN(c4ccccc4Cl)CC3)cc2-c2ccc(Cl)c(C)c2)cc1,O=C(c1cc(-c2ccccc2)n(Cc2ccccc2)c1)N1CCN(c2ccccc2)CC1,4
scaffold,Cc1ccc(Cn2cc(C(=O)NC[C@@H]3CCC4C[C@@H]3C4(C)C)cc2-c2ccc(Cl)c(C)c2)cc1,O=C(NCC1CCC2CC1C2)c1cc(-c2ccccc2)n(Cc2ccccc2)c1,4
scaffold,Cc1ccc(Cn2cc(C(=O)N[C@@H]3C(C)(C)C4CC[C@@]3(C)C4)c3c2-c2ccc(Cl)c(C)c2C3)cc1,O=C(NC1CC2CCC1C2)c1cn(Cc2ccccc2)c2c1Cc1ccccc1-2,4
scaffold,Cc1ccc(Cn2cc(CN[C@@H]3C(C)(C)C4CC[C@@]3(C)C4)cc2-c2ccc(Cl)c(C)c2)cc1,c1ccc(Cn2cc(CNC3CC4CCC3C4)cc2-c2ccccc2)cc1,4
scaffold,Cc1ccc(Cn2nc(C(=O)N[C@@H]3CC4CC[C@@]3(C)C4(C)C)cc2-c2ccc(Cl)c(C)c2)cc1,O=C(NC1CC2CCC1C2)c1cc(-c2ccccc2)n(Cc2ccccc2)n1,4
scaffold,Cc1ccc(Cn2nc(C(=O)N[C@@H]3C[C@@H]4CC[C@@]3(C)C4(C)C)cc2-c2ccc(Cl)c(C)c2)cc1,O=C(NC1CC2CCC1C2)c1cc(-c2ccccc2)n(Cc2ccccc2)n1,4
scaffold,Cc1ccc(NC(=O)[C@@H]2C(C)(C)[C@@H]3CC[C@@]2(C)C3)cc1S(=O)(=O)N1CCOCC1,O=C(Nc1cccc(S(=O)(=O)N2CCOCC2)c1)C1CC2CCC1C2,4
scaffold,Cc1ccc(NC(=O)[C@H]2C(C)(C)[C@@H]3CC[C@@]2(C)C3)cc1S(=O)(=O)N1CCOCC1,O=C(Nc1cccc(S(=O)(=O)N2CCOCC2)c1)C1CC2CCC1C2,4
scaffold,Cc1ccc(NC(=O)c2ccc(Cl)cc2)cc1S(=O)(=O)N1CCOCC1,O=C(Nc1cccc(S(=O)(=O)N2CCOCC2)c1)c1ccccc1,4
scaffold,Cc1ccc(NC(=O)c2cccc(Cl)c2)cc1S(=O)(=O)N1CCOCC1,O=C(Nc1cccc(S(=O)(=O)N2CCOCC2)c1)c1ccccc1,4
scaffold,Cc1ccc(NC(=O)c2ccccc2Cl)cc1S(=O)(=O)N1CCOCC1,O=C(Nc1cccc(S(=O)(=O)N2CCOCC2)c1)c1ccccc1,4
scaffold,Cc1ccc(S(=O)(=O)N(CCc2ccccc2)Cc2ccccc2)cc1,O=S(=O)(c1ccccc1)N(CCc1ccccc1)Cc1ccccc1,4
scaffold,Cc1ccc(S(=O)(=O)N(Cc2ccc(N3CCCCC3)cc2)c2ccccc2)cc1,O=S(=O)(c1ccccc1)N(Cc1ccc(N2CCCCC2)cc1)c1ccccc1,4
scaffold,Cc1ccc(S(=O)(=O)N(Cc2ccccc2)Cc2ccc(C(C)C)cc2)cc1,O=S(=O)(c1ccccc1)N(Cc1ccccc1)Cc1ccccc1,4
scaffold,Cc1ccc(S(=O)(=O)N(Cc2ccccc2)Cc2ccc(N(C)C)cc2)cc1,O=S(=O)(c1ccccc1)N(Cc1ccccc1)Cc1ccccc1,4
scaffold,Cc1ccc(S(=O)(=O)N(Cc2ccccc2)Cc2ccc(N(CCCl)CCCl)cc2)cc1,O=S(=O)(c1ccccc1)N(Cc1ccccc1)Cc1ccccc1,4
scaffold,Cc1ccc(S(=O)(=O)N(Cc2ccccc2)Cc2ccc(N3CCCCC3)cc2)cc1,O=S(=O)(c1ccccc1)N(Cc1ccccc1)Cc1ccc(N2CCCCC2)cc1,4
scaffold,Cc1ccc(S(=O)(=O)N(Cc2ccccc2)Cc2ccc(OC(C)C)cc2)cc1,O=S(=O)(c1ccccc1)N(Cc1ccccc1)Cc1ccccc1,4
scaffold,Cc1ccc(S(=O)(=O)N[C@H]2CCCOc3c2nn(-c2ccccc2Cl)c3-c2ccc(Cl)cc2)cc1,O=S(=O)(NC1CCCOc2c1nn(-c1ccccc1)c2-c1ccccc1)c1ccccc1,4
scaffold,Cc1ccc2c(=O)c(C(=O)NC3CCCC3)cn(CCN3CCOCC3)c2n1,O=C(NC1CCCC1)c1cn(CCN2CCOCC2)c2ncccc2c1=O,4
scaffold,Cc1ccc2c(c1)Cc1c(C(=O)NC3CCCCC3)nn(-c3ccc(Cl)cc3Cl)c1-2,O=C(NC1CCCCC1)c1nn(-c2ccccc2)c2c1Cc1ccccc1-2,4
scaffold,Cc1cccc(-c2c(O)cc(C(=O)c3ccccc3)cc2O)c1,O=C(c1ccccc1)c1ccc(-c2ccccc2)cc1,4
scaffold,Cc1cccc(C(=O)c2cc(O)c(-c3cc(Cl)cc(Cl)c3)c(O)c2)c1,O=C(c1ccccc1)c1ccc(-c2ccccc2)cc1,4
scaffold,Cc1cccc2c1CCN2C(=O)C12CC3CC(CC(C3)C1)C2,O=C(N1CCc2ccccc21)C12CC3CC(CC(C3)C1)C2,4
scaffold,Cc1cccc2c1N(C(=O)C13CC4CC(CC(C4)C1)C3)CC2,O=C(N1CCc2ccccc21)C12CC3CC(CC(C3)C1)C2,4
scaffold,Cc1ccccc1CN1CCN(c2ncnc3c2nc(-c2ccccc2Cl)n3-c2ccc(Cl)cc2)CC1,c1ccc(CN2CCN(c3ncnc4c3nc(-c3ccccc3)n4-c3ccccc3)CC2)cc1,4
scaffold,Cc1cnc(NC(=O)C(C)(C)C)cc1CN1CCOCC1,c1cc(CN2CCOCC2)ccn1,4
scaffold,Cc1nc(C(=O)NC23CC4CC(CC(C4)C2)C3)c(C)n1C1CCCCC1,O=C(NC12CC3CC(CC(C3)C1)C2)c1cn(C2CCCCC2)cn1,4
scaffold,Cc1nc(C(=O)NC23CC4CC(CC2C4)C3)c(C)n1-c1ccccc1,O=C(NC12CC3CC(CC1C3)C2)c1cn(-c2ccccc2)cn1,4
scaffold,Cc1nc(CN2CCN(c3ncnc4c3nc(-c3ccccc3Cl)n4-c3ccc(Cl)cc3)CC2)no1,c1ccc(-c2nc3c(N4CCN(Cc5ncon5)CC4)ncnc3n2-c2ccccc2)cc1,4
scaffold,Cc1nc(N2CCN(C)CC2)c2nc(-c3ccccc3Cl)n([C@@H]3CCOC3)c2n1,c1ccc(-c2nc3c(N4CCNCC4)ncnc3n2C2CCOC2)cc1,4
scaffold,Cc1nc(N2CCN(C)CC2)c2nc(-c3ccccc3Cl)n([C@H]3CCOC3)c2n1,c1ccc(-c2nc3c(N4CCNCC4)ncnc3n2C2CCOC2)cc1,4
scaffold,Cc1ncsc1CCn1cc(C(=O)C2C(C)(C)C2(C)C)c2ccccc21,O=C(c1cn(CCc2cncs2)c2ccccc12)C1CC1,4
scaffold,Cc1nn(C)c2c1c(=O)c(C(=O)NC1CCCCC1)cn2Cc1ccccc1,O=C(NC1CCCCC1)c1cn(Cc2ccccc2)c2[nH]ncc2c1=O,4
scaffold,Cc1nonc1Cn1nnc2c(N3CCC(N=C=S)C3)nc(C(C)(C)C)nc21,c1nc(N2CCCC2)c2nnn(Cc3cnon3)c2n1,4
scaffold,Cc1nonc1Cn1nnc2c(N3CCC(N=C=S)C3)nc(C(F)(F)c3ccccc3)nc21,c1ccc(Cc2nc(N3CCCC3)c3nnn(Cc4cnon4)c3n2)cc1,4
scaffold,Cc1nonc1Cn1nnc2c(N3CCC(N=[N+]=[N-])C3)nc(C(C)(C)C)nc21,c1nc(N2CCCC2)c2nnn(Cc3cnon3)c2n1,4
scaffold,Cc1nonc1Cn1nnc2c(N3CCC(N=[N+]=[N-])C3)nc(C(F)(F)c3ccccc3)nc21,c1ccc(Cc2nc(N3CCCC3)c3nnn(Cc4cnon4)c3n2)cc1,4
scaffold,Cc1nonc1Cn1nnc2c(N3CC[C@@H](S)C3)nc(C(C)(C)C)nc21,c1nc(N2CCCC2)c2nnn(Cc3cnon3)c2n1,4
scaffold,Cc1nonc1Cn1nnc2c(N3CC[C@H](S)C3)nc(C(C)(C)C)nc21,c1nc(N2CCCC2)c2nnn(Cc3cnon3)c2n1,4
scaffold,Clc1ccc(-n2c(-c3ccccc3Cl)nc3c(N4CCC(c5nc6ccccc6[nH]5)CC4)ncnc32)cc1,c1ccc(-c2nc3c(N4CCC(c5nc6ccccc6[nH]5)CC4)ncnc3n2-c2ccccc2)cc1,4
scaffold,Clc1ccc(-n2c(-c3ccccc3Cl)nc3c(N4CCN(Cc5ccccc5)CC4)ncnc32)cc1,c1ccc(CN2CCN(c3ncnc4c3nc(-c3ccccc3)n4-c3ccccc3)CC2)cc1,4
scaffold,Cn1cc(C(=O)N[C@@H]2C(C)(C)C3CC[C@]2(C)C3)c(=O)c2ccc(F)cc21,O=C(NC1CC2CCC1C2)c1c[nH]c2ccccc2c1=O,4
scaffold,Cn1cc(C(=O)N[C@@H]2C(C)(C)C3CC[C@]2(C)C3)c(=O)c2ccc(Sc3ccccc3)cc21,O=C(NC1CC2CCC1C2)c1c[nH]c2cc(Sc3ccccc3)ccc2c1=O,4
scaffold,Cn1ccnc1COc1ccc(C(F)(F)F)cc1C(=O)/N=c1\sc(C(C)(C)C)cn1C[C@H]1CCCO1,O=C(N=c1sccn1CC1CCCO1)c1ccccc1OCc1ncc[nH]1,4
scaffold,Cn1nc(OCc2cccc3ccccc23)c2cc([N+](=O)[O-])ccc21,c1ccc2c(COc3n[nH]c4ccccc34)cccc2c1,4
scaffold,Fc1ccccc1CN1CCN(c2ncnc3c2nc(-c2ccccc2Cl)n3-c2ccc(Cl)cc2)CC1,c1ccc(CN2CCN(c3ncnc4c3nc(-c3ccccc3)n4-c3ccccc3)CC2)cc1,4
scaffold,N#CC(c1ccccc1)N1CCN(c2ncnc3c2nc(-c2ccccc2Cl)n3-c2ccc(Cl)cc2)CC1,c1ccc(CN2CCN(c3ncnc4c3nc(-c3ccccc3)n4-c3ccccc3)CC2)cc1,4
scaffold,N#Cc1c(C(=O)NCc2ccc(Cl)c(Cl)c2)nn(-c2ccccc2)c1-n1cccc1,O=C(NCc1ccccc1)c1cc(-n2cccc2)n(-c2ccccc2)n1,4
scaffold,N#Cc1cc(-c2c(O)cc(C(=O)c3ccccc3)cc2O)ccc1F,O=C(c1ccccc1)c1ccc(-c2ccccc2)cc1,4
scaffold,N#Cc1ccccc1CSc1nnc2c3ccccc3n(C(=O)C3CCCC3)c2n1,O=C(C1CCCC1)n1c2ccccc2c2nnc(SCc3ccccc3)nc21,4
scaffold,N/C(=N/C(=N/S(=O)(=O)N1CCCCC1)N1CC(c2ccccc2)C(c2ccc(Cl)cc2)=N1)c1ccc(Cl)cc1,O=S(=O)(N=C(N=Cc1ccccc1)N1CC(c2ccccc2)C(c2ccccc2)=N1)N1CCCCC1,4
scaffold,N/C(=N/C(=N/S(=O)(=O)N1CCCCC1)N1CC(c2ccccc2)C(c2ccc(Cl)cc2)=N1)c1ccc(F)cc1,O=S(=O)(N=C(N=Cc1ccccc1)N1CC(c2ccccc2)C(c2ccccc2)=N1)N1CCCCC1,4
scaffold,N/C(=N\C(=N\S(=O)(=O)N1CCC(C(F)(F)F)CC1)N1CC(c2ccccc2)C(c2ccc(Cl)cc2)=N1)c1ccc(Cl)cc1,O=S(=O)(N=C(N=Cc1ccccc1)N1CC(c2ccccc2)C(c2ccccc2)=N1)N1CCCCC1,4
scaffold,N/C(=N\C(=N\S(=O)(=O)N1CCC(C(F)(F)F)CC1)N1CC(c2ccccc2)C(c2ccc(Cl)cc2)=N1)c1ccc(F)cc1,O=S(=O)(N=C(N=Cc1ccccc1)N1CC(c2ccccc2)C(c2ccccc2)=N1)N1CCCCC1,4
scaffold,N/C(=N\C(=N\S(=O)(=O)N1CCC(F)(F)CC1)N1CC(c2ccccc2)C(c2ccc(Cl)cc2)=N1)c1ccc(F)cc1,O=S(=O)(N=C(N=Cc1ccccc1)N1CC(c2ccccc2)C(c2ccccc2)=N1)N1CCCCC1,4
scaffold,NCCOCCOc1ccc(-c2cc(=O)c3ccccc3o2)cc1,O=c1cc(-c2ccccc2)oc2ccccc12,4
scaffold,Nc1ccc(C(C(=O)NCCC(c2ccccc2)c2ccccc2)c2ccccc2)cc1,O=C(NCCC(c1ccccc1)c1ccccc1)C(c1ccccc1)c1ccccc1,4
scaffold,O=C(C1COc2ccccc2O1)N1CCN(c2ncnc3c2nc(-c2ccccc2Cl)n3-c2ccc(Cl)cc2)CC1,O=C(C1COc2ccccc2O1)N1CCN(c2ncnc3c2nc(-c2ccccc2)n3-c2ccccc2)CC1,4
scaffold,O=C(CC1CCCCC1)c1nn(-c2ccc(Cl)cc2Cl)c2c1CCCc1cc(Cl)ccc1-2,O=C(CC1CCCCC1)c1nn(-c2ccccc2)c2c1CCCc1ccccc1-2,4
scaffold,O=C(CCCCCCCCCCOc1cc(O)cc(O)c1)NCC1CC1,O=C(CCCCCCCCCCOc1ccccc1)NCC1CC1,4
scaffold,O=C(N1CCc2cc(F)ccc21)C12CC3CC(CC(C3)C1)C2,O=C(N1CCc2ccccc21)C12CC3CC(CC(C3)C1)C2,4
scaffold,O=C(N1CCc2ccc(C(F)(F)F)cc21)C12CC3CC(CC(C3)C1)C2,O=C(N1CCc2ccccc21)C12CC3CC(CC(C3)C1)C2,4
scaffold,O=C(N1CCc2ccccc21)C12CC3CC(CC(C3)C1)C2,O=C(N1CCc2ccccc21)C12CC3CC(CC(C3)C1)C2,4
scaffold,O=C(NC1(C(=O)O)CCCCC1)c1cc2c(n(CC3CCCO3)c1=O)CCCCCC2,O=C(NC1CCCCC1)c1cc2c(n(CC3CCCO3)c1=O)CCCCCC2,4
scaffold,O=C(NC12CC3CC(CC(C3)C1)C2)N1Cc2ccccc2C1,O=C(NC12CC3CC(CC(C3)C1)C2)N1Cc2ccccc2C1,4
scaffold,O=C(NC12CC3CC(CC(C3)C1)C2)c1ccccc1OCc1ccccc1,O=C(NC12CC3CC(CC(C3)C1)C2)c1ccccc1OCc1ccccc1,4
scaffold,O=C(NC12CC3CC(CC(C3)C1)C2)c1cn2c3c(cccc3c1=O)OCC2C1CC1,O=C(NC12CC3CC(CC(C3)C1)C2)c1cn2c3c(cccc3c1=O)OCC2C1CC1,4
scaffold,O=C(NC1CCCCC1)N1CC(Cc2ccccc2)C(c2ccccc2)=N1,O=C(NC1CCCCC1)N1CC(Cc2ccccc2)C(c2ccccc2)=N1,4
scaffold,O=C(NC1CCCCC1)N1CCN(c2ncnc3c2nc(-c2ccccc2Cl)n3-c2ccc(Cl)cc2)CC1,O=C(NC1CCCCC1)N1CCN(c2ncnc3c2nc(-c2ccccc2)n3-c2ccccc2)CC1,4
scaffold,O=C(NC1CCCCC1)c1cn2c3c(cccc3c1=O)OCC2c1ccccc1,O=C(NC1CCCCC1)c1cn2c3c(cccc3c1=O)OCC2c1ccccc1,4
scaffold,O=C(NC1CCCCCC1)c1c(-c2ccccc2)c(Br)cn(Cc2ccc(F)cc2)c1=O,O=C(NC1CCCCCC1)c1c(-c2ccccc2)ccn(Cc2ccccc2)c1=O,4
scaffold,O=C(NC1CCCCCC1)c1c(-c2ccccc2)ccn(Cc2ccc(F)cc2)c1=O,O=C(NC1CCCCCC1)c1c(-c2ccccc2)ccn(Cc2ccccc2)c1=O,4
scaffold,O=C(NC1CCCOc2c1nn(-c1ccccc1Cl)c2-c1ccc(Cl)cc1)c1ccno1,O=C(NC1CCCOc2c1nn(-c1ccccc1)c2-c1ccccc1)c1ccno1,4
scaffold,O=C(NC1CCN(c2ncnc3c2nc(-c2ccccc2Cl)n3-c2ccc(Cl)cc2)CC1)C1CCCCC1,O=C(NC1CCN(c2ncnc3c2nc(-c2ccccc2)n3-c2ccccc2)CC1)C1CCCCC1,4
scaffold,O=C(NC1CCOc2ccccc21)n1c(=O)n(CCN2CCOCC2)c2ccccc21,O=C(NC1CCOc2ccccc21)n1c(=O)n(CCN2CCOCC2)c2ccccc21,4
scaffold,O=C(NCC12CC3CC(CC(C3)C1)C2)c1nn(-c2ccc(Cl)cc2Cl)c2c1CCCc1cc(Cl)ccc1-2,O=C(NCC12CC3CC(CC(C3)C1)C2)c1nn(-c2ccccc2)c2c1CCCc1ccccc1-2,4
scaffold,O=C(NCCC(c1ccccc1)c1ccccc1)C(Cl)(c1ccccc1)c1ccccc1,O=C(NCCC(c1ccccc1)c1ccccc1)C(c1ccccc1)c1ccccc1,4
scaffold,O=C(NCCC(c1ccccc1)c1ccccc1)C(O)(c1ccccc1)c1ccccc1,O=C(NCCC(c1ccccc1)c1ccccc1)C(c1ccccc1)c1ccccc1,4
scaffold,O=C(NCCC(c1ccccc1)c1ccccc1)C(c1ccccc1)c1ccc(O)cc1,O=C(NCCC(c1ccccc1)c1ccccc1)C(c1ccccc1)c1ccccc1,4
scaffold,O=C(NCCC(c1ccccc1)c1ccccc1)C(c1ccccc1)c1ccc([N+](=O)[O-])cc1,O=C(NCCC(c1ccccc1)c1ccccc1)C(c1ccccc1)c1ccccc1,4
scaffold,O=C(NCCC(c1ccccc1)c1ccccc1)C(c1ccccc1)c1ccccc1,O=C(NCCC(c1ccccc1)c1ccccc1)C(c1ccccc1)c1ccccc1,4
scaffold,O=C(NN1CCCCC1)c1cn(-c2ccc(Cl)cc2Cl)c(-c2ccc(C#Cc3ccc(C(F)(F)F)cc3)s2)c1CNS(=O)(=O)N1CCCC1,O=C(NN1CCCCC1)c1cn(-c2ccccc2)c(-c2ccc(C#Cc3ccccc3)s2)c1CNS(=O)(=O)N1CCCC1,4
scaffold,O=C(NN1CCCCC1)c1nn(-c2ccc(Cl)cc2Cl)c2c1CCCc1cc(Cl)ccc1-2,O=C(NN1CCCCC1)c1nn(-c2ccccc2)c2c1CCCc1ccccc1-2,4
scaffold,O=C(N[C@H](C(=O)O)C1CCCCC1)c1cc2c(n(CC3CCCCC3)c1=O)CCCCCC2,O=C(NCC1CCCCC1)c1cc2c(n(CC3CCCCC3)c1=O)CCCCCC2,4
scaffold,O=C(Nc1ccccc1Oc1ccccc1)c1ccc(S(=O)(=O)N2CCc3ccccc32)cc1,O=C(Nc1ccccc1Oc1ccccc1)c1ccc(S(=O)(=O)N2CCc3ccccc32)cc1,4
scaffold,O=C(Nc1cccnn1)N1CCC(=Cc2cccc(Oc3ccc(C(F)(F)F)cn3)c2)CC1,O=C(Nc1cccnn1)N1CCC(=Cc2cccc(Oc3ccccn3)c2)CC1,4
scaffold,O=C(O)CNC(=O)c1cc2c(n(CC3CCCCC3)c1=O)CCCCCC2,O=c1ccc2c(n1CC1CCCCC1)CCCCCC2,4
scaffold,O=C(OCC1CCC1)N1CCN(c2ncnc3c2nc(-c2ccccc2Cl)n3-c2ccc(Cl)cc2)CC1,O=C(OCC1CCC1)N1CCN(c2ncnc3c2nc(-c2ccccc2)n3-c2ccccc2)CC1,4
scaffold,O=C(c1cc(O)c(-c2cc(Cl)cc(Cl)c2)c(O)c1)C1CCCCC1,O=C(c1ccc(-c2ccccc2)cc1)C1CCCCC1,4
scaffold,O=C(c1ccc(Cl)cc1)c1cc(O)c(-c2cc(Cl)cc(Cl)c2)c(O)c1,O=C(c1ccccc1)c1ccc(-c2ccccc2)cc1,4
scaffold,O=C(c1ccc2c(c1)c1ccccc1n2CC1CCOCC1)N1CCCCC1,O=C(c1ccc2c(c1)c1ccccc1n2CC1CCOCC1)N1CCCCC1,4
scaffold,O=C(c1ccc2c(c1)c1ccccc1n2Cc1ccncc1)N1CCCCC1,O=C(c1ccc2c(c1)c1ccccc1n2Cc1ccncc1)N1CCCCC1,4
scaffold,O=C(c1cccc2ccccc12)c1cn(CC2CCOCC2)c2ccc(O)cc12,O=C(c1cccc2ccccc12)c1cn(CC2CCOCC2)c2ccccc12,4
scaffold,O=C(c1ccccc1)c1cc(O)c(-c2cc(C(F)(F)F)cc(C(F)(F)F)c2)c(O)c1,O=C(c1ccccc1)c1ccc(-c2ccccc2)cc1,4
scaffold,O=C(c1ccccc1)c1cc(O)c(-c2cc(Cl)ccc2Cl)c(O)c1,O=C(c1ccccc1)c1ccc(-c2ccccc2)cc1,4
scaffold,O=C(c1ccccc1)c1cc(O)c(-c2cc(F)cc(F)c2)c(O)c1,O=C(c1ccccc1)c1ccc(-c2ccccc2)cc1,4
scaffold,O=C(c1ccccc1)c1cc(O)c(-c2cccc(C(F)(F)F)c2)c(O)c1,O=C(c1ccccc1)c1ccc(-c2ccccc2)cc1,4
scaffold,O=C(c1ccccc1)c1cc(O)c(-c2cccc(CO)c2)c(O)c1,O=C(c1ccccc1)c1ccc(-c2ccccc2)cc1,4
scaffold,O=C(c1cn(CCN2CCOCC2)c2ccccc12)C1CCCCCC1,O=C(c1cn(CCN2CCOCC2)c2ccccc12)C1CCCCCC1,4
scaffold,O=C1/C(=C/c2cccc(OCc3ccc(Cl)cc3)c2)N=C2SCCCN12,O=C1C(=Cc2cccc(OCc3ccccc3)c2)N=C2SCCCN12,4
scaffold,O=C1/C(=C/c2cccc(OCc3ccc(Cl)cc3Cl)c2)N=C2SCCCN12,O=C1C(=Cc2cccc(OCc3ccccc3)c2)N=C2SCCCN12,4
scaffold,O=C1/C(=C/c2cccc(OCc3ccccc3)c2)N=C2SCCCN12,O=C1C(=Cc2cccc(OCc3ccccc3)c2)N=C2SCCCN12,4
scaffold,O=S(=O)(CCC(F)(F)F)NC1CCN(c2ncnc3c2nc(-c2ccccc2Cl)n3-c2ccc(Cl)cc2)CC1,c1ccc(-c2nc3c(N4CCCCC4)ncnc3n2-c2ccccc2)cc1,4
scaffold,O=S(=O)(NC1CCN(c2ncnc3c2nc(-c2ccccc2Cl)n3-c2ccc(Cl)cc2)CC1)C(F)(F)F,c1ccc(-c2nc3c(N4CCCCC4)ncnc3n2-c2ccccc2)cc1,4
scaffold,O=S(=O)(N[C@H]1CCCOc2c1nn(-c1ccccc1Cl)c2-c1ccc(Cl)cc1)c1ccc(Cl)cc1,O=S(=O)(NC1CCCOc2c1nn(-c1ccccc1)c2-c1ccccc1)c1ccccc1,4
scaffold,O=S(=O)([C@@H]1CC[C@@H](c2ccc(Cl)cc2Cl)N(c2ccc(Cl)cc2)C1)N1CCCCC1,O=S(=O)(C1CCC(c2ccccc2)N(c2ccccc2)C1)N1CCCCC1,4
scaffold,O=S(=O)(c1ccc(Cl)cc1)N(Cc1ccc(N2CCCCC2)cc1)c1ccccc1,O=S(=O)(c1ccccc1)N(Cc1ccc(N2CCCCC2)cc1)c1ccccc1,4
scaffold,O=S(=O)(c1ccccc1F)c1cc(Cl)ccc1S(=O)(=O)N1C[C@@H]2[C@H](C1)[C@H]2NS(=O)(=O)C(F)(F)F,O=S(=O)(c1ccccc1)c1ccccc1S(=O)(=O)N1CC2CC2C1,4
scaffold,O=S1(=O)CCN(/C(=N\S(=O)(=O)c2ccc(Cl)cc2)N2CC(c3ccccc3)C(c3ccc(Cl)cc3)=N2)CC1,O=S1(=O)CCN(C(=NS(=O)(=O)c2ccccc2)N2CC(c3ccccc3)C(c3ccccc3)=N2)CC1,4
scaffold,O=[N+]([O-])c1ccc2[nH]nc(OCc3cccc4ccccc34)c2c1,c1ccc2c(COc3n[nH]c4ccccc34)cccc2c1,4
scaffold,O=c1c2cn(CCN3CCOCC3)c3ccccc3c-2nn1-c1ccccc1,O=c1c2cn(CCN3CCOCC3)c3ccccc3c-2nn1-c1ccccc1,4
scaffold,OC1/C(=C/c2cn(Cc3ccc(Cl)cc3)c3ccccc23)N2CCC1CC2,C(=C1CC2CCN1CC2)c1cn(Cc2ccccc2)c2ccccc12,4
scaffold,OC1/C(=C/c2cn(Cc3ccccc3)c3ccccc23)N2CCC1CC2,C(=C1CC2CCN1CC2)c1cn(Cc2ccccc2)c2ccccc12,4
scaffold,c1ccc2c(COc3n[nH]c4ccccc34)cccc2c1,c1ccc2c(COc3n[nH]c4ccccc34)cccc2c1,4
scaffold,C#CCCC1(CCNC(=O)c2nonc2Cn2nnc3c(N4CCC(F)(F)C4)nc(C(C)(C)C)nc32)N=N1,O=C(NCCC1N=N1)c1nonc1Cn1nnc2c(N3CCCC3)ncnc21,5
scaffold,C#CCCC1(CCNC(=O)c2nonc2Cn2nnc3c(N4CC[C@H](O)C4)nc(C(C)(C)C)nc32)N=N1,O=C(NCCC1N=N1)c1nonc1Cn1nnc2c(N3CCCC3)ncnc21,5
scaffold,C#CCCCn1c(C)c(C(=O)c2ccc3c(c2)CC(C)(C)C3)c2ccccc21,O=C(c1ccc2c(c1)CCC2)c1c[nH]c2ccccc12,5
scaffold,C#CCCCn1cc(C(=O)c2ccc3c(c2)CC(C)(C)C3)c2ccccc21,O=C(c1ccc2c(c1)CCC2)c1c[nH]c2ccccc12,5
scaffold,C#CCCn1cc(C(C)(C)C)s/c1=N\C(=O)c1cc(C(F)(F)F)ccc1ONC(C)(C)C,O=C(N=c1[nH]ccs1)c1ccccc1,5
scaffold,C#Cc1ccccc1Cn1nnc2c(N3CCC4(C3)N=N4)nc(C(F)(F)c3ccccc3)nc21,c1ccc(Cc2nc(N3CCC4(C3)N=N4)c3nnn(Cc4ccccc4)c3n2)cc1,5
scaffold,C/C(=C/CC[C@]1(C)[C@H]2C[C@@H]3[C@@H](C2)[C@]31C)CN1CCN(C)CC1,C(=CCN1CCNCC1)CCC1C2CC3C(C2)C13,5
scaffold,C/C(N)=N\C(=N\S(=O)(=O)N1CCCCC1)N1C[C@H](c2ccccc2)C(c2ccc(Cl)cc2)=N1,O=S(=O)(N=CN1CC(c2ccccc2)C(c2ccccc2)=N1)N1CCCCC1,5
scaffold,C/N=C(\NS(=O)(=O)N1CCOCC1)N1CC(c2ccccc2)C(c2ccc(Cl)cc2)=N1,N=C(NS(=O)(=O)N1CCOCC1)N1CC(c2ccccc2)C(c2ccccc2)=N1,5
scaffold,C=C(c1ccc([C@H](C)NS(C)(=O)=O)cc1)c1ccc(OC(F)(F)F)cc1S(=O)(=O)c1ccccc1F,C=C(c1ccccc1)c1ccccc1S(=O)(=O)c1ccccc1,5
scaffold,C=C(c1ccccc1F)c1cc(Cl)ccc1S(=O)(=O)c1ccc([C@H](C)NS(C)(=O)=O)cc1,C=C(c1ccccc1)c1ccccc1S(=O)(=O)c1ccccc1,5
scaffold,C=C1C[C@H]2c3c(cc(CCCCC)cc3OS(=O)(=O)c3ccc(C)cc3)OC(C)(C)[C@@H]2CC1OO,C=C1CCC2COc3cccc(OS(=O)(=O)c4ccccc4)c3C2C1,5
scaffold,C=C=CCn1cc(C(C)(C)C)s/c1=N\C(=O)c1cc(C(F)(F)F)ccc1ONC(C)(C)C,O=C(N=c1[nH]ccs1)c1ccccc1,5
scaffold,C=CCCCn1cc(C(=O)c2ccc3c(c2)CC(C)(C)C3)c2ccccc21,O=C(c1ccc2c(c1)CCC2)c1c[nH]c2ccccc12,5
scaffold,C=CCn1cc(CC(=O)NC2CCCCCC2)c2cc(-c3ccco3)ccc21,O=C(Cc1c[nH]c2ccc(-c3ccco3)cc12)NC1CCCCCC1,5
scaffold,CC(=O)N/C(N)=N/C(=N/S(=O)(=O)N1CCC(C(F)(F)F)CC1)N1C[C@H](c2ccccc2)C(c2ccc(Cl)cc2)=N1,O=S(=O)(N=CN1CC(c2ccccc2)C(c2ccccc2)=N1)N1CCCCC1,5
scaffold,CC(=O)N/C(N)=N/C(=N/S(=O)(=O)c1ccc(Cl)cc1)N1C[C@H](c2ccccc2)C(c2ccc(Cl)cc2)=N1,O=S(=O)(N=CN1CC(c2ccccc2)C(c2ccccc2)=N1)c1ccccc1,5
scaffold,CC(=O)N/C(N)=N/C(=N/S(=O)(=O)c1ccc(I)cc1)N1C[C@H](c2ccccc2)C(c2ccc(Cl)cc2)=N1,O=S(=O)(N=CN1CC(c2ccccc2)C(c2ccccc2)=N1)c1ccccc1,5
scaffold,CC(=O)N/C(N)=N/C(=N/S(=O)(=O)c1ccc(OC(F)(F)F)cc1)N1C[C@H](c2ccccc2)C(c2ccc(Cl)cc2)=N1,O=S(=O)(N=CN1CC(c2ccccc2)C(c2ccccc2)=N1)c1ccccc1,5
scaffold,CC(=O)OCCOc1ccc(C(F)(F)F)cc1C(=O)/N=c1\sc(C(C)(C)C)cn1CC(C)C,O=C(N=c1[nH]ccs1)c1ccccc1,5
scaffold,CC(C)(C(=O)OCCCCn1ccnc1)c1cc(O)c2c(c1)OC(C)(C)[C@@H]1CC=C(CO)C[C@@H]21,O=C(Cc1ccc2c(c1)OCC1CC=CCC21)OCCCCn1ccnc1,5
scaffold,CC(C)(C)NOc1ccc(C(F)(F)F)cc1C(=O)/N=c1\sc(C(C)(C)C)nn1CC1CCCCO1,O=C(N=c1scnn1CC1CCCCO1)c1ccccc1,5
scaffold,CC(C)(C)NOc1ccc(C(F)(F)F)cc1C(=O)/N=c1\sc(C(C)(C)C)nn1CCCC#N,O=C(N=c1[nH]ncs1)c1ccccc1,5
scaffold,CC(C)(C)NOc1ccc(C(F)(F)F)cc1C(=O)/N=c1\sc(C(C)(C)C)nn1CCCC(F)(F)F,O=C(N=c1[nH]ncs1)c1ccccc1,5
scaffold,CC(C)(C)NOc1ccc(C(F)(F)F)cc1C(=O)/N=c1\sc(C(C)(C)C)nn1CCCCF,O=C(N=c1[nH]ncs1)c1ccccc1,5
scaffold,CC(C)(C)OC(=O)N1CCC(Nc2ncnc3c2nc(-c2ccccc2Cl)n3-c2ccc(Cl)cc2)CC1,c1ccc(-c2nc3c(NC4CCNCC4)ncnc3n2-c2ccccc2)cc1,5
scaffold,CC(C)(C)c1cn(C[C@H]2CCCO2)/c(=N/C(=O)c2cc(C(F)(F)F)ccc2OC[C@@H]2CCCCN2)s1,O=C(N=c1sccn1CC1CCCO1)c1ccccc1OCC1CCCCN1,5
scaffold,CC(C)(C)c1cn(C[C@H]2CCCO2)/c(=N/C(=O)c2cc(C(F)(F)F)ccc2OC[C@H]2CCCCN2)s1,O=C(N=c1sccn1CC1CCCO1)c1ccccc1OCC1CCCCN1,5
scaffold,CC(C)(C)c1cn(C[C@H]2CCCO2)/c(=N/C(=O)c2cc(C(F)(F)F)ccc2OCc2ccccc2)s1,O=C(N=c1sccn1CC1CCCO1)c1ccccc1OCc1ccccc1,5
scaffold,CC(C)(C)c1cn(C[C@H]2CCCO2)/c(=N/C(=O)c2cc(C(F)(F)F)ccc2OCc2cnccn2)s1,O=C(N=c1sccn1CC1CCCO1)c1ccccc1OCc1cnccn1,5
scaffold,CC(C)(C)c1nc(N2CCC(F)(F)C2)c2nnn(Cc3ccc(C4(C(F)(F)F)N=N4)cc3Cl)c2n1,c1nc(N2CCCC2)c2nnn(Cc3ccc(C4N=N4)cc3)c2n1,5
scaffold,CC(C)(C)c1nc(N2CCC(F)(F)C2)c2nnn(Cc3ccccc3CCS(=O)(=O)n3nnc4ccccc43)c2n1,O=S(=O)(CCc1ccccc1Cn1nnc2c(N3CCCC3)ncnc21)n1nnc2ccccc21,5
scaffold,CC(C)(Cc1nnc(-c2ccc(F)cc2)o1)NC(=O)c1ccc(C2CCCC2)c(OCC2CC2)n1,O=C(NCCc1nnc(-c2ccccc2)o1)c1ccc(C2CCCC2)c(OCC2CC2)n1,5
scaffold,CC(C)(NC(=O)c1ccc(N2CC(F)(F)C2)c(OCC2CC2)n1)c1nnc(-c2ccccc2)o1,O=C(NCc1nnc(-c2ccccc2)o1)c1ccc(N2CCC2)c(OCC2CC2)n1,5
scaffold,CC(C)(O)CCn1c(=O)n(C(=O)N[C@H](C(N)=O)C(C)(C)C)c2ccccc21,O=c1[nH]c2ccccc2[nH]1,5
scaffold,CC(C)(O)COc1ccc(C(F)(F)F)cc1C(=O)/N=c1\sc2ccncc2n1CC1CCC1,O=C(N=c1sc2ccncc2n1CC1CCC1)c1ccccc1,5
scaffold,CC(C)(O)COc1ccc(C(F)(F)F)cc1C(=O)/N=c1\sc2ccncc2n1CCCC(F)(F)F,O=C(N=c1[nH]c2cnccc2s1)c1ccccc1,5
scaffold,CC(C)(O)Cn1c(=O)n(C(=O)N[C@H](C(N)=O)C(C)(C)C)c2ccccc21,O=c1[nH]c2ccccc2[nH]1,5
scaffold,CC(C)(OC(=O)c1ccc(C2CCCC2)c(OCC2CC2)n1)c1cc(N)on1,O=C(OCc1ccon1)c1ccc(C2CCCC2)c(OCC2CC2)n1,5
scaffold,CC(C)=CCC/C(C)=C/Cc1c(O)cc(CCc2ccccc2)c(C(=O)O)c1O,c1ccc(CCc2ccccc2)cc1,5
scaffold,CC(C)=CCC[C@]1(C)[C@@H](O)CC[C@@]2(C)[C@H]1CC[C@H]1Cc3c([nH]c4ccccc34)[C@@]12C,c1ccc2c3c([nH]c2c1)C1C(CCC2CCCCC21)C3,5
scaffold,CC(C)CCn1c(=O)n(C(=O)N[C@H](C(N)=O)C(C)(C)C)c2ccccc21,O=c1[nH]c2ccccc2[nH]1,5
scaffold,CC(C)Cn1cc(C(C)(C)C)s/c1=N\C(=O)c1cc(C(F)(F)F)ccc1OCCO,O=C(N=c1[nH]ccs1)c1ccccc1,5
scaffold,CC(C)Cn1cc(C(C)(C)C)s/c1=N\C(=O)c1cc(C(F)(F)F)ccc1OC[C@@H]1CCN1,O=C(N=c1[nH]ccs1)c1ccccc1OCC1CCN1,5
scaffold,CC(C)Cn1cc(C(C)(C)C)s/c1=N\C(=O)c1cc(C(F)(F)F)ccc1OC[C@@H]1CCN1C,O=C(N=c1[nH]ccs1)c1ccccc1OCC1CCN1,5
scaffold,CC(C)Cn1cc(C(C)(C)C)s/c1=N\C(=O)c1cc(Cl)ccc1OCC1CCO1,O=C(N=c1[nH]ccs1)c1ccccc1OCC1CCO1,5
scaffold,CC(C)Cn1nc(C(C)(C)C)s/c1=N\C(=O)c1cc(C(F)(F)F)ccc1ONC(C)(C)C,O=C(N=c1[nH]ncs1)c1ccccc1,5
scaffold,CC1(C)C(C(=O)c2cn(CC3CCOCC3)c3c(CC4CCOCC4)c4c(cc23)OCO4)C1(C)C,O=C(c1cn(CC2CCOCC2)c2c(CC3CCOCC3)c3c(cc12)OCO3)C1CC1,5
scaffold,CC1(C)C(C(=O)c2cn(CC3CCOCC3)c3cc4c(cc23)OCO4)C1(C)C,O=C(c1cn(CC2CCOCC2)c2cc3c(cc12)OCO3)C1CC1,5
scaffold,CC1(C)C(C(=O)c2cn(CCc3ccsc3)c3ccccc23)C1(C)C,O=C(c1cn(CCc2ccsc2)c2ccccc12)C1CC1,5
scaffold,CC1(C)C(C(=O)c2cn(Cc3cccnc3)c3ccccc23)C1(C)C,O=C(c1cn(Cc2cccnc2)c2ccccc12)C1CC1,5
scaffold,CC1(C)C2CC[C@@](C)(C2)C1NC(=O)c1nn(-c2ccc(Cl)cc2Cl)c2c1Cc1cc(C3CC3)ccc1-2,O=C(NC1CC2CCC1C2)c1nn(-c2ccccc2)c2c1Cc1cc(C3CC3)ccc1-2,5
scaffold,CC1(C)C2CC[C@](C)(C2)[C@@H]1NC(=O)c1cn(CCCCSc2ccccc2)c2cc(Sc3ccccc3)ccc2c1=O,O=C(NC1CC2CCC1C2)c1cn(CCCCSc2ccccc2)c2cc(Sc3ccccc3)ccc2c1=O,5
scaffold,CC1(C)Oc2cc(C(=O)NC34CC5CC(CC(C5)C3)C4)cc(O)c2[C@@H]2C[C@@H](O)CC[C@H]21,O=C(NC12CC3CC(CC(C3)C1)C2)c1ccc2c(c1)OCC1CCCCC21,5
scaffold,CC1(C)Oc2cc(C(=O)NC34CC5CC(CC(C5)C3)C4)cc(O)c2[C@@H]2C[C@H](O)CC[C@H]21,O=C(NC12CC3CC(CC(C3)C1)C2)c1ccc2c(c1)OCC1CCCCC21,5
scaffold,CC1(C)Oc2cc(C(=O)c3cc4ccccc4o3)cc(O)c2[C@@H]2C[C@H](O)CC[C@H]21,O=C(c1ccc2c(c1)OCC1CCCCC21)c1cc2ccccc2o1,5
scaffold,CC1(C)Oc2cc(C(=O)c3cccc(C(F)(F)F)c3)cc(O)c2[C@@H]2C[C@H](O)CC[C@H]21,O=C(c1ccccc1)c1ccc2c(c1)OCC1CCCCC21,5
scaffold,CC1(C)Oc2cc(C(=O)c3ccccc3)cc(O)c2[C@@H]2C[C@H](O)CC[C@H]21,O=C(c1ccccc1)c1ccc2c(c1)OCC1CCCCC21,5
scaffold,CC1(C)Oc2cc(C3(CCCCCBr)CCC3)cc(O)c2[C@@H]2C[C@@H](O)CC[C@H]21,c1cc2c(cc1C1CCC1)OCC1CCCCC21,5
scaffold,CC1(C)Oc2cc(C3(CCCCCBr)CCC3)cc(O)c2[C@@H]2C[C@H](O)CC[C@H]21,c1cc2c(cc1C1CCC1)OCC1CCCCC21,5
scaffold,CC1(C)Oc2cc(C3(CCCCCBr)CCCC3)cc(O)c2[C@@H]2CC(=O)CC[C@H]21,O=C1CCC2COc3cc(C4CCCC4)ccc3C2C1,5
scaffold,CC1(C)Oc2cc(C3(CCCCCCBr)CCCC3)cc(O)c2[C@@H]2CC(=O)CC[C@H]21,O=C1CCC2COc3cc(C4CCCC4)ccc3C2C1,5
scaffold,CC1(C)Oc2cc(C34CC5CC(CC(C5)C3)C4)cc(O)c2[C@@H]2CC(=O)CC[C@H]21,O=C1CCC2COc3cc(C45CC6CC(CC(C6)C4)C5)ccc3C2C1,5
scaffold,CC1(C)Oc2cc(CN3C4CC5CC3CC(C4)O5)cc(O)c2[C@@H]2C[C@@H](O)CC[C@H]21,c1cc2c(cc1CN1C3CC4CC1CC(C3)O4)OCC1CCCCC21,5
scaffold,CC1(C)Oc2cc(CN3C4CC5CC3CC(C4)O5)cc(O)c2[C@@H]2C[C@H](O)CC[C@H]21,c1cc2c(cc1CN1C3CC4CC1CC(C3)O4)OCC1CCCCC21,5
scaffold,CC1(C)[C@@H]2CC[C@]1(C)[C@H](NC(=O)c1nn(-c3ccc(Cl)cc3Cl)c3c1Cc1cc(C4CC4)ccc1-3)C2,O=C(NC1CC2CCC1C2)c1nn(-c2ccccc2)c2c1Cc1cc(C3CC3)ccc1-2,5
scaffold,CC1(C)[C@H]2CC[C@](C)(C2)[C@@H]1NC(=O)c1ccc(Br)c(S(=O)(=O)N2CCOCC2)c1,O=C(NC1CC2CCC1C2)c1cccc(S(=O)(=O)N2CCOCC2)c1,5
scaffold,CC1=CC[C@@H]2[C@@H](C1)c1c(O)cc(C(C)(C)C(=O)OCCCCn3ccnc3)cc1OC2(C)C,O=C(Cc1ccc2c(c1)OCC1CC=CCC21)OCCCCn1ccnc1,5
scaffold,CC1=CC[C@@H]2[C@@H](C1)c1c(O)cc(C(C)(C)c3cccs3)cc1OC2(C)C,C1=CCC2c3ccc(Cc4cccs4)cc3OCC2C1,5
scaffold,CC1=CC[C@@H]2[C@@H](C1)c1c(O)cc(C3(C(=O)OCCCCBr)CCC3)cc1OC2(C)C,C1=CCC2c3ccc(C4CCC4)cc3OCC2C1,5
scaffold,CC1=CC[C@@H]2[C@@H](C1)c1c(O)cc(C3(C(=O)OCCCCC#N)CCC3)cc1OC2(C)C,C1=CCC2c3ccc(C4CCC4)cc3OCC2C1,5
scaffold,CC1=CC[C@@H]2[C@@H](C1)c1c(O)cc(C3(C(=O)OCCCCN=[N+]=[N-])CCC3)cc1OC2(C)C,C1=CCC2c3ccc(C4CCC4)cc3OCC2C1,5
scaffold,CC1=CC[C@H]2[C@H](C1)c1c(O)cc(/C(C)=N/OCCCn3ccnc3)cc1OC2(C)C,C1=CCC2c3ccc(C=NOCCCn4ccnc4)cc3OCC2C1,5
scaffold,CC1CCN(C(=O)c2ccc3c(c2)c2c(n3S(=O)(=O)c3ccccc3)CN(C3CCCC3)C2)CC1,O=C(c1ccc2c(c1)c1c(n2S(=O)(=O)c2ccccc2)CN(C2CCCC2)C1)N1CCCCC1,5
scaffold,CCC(C)(C)NC(=O)c1nn(-c2ccc(Cl)cc2Cl)c(-n2c(C)ccc2C)c1C,c1ccc(-n2nccc2-n2cccc2)cc1,5
scaffold,CCC(C)(C)NC(=O)c1nn(-c2ccc(Cl)cc2Cl)c(-n2cccc2)c1C,c1ccc(-n2nccc2-n2cccc2)cc1,5
scaffold,CCC(C)(C)c1ccc([C@@H]2CCC[C@@H](O)C2)cc1,c1ccc(C2CCCCC2)cc1,5
scaffold,CCC(C)(C)c1ccc([C@@H]2C[C@H](O)CC[C@H]2CCCO)cc1,c1ccc(C2CCCCC2)cc1,5
scaffold,CCC(C)(C)c1ccc([C@H]2CCC[C@@H](O)C2)cc1,c1ccc(C2CCCCC2)cc1,5
scaffold,CCC(CC)(NC(=O)c1ccc(N2CC(OC)C2)c(OC[C@H]2C[C@@H]2CO)n1)C(=O)OCCCOS(=O)(=O)c1ccc(C)cc1,O=C(CNC(=O)c1ccc(N2CCC2)c(OCC2CC2)n1)OCCCOS(=O)(=O)c1ccccc1,5
scaffold,CCC(CC)(NC(=O)c1ccc(N2CC(OS(=O)(=O)c3ccc(C)cc3)C2)c(OC[C@H]2C[C@@H]2CO)n1)C(=O)OCCCF,O=S(=O)(OC1CN(c2cccnc2OCC2CC2)C1)c1ccccc1,5
scaffold,CCC1COc2c(N3CCCC3)ccc3c(=O)c(C(=O)NC45CC6CC(CC(C6)C4)C5)cn1c23,O=C(NC12CC3CC(CC(C3)C1)C2)c1cn2c3c(c(N4CCCC4)ccc3c1=O)OCC2,5
scaffold,CCCC(C)(C)c1ccc([C@@H]2CCC[C@@H](O)C2)cc1,c1ccc(C2CCCCC2)cc1,5
scaffold,CCCC(C)(C)c1ccc([C@@H]2C[C@H](O)CC[C@H]2CCCO)cc1,c1ccc(C2CCCCC2)cc1,5
scaffold,CCCC(C)(C)c1ccc([C@H]2CCC[C@@H](O)C2)cc1,c1ccc(C2CCCCC2)cc1,5
scaffold,CCCC/C=C\C1(c2cc(O)c3c(c2)OC(C)(C)[C@@H]2CCC(=O)C[C@@H]32)CCCC1,O=C1CCC2COc3cc(C4CCCC4)ccc3C2C1,5
scaffold,CCCCC(C)(C)c1ccc([C@@H]2CCC[C@@H](O)C2)cc1,c1ccc(C2CCCCC2)cc1,5
scaffold,CCCCC(C)(C)c1ccc([C@@H]2C[C@H](O)CC[C@H]2CCCO)cc1,c1ccc(C2CCCCC2)cc1,5
scaffold,CCCCC(C)(C)c1ccc([C@H]2CCC[C@@H](O)C2)cc1,c1ccc(C2CCCCC2)cc1,5
scaffold,CCCCC(NC(=O)Cc1ccccc1)NC(=O)Cc1ccccc1,O=C(Cc1ccccc1)NCNC(=O)Cc1ccccc1,5
scaffold,CCCCC/C=C\C/C=C\C/C=C\C/C=C\CCCC(=O)N1CCN(c2ccc(C)c(C)c2)CC1,c1ccc(N2CCNCC2)cc1,5
scaffold,CCCCC/C=C\C/C=C\C/C=C\C/C=C\CCCC(=O)N1CCN(c2ccc(F)cc2)CC1,c1ccc(N2CCNCC2)cc1,5
scaffold,CCCCC/C=C\C/C=C\C/C=C\C/C=C\CCCC(=O)Nc1ccc(N2CCOCC2)cc1,c1ccc(N2CCOCC2)cc1,5
scaffold,CCCCC/C=C\C/C=C\C/C=C\C/C=C\CCCC(=O)Nc1ccc2[nH]ncc2c1,c1ccc2[nH]ncc2c1,5
scaffold,CCCCCC(C)(C)c1cc(OC)c2c(c1)OC(C)(C)[C@@H]1CCC(C)=C[C@@H]21,C1=CC2c3ccccc3OCC2CC1,5
scaffold,CCCCCC(C)(C)c1ccc([C@@H]2CCC[C@@H](O)C2)cc1,c1ccc(C2CCCCC2)cc1,5
scaffold,CCCCCC(C)(C)c1ccc([C@@H]2C[C@H](O)CC[C@H]2CCCO)cc1,c1ccc(C2CCCCC2)cc1,5
scaffold,CCCCCC(C)(C)c1ccc([C@H]2CCC[C@@H](O)C2)c(OC)c1,c1ccc(C2CCCCC2)cc1,5
scaffold,CCCCCC(C)(C)c1ccc([C@H]2CCC[C@@H](O)C2)cc1,c1ccc(C2CCCCC2)cc1,5
scaffold,CCCCCC(C)(C)c1ccc([C@H]2CCC[C@H](O)C2)c(OC)c1,c1ccc(C2CCCCC2)cc1,5
scaffold,CCCCCC(NC(=O)Cc1ccccc1)NC(=O)Cc1ccccc1,O=C(Cc1ccccc1)NCNC(=O)Cc1ccccc1,5
scaffold,CCCCCC1=NN(C(=O)NC23CC4CC(CC(C4)C2)C3)CC1c1ccccc1,O=C(NC12CC3CC(CC(C3)C1)C2)N1CC(c2ccccc2)C=N1,5
scaffold,CCCCCC1=NN(C(=O)NCC23CC4CC(CC(C4)C2)C3)CC1c1ccccc1,O=C(NCC12CC3CC(CC(C3)C1)C2)N1CC(c2ccccc2)C=N1,5
scaffold,CCCCCC1=NN(C(=O)NC[C@@H]2CC[C@H]3C[C@@H]2C3(C)C)CC1c1ccccc1,O=C(NCC1CCC2CC1C2)N1CC(c2ccccc2)C=N1,5
scaffold,CCCCCCC(C)(C)c1cc(O)c2c(c1)OC(C)(C)c1cn(CCO)nc1-2,c1ccc2c(c1)OCc1c[nH]nc1-2,5
scaffold,CCCCCCC(C)(C)c1cc(O)c2c(c1)OC(C)(C)c1cn(CO)nc1-2,c1ccc2c(c1)OCc1c[nH]nc1-2,5
scaffold,CCCCCCC(C)(C)c1cc(O)c2c(c1)OC(C)(C)c1cnn(C3CCCCC3)c1-2,c1ccc2c(c1)OCc1cnn(C3CCCCC3)c1-2,5
scaffold,CCCCCCC(C)(C)c1cc(O)cc(OCCCCCCCC(=O)NC2CC2)c1,O=C(CCCCCCCOc1ccccc1)NC1CC1,5
scaffold,CCCCCCC(C)(C)c1cc(O)cc(OCCCCCCCCCCCC(=O)NCC2CC2)c1,O=C(CCCCCCCCCCCOc1ccccc1)NCC1CC1,5
scaffold,CCCCCCC(C)(C)c1cc(OC)c([C@@]2(O)CCC[C@@H](C)C2)c(OC)c1,c1ccc(C2CCCCC2)cc1,5
scaffold,CCCCCCC(C)(C)c1cc(OC)c([C@]2(O)CCC[C@@H](C)C2)c(OC)c1,c1ccc(C2CCCCC2)cc1,5
scaffold,CCCCCCC(C)(C)c1cc(OC)c2c(c1)OC(C)(C)c1cn(C)nc1-2,c1ccc2c(c1)OCc1c[nH]nc1-2,5
scaffold,CCCCCCC(C)(C)c1cc(OC)c2c(c1)OC(C)(C)c1cn(CC)nc1-2,c1ccc2c(c1)OCc1c[nH]nc1-2,5
scaffold,CCCCCCC(C)(C)c1cc(OC)cc(OCCCCCCCC(=O)NC2CC2)c1,O=C(CCCCCCCOc1ccccc1)NC1CC1,5
scaffold,CCCCCCC(C)(C)c1cc(OCCBr)c2c(c1)OC(C)(C)c1cn(CC)nc1-2,c1ccc2c(c1)OCc1c[nH]nc1-2,5
scaffold,CCCCCCC(C)(C)c1cc(OCCCBr)c2c(c1)OC(C)(C)c1cn(C)nc1-2,c1ccc2c(c1)OCc1c[nH]nc1-2,5
scaffold,CCCCCCC(C)(C)c1cc(OCCCBr)c2c(c1)OC(C)(C)c1cn(CC)nc1-2,c1ccc2c(c1)OCc1c[nH]nc1-2,5
scaffold,CCCCCCC(C)(C)c1cc(OCCCO)c2c(c1)OC(C)(C)c1cn(C)nc1-2,c1ccc2c(c1)OCc1c[nH]nc1-2,5
scaffold,CCCCCCC(C)(C)c1cc(OCCCO)c2c(c1)OC(C)(C)c1cn(CC)nc1-2,c1ccc2c(c1)OCc1c[nH]nc1-2,5
scaffold,CCCCCCC(C)(C)c1cc(OCCO)c2c(c1)OC(C)(C)c1cn(C)nc1-2,c1ccc2c(c1)OCc1c[nH]nc1-2,5
scaffold,CCCCCCC(C)(C)c1cc(OCCO)c2c(c1)OC(C)(C)c1cn(CC)nc1-2,c1ccc2c(c1)OCc1c[nH]nc1-2,5
scaffold,CCCCCCC(C)(C)c1cc(OCc2ccccc2)c2c(c1)OC(C)(C)c1cn[nH]c1-2,c1ccc(COc2cccc3c2-c2[nH]ncc2CO3)cc1,5
scaffold,CCCCCCC(C)(C)c1cc(OCc2ccccc2)c2c(c1)OC(C)(C)c1cnn(CC)c1-2,c1ccc(COc2cccc3c2-c2[nH]ncc2CO3)cc1,5
scaffold,CCCCCCC(C)(C)c1cc2c(c3c1CCCO3)-c1c(cnn1CC)C(C)(C)O2,c1n[nH]c2c1COc1ccc3c(c1-2)OCCC3,5
scaffold,CCCCCCC(C)(C)c1ccc([C@@H]2CCC[C@@H](O)C2)cc1,c1ccc(C2CCCCC2)cc1,5
scaffold,CCCCCCC(C)(C)c1ccc([C@@H]2C[C@H](O)CC[C@H]2CCCO)cc1,c1ccc(C2CCCCC2)cc1,5
scaffold,CCCCCCC(C)(C)c1ccc([C@H]2CCC[C@@H](O)C2)c(OC)c1,c1ccc(C2CCCCC2)cc1,5
scaffold,CCCCCCC(C)(C)c1ccc([C@H]2CCC[C@@H](O)C2)cc1,c1ccc(C2CCCCC2)cc1,5
scaffold,CCCCCCC(C)(C)c1ccc([C@H]2CCC[C@H](O)C2)cc1,c1ccc(C2CCCCC2)cc1,5
scaffold,CCCCCCC(C)NC(=O)c1nn(-c2ccc(Cl)cc2Cl)c(-n2c(C)ccc2C)c1C,c1ccc(-n2nccc2-n2cccc2)cc1,5
scaffold,CCCCCCC(C)NC(=O)c1nn(-c2ccc(Cl)cc2Cl)c(-n2cccc2)c1C,c1ccc(-n2nccc2-n2cccc2)cc1,5
scaffold,CCCCCCC1(c2cc(O)c3c(c2)OC(C)(C)[C@@H]2CCC(=O)C[C@@H]32)CCCC1,O=C1CCC2COc3cc(C4CCCC4)ccc3C2C1,5
scaffold,CCCCCCC1(c2cc(O)c3c(c2)OC(C)(C)[C@@H]2CC[C@@H](O)C[C@@H]32)CCC1,c1cc2c(cc1C1CCC1)OCC1CCCCC21,5
scaffold,CCCCCCCC(C)(C)c1ccc([C@@H]2CCC[C@@H](O)C2)cc1,c1ccc(C2CCCCC2)cc1,5
scaffold,CCCCCCCC(C)(C)c1ccc([C@@H]2C[C@H](O)CC[C@H]2CCCO)cc1,c1ccc(C2CCCCC2)cc1,5
scaffold,CCCCCCCC(C)(C)c1ccc([C@H]2CCC[C@@H](O)C2)cc1,c1ccc(C2CCCCC2)cc1,5
scaffold,CCCCCCCCC(C)(C)c1ccc([C@@H]2CCC[C@@H](O)C2)cc1,c1ccc(C2CCCCC2)cc1,5
scaffold,CCCCCCCCC(C)(C)c1ccc([C@@H]2C[C@H](O)CC[C@H]2CCCO)cc1,c1ccc(C2CCCCC2)cc1,5
scaffold,CCCCCCCCC(C)(C)c1ccc([C@H]2CCC[C@@H](O)C2)cc1,c1ccc(C2CCCCC2)cc1,5
scaffold,CCCCCCCCCCC[C@@H](C[C@@H]1OC(=O)[C@H]1CCCCCC)OC(=O)[C@@H]1CCCN1C=O,O=C1CC(CCOC(=O)C2CCCN2)O1,5
scaffold,CCCCCCCN(Cc1ccc(N(CC)CC)cc1)C(=O)C1CCCCC1,O=C(NCc1ccccc1)C1CCCCC1,5
scaffold,CCCCCCCNC(=O)c1nn(-c2ccc(Cl)cc2Cl)c(-n2c(C)ccc2C)c1C,c1ccc(-n2nccc2-n2cccc2)cc1,5
scaffold,CCCCCCCNC(=O)c1nn(-c2ccc(Cl)cc2Cl)c(-n2cccc2)c1C,c1ccc(-n2nccc2-n2cccc2)cc1,5
scaffold,CCCCCCCNC(=O)c1nn(-c2ccc(F)cc2F)c(-n2c(C)ccc2C)c1C,c1ccc(-n2nccc2-n2cccc2)cc1,5
scaffold,CCCCCCCNc1ccc(-c2cccs2)cc1C(=O)NC12CC3CC(CC(C3)C1)C2,O=C(NC12CC3CC(CC(C3)C1)C2)c1cccc(-c2cccs2)c1,5
scaffold,CCCCCCCNc1ccc(C(=O)c2c(-c3ccc(OC)cc3)oc3ccccc23)cc1,O=C(c1ccccc1)c1c(-c2ccccc2)oc2ccccc12,5
scaffold,CCCCCCCNc1ccccc1C(=O)NC12CC3CC(CC(C3)C1)C2,O=C(NC12CC3CC(CC(C3)C1)C2)c1ccccc1,5
scaffold,CCCCCCCc1cc(O)c2c(c1)OC(C)(C)[C@@H]1CCC(C)=C[C@@H]21,C1=CC2c3ccccc3OCC2CC1,5
scaffold,CCCCCCN1C(=O)/C(=N\NC(=O)c2ccccc2)c2ccc(OC)cc21,O=C1Nc2ccccc2C1=NNC(=O)c1ccccc1,5
scaffold,CCCCCCN1C(=O)/C(=N\NC(=O)c2ccccc2)c2ccccc21,O=C1Nc2ccccc2C1=NNC(=O)c1ccccc1,5
scaffold,CCCCCCNC(=O)c1nn(-c2ccc(Cl)cc2Cl)c(-n2cccc2)c1C,c1ccc(-n2nccc2-n2cccc2)cc1,5
scaffold,CCCCCCNC(=O)c1nn(-c2ccc(F)cc2F)c(-n2c(C)ccc2C)c1C,c1ccc(-n2nccc2-n2cccc2)cc1,5
scaffold,CCCCCCNc1ccc(-c2cccs2)cc1C(=O)NC12CC3CC(CC(C3)C1)C2,O=C(NC12CC3CC(CC(C3)C1)C2)c1cccc(-c2cccs2)c1,5
scaffold,CCCCCCNc1ccccc1C(=O)NC12CC3CC(CC(C3)C1)C2,O=C(NC12CC3CC(CC(C3)C1)C2)c1ccccc1,5
scaffold,CCCCCC[Si](C)(C)c1cc(O)c(C2CCCCC2)c(O)c1,c1ccc(C2CCCCC2)cc1,5
scaffold,CCCCCC[Si](C)(C)c1cc(O)c(C2CCCCC2)c(OC)c1,c1ccc(C2CCCCC2)cc1,5
scaffold,CCCCCC[Si](C)(C)c1cc(O)c2c(c1)OC(C)(C)[C@@H]1CCC(C)=C[C@@H]21,C1=CC2c3ccccc3OCC2CC1,5
scaffold,CCCCCCc1c(O)cccc1OCCCCCCCC(=O)NC1CC1,O=C(CCCCCCCOc1ccccc1)NC1CC1,5
scaffold,CCCCCCc1ccc(OCCCCCCCC(=O)NC2CC2)cc1O,O=C(CCCCCCCOc1ccccc1)NC1CC1,5
scaffold,CCCCCN1N=C(C(=O)N[C@H]2C[C@H]3CC[C@]2(C)C3(C)C)CC1c1ccccc1,O=C(NC1CC2CCC1C2)C1=NNC(c2ccccc2)C1,5
scaffold,CCCCCN1N=C(C(=O)N[C@H]2C[C@H]3CC[C@]2(C)C3(C)C)CC1c1ccccc1F,O=C(NC1CC2CCC1C2)C1=NNC(c2ccccc2)C1,5
scaffold,CCCCCNC(=O)c1nn(-c2ccc(Cl)cc2Cl)c(-n2c(C)ccc2C)c1C,c1ccc(-n2nccc2-n2cccc2)cc1,5
scaffold,CCCCCNC(=O)c1nn(-c2ccc(Cl)cc2Cl)c(-n2cccc2)c1C,c1ccc(-n2nccc2-n2cccc2)cc1,5
scaffold,CCCCCNc1ccc(-c2cccs2)cc1C(=O)NC12CC3CC(CC(C3)C1)C2,O=C(NC12CC3CC(CC(C3)C1)C2)c1cccc(-c2cccs2)c1,5
scaffold,CCCCCNc1ccc(Br)cc1C(=O)NC12CC3CC(CC(C3)C1)C2,O=C(NC12CC3CC(CC(C3)C1)C2)c1ccccc1,5
scaffold,CCCCCNc1ccc(C(=O)c2c(-c3ccc(OC)cc3)oc3ccccc23)cc1,O=C(c1ccccc1)c1c(-c2ccccc2)oc2ccccc12,5
scaffold,CCCCCNc1ccccc1C(=O)NC12CC3CC(CC(C3)C1)C2,O=C(NC12CC3CC(CC(C3)C1)C2)c1ccccc1,5
scaffold,CCCCCOc1c(OC)ccc2c(=O)n(CCc3ccncc3)ccc12,O=c1c2ccccc2ccn1CCc1ccncc1,5
scaffold,CCCCCOc1cc(/C=C/C(=O)NCCc2ccc(O)cc2)ccc1OC,O=C(C=Cc1ccccc1)NCCc1ccccc1,5
scaffold,CCCCCOc1ccc(C(=O)c2cccc3ccccc23)c2ccccc12,O=C(c1cccc2ccccc12)c1cccc2ccccc12,5
scaffold,CCCCCOc1ccccc1-c1cc(C(=O)NC23CC4CC(CC2C4)C3)no1,O=C(NC12CC3CC(CC1C3)C2)c1cc(-c2ccccc2)on1,5
scaffold,CCCCCOc1ccccc1-c1cc(C(=O)NC2CCC2)no1,O=C(NC1CCC1)c1cc(-c2ccccc2)on1,5
scaffold,CCCCCOc1ccccc1C(=O)NC12CC3CC(CC(C3)C1)C2,O=C(NC12CC3CC(CC(C3)C1)C2)c1ccccc1,5
scaffold,CCCCCOc1nn(CCCCC)c2ccc([N+](=O)[O-])cc12,c1ccc2[nH]ncc2c1,5
scaffold,CCCCCSc1cc(/C=C/C(=O)NCCc2ccc(O)cc2)ccc1OC,O=C(C=Cc1ccccc1)NCCc1ccccc1,5
scaffold,CCCCCc1cc(O)c2c(c1)OC(C)(C)[C@@H]1CCC(C)=C[C@H]21,C1=CC2c3ccccc3OCC2CC1,5
scaffold,CCCCCc1cc(O)c2c(c1)OC(C)(C)[C@@H]1C[C@@H](O)C(C)=C[C@@H]21,C1=CC2c3ccccc3OCC2CC1,5
scaffold,CCCCCc1cc(O)c2c(c1)OC(C)(C)[C@@H]1C[C@H](O)C(C)=C[C@@H]21,C1=CC2c3ccccc3OCC2CC1,5
scaffold,CCCCCc1cc(O)c2c(c1)OC(C)(C)[C@H]1CCC(C)=C[C@@H]21,C1=CC2c3ccccc3OCC2CC1,5
scaffold,CCCCCc1cc(O)cc(OCCCCCCCC(=O)NC2CC2)c1,O=C(CCCCCCCOc1ccccc1)NC1CC1,5
scaffold,CCCCCc1cc(OC)c2cc(Cc3ccccn3)c(=O)oc2c1,O=c1oc2ccccc2cc1Cc1ccccn1,5
scaffold,CCCCCc1cc2c(c(O)c1C(=O)O)[C@@H]1C=C(C)CC[C@H]1C(C)(C)O2,C1=CC2c3ccccc3OCC2CC1,5
scaffold,CCCCCc1cc2c(c(O)c1C(=O)O)[C@@H]1C=C(COC(C)=O)CC[C@H]1C(C)(C)O2,C1=CC2c3ccccc3OCC2CC1,5
scaffold,CCCCCn1/c(=N\C(=O)C23CC4CC(CC(C4)C2)C3)sc2ccccc21,O=C(N=c1[nH]c2ccccc2s1)C12CC3CC(CC(C3)C1)C2,5
scaffold,CCCCCn1c(=O)sc2cc(C(=O)C3CCCCC3)ccc21,O=C(c1ccc2[nH]c(=O)sc2c1)C1CCCCC1,5
scaffold,CCCCCn1c(=O)sc2cc(C(O)C34CC5CC(CC(C5)C3)C4)ccc21,O=c1[nH]c2ccc(CC34CC5CC(CC(C5)C3)C4)cc2s1,5
scaffold,CCCCCn1c(=O)sc2cc(C(OC)C34CC5CC(CC(C5)C3)C4)ccc21,O=c1[nH]c2ccc(CC34CC5CC(CC(C5)C3)C4)cc2s1,5
scaffold,CCCCCn1c(=O)sc2cc(CC34CC5CC(CC(C5)C3)C4)ccc21,O=c1[nH]c2ccc(CC34CC5CC(CC(C5)C3)C4)cc2s1,5
scaffold,CCCCCn1c(=O)sc2ccc(C(=O)C34CC5CC(CC(C5)C3)C4)cc21,O=C(c1ccc2sc(=O)[nH]c2c1)C12CC3CC(CC(C3)C1)C2,5
scaffold,CCCCCn1c2ccccc2c2cc(C(=O)CN3CCCCC3)ccc21,O=C(CN1CCCCC1)c1ccc2[nH]c3ccccc3c2c1,5
scaffold,CCCCCn1c2ccccc2c2cc(C(=O)NN3CCCCC3)ccc21,O=C(NN1CCCCC1)c1ccc2[nH]c3ccccc3c2c1,5
scaffold,CCCCCn1c2ccccc2c2cc(C(=O)c3ccccc3)ccc21,O=C(c1ccccc1)c1ccc2[nH]c3ccccc3c2c1,5
scaffold,CCCCCn1cc(-c2cn(C34CC5CC(CC(C5)C3)C4)nn2)c(=O)c2cc(-c3ccco3)ccc21,O=c1c(-c2cn(C34CC5CC(CC(C5)C3)C4)nn2)c[nH]c2ccc(-c3ccco3)cc12,5
scaffold,CCCCCn1cc(C(=O)NC23CC4CC(CC(C4)C2)C3)c(=O)c(C2CC2)c1C,O=C(NC12CC3CC(CC(C3)C1)C2)c1c[nH]cc(C2CC2)c1=O,5
scaffold,CCCCCn1cc(C(=O)NC23CC4CC(CC(C4)C2)C3)c(=O)c2cc(-c3ccc(Cl)s3)ccc21,O=C(NC12CC3CC(CC(C3)C1)C2)c1c[nH]c2ccc(-c3cccs3)cc2c1=O,5
scaffold,CCCCCn1cc(C(=O)NC23CC4CC(CC(C4)C2)C3)c(=O)c2cc(-c3ccc(OC)nc3)ccc21,O=C(NC12CC3CC(CC(C3)C1)C2)c1c[nH]c2ccc(-c3cccnc3)cc2c1=O,5
scaffold,CCCCCn1cc(C(=O)NC23CC4CC(CC(C4)C2)C3)c(=O)c2cc(-c3cccs3)ccc21,O=C(NC12CC3CC(CC(C3)C1)C2)c1c[nH]c2ccc(-c3cccs3)cc2c1=O,5
scaffold,CCCCCn1cc(C(=O)NC23CC4CC(CC(C4)C2)C3)c(=O)c2cc(-n3ccnc3)ccc21,O=C(NC12CC3CC(CC(C3)C1)C2)c1c[nH]c2ccc(-n3ccnc3)cc2c1=O,5
scaffold,CCCCCn1cc(C(=O)NC23CC4CC(CC(C4)C2)C3)c(=O)c2cc(Sc3ccccc3)ccc21,O=C(NC12CC3CC(CC(C3)C1)C2)c1c[nH]c2ccc(Sc3ccccc3)cc2c1=O,5
scaffold,CCCCCn1cc(C(=O)NC23CC4CC(CC(C4)C2)C3)c(=O)n2nc(-c3ccco3)cc12,O=C(NC12CC3CC(CC(C3)C1)C2)c1c[nH]c2cc(-c3ccco3)nn2c1=O,5
scaffold,CCCCCn1cc(C(=O)NC23CC4CC(CC(C4)C2)C3)c(=O)n2nc(N3CCOCC3)nc12,O=C(NC12CC3CC(CC(C3)C1)C2)c1c[nH]c2nc(N3CCOCC3)nn2c1=O,5
scaffold,CCCCCn1cc(C(=O)NC2C3CC4CC(C3)CC2C4)c(=O)c2ccccc21,O=C(NC1C2CC3CC(C2)CC1C3)c1c[nH]c2ccccc2c1=O,5
scaffold,CCCCCn1cc(C(=O)NC2CCCCC2)c(=O)c2cc(Br)ccc21,O=C(NC1CCCCC1)c1c[nH]c2ccccc2c1=O,5
scaffold,CCCCCn1cc(C(=O)NC2CCCCC2)c(=O)n2nc(-c3ccc(C)cc3)cc12,O=C(NC1CCCCC1)c1c[nH]c2cc(-c3ccccc3)nn2c1=O,5
scaffold,CCCCCn1cc(C(=O)NC2CCCCC2)c(=O)n2nc(-c3ccc(C)cc3)nc12,O=C(NC1CCCCC1)c1c[nH]c2nc(-c3ccccc3)nn2c1=O,5
scaffold,CCCCCn1cc(C(=O)NC2CCCCC2)c(=O)n2nc(-c3ccc(Cl)cc3)cc12,O=C(NC1CCCCC1)c1c[nH]c2cc(-c3ccccc3)nn2c1=O,5
scaffold,CCCCCn1cc(C(=O)NC2CCCCC2)c(=O)n2nc(-c3ccc(Cl)cc3)nc12,O=C(NC1CCCCC1)c1c[nH]c2nc(-c3ccccc3)nn2c1=O,5
scaffold,CCCCCn1cc(C(=O)NC2CCCCC2)c(=O)n2nc(-c3ccc(Cl)cc3Cl)cc12,O=C(NC1CCCCC1)c1c[nH]c2cc(-c3ccccc3)nn2c1=O,5
scaffold,CCCCCn1cc(C(=O)NC2CCCCC2)c(=O)n2nc(-c3ccc(OC)cc3)nc12,O=C(NC1CCCCC1)c1c[nH]c2nc(-c3ccccc3)nn2c1=O,5
scaffold,CCCCCn1cc(C(=O)NC2CCCCC2)c(=O)n2nc(-c3ccccc3)cc12,O=C(NC1CCCCC1)c1c[nH]c2cc(-c3ccccc3)nn2c1=O,5
scaffold,CCCCCn1cc(C(=O)NC2CCCCC2)c(=O)n2nc(-c3ccccc3)nc12,O=C(NC1CCCCC1)c1c[nH]c2nc(-c3ccccc3)nn2c1=O,5
scaffold,CCCCCn1cc(C(=O)NC2CCCCC2)c(=O)n2nc(-c3ccccc3C)cc12,O=C(NC1CCCCC1)c1c[nH]c2cc(-c3ccccc3)nn2c1=O,5
scaffold,CCCCCn1cc(C(=O)NC2CCCCC2)c(=O)n2nc(-c3ccccc3Cl)cc12,O=C(NC1CCCCC1)c1c[nH]c2cc(-c3ccccc3)nn2c1=O,5
scaffold,CCCCCn1cc(C(=O)NC2CCCCCC2)c(=O)n2nc(C(C)(C)C)cc12,O=C(NC1CCCCCC1)c1c[nH]c2ccnn2c1=O,5
scaffold,CCCCCn1cc(C(=O)NC2CCCCCC2)c(=O)n2nc(C)cc12,O=C(NC1CCCCCC1)c1c[nH]c2ccnn2c1=O,5
scaffold,CCCCCn1cc(C(=O)NC2CCCCCC2)c(=O)n2nc(CC)cc12,O=C(NC1CCCCCC1)c1c[nH]c2ccnn2c1=O,5
scaffold,CCCCCn1cc(C(=O)NC2CCCCCC2)c(=O)n2nc(N3CCN(C)CC3)nc12,O=C(NC1CCCCCC1)c1c[nH]c2nc(N3CCNCC3)nn2c1=O,5
scaffold,CCCCCn1cc(C(=O)NC2CCCc3ccccc32)c(=O)c2cc(Cl)ccc21,O=C(NC1CCCc2ccccc21)c1c[nH]c2ccccc2c1=O,5
scaffold,CCCCCn1cc(C(=O)c2ccc3c(c2)CC(C)(C)C3)c2ccccc21,O=C(c1ccc2c(c1)CCC2)c1c[nH]c2ccccc12,5
scaffold,CCCCCn1cc(C(=O)c2cccc3ccccc23)cc1-c1cccc2ccccc12,O=C(c1c[nH]c(-c2cccc3ccccc23)c1)c1cccc2ccccc12,5
scaffold,CCCCCn1cc(NC(=O)C23CC4CC(CC(C4)C2)C3)c(=O)c2ccccc21,O=C(Nc1c[nH]c2ccccc2c1=O)C12CC3CC(CC(C3)C1)C2,5
scaffold,CCCCCn1cc2c(=O)n(CC34CC5CC(CC(C5)C3)C4)nc-2c2ccccc21,O=c1c2c[nH]c3ccccc3c-2nn1CC12CC3CC(CC(C3)C1)C2,5
scaffold,CCCCCn1nc(OCc2ccc(OC)cc2)c2cc([N+](=O)[O-])ccc21,c1ccc(COc2n[nH]c3ccccc23)cc1,5
scaffold,CCCCN1C(=O)/C(=N\NC(=O)c2ccccc2)c2ccccc21,O=C1Nc2ccccc2C1=NNC(=O)c1ccccc1,5
scaffold,CCCCNC(=O)c1nn(-c2ccc(Cl)cc2Cl)c(-n2c(C)ccc2C)c1C,c1ccc(-n2nccc2-n2cccc2)cc1,5
scaffold,CCCCNC(=O)c1nn(-c2ccc(Cl)cc2Cl)c(-n2cccc2)c1C,c1ccc(-n2nccc2-n2cccc2)cc1,5
scaffold,CCCCOC(=O)C1(c2cc(O)c3c(c2)OC(C)(C)[C@@H]2CC=C(C)C[C@@H]32)CCC1,C1=CCC2c3ccc(C4CCC4)cc3OCC2C1,5
scaffold,CCCC[Si](C)(C)c1cc(O)c(C2CCCCC2)c(O)c1,c1ccc(C2CCCCC2)cc1,5
scaffold,CCCC[Si](C)(C)c1cc(O)c(C2CCCCC2)c(OC)c1,c1ccc(C2CCCCC2)cc1,5
scaffold,CCCC[Si](C)(C)c1cc(O)c2c(c1)OC(C)(C)[C@@H]1CCC(C)=C[C@@H]21,C1=CC2c3ccccc3OCC2CC1,5
scaffold,CCCCc1cc(-c2ccc(F)cc2)cc(C(=O)NC2CCCCCC2)c1OC,O=C(NC1CCCCCC1)c1cccc(-c2ccccc2)c1,5
scaffold,CCCCc1cc(-c2ccc(F)cc2)cc(C(=O)N[C@H]2CC[C@@H](C)CC2)c1OC,O=C(NC1CCCCC1)c1cccc(-c2ccccc2)c1,5
scaffold,CCCCc1cc(-c2ccc(F)cc2)cc(C(=O)N[C@H]2CC[C@H](C)CC2)c1OC,O=C(NC1CCCCC1)c1cccc(-c2ccccc2)c1,5
scaffold,CCCCc1cc(-c2ccc(OC)cc2)cc(C(=O)N[C@H]2CC[C@@H](C)CC2)c1OC,O=C(NC1CCCCC1)c1cccc(-c2ccccc2)c1,5
scaffold,CCCCc1cc(-c2ccc(OC)cc2)cc(C(=O)N[C@H]2CC[C@H](C)CC2)c1OC,O=C(NC1CCCCC1)c1cccc(-c2ccccc2)c1,5
scaffold,CCCCc1cc(-c2ccccc2)cc(C(=O)NC2CCCCCC2)c1OC,O=C(NC1CCCCCC1)c1cccc(-c2ccccc2)c1,5
scaffold,CCCCc1cc(-c2ccccc2)cc(C(=O)N[C@H]2CC[C@@H](C)CC2)c1OC,O=C(NC1CCCCC1)c1cccc(-c2ccccc2)c1,5
scaffold,CCCCc1cc(-c2ccccc2)cc(C(=O)N[C@H]2CC[C@H](C)CC2)c1OC,O=C(NC1CCCCC1)c1cccc(-c2ccccc2)c1,5
scaffold,CCCCc1cc(O)c2c(c1)OC(C)(C)[C@@H]1CCC(C)=C[C@@H]21,C1=CC2c3ccccc3OCC2CC1,5
scaffold,CCCCc1sc(NC(=O)C23CC4CC(CC(C4)C2)C3)c(C(=O)OC)c1C,O=C(Nc1cccs1)C12CC3CC(CC(C3)C1)C2,5
scaffold,CCCCn1/c(=N/C(=O)c2cc(C(F)(F)F)ccc2OCC(C)(C)O)sc2ccncc21,O=C(N=c1[nH]c2cnccc2s1)c1ccccc1,5
scaffold,CCCCn1/c(=N/C(=O)c2cc(C(F)(F)F)ccc2OCCC(C)(C)O)sc2ccncc21,O=C(N=c1[nH]c2cnccc2s1)c1ccccc1,5
scaffold,CCCCn1/c(=N/C(=O)c2cc(C(F)(F)F)ccc2OCCNC(C)=O)sc2ccncc21,O=C(N=c1[nH]c2cnccc2s1)c1ccccc1,5
scaffold,CCCCn1/c(=N/C(=O)c2cc(C(F)(F)F)ccc2OC[C@@H](C)O)sc2ccncc21,O=C(N=c1[nH]c2cnccc2s1)c1ccccc1,5
scaffold,CCCCn1/c(=N/C(=O)c2cc(C(F)(F)F)ccc2OC[C@H](C)O)sc2ccncc21,O=C(N=c1[nH]c2cnccc2s1)c1ccccc1,5
scaffold,CCCCn1/c(=N/C(=O)c2cc(C(F)(F)F)ccc2ONC(C)(C)C)sc2ccncc21,O=C(N=c1[nH]c2cnccc2s1)c1ccccc1,5
scaffold,CCCCn1c(C(=O)OC)c(C(C)C)s/c1=N\C(=O)c1cc(C(F)(F)F)ccc1NC(C)(C)C,O=C(N=c1[nH]ccs1)c1ccccc1,5
scaffold,CCCCn1c(C)c(C)cc(NC(=O)c2cccc(C)c2)c1=O,O=C(Nc1ccc[nH]c1=O)c1ccccc1,5
scaffold,CCCCn1c(C)c(C)cc(NC(=O)c2ccccc2F)c1=O,O=C(Nc1ccc[nH]c1=O)c1ccccc1,5
scaffold,CCCCn1c2c(cc(C(=O)NC(C)C)c1=O)CCCCCC2,O=c1ccc2c([nH]1)CCCCCC2,5
scaffold,CCCCn1c2c(cc(C(=O)NC3CCN(C)CC3)c1=O)CCCCCC2,O=C(NC1CCNCC1)c1cc2c([nH]c1=O)CCCCCC2,5
scaffold,CCCCn1c2c(cc(C(N)=O)c1=O)CCCCCC2,O=c1ccc2c([nH]1)CCCCCC2,5
scaffold,CCCCn1cc(C(=O)N[C@@H](Cc2ccccc2)C(N)=O)c2ccccc21,O=C(NCCc1ccccc1)c1c[nH]c2ccccc12,5
scaffold,CCCCn1cc(C(C)(C)C)s/c1=N\C(=O)c1cc(C(F)(F)F)ccc1NNC(=O)c1cccnc1,O=C(NNc1ccccc1C(=O)N=c1[nH]ccs1)c1cccnc1,5
scaffold,CCCCn1cc(C(C)(C)C)s/c1=N\C(=O)c1cc(C(F)(F)F)ccc1OCC(C)(C)O,O=C(N=c1[nH]ccs1)c1ccccc1,5
scaffold,CCCCn1cc(C(C)(C)C)s/c1=N\C(=O)c1cc(C(F)(F)F)ccc1ONC(C)(C)C,O=C(N=c1[nH]ccs1)c1ccccc1,5
scaffold,CCCCn1cc(C(C)(C)C)s/c1=N\C(=O)c1cc(Cl)ccc1OCC(N)=O,O=C(N=c1[nH]ccs1)c1ccccc1,5
scaffold,CCCCn1nc(C(=O)N[C@H](C(N)=O)C(C)(C)C)c2ccccc21,c1ccc2[nH]ncc2c1,5
scaffold,CCCCn1nc(C(=O)N[C@H](C(N)=O)C(C)C)c2ccccc21,c1ccc2[nH]ncc2c1,5
scaffold,CCCCn1nc(C(C)(C)C)s/c1=N/C(=O)c1cc(C(F)(F)F)ccc1N(C)N(C)C(=O)OC(C)(C)C,O=C(N=c1[nH]ncs1)c1ccccc1,5
scaffold,CCCCn1nc(C(C)(C)C)s/c1=N/C(=O)c1cc(C(F)(F)F)ccc1NNC(=O)OC,O=C(N=c1[nH]ncs1)c1ccccc1,5
scaffold,CCCCn1nc(C(C)(C)C)s/c1=N/C(=O)c1cc(C(F)(F)F)ccc1NNC(=O)OC(C)(C)C,O=C(N=c1[nH]ncs1)c1ccccc1,5
scaffold,CCCCn1nc(C(C)(C)C)s/c1=N/C(=O)c1cc(C(F)(F)F)ccc1O/N=C(\CC)C(=O)ON,O=C(N=c1[nH]ncs1)c1ccccc1,5
scaffold,CCCCn1nc(C(C)(C)C)s/c1=N/C(=O)c1cc(C(F)(F)F)ccc1ON(C)C,O=C(N=c1[nH]ncs1)c1ccccc1,5
scaffold,CCCCn1nc(C(C)(C)C)s/c1=N/C(=O)c1cc(C(F)(F)F)ccc1ONC(=O)OC(C)(C)C,O=C(N=c1[nH]ncs1)c1ccccc1,5
scaffold,CCCCn1nc(C(C)(C)C)s/c1=N\C(=O)c1cc(C(F)(F)F)ccc1/N=N/C(C)(C)C,O=C(N=c1[nH]ncs1)c1ccccc1,5
scaffold,CCCCn1nc(C(C)(C)C)s/c1=N\C(=O)c1cc(C(F)(F)F)ccc1NN=C(C)C,O=C(N=c1[nH]ncs1)c1ccccc1,5
scaffold,CCCCn1nc(C(C)(C)C)s/c1=N\C(=O)c1cc(C(F)(F)F)ccc1NNC(=O)C(C)(C)C,O=C(N=c1[nH]ncs1)c1ccccc1,5
scaffold,CCCCn1nc(C(C)(C)C)s/c1=N\C(=O)c1cc(C(F)(F)F)ccc1NNC(N)=O,O=C(N=c1[nH]ncs1)c1ccccc1,5
scaffold,CCCCn1nc(C(C)(C)C)s/c1=N\C(=O)c1cc(C(F)(F)F)ccc1O/N=C(\C)C(C)(C)C,O=C(N=c1[nH]ncs1)c1ccccc1,5
scaffold,CCCCn1nc(C(C)(C)C)s/c1=N\C(=O)c1cc(C(F)(F)F)ccc1O/N=C(\C)C(C)=O,O=C(N=c1[nH]ncs1)c1ccccc1,5
scaffold,CCCCn1nc(C(C)(C)C)s/c1=N\C(=O)c1cc(C(F)(F)F)ccc1O/N=C(\C)C(F)(F)F,O=C(N=c1[nH]ncs1)c1ccccc1,5
scaffold,CCCCn1nc(C(C)(C)C)s/c1=N\C(=O)c1cc(C(F)(F)F)ccc1O/N=C(\C)N,O=C(N=c1[nH]ncs1)c1ccccc1,5
scaffold,CCCCn1nc(C(C)(C)C)s/c1=N\C(=O)c1cc(C(F)(F)F)ccc1O/N=C(\N)C(C)(C)C,O=C(N=c1[nH]ncs1)c1ccccc1,5
scaffold,CCCCn1nc(C(C)(C)C)s/c1=N\C(=O)c1cc(C(F)(F)F)ccc1O/N=C(\N)C(C)C,O=C(N=c1[nH]ncs1)c1ccccc1,5
scaffold,CCCCn1nc(C(C)(C)C)s/c1=N\C(=O)c1cc(C(F)(F)F)ccc1O/N=C(\N)C1CC1,O=C(N=c1[nH]ncs1)c1ccccc1ON=CC1CC1,5
scaffold,CCCCn1nc(C(C)(C)C)s/c1=N\C(=O)c1cc(C(F)(F)F)ccc1O/N=C(\N)CC,O=C(N=c1[nH]ncs1)c1ccccc1,5
scaffold,CCCCn1nc(C(C)(C)C)s/c1=N\C(=O)c1cc(C(F)(F)F)ccc1ON=C(C)C,O=C(N=c1[nH]ncs1)c1ccccc1,5
scaffold,CCCCn1nc(C(C)(C)C)s/c1=N\C(=O)c1cc(C(F)(F)F)ccc1ONC(=O)C(C)(C)C,O=C(N=c1[nH]ncs1)c1ccccc1,5
scaffold,CCCCn1nc(C(C)(C)C)s/c1=N\C(=O)c1cc(C(F)(F)F)ccc1ONC(C)(C)C,O=C(N=c1[nH]ncs1)c1ccccc1,5
scaffold,CCCCn1nc(C(C)(C)C)s/c1=N\C(=O)c1cc(C(F)(F)F)ccc1ONC(C)=O,O=C(N=c1[nH]ncs1)c1ccccc1,5
scaffold,CCCCn1nc(C(C)(C)C)s/c1=N\C(=O)c1cc(C(F)(F)F)ccc1ONC(C)C,O=C(N=c1[nH]ncs1)c1ccccc1,5
scaffold,CCCCn1nc(C(C)(C)C)s/c1=N\C(=O)c1cc(Cl)ccc1ONC(C)(C)C,O=C(N=c1[nH]ncs1)c1ccccc1,5
scaffold,CCCCn1nc(C(C)(C)C)s/c1=N\C(=O)c1ccc(C(F)(F)F)cc1ONC(C)(C)C,O=C(N=c1[nH]ncs1)c1ccccc1,5
scaffold,CCCCn1nc(C2(C)CC2)s/c1=N\C(=O)c1cc(C(F)(F)F)ccc1ONC(C)(C)C,O=C(N=c1[nH]nc(C2CC2)s1)c1ccccc1,5
scaffold,CCCNC(=O)c1c(NC(=O)C23CC4CC(CC2C4)C3)sc2c1CCCC2,O=C(Nc1cc2c(s1)CCCC2)C12CC3CC(CC1C3)C2,5
scaffold,CCCNC(=O)c1c(NC(=O)C2CC3CCC2C3)sc2c1CCOC2,O=C(Nc1cc2c(s1)COCC2)C1CC2CCC1C2,5
scaffold,CCCNC(=O)c1c(NC(=O)c2c(F)cccc2C(F)(F)F)sc2c1CCOC2,O=C(Nc1cc2c(s1)COCC2)c1ccccc1,5
scaffold,CCCNC(=O)c1nn(-c2ccc(Cl)cc2Cl)c(-n2c(C)ccc2C)c1C,c1ccc(-n2nccc2-n2cccc2)cc1,5
scaffold,CCCNC(=O)c1nn(-c2ccc(Cl)cc2Cl)c(-n2cccc2)c1C,c1ccc(-n2nccc2-n2cccc2)cc1,5
scaffold,CCCc1c(C)sc(NC(=O)C23CC4CC(CC(C4)C2)C3)c1C(=O)OC,O=C(Nc1cccs1)C12CC3CC(CC(C3)C1)C2,5
scaffold,CCCc1cc(C(=O)OC)c(NC(=O)C23CC4CC(CC(C4)C2)C3)s1,O=C(Nc1cccs1)C12CC3CC(CC(C3)C1)C2,5
scaffold,CCCc1cc(O)c2c(c1)OC(C)(C)[C@@H]1CCC(C(=O)O)=C[C@@H]21,C1=CC2c3ccccc3OCC2CC1,5
scaffold,CCCc1cc(O)c2c(c1)OC(C)(C)[C@@H]1CCC(CO)=C[C@@H]21,C1=CC2c3ccccc3OCC2CC1,5
scaffold,CCCc1cc(O)c2c(c1)OC(C)(C)[C@@H]1C[C@H](O)C(C)=C[C@@H]21,C1=CC2c3ccccc3OCC2CC1,5
scaffold,CCCc1ccc(/N=C2\SCC3(CCCCC3)CN2C(=S)SC)cc1,c1ccc(N=C2NCC3(CCCCC3)CS2)cc1,5
scaffold,CCCc1sc(NC(=O)C23CC4CC(CC(C4)C2)C3)c(C(=O)O[11CH3])c1C,O=C(Nc1cccs1)C12CC3CC(CC(C3)C1)C2,5
scaffold,CCCn1cc(C(=O)c2ccc3c(c2)CC(C)(C)C3)c2ccccc21,O=C(c1ccc2c(c1)CCC2)c1c[nH]c2ccccc12,5
scaffold,CCN(CC)C(=O)c1ccc2c(c1)nc(Cc1ccc(OC3CCCC3)cc1)n2CCC(C)C,c1ccc2[nH]c(Cc3ccc(OC4CCCC4)cc3)nc2c1,5
scaffold,CCN(CC)S(=O)(=O)N/C(=N\C)N1CC(c2cccnc2)C(c2ccc(Cl)cc2)=N1,c1ccc(C2=NNCC2c2cccnc2)cc1,5
scaffold,CCN(CC)c1ccc(C(NC(=O)CCc2ccccc2)NC(=O)CCc2ccccc2)cc1,O=C(CCc1ccccc1)NC(NC(=O)CCc1ccccc1)c1ccccc1,5
scaffold,CCN(CC)c1ccc(CN(CC2CCCCC2)S(=O)(=O)c2ccc(C)cc2)cc1,O=S(=O)(c1ccccc1)N(Cc1ccccc1)CC1CCCCC1,5
scaffold,CCN(CC)c1ccc(CN(c2ccc(C)cc2)S(=O)(=O)c2ccc(C(C)C)cc2)cc1,O=S(=O)(c1ccccc1)N(Cc1ccccc1)c1ccccc1,5
scaffold,CCN(CC)c1ccc(CN(c2ccc(C)cc2)S(=O)(=O)c2ccc(C)cc2)cc1,O=S(=O)(c1ccccc1)N(Cc1ccccc1)c1ccccc1,5
scaffold,CCN(CC)c1ccc(CN(c2ccc(C)cc2)S(=O)(=O)c2ccc(Cl)cc2)cc1,O=S(=O)(c1ccccc1)N(Cc1ccccc1)c1ccccc1,5
scaffold,CCN(CC)c1ccc(CN(c2ccc(C)cc2)S(=O)(=O)c2ccc(F)cc2)cc1,O=S(=O)(c1ccccc1)N(Cc1ccccc1)c1ccccc1,5
scaffold,CCN(CC)c1ccc(CN(c2ccc(C)cc2)S(=O)(=O)c2ccc(OC)cc2)cc1,O=S(=O)(c1ccccc1)N(Cc1ccccc1)c1ccccc1,5
scaffold,CCN(CC)c1ccc(CN(c2ccc(C)cc2)S(=O)(=O)c2cccc(C)c2)cc1,O=S(=O)(c1ccccc1)N(Cc1ccccc1)c1ccccc1,5
scaffold,CCN(CC)c1ccc(CN(c2ccc(C)cc2)S(=O)(=O)c2ccccc2)cc1,O=S(=O)(c1ccccc1)N(Cc1ccccc1)c1ccccc1,5
scaffold,CCN(CC)c1ccc(CN(c2ccc(Cl)cc2)S(=O)(=O)c2ccc(C(C)C)cc2)cc1,O=S(=O)(c1ccccc1)N(Cc1ccccc1)c1ccccc1,5
scaffold,CCN(CC)c1ccc(CN(c2ccc(Cl)cc2)S(=O)(=O)c2ccc(C)cc2)cc1,O=S(=O)(c1ccccc1)N(Cc1ccccc1)c1ccccc1,5
scaffold,CCN(CC)c1ccc(CN(c2ccc(Cl)cc2)S(=O)(=O)c2ccc(Cl)cc2)cc1,O=S(=O)(c1ccccc1)N(Cc1ccccc1)c1ccccc1,5
scaffold,CCN(CC)c1ccc(CN(c2ccc(Cl)cc2)S(=O)(=O)c2ccc(F)cc2)cc1,O=S(=O)(c1ccccc1)N(Cc1ccccc1)c1ccccc1,5
scaffold,CCN(CC)c1ccc(CN(c2ccc(Cl)cc2)S(=O)(=O)c2ccc(OC)cc2)cc1,O=S(=O)(c1ccccc1)N(Cc1ccccc1)c1ccccc1,5
scaffold,CCN(CC)c1ccc(CN(c2ccc(Cl)cc2)S(=O)(=O)c2cccc(C)c2)cc1,O=S(=O)(c1ccccc1)N(Cc1ccccc1)c1ccccc1,5
scaffold,CCN(CC)c1ccc(CN(c2ccc(Cl)cc2)S(=O)(=O)c2ccccc2)cc1,O=S(=O)(c1ccccc1)N(Cc1ccccc1)c1ccccc1,5
scaffold,CCN(CC)c1ccc(CN(c2ccccc2)S(=O)(=O)c2ccc(C(C)C)cc2)cc1,O=S(=O)(c1ccccc1)N(Cc1ccccc1)c1ccccc1,5
scaffold,CCN(CC)c1ccc(CN(c2ccccc2)S(=O)(=O)c2ccc(C)cc2)cc1,O=S(=O)(c1ccccc1)N(Cc1ccccc1)c1ccccc1,5
scaffold,CCN(CC)c1ccc(CN(c2ccccc2)S(=O)(=O)c2ccc(OC)cc2)cc1,O=S(=O)(c1ccccc1)N(Cc1ccccc1)c1ccccc1,5
scaffold,CCN(CC)c1ccc(CNc2ccc(Cl)cc2)cc1,c1ccc(CNc2ccccc2)cc1,5
scaffold,CCN1CCCC1Cn1c2c(cc(C(=O)NC3(C(=O)O)CCCCC3)c1=O)CCCCCC2,O=C(NC1CCCCC1)c1cc2c(n(CC3CCCN3)c1=O)CCCCCC2,5
scaffold,CCOC(=O)c1c(NC(=O)c2cccc3ccccc23)sc2c1CCCC2,O=C(Nc1cc2c(s1)CCCC2)c1cccc2ccccc12,5
scaffold,CCOC(=O)c1cc(-c2ccccc2)sc1NC(=O)c1cccc2ccccc12,O=C(Nc1ccc(-c2ccccc2)s1)c1cccc2ccccc12,5
scaffold,CCOc1ccc(Cc2nc3cc(C(=O)N(CC)CC)ccc3n2CC2CCCC2)cc1,c1ccc(Cc2nc3ccccc3n2CC2CCCC2)cc1,5
scaffold,CCOc1ccc(Cc2nc3cc(C(=O)N(CC)CC)ccc3n2CCCCCCNc2c3c(nc4ccccc24)CCCC3)cc1,c1ccc(Cc2nc3ccccc3n2CCCCCCNc2c3c(nc4ccccc24)CCCC3)cc1,5
scaffold,CCOc1ccc(Cc2nc3cc(C(=O)N(CC)CC)ccc3n2CCOCCOCCNc2c3c(nc4ccccc24)CCCC3)cc1,c1ccc(Cc2nc3ccccc3n2CCOCCOCCNc2c3c(nc4ccccc24)CCCC3)cc1,5
scaffold,CCOc1ccc(Cc2nc3cc(C(=O)N(CC)CC)ccc3n2Cc2ccncc2)cc1,c1ccc(Cc2nc3ccccc3n2Cc2ccncc2)cc1,5
scaffold,CCOc1ccc(Cc2nc3cc(C(=O)NC45CC6CC(CC(C6)C4)C5)ccc3n2CCC(C)C)cc1,O=C(NC12CC3CC(CC(C3)C1)C2)c1ccc2[nH]c(Cc3ccccc3)nc2c1,5
scaffold,CCOc1ccc(Cc2nc3cc(C(=O)NCCCNc4c5c(nc6ccccc46)CCCC5)ccc3n2CCC(C)C)cc1,O=C(NCCCNc1c2c(nc3ccccc13)CCCC2)c1ccc2[nH]c(Cc3ccccc3)nc2c1,5
scaffold,CCOc1ccc(Nc2nc3cc(C(=O)N(CC)CC)ccc3n2CCN2CCCCC2)cc1,c1ccc(Nc2nc3ccccc3n2CCN2CCCCC2)cc1,5
scaffold,CCOc1ccccc1/N=C1\SCC2(CCCCC2)CN1C(=S)SC,c1ccc(N=C2NCC3(CCCCC3)CS2)cc1,5
scaffold,CCS(=O)(=O)n1c2c(c3cc(C(=O)N4CCC(C)CC4)ccc31)CN(C1CCOCC1)CC2,O=C(c1ccc2[nH]c3c(c2c1)CN(C1CCOCC1)CC3)N1CCCCC1,5
scaffold,CC[Si](C)(C)c1cc(O)c2c(c1)OC(C)(C)[C@@H]1CCC(C)=C[C@@H]21,C1=CC2c3ccccc3OCC2CC1,5
scaffold,CCc1c(C(=O)NCCc2ccccc2)cc(C)n1-c1ccccc1,O=C(NCCc1ccccc1)c1ccn(-c2ccccc2)c1,5
scaffold,CCc1c(C(=O)NN2CCCCC2)nn(-c2ccc(Cl)cc2Cl)c1-c1ccc(Br)cc1,O=C(NN1CCCCC1)c1cc(-c2ccccc2)n(-c2ccccc2)n1,5
scaffold,CCc1c(C)sc(NC(=O)C23CC4CC(CC(C4)C2)C3)c1C(=O)OC,O=C(Nc1cccs1)C12CC3CC(CC(C3)C1)C2,5
scaffold,CCc1ccc(/N=C2\SCC3(CCCCC3)CN2C(=S)SC)cc1,c1ccc(N=C2NCC3(CCCCC3)CS2)cc1,5
scaffold,CCc1sc(NC(=O)C23CC4CC(CC(C4)C2)C3)c(C(=O)OC)c1C,O=C(Nc1cccs1)C12CC3CC(CC(C3)C1)C2,5
scaffold,CN(C)C1(c2nc(-c3cc(C(C)(C)C)c(O)c(C(C)(C)C)c3)co2)CCOCC1,c1ccc(-c2coc(C3CCOCC3)n2)cc1,5
scaffold,CN(C)CCNc1cnn(C2CC(C)(C)CC(C)(C)C2)c(=O)c1Br,O=c1cccnn1C1CCCCC1,5
scaffold,CN(C)CCn1c(=O)n(C(=O)N[C@H](C(N)=O)C(C)(C)C)c2ccccc21,O=c1[nH]c2ccccc2[nH]1,5
scaffold,CN(C)c1ccc2c(=O)c(C(=O)NC3CCCCC3)cn(CCN3CCOCC3)c2n1,O=C(NC1CCCCC1)c1cn(CCN2CCOCC2)c2ncccc2c1=O,5
scaffold,CN(CC(=O)NC1CC1)C(=O)c1ccc2c(c1)c1c(n2C)CCC(C2CCOCC2)C1,O=C(CNC(=O)c1ccc2[nH]c3c(c2c1)CC(C1CCOCC1)CC3)NC1CC1,5
scaffold,CN(CC(=O)NC1CC1)C(=O)c1ccc2c(c1)c1c(n2C)CC[C@@H](C2CCOCC2)C1,O=C(CNC(=O)c1ccc2[nH]c3c(c2c1)CC(C1CCOCC1)CC3)NC1CC1,5
scaffold,CN(CC(=O)NC1CC1)C(=O)c1ccc2c(c1)c1c(n2C)CC[C@H](C2CCOCC2)C1,O=C(CNC(=O)c1ccc2[nH]c3c(c2c1)CC(C1CCOCC1)CC3)NC1CC1,5
scaffold,CN(Cc1ccccc1)C(=O)N1CC(O[C@@H](c2ccc(Cl)cc2)c2cccnc2Cl)C1,O=C(NCc1ccccc1)N1CC(OC(c2ccccc2)c2cccnc2)C1,5
scaffold,CN(Cc1ccccc1)C(=O)N1CC(O[C@H](c2ccc(Cl)cc2)c2cccnc2Cl)C1,O=C(NCc1ccccc1)N1CC(OC(c2ccccc2)c2cccnc2)C1,5
scaffold,CN/C(=N\S(=O)(=O)N1CCC(C(F)(F)F)CC1)N1C[C@H](c2ccccc2)C(c2ccc(Cl)cc2)=N1,O=S(=O)(N=CN1CC(c2ccccc2)C(c2ccccc2)=N1)N1CCCCC1,5
scaffold,CN/C(=N\S(=O)(=O)N1CCC(F)(F)CC1)N1CC(c2ccccc2)C(c2ccc(Cl)cc2)=N1,O=S(=O)(N=CN1CC(c2ccccc2)C(c2ccccc2)=N1)N1CCCCC1,5
scaffold,CN/C(=N\S(=O)(=O)N1CCC(F)(F)CC1)N1CCC(c2ccccc2)C(c2ccc(Cl)cc2)=N1,O=S(=O)(N=CN1CCC(c2ccccc2)C(c2ccccc2)=N1)N1CCCCC1,5
scaffold,CN/C(=N\S(=O)(=O)N1CCCCC1)N1CC(c2ccccc2)C(c2ccc(Cl)cc2)=N1,O=S(=O)(N=CN1CC(c2ccccc2)C(c2ccccc2)=N1)N1CCCCC1,5
scaffold,CN/C(=N\S(=O)(=O)N1CCCCC1)N1CCC(c2ccccc2)C(c2ccc(Cl)cc2)=N1,O=S(=O)(N=CN1CCC(c2ccccc2)C(c2ccccc2)=N1)N1CCCCC1,5
scaffold,CN/C(=N\S(=O)(=O)N1CCCCC1)N1C[C@H](c2ccccc2)C(c2ccc(Cl)cc2)=N1,O=S(=O)(N=CN1CC(c2ccccc2)C(c2ccccc2)=N1)N1CCCCC1,5
scaffold,CN/C(=N\S(=O)(=O)c1ccc(Cl)cc1)N1CC(c2ccccc2)C(c2ccc(Cl)cc2)=N1,O=S(=O)(N=CN1CC(c2ccccc2)C(c2ccccc2)=N1)c1ccccc1,5
scaffold,CN/C(=N\S(=O)(=O)c1ccc(Cl)cc1)N1C[C@H](c2ccccc2)C(c2ccc(Cl)cc2)=N1,O=S(=O)(N=CN1CC(c2ccccc2)C(c2ccccc2)=N1)c1ccccc1,5
scaffold,CN1CC(COc2ccc(C(F)(F)F)cc2C(=O)/N=c2\sc(C(C)(C)C)cn2C[C@H]2CCCO2)C1,O=C(N=c1sccn1CC1CCCO1)c1ccccc1OCC1CNC1,5
scaffold,CN1CCCC[C@@H]1COc1ccc(C(F)(F)F)cc1C(=O)/N=c1\sc(C(C)(C)C)cn1C[C@H]1CCCO1,O=C(N=c1sccn1CC1CCCO1)c1ccccc1OCC1CCCCN1,5
scaffold,CN1CCCC[C@H]1COc1ccc(C(F)(F)F)cc1C(=O)/N=c1\sc(C(C)(C)C)cn1C[C@H]1CCCO1,O=C(N=c1sccn1CC1CCCO1)c1ccccc1OCC1CCCCN1,5
scaffold,CN1CCN(NC(=O)c2cnn(-c3ccc(Cl)cc3Cl)c2-c2ccc(Br)cc2)CC1,O=C(NN1CCNCC1)c1cnn(-c2ccccc2)c1-c1ccccc1,5
scaffold,CN1CC[C@@H](COc2ccc(C(F)(F)F)cc2C(=O)/N=c2\sc(C(C)(C)C)cn2C[C@H]2CCCO2)C1,O=C(N=c1sccn1CC1CCCO1)c1ccccc1OCC1CCNC1,5
scaffold,CN1CC[C@H](COc2ccc(C(F)(F)F)cc2C(=O)/N=c2\sc(C(C)(C)C)cn2C[C@H]2CCCO2)C1,O=C(N=c1sccn1CC1CCCO1)c1ccccc1OCC1CCNC1,5
scaffold,COC(=O)c1c(NC(=O)C23CC4CC(CC(C4)C2)C3)sc(C)c1C,O=C(Nc1cccs1)C12CC3CC(CC(C3)C1)C2,5
scaffold,COC(=O)c1cc(C)sc1NC(=O)C12CC3CC(CC(C3)C1)C2,O=C(Nc1cccs1)C12CC3CC(CC(C3)C1)C2,5
scaffold,COC(=O)c1ccsc1NC(=O)C12CC3CC(CC(C3)C1)C2,O=C(Nc1cccs1)C12CC3CC(CC(C3)C1)C2,5
scaffold,COC1CN(C(=O)c2c(NC(=O)c3ccccc3C(F)(F)F)sc3c2CCOC3)C1,O=C(Nc1sc2c(c1C(=O)N1CCC1)CCOC2)c1ccccc1,5
scaffold,COCCNC(=O)c1c(NC(=O)c2c(F)cccc2C(F)(F)F)sc2c1CCOC2,O=C(Nc1cc2c(s1)COCC2)c1ccccc1,5
scaffold,COCCNC(=O)c1c(NC(=O)c2ccccc2C(F)(F)F)sc2c1CCOC2,O=C(Nc1cc2c(s1)COCC2)c1ccccc1,5
scaffold,COCCn1c(C)c(C(C)(C)C)s/c1=N\C(=O)c1ccc(C(F)(F)F)cc1,O=C(N=c1[nH]ccs1)c1ccccc1,5
scaffold,COCCn1nc(C(C)(C)C)s/c1=N\C(=O)c1cc(C(F)(F)F)ccc1ONC(C)(C)C,O=C(N=c1[nH]ncs1)c1ccccc1,5
scaffold,COc1c(C)cc(-c2ccc(F)cc2)cc1C(=O)NC1CCCCCC1,O=C(NC1CCCCCC1)c1cccc(-c2ccccc2)c1,5
scaffold,COc1c(C)cc(-c2ccc(F)cc2)cc1C(=O)N[C@H]1CC[C@@H](C)CC1,O=C(NC1CCCCC1)c1cccc(-c2ccccc2)c1,5
scaffold,COc1c(C)cc(-c2ccc(F)cc2)cc1C(=O)N[C@H]1CC[C@H](C)CC1,O=C(NC1CCCCC1)c1cccc(-c2ccccc2)c1,5
scaffold,COc1c(C)cc(-c2ccccc2)cc1C(=O)NC1CCCCCC1,O=C(NC1CCCCCC1)c1cccc(-c2ccccc2)c1,5
scaffold,COc1c(C)cc(-c2ccccc2)cc1C(=O)N[C@H]1CC[C@@H](C)CC1,O=C(NC1CCCCC1)c1cccc(-c2ccccc2)c1,5
scaffold,COc1c(C)cc(-c2ccccc2)cc1C(=O)N[C@H]1CC[C@H](C)CC1,O=C(NC1CCCCC1)c1cccc(-c2ccccc2)c1,5
scaffold,COc1cc(Br)cc(C(=O)NC23CC4CC(CC(C4)C2)C3)c1OC,O=C(NC12CC3CC(CC(C3)C1)C2)c1ccccc1,5
scaffold,COc1ccc(-c2cc(C)c(OC)c(C(=O)NC3CCCCCC3)c2)cc1,O=C(NC1CCCCCC1)c1cccc(-c2ccccc2)c1,5
scaffold,COc1ccc(-c2oc3cc(OC)ccc3c2C(=O)c2ccc(C#N)cc2)cc1,O=C(c1ccccc1)c1c(-c2ccccc2)oc2ccccc12,5
scaffold,COc1ccc(-c2oc3ccccc3c2C(=O)c2ccc(N(Cc3ccc(F)cc3)Cc3ccc(F)cc3)cc2)cc1,O=C(c1ccc(N(Cc2ccccc2)Cc2ccccc2)cc1)c1c(-c2ccccc2)oc2ccccc12,5
scaffold,COc1ccc(-c2oc3ccccc3c2C(=O)c2ccc(N(Cc3ccccc3)Cc3ccccc3)cc2)cc1,O=C(c1ccc(N(Cc2ccccc2)Cc2ccccc2)cc1)c1c(-c2ccccc2)oc2ccccc12,5
scaffold,COc1ccc(/N=C2\SCC3(CCCCC3)CN2C(=S)SC)cc1,c1ccc(N=C2NCC3(CCCCC3)CS2)cc1,5
scaffold,COc1ccc(C(=O)NC23CC4CC(CC(C4)C2)C3)cc1,O=C(NC12CC3CC(CC(C3)C1)C2)c1ccccc1,5
scaffold,COc1ccc(C(=O)NC23CC4CC(CC(C4)C2)C3)cc1OC,O=C(NC12CC3CC(CC(C3)C1)C2)c1ccccc1,5
scaffold,COc1ccc(C(=O)n2c(-c3ccc(OC)cc3)nc3ccccc32)cc1,O=C(c1ccccc1)n1c(-c2ccccc2)nc2ccccc21,5
scaffold,COc1ccc(COc2n[nH]c3ccc([N+](=O)[O-])cc23)cc1,c1ccc(COc2n[nH]c3ccccc23)cc1,5
scaffold,COc1ccc(COc2n[nH]c3ccccc23)cc1,c1ccc(COc2n[nH]c3ccccc23)cc1,5
scaffold,COc1ccc(COc2nn(CCN(C(C)C)C(C)C)c3ccc([N+](=O)[O-])cc23)cc1,c1ccc(COc2n[nH]c3ccccc23)cc1,5
scaffold,COc1ccc(COc2nn(CCN(C(C)C)C(C)C)c3ccccc23)cc1,c1ccc(COc2n[nH]c3ccccc23)cc1,5
scaffold,COc1ccc(S(=O)(=O)c2cc(OC)ccc2S(=O)(=O)c2ccc(C(C)(C)NS(C)(=O)=O)cc2)cc1,O=S(=O)(c1ccccc1)c1ccccc1S(=O)(=O)c1ccccc1,5
scaffold,COc1ccc(S(=O)(=O)c2cc(OC)ccc2S(=O)(=O)c2ccc(CNS(C)(=O)=O)cc2)cc1,O=S(=O)(c1ccccc1)c1ccccc1S(=O)(=O)c1ccccc1,5
scaffold,COc1ccc(S(=O)(=O)c2cc(OC)ccc2S(=O)(=O)c2ccc([C@@H](C)NS(C)(=O)=O)cc2)cc1,O=S(=O)(c1ccccc1)c1ccccc1S(=O)(=O)c1ccccc1,5
scaffold,COc1ccc(S(=O)(=O)c2cc(OC)ccc2S(=O)(=O)c2ccc([C@H](C)NS(C)(=O)=O)cc2)cc1,O=S(=O)(c1ccccc1)c1ccccc1S(=O)(=O)c1ccccc1,5
scaffold,COc1ccc(S(=O)(=O)c2ccc(C(C)NS(C)(=O)=O)cc2)c(S(=O)(=O)c2ccc(O[11CH3])cc2)c1,O=S(=O)(c1ccccc1)c1ccccc1S(=O)(=O)c1ccccc1,5
scaffold,COc1ccc(S(=O)(=O)c2ccc([C@H](C)NS(C)(=O)=O)cc2)c(S(=O)(=O)c2ccc(Cl)cc2)c1,O=S(=O)(c1ccccc1)c1ccccc1S(=O)(=O)c1ccccc1,5
scaffold,COc1ccc(S(=O)(=O)c2ccc([C@H](C)NS(C)(=O)=O)cc2)c(S(=O)(=O)c2ccc(O[11CH3])cc2)c1,O=S(=O)(c1ccccc1)c1ccccc1S(=O)(=O)c1ccccc1,5
scaffold,COc1ccc(S(=O)(=O)c2ccc([C@H](C)NS(C)(=O)=O)cc2)c(S(=O)(=O)c2ccccc2)c1,O=S(=O)(c1ccccc1)c1ccccc1S(=O)(=O)c1ccccc1,5
scaffold,COc1ccc([C@@H]2[C@@H](CCCc3cccnc3)C(=O)N2c2ccccc2)cc1,O=C1C(CCCc2cccnc2)C(c2ccccc2)N1c1ccccc1,5
scaffold,COc1ccc2c(c1)OC(C)(C)c1cn(CCN3CCN(C(=O)c4ccccc4)CC3)nc1-2,O=C(c1ccccc1)N1CCN(CCn2cc3c(n2)-c2ccccc2OC3)CC1,5
scaffold,COc1cccc(/N=C2\SCC3(CCCCC3)CN2C(=S)SC)c1,c1ccc(N=C2NCC3(CCCCC3)CS2)cc1,5
scaffold,COc1cccc(C(=O)NC23CC4CC(CC(C4)C2)C3)c1,O=C(NC12CC3CC(CC(C3)C1)C2)c1ccccc1,5
scaffold,COc1cccc(C(=O)NC23CC4CC(CC(C4)C2)C3)c1O,O=C(NC12CC3CC(CC(C3)C1)C2)c1ccccc1,5
scaffold,COc1cccc(C(=O)NC23CC4CC(CC(C4)C2)C3)c1OC,O=C(NC12CC3CC(CC(C3)C1)C2)c1ccccc1,5
scaffold,COc1ccccc1/N=C1\SCC2(CCCCC2)CN1C(=S)SC,c1ccc(N=C2NCC3(CCCCC3)CS2)cc1,5
scaffold,COc1ccccc1C(=O)NC12CC3CC(CC(C3)C1)C2,O=C(NC12CC3CC(CC(C3)C1)C2)c1ccccc1,5
scaffold,COc1ccccc1N1CCN(c2ncnc3c2nc(-c2ccccc2Cl)n3-c2ccc(Cl)cc2)CC1,c1ccc(-c2nc3c(N4CCN(c5ccccc5)CC4)ncnc3n2-c2ccccc2)cc1,5
scaffold,CS/C(N)=N/C(=N/S(=O)(=O)N1CCC(C(F)(F)F)CC1)N1C[C@H](c2ccccc2)C(c2ccc(Cl)cc2)=N1,O=S(=O)(N=CN1CC(c2ccccc2)C(c2ccccc2)=N1)N1CCCCC1,5
scaffold,CSC(=O)N1CC2(CCCCC2)CO/C1=N\c1cccc2ccccc12,c1ccc2c(N=C3NCC4(CCCCC4)CO3)cccc2c1,5
scaffold,CSC(=S)N1CC2(CCCCC2)CO/C1=N\c1ccc(C#N)c2ccccc12,c1ccc2c(N=C3NCC4(CCCCC4)CO3)cccc2c1,5
scaffold,CSC(=S)N1CC2(CCCCC2)CO/C1=N\c1ccc(Cl)c2ccccc12,c1ccc2c(N=C3NCC4(CCCCC4)CO3)cccc2c1,5
scaffold,CSC(=S)N1CC2(CCCCC2)CO/C1=N\c1ccc(F)c2ccccc12,c1ccc2c(N=C3NCC4(CCCCC4)CO3)cccc2c1,5
scaffold,CSC(=S)N1CC2(CCCCC2)CO/C1=N\c1ccc(N(C)C)c2ccccc12,c1ccc2c(N=C3NCC4(CCCCC4)CO3)cccc2c1,5
scaffold,CSC(=S)N1CC2(CCCCC2)CO/C1=N\c1ccc([N+](=O)[O-])c2ccccc12,c1ccc2c(N=C3NCC4(CCCCC4)CO3)cccc2c1,5
scaffold,CSC(=S)N1CC2(CCCCC2)CO/C1=N\c1cccc2ccccc12,c1ccc2c(N=C3NCC4(CCCCC4)CO3)cccc2c1,5
scaffold,CSC(=S)N1CC2(CCCCC2)CO/C1=N\c1cccc2nonc12,c1cc(N=C2NCC3(CCCCC3)CO2)c2nonc2c1,5
scaffold,CSC(=S)N1CC2(CCCCC2)CS/C1=N\c1ccc(C#N)cc1,c1ccc(N=C2NCC3(CCCCC3)CS2)cc1,5
scaffold,CSC(=S)N1CC2(CCCCC2)CS/C1=N\c1ccc(C(C)C)cc1,c1ccc(N=C2NCC3(CCCCC3)CS2)cc1,5
scaffold,CSC(=S)N1CC2(CCCCC2)CS/C1=N\c1ccc(C(F)(F)F)cc1,c1ccc(N=C2NCC3(CCCCC3)CS2)cc1,5
scaffold,CSC(=S)N1CC2(CCCCC2)CS/C1=N\c1ccc(OC(F)(F)F)cc1,c1ccc(N=C2NCC3(CCCCC3)CS2)cc1,5
scaffold,CSC(=S)N1CC2(CCCCC2)CS/C1=N\c1cccc(C(C)C)c1,c1ccc(N=C2NCC3(CCCCC3)CS2)cc1,5
scaffold,CSC(=S)N1CC2(CCCCC2)CS/C1=N\c1cccc(C)c1C,c1ccc(N=C2NCC3(CCCCC3)CS2)cc1,5
scaffold,CSC(=S)N1CC2(CCCCC2)CS/C1=N\c1cccc2c1CCCC2,c1cc2c(c(N=C3NCC4(CCCCC4)CS3)c1)CCCC2,5
scaffold,CSC(=S)N1CC2(CCCCC2)CS/C1=N\c1ccccc1C(C)C,c1ccc(N=C2NCC3(CCCCC3)CS2)cc1,5
scaffold,CSC(=S)N1CC2(CCCCC2)CS/C1=N\c1ccccc1C(F)(F)F,c1ccc(N=C2NCC3(CCCCC3)CS2)cc1,5
scaffold,CSC(=S)N1CC2(CCCCC2)CS/C1=N\c1ccccc1OC(F)(F)F,c1ccc(N=C2NCC3(CCCCC3)CS2)cc1,5
scaffold,CSc1c(C(=O)NN2CCCCC2)nn(-c2ccc(Cl)cc2Cl)c1-c1ccc(Cl)cc1,O=C(NN1CCCCC1)c1cc(-c2ccccc2)n(-c2ccccc2)n1,5
scaffold,C[C@H](NS(=O)(=O)C(F)(F)F)c1ccc(S(=O)(=O)c2ccc(Cl)cc2S(=O)(=O)c2ccccc2F)cc1,O=S(=O)(c1ccccc1)c1ccccc1S(=O)(=O)c1ccccc1,5
scaffold,C[C@H](NS(C)(=O)=O)c1ccc(S(=O)(=O)c2ccc(C(F)(F)F)cc2S(=O)(=O)c2ccc(Cl)cc2)cc1,O=S(=O)(c1ccccc1)c1ccccc1S(=O)(=O)c1ccccc1,5
scaffold,C[C@H](NS(C)(=O)=O)c1ccc(S(=O)(=O)c2ccc(C(F)(F)F)cc2S(=O)(=O)c2ccccc2F)cc1,O=S(=O)(c1ccccc1)c1ccccc1S(=O)(=O)c1ccccc1,5
scaffold,C[C@H](NS(C)(=O)=O)c1ccc(S(=O)(=O)c2ccc(Cl)cc2Nc2ccc(Cl)cc2)cc1,O=S(=O)(c1ccccc1)c1ccccc1Nc1ccccc1,5
scaffold,C[C@H](NS(C)(=O)=O)c1ccc(S(=O)(=O)c2ccc(Cl)cc2S(=O)(=O)c2ccc(Cl)cc2)cc1,O=S(=O)(c1ccccc1)c1ccccc1S(=O)(=O)c1ccccc1,5
scaffold,C[C@H](NS(C)(=O)=O)c1ccc(S(=O)(=O)c2ccc(Cl)cc2S(=O)(=O)c2cccc(Cl)c2)cc1,O=S(=O)(c1ccccc1)c1ccccc1S(=O)(=O)c1ccccc1,5
scaffold,C[C@H](NS(C)(=O)=O)c1ccc(S(=O)(=O)c2ccc(Cl)cc2S(=O)(=O)c2ccccc2)cc1,O=S(=O)(c1ccccc1)c1ccccc1S(=O)(=O)c1ccccc1,5
scaffold,C[C@H](NS(C)(=O)=O)c1ccc(S(=O)(=O)c2ccc(Cl)cc2S(=O)(=O)c2ccccc2Cl)cc1,O=S(=O)(c1ccccc1)c1ccccc1S(=O)(=O)c1ccccc1,5
scaffold,C[C@H](NS(C)(=O)=O)c1ccc(S(=O)(=O)c2ccc(Cl)cc2S(=O)(=O)c2ccccc2F)cc1,O=S(=O)(c1ccccc1)c1ccccc1S(=O)(=O)c1ccccc1,5
scaffold,C[C@H](NS(C)(=O)=O)c1ccc(S(=O)(=O)c2ccc(Cl)cc2S(=O)(=O)c2ccccc2OC(F)(F)F)cc1,O=S(=O)(c1ccccc1)c1ccccc1S(=O)(=O)c1ccccc1,5
scaffold,C[C@H](NS(C)(=O)=O)c1ccc(S(=O)(=O)c2ccc(O)cc2S(=O)(=O)c2ccc(Cl)cc2)cc1,O=S(=O)(c1ccccc1)c1ccccc1S(=O)(=O)c1ccccc1,5
scaffold,C[C@H](NS(C)(=O)=O)c1ccc(S(=O)(=O)c2ccccc2S(=O)(=O)c2ccc(Cl)cc2)cc1,O=S(=O)(c1ccccc1)c1ccccc1S(=O)(=O)c1ccccc1,5
scaffold,C[C@H](NS(C)(=O)=O)c1ccc(S(=O)(=O)c2ccccc2S(=O)(=O)c2ccccc2F)cc1,O=S(=O)(c1ccccc1)c1ccccc1S(=O)(=O)c1ccccc1,5
scaffold,C[C@H]1OC(=O)[C@@H]2C[C@@H]3CCCC[C@H]3[C@H](/C=C/c3ccc(-c4cccnc4)cn3)[C@H]12,O=C1OCC2C1CC1CCCCC1C2C=Cc1ccc(-c2cccnc2)cn1,5
scaffold,C[S+]([O-])c1c(C(=O)NN2CCCCC2)nn(-c2ccc(Cl)cc2Cl)c1-c1ccc(Cl)cc1,O=C(NN1CCCCC1)c1cc(-c2ccccc2)n(-c2ccccc2)n1,5
scaffold,Cc1c(Br)cnc(OCc2ccc(F)cc2)c1C(=O)NC1CCCCCC1,O=C(NC1CCCCCC1)c1cccnc1OCc1ccccc1,5
scaffold,Cc1c(C(=O)N2CCc3ccccc3C2)nc(-c2ccc(Cl)cc2Cl)n1-c1ccc(Cl)cc1,O=C(c1cn(-c2ccccc2)c(-c2ccccc2)n1)N1CCc2ccccc2C1,5
scaffold,Cc1c(C(=O)NC(C)(C)C)nn(-c2ccc(Cl)cc2Cl)c1-n1c(C)ccc1C,c1ccc(-n2nccc2-n2cccc2)cc1,5
scaffold,Cc1c(C(=O)NC(C)(C)C)nn(-c2ccc(Cl)cc2Cl)c1-n1cccc1,c1ccc(-n2nccc2-n2cccc2)cc1,5
scaffold,Cc1c(C(=O)NC(C)C)nn(-c2ccc(Cl)cc2Cl)c1-n1c(C)ccc1C,c1ccc(-n2nccc2-n2cccc2)cc1,5
scaffold,Cc1c(C(=O)NC(C)C)nn(-c2ccc(Cl)cc2Cl)c1-n1cccc1,c1ccc(-n2nccc2-n2cccc2)cc1,5
scaffold,Cc1c(C(=O)NC2CCCC2)oc2ccc(S(=O)(=O)N3CC(C)CC(C)C3)cc12,O=C(NC1CCCC1)c1cc2cc(S(=O)(=O)N3CCCCC3)ccc2o1,5
scaffold,Cc1c(C(=O)NCC2CCC(CNS(C)(=O)=O)CC2)nn(-c2ccc(Cl)cc2Cl)c1-c1ccc(Cl)cc1,O=C(NCC1CCCCC1)c1cc(-c2ccccc2)n(-c2ccccc2)n1,5
scaffold,Cc1c(C(=O)NCC2CCC(CNS(N)(=O)=O)CC2)nn(-c2ccc(Cl)cc2Cl)c1-c1ccc(Cl)cc1,O=C(NCC1CCCCC1)c1cc(-c2ccccc2)n(-c2ccccc2)n1,5
scaffold,Cc1c(C(=O)NCCC(C)(C)C)nn(-c2ccc(Cl)cc2Cl)c1-n1c(C)ccc1C,c1ccc(-n2nccc2-n2cccc2)cc1,5
scaffold,Cc1c(C(=O)NCCC(C)(C)C)nn(-c2ccc(Cl)cc2Cl)c1-n1cccc1,c1ccc(-n2nccc2-n2cccc2)cc1,5
scaffold,Cc1c(C(=O)NCCC(C)(C)C)nn(-c2ccc(F)cc2F)c1-n1c(C)ccc1C,c1ccc(-n2nccc2-n2cccc2)cc1,5
scaffold,Cc1c(C(=O)NCCCCCO)nn(-c2ccc(Cl)cc2Cl)c1-n1c(C)ccc1C,c1ccc(-n2nccc2-n2cccc2)cc1,5
scaffold,Cc1c(C(=O)NCCCCCO)nn(-c2ccc(Cl)cc2Cl)c1-n1cccc1,c1ccc(-n2nccc2-n2cccc2)cc1,5
scaffold,Cc1c(C(=O)NC[C@H]2CC[C@@H](CNS(C)(=O)=O)CC2)nn(-c2ccc(Cl)cc2Cl)c1-c1ccc(Cl)cc1,O=C(NCC1CCCCC1)c1cc(-c2ccccc2)n(-c2ccccc2)n1,5
scaffold,Cc1c(C(=O)NC[C@H]2CC[C@@H](CNS(N)(=O)=O)CC2)nn(-c2ccc(Cl)cc2Cl)c1-c1ccc(Cl)cc1,O=C(NCC1CCCCC1)c1cc(-c2ccccc2)n(-c2ccccc2)n1,5
scaffold,Cc1c(C(=O)NCc2ccc(C(F)(F)F)cc2)nc(-c2ccc(Cl)cc2Cl)n1-c1ccc(Cl)cc1,O=C(NCc1ccccc1)c1cn(-c2ccccc2)c(-c2ccccc2)n1,5
scaffold,Cc1c(C(=O)NCc2ccc(Cl)c(Cl)c2)nn(-c2ccc(Cl)cc2Cl)c1-n1cc2c(c1)CCCC2,O=C(NCc1ccccc1)c1cc(-n2cc3c(c2)CCCC3)n(-c2ccccc2)n1,5
scaffold,Cc1c(C(=O)NN2CCCCC2)nn(-c2c(Cl)cc(Cl)cc2Cl)c1-c1ccc(Cl)cc1Cl,O=C(NN1CCCCC1)c1cc(-c2ccccc2)n(-c2ccccc2)n1,5
scaffold,Cc1c(C(=O)NN2CCCCC2)nn(-c2c(Cl)cc(Cl)cc2Cl)c1-n1c(C)ccc1C,O=C(NN1CCCCC1)c1cc(-n2cccc2)n(-c2ccccc2)n1,5
scaffold,Cc1c(C(=O)NN2CCCCC2)nn(-c2ccc(Cl)c(Cl)c2)c1-n1c(C)ccc1C,O=C(NN1CCCCC1)c1cc(-n2cccc2)n(-c2ccccc2)n1,5
scaffold,Cc1c(C(=O)NN2CCCCC2)nn(-c2ccc(Cl)c(Cl)c2)c1-n1cccc1,O=C(NN1CCCCC1)c1cc(-n2cccc2)n(-c2ccccc2)n1,5
scaffold,Cc1c(C(=O)NN2CCCCC2)nn(-c2ccc(Cl)cc2)c1-n1cccc1,O=C(NN1CCCCC1)c1cc(-n2cccc2)n(-c2ccccc2)n1,5
scaffold,Cc1c(C(=O)NN2CCCCC2)nn(-c2ccc(Cl)cc2Cl)c1-c1ccc(Cl)cc1Cl,O=C(NN1CCCCC1)c1cc(-c2ccccc2)n(-c2ccccc2)n1,5
scaffold,Cc1c(C(=O)NN2CCCCC2)nn(-c2ccc(Cl)cc2Cl)c1-c1ccc(I)cc1,O=C(NN1CCCCC1)c1cc(-c2ccccc2)n(-c2ccccc2)n1,5
scaffold,Cc1c(C(=O)NN2CCCCC2)nn(-c2ccc(Cl)cc2Cl)c1-n1c(C)ccc1C,O=C(NN1CCCCC1)c1cc(-n2cccc2)n(-c2ccccc2)n1,5
scaffold,Cc1c(C(=O)NN2CCCCC2)nn(-c2ccc(Cl)cc2Cl)c1-n1cccc1,O=C(NN1CCCCC1)c1cc(-n2cccc2)n(-c2ccccc2)n1,5
scaffold,Cc1c(C(=O)NN2CCCCC2)nn(-c2ccc(F)cc2F)c1-n1c(C)ccc1C,O=C(NN1CCCCC1)c1cc(-n2cccc2)n(-c2ccccc2)n1,5
scaffold,Cc1c(C(=O)NN2CCCCC2)nn(-c2ccc(F)cc2F)c1-n1cccc1,O=C(NN1CCCCC1)c1cc(-n2cccc2)n(-c2ccccc2)n1,5
scaffold,Cc1c(C(=O)NN2CCCCC2)nn(-c2ccccc2)c1-c1ccccc1,O=C(NN1CCCCC1)c1cc(-c2ccccc2)n(-c2ccccc2)n1,5
scaffold,Cc1c(C(=O)Nc2ccc(Cl)cc2)nn(-c2ccc(Cl)c(Cl)c2)c1-n1cccc1,O=C(Nc1ccccc1)c1cc(-n2cccc2)n(-c2ccccc2)n1,5
scaffold,Cc1c(C(=O)Nc2ccc(Cl)cc2)nn(-c2ccc(Cl)cc2Cl)c1-n1cccc1,O=C(Nc1ccccc1)c1cc(-n2cccc2)n(-c2ccccc2)n1,5
scaffold,Cc1c(C(C)(C)C)s/c(=N\S(=O)(=O)c2cccc3ccccc23)n1C1CC1,O=S(=O)(N=c1sccn1C1CC1)c1cccc2ccccc12,5
scaffold,Cc1c(CN2CCN(c3ncnc4c3nc(-c3ccccc3Cl)n4-c3ccc(Cl)cc3)CC2)cnn1C,c1ccc(-c2nc3c(N4CCN(Cc5cn[nH]c5)CC4)ncnc3n2-c2ccccc2)cc1,5
scaffold,Cc1cc(C(=O)NCCc2ccccc2)c(C)n1-c1ccccc1,O=C(NCCc1ccccc1)c1ccn(-c2ccccc2)c1,5
scaffold,Cc1cc(Cl)cc(C)c1-c1c(C)c(C(=O)NN2CCCCC2)nn1-c1ccc(Cl)cc1Cl,O=C(NN1CCCCC1)c1cc(-c2ccccc2)n(-c2ccccc2)n1,5
scaffold,Cc1cc(Cl)ccc1-c1c(C)c(C(=O)NN2CCCCC2)nn1-c1c(Cl)cc(Cl)cc1Cl,O=C(NN1CCCCC1)c1cc(-c2ccccc2)n(-c2ccccc2)n1,5
scaffold,Cc1cc(Cl)ccc1-c1c(C)c(C(=O)NN2CCCCC2)nn1-c1ccc(Cl)cc1Cl,O=C(NN1CCCCC1)c1cc(-c2ccccc2)n(-c2ccccc2)n1,5
scaffold,Cc1ccc(-c2cc(CC3CCCCC3)[nH]n2)cc1S(=O)(=O)N1CCOCC1,O=S(=O)(c1cccc(-c2cc(CC3CCCCC3)[nH]n2)c1)N1CCOCC1,5
scaffold,Cc1ccc(-c2cc3ncccc3c3cc(C(=O)NC4CCCCC4)nn23)cc1,O=C(NC1CCCCC1)c1cc2c3cccnc3cc(-c3ccccc3)n2n1,5
scaffold,Cc1ccc(-c2cc3ncccc3c3cc(C(=O)N[C@@H]4C[C@H](C)CC[C@H]4C(C)C)nn23)cc1,O=C(NC1CCCCC1)c1cc2c3cccnc3cc(-c3ccccc3)n2n1,5
scaffold,Cc1ccc(-c2nc(C(C)(C)C)cs2)cc1S(=O)(=O)N1CCOCC1,O=S(=O)(c1cccc(-c2nccs2)c1)N1CCOCC1,5
scaffold,Cc1ccc(-c2nc(CC(C)(C)C)cs2)cc1S(=O)(=O)N1CCOCC1,O=S(=O)(c1cccc(-c2nccs2)c1)N1CCOCC1,5
scaffold,Cc1ccc(-c2noc(CC3CCCCC3)n2)cc1S(=O)(=O)N1CCOCC1,O=S(=O)(c1cccc(-c2noc(CC3CCCCC3)n2)c1)N1CCOCC1,5
scaffold,Cc1ccc(C(=O)NC2C(C)(C)[C@@H]3CC[C@@]2(C)C3)cc1CCC(=O)N1CCOCC1,O=C(NC1CC2CCC1C2)c1cccc(CCC(=O)N2CCOCC2)c1,5
scaffold,Cc1ccc(C(=O)NC2C(C)(C)[C@@H]3CC[C@@]2(C)C3)cc1S(=O)(=O)N1CCOCC1,O=C(NC1CC2CCC1C2)c1cccc(S(=O)(=O)N2CCOCC2)c1,5
scaffold,Cc1ccc(C(=O)NC2C(C)(C)[C@@H]3CC[C@]2(C)C3)cc1S(=O)(=O)N1CCOCC1,O=C(NC1CC2CCC1C2)c1cccc(S(=O)(=O)N2CCOCC2)c1,5
scaffold,Cc1ccc(C(=O)NC2CCCCCC2)c(OCc2ccc(F)cc2)n1,O=C(NC1CCCCCC1)c1cccnc1OCc1ccccc1,5
scaffold,Cc1ccc(C(=O)N[C@@H]2C(C)(C)[C@@H]3CC[C@@]2(C)C3)cc1S(=O)(=O)N1CCOCC1,O=C(NC1CC2CCC1C2)c1cccc(S(=O)(=O)N2CCOCC2)c1,5
scaffold,Cc1ccc(C(=O)N[C@@H]2C(C)(C)[C@H]3CC[C@]2(C)C3)cc1S(=O)(=O)N1CCOCC1,O=C(NC1CC2CCC1C2)c1cccc(S(=O)(=O)N2CCOCC2)c1,5
scaffold,Cc1ccc(C(=O)N[C@H]2C(C)(C)[C@@H]3CC[C@@]2(C)C3)cc1S(=O)(=O)N1CCOCC1,O=C(NC1CC2CCC1C2)c1cccc(S(=O)(=O)N2CCOCC2)c1,5
scaffold,Cc1ccc(C(=O)N[C@H]2C(C)(C)[C@H]3CC[C@]2(C)C3)cc1S(=O)(=O)N1CCOCC1,O=C(NC1CC2CCC1C2)c1cccc(S(=O)(=O)N2CCOCC2)c1,5
scaffold,Cc1ccc(C(=O)N[C@H]2CC3CC[C@@]2(C)C3(C)C)cc1S(=O)(=O)N1CCOCC1,O=C(NC1CC2CCC1C2)c1cccc(S(=O)(=O)N2CCOCC2)c1,5
scaffold,Cc1ccc(Cn2cc(C(=O)N3CCCCC3)cc2-c2ccc(Cl)c(C)c2)cc1,O=C(c1cc(-c2ccccc2)n(Cc2ccccc2)c1)N1CCCCC1,5
scaffold,Cc1ccc(Cn2cc(C(=O)N[C@@H](C)C3CCCCC3)cc2-c2ccc(Cl)c(C)c2)cc1,O=C(NCC1CCCCC1)c1cc(-c2ccccc2)n(Cc2ccccc2)c1,5
scaffold,Cc1ccc(NC(=O)c2nn(-c3ccc(Cl)cc3Cl)c(-c3ccc(Cl)cc3)c2C)cn1,O=C(Nc1cccnc1)c1cc(-c2ccccc2)n(-c2ccccc2)n1,5
scaffold,Cc1ccc(S(=O)(=O)c2ccc([C@H](C)NS(C)(=O)=O)cc2)c(S(=O)(=O)c2ccccc2F)c1,O=S(=O)(c1ccccc1)c1ccccc1S(=O)(=O)c1ccccc1,5
scaffold,Cc1ccnc(OCc2ccc(F)cc2)c1C(=O)NC1CCCCCC1,O=C(NC1CCCCCC1)c1cccnc1OCc1ccccc1,5
scaffold,Cc1nc(-c2ccccc2)c(-c2ccccc2)n1CCCCCCNC(=O)Oc1ccccc1F,O=C(NCCCCCCn1cnc(-c2ccccc2)c1-c1ccccc1)Oc1ccccc1,5
scaffold,Cc1nc(C(=O)Nc2ccccc2C(F)(F)F)c(C)n1-c1ccccc1,O=C(Nc1ccccc1)c1cn(-c2ccccc2)cn1,5
scaffold,Cc1nc(OCCCCCn2cc(CCCn3cc(Br)c(C)c(NC(=O)C4CCCCCC4)c3=O)nn2)c(C(=O)NC2CCCCCC2)cc1Br,O=C(NC1CCCCCC1)c1cccnc1OCCCCCn1cc(CCCn2cccc(NC(=O)C3CCCCCC3)c2=O)nn1,5
scaffold,Cc1nc(OCc2ccc(F)cc2)c(C(=O)NC2CCCCCC2)cc1Br,O=C(NC1CCCCCC1)c1cccnc1OCc1ccccc1,5
scaffold,Clc1ccc(-n2c(-c3ccccc3Cl)nc3c(N4CCC(Nc5ccccn5)CC4)ncnc32)cc1,c1ccc(-c2nc3c(N4CCC(Nc5ccccn5)CC4)ncnc3n2-c2ccccc2)cc1,5
scaffold,Clc1cccc(-c2ccc(CN3CCO[C@@H](c4ccccc4)C3)cc2)c1Cl,c1ccc(-c2ccc(CN3CCOC(c4ccccc4)C3)cc2)cc1,5
scaffold,FC(F)(F)c1ccccc1Cn1nnc2c(N3CCC4(C3)N=N4)nc(C(F)(F)c3ccccc3)nc21,c1ccc(Cc2nc(N3CCC4(C3)N=N4)c3nnn(Cc4ccccc4)c3n2)cc1,5
scaffold,FC(F)(c1ccccc1)c1nc(N2CCC3(C2)N=N3)c2nnn(Cc3ccccc3Cl)c2n1,c1ccc(Cc2nc(N3CCC4(C3)N=N4)c3nnn(Cc4ccccc4)c3n2)cc1,5
scaffold,Fc1ccc(N2CCN(c3ncnc4c3nc(-c3ccccc3Cl)n4-c3ccc(Cl)cc3)CC2)cc1,c1ccc(-c2nc3c(N4CCN(c5ccccc5)CC4)ncnc3n2-c2ccccc2)cc1,5
scaffold,N#Cc1c(C(F)(F)F)ccc2c1Oc1c(cccc1OS(=O)(=O)CCCC(F)(F)F)C2,c1ccc2c(c1)Cc1ccccc1O2,5
scaffold,N#Cc1c(Oc2cccc(OS(=O)(=O)CCCC(F)(F)F)c2)cccc1C(F)(F)F,c1ccc(Oc2ccccc2)cc1,5
scaffold,N#Cc1ccccc1CSc1nnc2c3ccccc3n(C(=O)c3ccco3)c2n1,O=C(c1ccco1)n1c2ccccc2c2nnc(SCc3ccccc3)nc21,5
scaffold,O=C(C1CCCC1)N1CCN(C(c2ccccc2)c2ccc(Cl)cc2Cl)CC1,O=C(C1CCCC1)N1CCN(C(c2ccccc2)c2ccccc2)CC1,5
scaffold,O=C(C1CCSCC1)N1CCN(c2ncnc3c2nc(-c2ccccc2Cl)n3-c2ccc(Cl)cc2)CC1,O=C(C1CCSCC1)N1CCN(c2ncnc3c2nc(-c2ccccc2)n3-c2ccccc2)CC1,5
scaffold,O=C(CC1CCCCC1)NC1CCN(c2ncnc3c2nc(-c2ccccc2Cl)n3-c2ccc(Cl)cc2)CC1,O=C(CC1CCCCC1)NC1CCN(c2ncnc3c2nc(-c2ccccc2)n3-c2ccccc2)CC1,5
scaffold,O=C(Cc1ccccc1)NC(NC(=O)Cc1ccccc1)c1ccc(N2CCCCC2)cc1,O=C(Cc1ccccc1)NC(NC(=O)Cc1ccccc1)c1ccc(N2CCCCC2)cc1,5
scaffold,O=C(N1CCN(C(c2ccccc2)c2ccc(Cl)cc2Cl)CC1)C12CC3CC(CC(C3)C1)C2,O=C(N1CCN(C(c2ccccc2)c2ccccc2)CC1)C12CC3CC(CC(C3)C1)C2,5
scaffold,O=C(NC12CC3CC(CC(C3)C1)C2)c1ccc(O)cc1,O=C(NC12CC3CC(CC(C3)C1)C2)c1ccccc1,5
scaffold,O=C(NC12CC3CC(CC(C3)C1)C2)c1cccn1Cc1ccc(F)cc1,O=C(NC12CC3CC(CC(C3)C1)C2)c1cccn1Cc1ccccc1,5
scaffold,O=C(NC1CC1)c1cnn(-c2ccc(Cl)cc2Cl)c1-c1ccc(Cl)cc1,O=C(NC1CC1)c1cnn(-c2ccccc2)c1-c1ccccc1,5
scaffold,O=C(NC1CCCCC1)N1CCN(C(c2ccc(Oc3ccccc3)cc2)c2ccc(Cl)cc2Cl)CC1,O=C(NC1CCCCC1)N1CCN(C(c2ccccc2)c2ccc(Oc3ccccc3)cc2)CC1,5
scaffold,O=C(NC1CCCCC1)n1c(=O)n(CCN2CCOCC2)c2ccccc21,O=C(NC1CCCCC1)n1c(=O)n(CCN2CCOCC2)c2ccccc21,5
scaffold,O=C(NC1CCCCCC1)c1c(O)c2cccnc2n(CCN2CCOCC2)c1=O,O=C(NC1CCCCCC1)c1cc2cccnc2n(CCN2CCOCC2)c1=O,5
scaffold,O=C(NC1CCCCCC1)c1cc(-c2ccccc2)nn(C2CCCC2)c1=O,O=C(NC1CCCCCC1)c1cc(-c2ccccc2)nn(C2CCCC2)c1=O,5
scaffold,O=C(NC1CCCCCC1)c1cc2cccnc2n(CCN2CCOCC2)c1=O,O=C(NC1CCCCCC1)c1cc2cccnc2n(CCN2CCOCC2)c1=O,5
scaffold,O=C(NC1CCCCCC1)c1cccnc1OCc1ccc(F)cc1,O=C(NC1CCCCCC1)c1cccnc1OCc1ccccc1,5
scaffold,O=C(NC1CCCCCC1)c1cccnc1OCc1ccccc1,O=C(NC1CCCCCC1)c1cccnc1OCc1ccccc1,5
scaffold,O=C(NC1CCCCCC1)c1cn2c3c(cccc3c1=O)OCC2c1ccccc1,O=C(NC1CCCCCC1)c1cn2c3c(cccc3c1=O)OCC2c1ccccc1,5
scaffold,O=C(NC1CCCOc2c1nn(-c1ccccc1Cl)c2-c1ccc(Cl)cc1)C1CCOCC1,O=C(NC1CCCOc2c1nn(-c1ccccc1)c2-c1ccccc1)C1CCOCC1,5
scaffold,O=C(NC1CCN(c2ncnc3c2nc(-c2ccccc2Cl)n3-c2ccc(Cl)cc2)CC1)C1CCCC1,O=C(NC1CCN(c2ncnc3c2nc(-c2ccccc2)n3-c2ccccc2)CC1)C1CCCC1,5
scaffold,O=C(NCCO)C1CCN(Cc2nc(-c3cn(CC4CCOCC4)c4c(Cl)cccc34)no2)CC1,c1ccc2c(c1)c(-c1noc(CN3CCCCC3)n1)cn2CC1CCOCC1,5
scaffold,O=C(NCCO)[C@H]1CCCN(Cc2nc(-c3cn(CC4CCS(=O)(=O)CC4)c4c(Cl)cccc34)ns2)C1,O=S1(=O)CCC(Cn2cc(-c3nsc(CN4CCCCC4)n3)c3ccccc32)CC1,5
scaffold,O=C(NN1CCCC1)c1nn(-c2ccc(Cl)cc2Cl)c2c1Cc1cc(C3CCCCC3)ccc1-2,O=C(NN1CCCC1)c1nn(-c2ccccc2)c2c1Cc1cc(C3CCCCC3)ccc1-2,5
scaffold,O=C(NN1CCCCC1)c1cc(-c2ccccc2)n(-c2ccccc2)n1,O=C(NN1CCCCC1)c1cc(-c2ccccc2)n(-c2ccccc2)n1,5
scaffold,O=C(NN1CCCCC1)c1nc(-c2ccc(Cl)cc2)c(-c2ccc(Cl)cc2Cl)s1,O=C(NN1CCCCC1)c1nc(-c2ccccc2)c(-c2ccccc2)s1,5
scaffold,O=C(NN1CCCCC1)c1nc(-c2ccc(Cl)cc2Cl)c(-c2ccc(Cl)cc2)s1,O=C(NN1CCCCC1)c1nc(-c2ccccc2)c(-c2ccccc2)s1,5
scaffold,O=C(NN1CCCCC1)c1nn(-c2ccc(Cl)cc2Cl)c2c1CCCCc1cc(Cl)ccc1-2,O=C(NN1CCCCC1)c1nn(-c2ccccc2)c2c1CCCCc1ccccc1-2,5
scaffold,O=C(N[C@@H]1CCCC[C@H]1O)c1cc(-c2ccc(Cl)cc2)c(OCC2CC2)cn1,O=C(NC1CCCCC1)c1cc(-c2ccccc2)c(OCC2CC2)cn1,5
scaffold,O=C(N[C@@H]1CCCC[C@H]1O)c1ccc(OCC2CC2)c(-c2ccc(Cl)cc2)n1,O=C(NC1CCCCC1)c1ccc(OCC2CC2)c(-c2ccccc2)n1,5
scaffold,O=C(N[C@@H]1CCCC[C@H]1O)c1cnc(OCC2CC2)c(-c2ccc(Cl)cc2)n1,O=C(NC1CCCCC1)c1cnc(OCC2CC2)c(-c2ccccc2)n1,5
scaffold,O=C(N[C@@H]1c2ccccc2C[C@@H]1O)c1cn(-c2ccc(Cl)cc2)c(-c2ccccc2Cl)n1,O=C(NC1CCc2ccccc21)c1cn(-c2ccccc2)c(-c2ccccc2)n1,5
scaffold,O=C(N[C@H]1CCCC[C@@H]1O)n1c(=O)n(CCN2CCOCC2)c2ccccc21,O=C(NC1CCCCC1)n1c(=O)n(CCN2CCOCC2)c2ccccc21,5
scaffold,O=C(N[C@H]1c2ccccc2C[C@H]1O)c1cn(-c2ccc(Cl)cc2)c(-c2ccccc2Cl)n1,O=C(NC1CCc2ccccc21)c1cn(-c2ccccc2)c(-c2ccccc2)n1,5
scaffold,O=C(Nc1ccc(Cl)cc1)Nc1cccc(-c2cccc(N3CCCC3)c2)c1,O=C(Nc1ccccc1)Nc1cccc(-c2cccc(N3CCCC3)c2)c1,5
scaffold,O=C(Nc1cccc(-c2ccccc2)c1)c1cccn1Cc1ccc(F)cc1,O=C(Nc1cccc(-c2ccccc2)c1)c1cccn1Cc1ccccc1,5
scaffold,O=C(Nc1sc2c(c1C(=O)N1CC(F)(F)C1)CCOC2)c1c(F)cccc1C(F)(F)F,O=C(Nc1sc2c(c1C(=O)N1CCC1)CCOC2)c1ccccc1,5
scaffold,O=C(Nc1sc2c(c1C(=O)N1CC(F)(F)C1)CCOC2)c1ccccc1C(F)(F)F,O=C(Nc1sc2c(c1C(=O)N1CCC1)CCOC2)c1ccccc1,5
scaffold,O=C(Nc1sc2c(c1C(=O)N1CC(F)(F)C1)CCOC2)c1ccccc1OC(F)(F)F,O=C(Nc1sc2c(c1C(=O)N1CCC1)CCOC2)c1ccccc1,5
scaffold,O=C(OC1CCC1)N1CCN(c2ncnc3c2nc(-c2ccccc2Cl)n3-c2ccc(Cl)cc2)CC1,O=C(OC1CCC1)N1CCN(c2ncnc3c2nc(-c2ccccc2)n3-c2ccccc2)CC1,5
scaffold,O=C(c1cc2ccccc2s1)c1cccc2ccccc12,O=C(c1cc2ccccc2s1)c1cccc2ccccc12,5
scaffold,O=C(c1ccc2c(c1)c1ccccc1n2Cc1cccnc1)N1CCCCC1,O=C(c1ccc2c(c1)c1ccccc1n2Cc1cccnc1)N1CCCCC1,5
scaffold,O=C(c1cn(CC2CCOCC2)c2ccccc12)C1CCCC1,O=C(c1cn(CC2CCOCC2)c2ccccc12)C1CCCC1,5
scaffold,O=C(c1cn(CCN2CCOCC2)c2ccccc12)[C@@H]1CC12CCCCC2,O=C(c1cn(CCN2CCOCC2)c2ccccc12)C1CC12CCCCC2,5
scaffold,O=S(=O)(C1CC1)N1CCN(c2ncnc3c2nc(-c2ccccc2Cl)n3-c2ccc(Cl)cc2)CC1,O=S(=O)(C1CC1)N1CCN(c2ncnc3c2nc(-c2ccccc2)n3-c2ccccc2)CC1,5
scaffold,O=S(=O)(NC1CCN(c2ncnc3c2nc(-c2ccccc2Cl)n3-c2ccc(C(F)(F)F)nc2)CC1)c1ccccc1F,O=S(=O)(NC1CCN(c2ncnc3c2nc(-c2ccccc2)n3-c2cccnc2)CC1)c1ccccc1,5
scaffold,O=S(=O)(NC1CCN(c2ncnc3c2nc(-c2ccccc2Cl)n3-c2ccc(OC(F)F)nc2)CC1)c1ccc(F)c(F)c1,O=S(=O)(NC1CCN(c2ncnc3c2nc(-c2ccccc2)n3-c2cccnc2)CC1)c1ccccc1,5
scaffold,O=S(=O)(NC1CCN(c2ncnc3c2nc(-c2ccccc2Cl)n3-c2ccc(OC(F)F)nc2)CC1)c1ccccc1F,O=S(=O)(NC1CCN(c2ncnc3c2nc(-c2ccccc2)n3-c2cccnc2)CC1)c1ccccc1,5
