split_strategy,candidate_index,initialization_seed,epoch,fit_mse_pki2,stopping_mse_pki2
random,0,42,1,34.42456616193724,34.20383146031891
random,0,42,2,18.591616197014613,18.41073262170207
random,0,42,3,8.964537679362582,8.83735398697233
random,0,42,4,4.234370787856032,4.1672973848042565
random,0,42,5,2.4292937161286594,2.4188813086032748
random,0,42,6,1.8468008769226754,1.882585370653149
random,0,42,7,1.6185624219646468,1.6896687831076107
random,0,42,8,1.4771741678272796,1.5761419316006964
random,0,42,9,1.3665780825524956,1.4890792763090461
random,0,42,10,1.2747689706169094,1.4181685835353457
random,0,42,11,1.1968513080758132,1.3591633694653307
random,0,42,12,1.129718501139186,1.309238138312689
random,0,42,13,1.0711678856629727,1.2663384949187484
random,0,42,14,1.01953562426867,1.2289194367656449
random,0,42,15,0.9736321258747389,1.195982569039339
random,0,42,16,0.9325411492667789,1.1667227124087955
random,0,42,17,0.8954334546386138,1.1405110374005116
random,0,42,18,0.8617215931741583,1.1169120174784437
random,0,42,19,0.8309877519479798,1.0955763328257329
random,0,42,20,0.8028323682334554,1.0762839693714106
random,0,42,21,0.7769166845666338,1.0587828935601462
random,0,42,22,0.75297944291998,1.0428545603572124
random,0,42,23,0.7307562860656254,1.0283355983285694
random,0,42,24,0.7100687206137993,1.0151008458119393
random,0,42,25,0.690755813666904,1.0030249191533605
random,0,42,26,0.6726241434509619,0.991998406343387
random,0,42,27,0.6555727721940907,0.9819332384675333
random,0,42,28,0.63944944241675,0.972683342916178
random,0,42,29,0.6242465821694866,0.9642161199281192
random,0,42,30,0.6098241409957225,0.9564874185789497
random,0,42,31,0.5960572258954415,0.9494127488086954
random,0,42,32,0.5830480872538027,0.9428065933921501
random,0,42,33,0.5707264889597379,0.9367063907944628
random,0,42,34,0.5588490068949641,0.9310880650711866
random,0,42,35,0.547577277831737,0.9260840292933725
random,0,42,36,0.5368389417591899,0.921337811731034
random,0,42,37,0.5265833898131508,0.9169272054692997
random,0,42,38,0.5167211733535557,0.9130400636117444
random,0,42,39,0.50720995616852,0.9093153509563634
random,0,42,40,0.49803907388408036,0.9060549722068522
random,0,42,41,0.48903644801926016,0.9029627540134783
random,0,42,42,0.4802941682923131,0.9000852140992691
random,0,42,43,0.4718983626325213,0.8974317092407861
random,0,42,44,0.46381299667540343,0.8944327184739693
random,0,42,45,0.45581260309260424,0.892016005343539
random,0,42,46,0.44805451482425235,0.8895374422334453
random,0,42,47,0.44044680147161197,0.8876649962764132
random,0,42,48,0.43317729841745245,0.8859590814411624
random,0,42,49,0.42601796468067965,0.8848125588009814
random,0,42,50,0.4188407575820783,0.8833201814607774
random,0,42,51,0.41161459675482104,0.8828627308877695
random,0,42,52,0.4047485519220456,0.8818491189312448
random,0,42,53,0.3979226855783527,0.8808844553746098
random,0,42,54,0.39135940455921514,0.879292741746158
random,0,42,55,0.3847510036260322,0.8785265082277471
random,0,42,56,0.37830431585104973,0.8778658548974887
random,0,42,57,0.371990908234229,0.8765220173432033
random,0,42,58,0.3655858155214939,0.8757778775170515
random,0,42,59,0.35941955921442725,0.8749082976884784
random,0,42,60,0.353344851147247,0.8744694195923743
random,0,42,61,0.34739978466747895,0.874514754283824
random,0,42,62,0.3414753270181137,0.8733596780400095
random,0,42,63,0.335448710828477,0.8721283775325839
random,0,42,64,0.3294084277303285,0.8712298650032425
random,0,42,65,0.323386042161534,0.8707002690785094
random,0,42,66,0.31756347660683687,0.8701619209222478
random,0,42,67,0.31155928307506614,0.8693560782473558
random,0,42,68,0.30597315747043474,0.868447359416889
random,0,42,69,0.3003191645831427,0.8681196242705552
random,0,42,70,0.29460597311331405,0.8679938694333493
random,0,42,71,0.2890795056857325,0.8679207772079245
random,0,42,72,0.2835643662914427,0.8670986054111574
random,0,42,73,0.2783348002773294,0.8672328252174211
random,0,42,74,0.2729798092889097,0.8668857588114802
random,0,42,75,0.26779702877539174,0.8668858453429412
random,0,42,76,0.2624963892880499,0.8670222875512784
random,0,42,77,0.2573034520162689,0.8679736576267107
random,0,42,78,0.252271933869233,0.8684160796163073
random,0,42,79,0.24729859799308127,0.8676696490652271
random,0,42,80,0.24261355693139766,0.868179039359965
random,0,42,81,0.23777137195102468,0.868377872176684
random,0,42,82,0.23332815106160157,0.8691729642385976
random,0,42,83,0.22874957829599507,0.8694572777002548
random,0,42,84,0.22432993900111836,0.8708441340991001
random,0,42,85,0.22003357119554423,0.8705593258362192
random,0,42,86,0.21588507641388485,0.8721020733297414
random,0,42,87,0.21183491592392503,0.872731890972744
random,0,42,88,0.20745285688328255,0.8733155595571773
random,0,42,89,0.2034144037341332,0.8734625488854352
random,0,42,90,0.1995145862869474,0.8748528365213775
random,0,42,91,0.19575729608276035,0.8753078756329075
random,0,42,92,0.19222822987872645,0.8761562770945688
random,0,42,93,0.18871986940537386,0.878278870785923
random,0,42,94,0.18496360981203783,0.8782025828805704
random,0,7,1,41.521431128001076,41.33039242706173
random,0,7,2,30.56472194992619,30.40121685819513
random,0,7,3,20.888145591212083,20.751660066525794
random,0,7,4,13.151949234659169,13.049071915639976
random,0,7,5,7.699494366108476,7.636400778539842
random,0,7,6,4.426909731855599,4.406785914013876
random,0,7,7,2.781494832850465,2.8029774980857693
random,0,7,8,2.0685039401251237,2.1263651088914224
random,0,7,9,1.7662935803838933,1.8538447322943445
random,0,7,10,1.6101564467538267,1.7214928791076431
random,0,7,11,1.5025657634732061,1.6334400704511467
random,0,7,12,1.4149811306691824,1.562602034994587
random,0,7,13,1.339503242536774,1.5020196045035912
random,0,7,14,1.2732450473511796,1.4493283703002562
random,0,7,15,1.2145299227850015,1.4031228532891327
random,0,7,16,1.1621186926586773,1.3622852538773325
random,0,7,17,1.1150230914546189,1.3259265022041544
random,0,7,18,1.072432052133542,1.2933320124286818
random,0,7,19,1.033712794003281,1.2639160909037672
random,0,7,20,0.9983566912249537,1.2372097730354001
random,0,7,21,0.9659255952457132,1.2128369567295223
random,0,7,22,0.9360500312670722,1.1904874591747028
random,0,7,23,0.9083950536978063,1.1699001693888933
random,0,7,24,0.8827175962333478,1.150877174453221
random,0,7,25,0.8587930485510401,1.1332233861895131
random,0,7,26,0.8364487330678112,1.1167875160946066
random,0,7,27,0.815518036295585,1.1014092686150356
random,0,7,28,0.7958502753805301,1.0870385241315177
random,0,7,29,0.7772699988714198,1.0735731161706026
random,0,7,30,0.7597272410665616,1.060911826746956
random,0,7,31,0.743130944164146,1.049039070186718
random,0,7,32,0.727377117704989,1.0378919606103738
random,0,7,33,0.7124003535645133,1.0274187610301686
random,0,7,34,0.6981426806871889,1.0175836612802127
random,0,7,35,0.6845193243468722,1.0083284103801111
random,0,7,36,0.6714722227399738,0.9996247485791215
random,0,7,37,0.658921661096319,0.9914217036367936
random,0,7,38,0.646739349346023,0.9836632420674191
random,0,7,39,0.6349175590211443,0.9761232366315653
random,0,7,40,0.6233254608486564,0.9688802032022686
random,0,7,41,0.6122859046649537,0.9620903503898759
random,0,7,42,0.6016036590040992,0.9556121159406152
random,0,7,43,0.5912101801762649,0.9493218770403876
random,0,7,44,0.5811760635747413,0.9433504201310159
random,0,7,45,0.5713774334466247,0.9378287355237559
random,0,7,46,0.5618783579539195,0.9328085946213484
random,0,7,47,0.5526746827363545,0.9280140985446124
random,0,7,48,0.5437045971040597,0.9231169325364658
random,0,7,49,0.53495432755108,0.9185324035189772
random,0,7,50,0.5264995916959777,0.9141090154961657
random,0,7,51,0.5180033864375915,0.909866147199747
random,0,7,52,0.5095663065942503,0.9059971957692187
random,0,7,53,0.5012503737632281,0.9016297780180238
random,0,7,54,0.4932722143368362,0.8978203505356721
random,0,7,55,0.48543740594624735,0.8935796586528819
random,0,7,56,0.47793233343257985,0.8902545806056902
random,0,7,57,0.47063585691652604,0.886747662941758
random,0,7,58,0.4633318142425383,0.8830371848990247
random,0,7,59,0.45626018447320543,0.8796896660552848
random,0,7,60,0.44941800280594457,0.8766956911179525
random,0,7,61,0.4427802475114229,0.8736757974477052
random,0,7,62,0.43617693117382367,0.8709501711595043
random,0,7,63,0.4298138661500406,0.8679447035022495
random,0,7,64,0.42363261293308085,0.8658437991720093
random,0,7,65,0.41760131692291147,0.8636627469130929
random,0,7,66,0.41151736601943717,0.8615133471877472
random,0,7,67,0.40559164148730553,0.8596764307586016
random,0,7,68,0.3998209482406902,0.8579816915587783
random,0,7,69,0.3943232781160518,0.8564781678105339
random,0,7,70,0.388808963842019,0.8550111199235274
random,0,7,71,0.38340620039621587,0.8533990806758749
random,0,7,72,0.3780720866859786,0.8521917266849977
random,0,7,73,0.37282564409281327,0.8506643184886531
random,0,7,74,0.3677303872685095,0.8488520645276124
random,0,7,75,0.3627567718595783,0.847642326470842
random,0,7,76,0.3578651964865224,0.845898733919825
random,0,7,77,0.3527667278696762,0.8444020191722706
random,0,7,78,0.3479356416326138,0.84321361315663
random,0,7,79,0.3432650402038354,0.8422834812623421
random,0,7,80,0.3385695097689095,0.8410297006899791
random,0,7,81,0.3340484677150049,0.8400773362501549
random,0,7,82,0.329598508452847,0.8392347576065212
random,0,7,83,0.32508803852139195,0.8389804578805246
random,0,7,84,0.3208223029166069,0.8380395889355516
random,0,7,85,0.31672884371838145,0.8374313963700803
random,0,7,86,0.3125198468281915,0.8366511947164834
random,0,7,87,0.30833078704154315,0.8361325756223328
random,0,7,88,0.30425853429741756,0.8353549538057422
random,0,7,89,0.30010907383398305,0.8347935466634421
random,0,7,90,0.29616218063045724,0.8338291499502911
random,0,7,91,0.29210294202180953,0.834213166656323
random,0,7,92,0.28826034358748054,0.8331451806424988
random,0,7,93,0.2844413760655672,0.8329244979445488
random,0,7,94,0.2807621455895171,0.8324872373508597
random,0,7,95,0.2771867369504948,0.8325773685104164
random,0,7,96,0.2735653368495197,0.8309065370271889
random,0,7,97,0.26995440945000115,0.8316946956097061
random,0,7,98,0.2666183136150797,0.8306131498638948
random,0,7,99,0.26306924382527763,0.8304721583715865
random,0,7,100,0.2597612983253362,0.8306180620303663
random,0,7,101,0.2565091667459824,0.8311247238259174
random,0,7,102,0.2533269122869061,0.830731637304873
random,0,7,103,0.25018618582737806,0.8309803431990085
random,0,7,104,0.2469512630752443,0.8305907283000965
random,0,7,105,0.24378721720052138,0.8301539619759353
random,0,7,106,0.24078224322762684,0.8299978097104538
random,0,7,107,0.237679630583157,0.8299015496734227
random,0,7,108,0.23461707351618558,0.8300999719195875
random,0,7,109,0.2316027992409018,0.8295725608872949
random,0,7,110,0.22858604315646863,0.8296352913913051
random,0,7,111,0.22568555470553833,0.8290104391487207
random,0,7,112,0.22274620594809932,0.8293013892910254
random,0,7,113,0.2200449743383697,0.8304541812651947
random,0,7,114,0.21732310349849465,0.8313520206186865
random,0,7,115,0.21458585498600907,0.8313921302615958
random,0,7,116,0.21174831619475376,0.8318155037090368
random,0,7,117,0.2091828269642902,0.8324755078532273
random,0,7,118,0.2063630144196947,0.8331222843626177
random,0,7,119,0.2037010410561697,0.8335483975939728
random,0,7,120,0.20101173352546575,0.8336918173590253
random,0,7,121,0.1984354435163637,0.8337877813685184
random,0,7,122,0.1959362627861269,0.8347486309927804
random,0,7,123,0.19330623249612855,0.8345980159141707
random,0,7,124,0.19095337972823873,0.8364464890032639
random,0,7,125,0.1885036314182232,0.8361168660953758
random,0,7,126,0.18598807010733043,0.8363071479823205
random,0,7,127,0.18356870594031863,0.8374973134826621
random,0,7,128,0.18097519126202183,0.8375910990182418
random,0,7,129,0.1785733150229235,0.8390195475700934
random,0,7,130,0.17620313228257395,0.8407836950725643
random,0,7,131,0.1739716398597471,0.8409030780864144
random,0,21,1,30.319474750077212,30.268921904110517
random,0,21,2,14.835955325836611,14.786096634944283
random,0,21,3,6.525507695158599,6.499701885921289
random,0,21,4,3.0709989451613557,3.0822149018194365
random,0,21,5,1.9786064635206093,2.0283692641086453
random,0,21,6,1.6419834673234324,1.7248323673808161
random,0,21,7,1.4745409742594915,1.5844506295075471
random,0,21,8,1.350585177083248,1.4833403852122726
random,0,21,9,1.2495383115833048,1.4022831735432975
random,0,21,10,1.165323121604645,1.3358567060264936
random,0,21,11,1.0941298717417218,1.280579168251883
random,0,21,12,1.0331797200046737,1.2338882312464035
random,0,21,13,0.9803897402118236,1.1939051637696128
random,0,21,14,0.9341941851599896,1.1592451028914896
random,0,21,15,0.8933404710503607,1.1288838634616136
random,0,21,16,0.8568708188798531,1.1020452476152627
random,0,21,17,0.824039131795571,1.0781197236417692
random,0,21,18,0.7942455836002413,1.0566356475293393
random,0,21,19,0.7670284659312263,1.0372729150556983
random,0,21,20,0.74200806443389,1.019755393912527
random,0,21,21,0.7188840462689143,1.0038437147376547
random,0,21,22,0.6974360201923712,0.9893981151339036
random,0,21,23,0.6774617894257772,0.9762664598160641
random,0,21,24,0.6588023036975055,0.9643271373716331
random,0,21,25,0.6413342084496401,0.9534557106746924
random,0,21,26,0.6249649064839512,0.943564473925363
random,0,21,27,0.6095760535057281,0.9345549761267332
random,0,21,28,0.5950958608181235,0.9263980032935978
random,0,21,29,0.5814300372623863,0.9190065431454169
random,0,21,30,0.5685043452686922,0.9122833468773726
random,0,21,31,0.5562653704111223,0.9061934471427705
random,0,21,32,0.5446738562994813,0.9006304986554928
random,0,21,33,0.5336736898385942,0.8955713097331421
random,0,21,34,0.5232122064742308,0.891035121768277
random,0,21,35,0.5132470525263965,0.8869054704603404
random,0,21,36,0.503732480627399,0.8831411465959979
random,0,21,37,0.49464622394575836,0.8797160017896252
random,0,21,38,0.4859558415602552,0.8766390919602045
random,0,21,39,0.4775928712805772,0.873882855840314
random,0,21,40,0.46956042267784676,0.8713722270806199
random,0,21,41,0.4618412656868858,0.8691256724687525
random,0,21,42,0.45438700811157373,0.8671026475522777
random,0,21,43,0.44719222331206676,0.8653253793914231
random,0,21,44,0.44024421704500605,0.8636668868318914
random,0,21,45,0.4335389814185748,0.8622291393737257
random,0,21,46,0.4270563967936579,0.8608705746969538
random,0,21,47,0.4207701647726495,0.8596937357416466
random,0,21,48,0.4146766266593827,0.858610237459268
random,0,21,49,0.4087451822787706,0.8576834548992286
random,0,21,50,0.40298233688547663,0.8568395271054295
random,0,21,51,0.3974003671823997,0.856025342732517
random,0,21,52,0.39195982086070214,0.8554455728435023
random,0,21,53,0.38665327492744533,0.8549241172220382
random,0,21,54,0.38151167601557845,0.8545246907732142
random,0,21,55,0.3764589063306984,0.8542390754781051
random,0,21,56,0.371534951852667,0.8540021465148663
random,0,21,57,0.36667189143527706,0.8538272353687598
random,0,21,58,0.3618993013613379,0.8537851068166166
random,0,21,59,0.3572141334161401,0.8537245813006508
random,0,21,60,0.3526046217289493,0.8538063689957951
random,0,21,61,0.34804295540688024,0.8538056186034719
random,0,21,62,0.34354567787562923,0.8540875083256401
random,0,21,63,0.3390703767661324,0.854285060208776
random,0,21,64,0.3345347446013532,0.8544603035322677
random,0,21,65,0.3299959953949555,0.8547108493794701
random,0,21,66,0.32553563322434537,0.8549399059856991
random,0,21,67,0.32111657304905816,0.8554584489987775
random,0,21,68,0.3166654969255748,0.8557501195838816
random,0,21,69,0.31235249221167705,0.8561776177658829
random,0,21,70,0.3079934243988172,0.8567675829170978
random,0,21,71,0.3036768742427721,0.8570531472006433
random,0,21,72,0.29941298437047453,0.8577316137193185
random,0,21,73,0.2950529977431616,0.8580580024915456
random,0,21,74,0.29073139348764865,0.8585228474861472
random,0,21,75,0.28655390407172465,0.8589654697220389
random,0,21,76,0.28245840724533633,0.8596981969532432
random,0,21,77,0.2783385146462683,0.8603115235152389
random,0,21,78,0.2742366142037746,0.8608418952227272
random,0,21,79,0.2701562722748292,0.8617825849265258
random,1,42,1,6.512399105625402,6.39907096443584
random,1,42,2,1.7587615898932616,1.8178836060117112
random,1,42,3,1.2982533799520302,1.4261344952873
random,1,42,4,1.0783907267478212,1.267160554550038
random,1,42,5,0.9351606162593428,1.1656829162662554
random,1,42,6,0.8327540483872083,1.094635163624946
random,1,42,7,0.7549057361804912,1.0422115068882918
random,1,42,8,0.6932762240201991,1.002897244554836
random,1,42,9,0.6432100873557729,0.9732975627066739
random,1,42,10,0.6017697789952627,0.9510115598875453
random,1,42,11,0.5669185665088241,0.9342227156220008
random,1,42,12,0.5371739530058004,0.9215486751062928
random,1,42,13,0.5114357837626928,0.9119553636842251
random,1,42,14,0.4888810716455527,0.9046837829575988
random,1,42,15,0.46889134391093434,0.8991842423391689
random,1,42,16,0.45099867423248624,0.895063468246093
random,1,42,17,0.4348456951238525,0.8920385765233595
random,1,42,18,0.42015652468165465,0.8899066086565094
random,1,42,19,0.4067148713264204,0.8885193549970746
random,1,42,20,0.3943490322032856,0.8877661015078073
random,1,42,21,0.3829205318671882,0.8875623963347293
random,1,42,22,0.3723160606913423,0.8878417965861976
random,1,42,23,0.3624416500914427,0.8885500703669963
random,1,42,24,0.353218476632643,0.8896416844061723
random,1,42,25,0.34457927699648805,0.8910785717999009
random,1,42,26,0.336466412040757,0.8928268821752923
random,1,42,27,0.32882973220140715,0.8948571379873885
random,1,42,28,0.3216252973479153,0.8971437347105677
random,1,42,29,0.31481448149441293,0.8996627670250682
random,1,42,30,0.3083628724460546,0.9023942001817874
random,1,42,31,0.30223998183145395,0.9053201467265725
random,1,42,32,0.29641852070024693,0.9084242068694321
random,1,42,33,0.2908741028419515,0.911692624122852
random,1,42,34,0.28558483425878206,0.9151129468289938
random,1,42,35,0.28053113918776,0.9186751004106666
random,1,42,36,0.2756953331417987,0.9223697820961552
random,1,42,37,0.27106164685575046,0.926189321045632
random,1,42,38,0.2666158546141628,0.930127062497879
random,1,42,39,0.2623450638499646,0.9341771591445933
random,1,42,40,0.2582376877977214,0.9383355940952366
random,1,42,41,0.25428330620234485,0.942597961230297
random,1,7,1,19.535675572820505,19.404643278056835
random,1,7,2,2.945101550931519,2.9454629421986707
random,1,7,3,1.635954539981274,1.7461709119516946
random,1,7,4,1.33869497149159,1.4936599003409983
random,1,7,5,1.1545984847974728,1.3495030538202977
random,1,7,6,1.0252235851975615,1.2516341667965478
random,1,7,7,0.9284506469629693,1.1796548891895626
random,1,7,8,0.8528501991272905,1.1239600073322302
random,1,7,9,0.7917258838334801,1.0793841464969083
random,1,7,10,0.7409135555307429,1.0429637829431855
random,1,7,11,0.6977778499341512,1.012873902915779
random,1,7,12,0.6605930969858028,0.9878900812274483
random,1,7,13,0.628168087452607,0.967109118390015
random,1,7,14,0.5996328946764717,0.9498161730667241
random,1,7,15,0.5743211766812134,0.9354207018152684
random,1,7,16,0.5517068431666269,0.9234289277286499
random,1,7,17,0.5313660960239963,0.9134278001107305
random,1,7,18,0.512954098996872,0.9050732030754074
random,1,7,19,0.49618890820701206,0.8980819323224002
random,1,7,20,0.4808387330572859,0.8922224210112436
random,1,7,21,0.4667127395644478,0.8873068338943995
random,1,7,22,0.45365307676604677,0.8831830133657593
random,1,7,23,0.4415286478448972,0.8797294729483732
random,1,7,24,0.4302298700726032,0.8768474483038509
random,1,7,25,0.419664513485601,0.8744580417480935
random,1,7,26,0.40975438506635414,0.8724971051885722
random,1,7,27,0.4004327294551121,0.8709125829122673
random,1,7,28,0.39164220123032795,0.8696614083349358
random,1,7,29,0.38333297558426455,0.868708229842972
random,1,7,30,0.3754617143200071,0.8680232811939073
random,1,7,31,0.3679904380103118,0.8675813800366282
random,1,7,32,0.36088553193258055,0.8673613550601911
random,1,7,33,0.3541173587091325,0.867344550198752
random,1,7,34,0.3476594854194778,0.8675151252966319
random,1,7,35,0.3414883565390002,0.8678592486597874
random,1,7,36,0.3355828510212699,0.8683646238961397
random,1,7,37,0.32992396928922263,0.8690209229402577
random,1,7,38,0.32449450450843503,0.8698184791027486
random,1,7,39,0.31927903496255045,0.8707491140578941
random,1,7,40,0.3142634185666912,0.8718054274656325
random,1,7,41,0.3094348260713477,0.872980796780725
random,1,7,42,0.3047815006440535,0.8742695899824607
random,1,7,43,0.3002926867217038,0.8756663117429226
random,1,7,44,0.29595843458545223,0.877166525157393
random,1,7,45,0.2917698289189547,0.878766249197116
random,1,7,46,0.2877183211674501,0.8804615864955716
random,1,7,47,0.28379619837895714,0.8822491588050381
random,1,7,48,0.2799962286748236,0.8841260352666083
random,1,7,49,0.2763117546564791,0.8860896908574426
random,1,7,50,0.27273656590699974,0.8881374663329858
random,1,7,51,0.26926495170767106,0.8902672432789519
random,1,7,52,0.26589150566449393,0.8924769426284174
random,1,7,53,0.26261125931326273,0.8947647030315399
random,1,21,1,4.24349947193693,4.233287487034438
random,1,21,2,1.6253188520487376,1.7201528832416946
random,1,21,3,1.1886623973059418,1.346914025997592
random,1,21,4,0.9844712406850118,1.193474570984881
random,1,21,5,0.8553755555899688,1.098294929609342
random,1,21,6,0.7645720747070832,1.0329527129392255
random,1,21,7,0.6954547238314659,0.9854345457471759
random,1,21,8,0.6404407678796844,0.950377878236894
random,1,21,9,0.5955272533929794,0.9245071890718569
random,1,21,10,0.5581916109279192,0.905445210071668
random,1,21,11,0.5266662182782941,0.8913930757787195
random,1,21,12,0.49965870001717094,0.8810086397062704
random,1,21,13,0.4762108825970192,0.8733153550176079
random,1,21,14,0.45560384573139845,0.8676161825968028
random,1,21,15,0.4373002843723232,0.8634219847673388
random,1,21,16,0.42088955003358497,0.8603833241332737
random,1,21,17,0.406055205952038,0.8582551230715589
random,1,21,18,0.3925480464091104,0.8568696464495081
random,1,21,19,0.38017159730225103,0.8560990903158137
random,1,21,20,0.36876959350011346,0.8558528181145183
random,1,21,21,0.35821413677352726,0.8560571010162107
random,1,21,22,0.34839990021876566,0.8566616264954845
random,1,21,23,0.339241850059807,0.8576200543881546
random,1,21,24,0.33066740617521095,0.8589023157718265
random,1,21,25,0.3226160221789549,0.8604757047489907
random,1,21,26,0.315035293530604,0.8623180943274206
random,1,21,27,0.30788151453235296,0.8644170639781993
random,1,21,28,0.3011165080820849,0.866748895540527
random,1,21,29,0.2947061271064825,0.8693104372200019
random,1,21,30,0.28862073759535556,0.8720807680680596
random,1,21,31,0.2828351143050654,0.8750526552336528
random,1,21,32,0.277326626961709,0.8782224840386785
random,1,21,33,0.27207375820323315,0.8815775642162885
random,1,21,34,0.2670577943110501,0.8851095338605343
random,1,21,35,0.26226279119816887,0.8888136375837566
random,1,21,36,0.25767375312409574,0.8926914245935581
random,1,21,37,0.2532773812784486,0.896724412417772
random,1,21,38,0.24906106561010938,0.9009119707571883
random,1,21,39,0.24501258233858036,0.905256658738189
random,1,21,40,0.24112272312578925,0.9097477094557118
random,2,42,1,34.41866292914919,34.197359261442124
random,2,42,2,18.588972392355686,18.407989957820572
random,2,42,3,8.967292835298231,8.840200220923842
random,2,42,4,4.238170651539284,4.171285990604403
random,2,42,5,2.4318722631788035,2.4216258127636032
random,2,42,6,1.8479846399404516,1.8838415414749667
random,2,42,7,1.6190284427771389,1.6900937257672022
random,2,42,8,1.4774589428085738,1.5762742658666675
random,2,42,9,1.3669346391308173,1.489162102192431
random,2,42,10,1.2753028393291266,1.4182967736119731
random,2,42,11,1.197599169013813,1.359360230583771
random,2,42,12,1.1307106478637965,1.3095116950044323
random,2,42,13,1.0724189300665743,1.2666804434434036
random,2,42,14,1.0210542748775364,1.2293311439770294
random,2,42,15,0.975428511855408,1.196468100048456
random,2,42,16,0.9346319509613038,1.1672799067520803
random,2,42,17,0.8978245772192854,1.1411204576021459
random,2,42,18,0.8644082423348316,1.1175500585585392
random,2,42,19,0.8339730286224175,1.0962344822804502
random,2,42,20,0.8061173447513668,1.0769618919360489
random,2,42,21,0.7805105330487181,1.0594611476790285
random,2,42,22,0.7568822038684704,1.0435256808123001
random,2,42,23,0.7349757748792356,1.028990014299707
random,2,42,24,0.7146049166032944,1.0157230699019366
random,2,42,25,0.6956151832982675,1.0035688415921868
random,2,42,26,0.67785442295456,0.9924689223194811
random,2,42,27,0.6611879356373235,0.9823249793597919
random,2,42,28,0.6455097518644809,0.9730260630742548
random,2,42,29,0.6307372684126322,0.9644939883945403
random,2,42,30,0.6166960570431662,0.9566837188198246
random,2,42,31,0.6033085355544552,0.9495144707514699
random,2,42,32,0.5906793497143341,0.9428056030533517
random,2,42,33,0.5786897482818686,0.9365923953586195
random,2,42,34,0.567177880987488,0.9308356261919191
random,2,42,35,0.556208309506582,0.9255881644469569
random,2,42,36,0.5458078428653604,0.9207749538998278
random,2,42,37,0.5357743723488236,0.9161186406073754
random,2,42,38,0.5261567498809513,0.9118111882825713
random,2,42,39,0.5169266844176901,0.907863067192228
random,2,42,40,0.5080413220106301,0.9042285117947277
random,2,42,41,0.49920298579038136,0.9007433082568378
random,2,42,42,0.49068119400399696,0.8970062223970934
random,2,42,43,0.48241639632180183,0.8936160359650359
random,2,42,44,0.4745438285817394,0.8900171444712582
random,2,42,45,0.46697923394095314,0.8872598861244685
random,2,42,46,0.45956970993698903,0.8851706041728632
random,2,42,47,0.45243920120299524,0.8822678311797154
random,2,42,48,0.4453796484689582,0.880579142751368
random,2,42,49,0.43839338161163444,0.8782171651876455
random,2,42,50,0.43150375146041464,0.8766673919581832
random,2,42,51,0.42475081971994166,0.8748689170505868
random,2,42,52,0.4181076810045897,0.8735440605232149
random,2,42,53,0.4115033277026735,0.8715183326489624
random,2,42,54,0.4050549877406842,0.8699212851841688
random,2,42,55,0.3987544781380914,0.8685088356402467
random,2,42,56,0.39255925585161977,0.8661672958468212
random,2,42,57,0.38674565539997374,0.8650837531219088
random,2,42,58,0.3807696581642961,0.8632324180802216
random,2,42,59,0.37509028650322396,0.8621476911590745
random,2,42,60,0.3694690451010841,0.8600088096864377
random,2,42,61,0.36397930986840726,0.8586941496786833
random,2,42,62,0.35844071597235705,0.8571160894867969
random,2,42,63,0.3528117642197471,0.85552290182144
random,2,42,64,0.34745961514210505,0.8539241685011116
random,2,42,65,0.3422546123092695,0.8527618442586711
random,2,42,66,0.33715524086848553,0.851963324454843
random,2,42,67,0.3321382179183234,0.8515335586927386
random,2,42,68,0.3272021497018351,0.8503055062509549
random,2,42,69,0.3225039913530136,0.8488432086133865
random,2,42,70,0.3179837397420958,0.8475242809366449
random,2,42,71,0.31334679094864626,0.8469202297311761
random,2,42,72,0.30886421755989363,0.8457727477480377
random,2,42,73,0.3044859489420623,0.8448747069419255
random,2,42,74,0.3000147944551409,0.8437642934637493
random,2,42,75,0.2954558817699681,0.8424011389856298
random,2,42,76,0.2911164866988343,0.8414403797156046
random,2,42,77,0.2869587813362559,0.8406463477718532
random,2,42,78,0.28264820957877784,0.839755328244812
random,2,42,79,0.27834029077371386,0.839188151537096
random,2,42,80,0.27408892248308964,0.8380282511778784
random,2,42,81,0.27001892320925536,0.8382727804537402
random,2,42,82,0.2659637676054482,0.8377964932142962
random,2,42,83,0.2622008079488035,0.8365836822613995
random,2,42,84,0.25817921241960334,0.8359707560279788
random,2,42,85,0.2542951305552993,0.8356462661674852
random,2,42,86,0.2504265788570702,0.8355059073222478
random,2,42,87,0.24666423457340034,0.8348912551996646
random,2,42,88,0.24313812302091145,0.8342719439106067
random,2,42,89,0.23981885207856687,0.8341068884455821
random,2,42,90,0.23626758439369575,0.8334707256829936
random,2,42,91,0.23290059392206328,0.8328939407888539
random,2,42,92,0.2293479246856086,0.8324423222625226
random,2,42,93,0.22603969199069868,0.8330790653478142
random,2,42,94,0.2226762158450278,0.8318472737851459
random,2,42,95,0.21973529780003204,0.8322412611774693
random,2,42,96,0.21678237298199968,0.8321516161248484
random,2,42,97,0.21388211436687155,0.8315733950607785
random,2,42,98,0.21088190103232873,0.8315386865893658
random,2,42,99,0.2076803858907272,0.8313850389824978
random,2,42,100,0.20477249520555074,0.8310082833237322
random,2,42,101,0.20199716186369665,0.8312507690575088
random,2,42,102,0.19910415030134013,0.8317535798987516
random,2,42,103,0.1965994190513485,0.8319891084222353
random,2,42,104,0.19416742710787324,0.8321838216391796
random,2,42,105,0.1912504534983623,0.8320446025731669
random,2,42,106,0.18836782813969294,0.8321078289353613
random,2,42,107,0.18581673449864364,0.8329793911864946
random,2,42,108,0.18295283947090749,0.8325990295834531
random,2,42,109,0.18031177381405467,0.8328835799735843
random,2,42,110,0.17781302028618892,0.8331888635640999
random,2,42,111,0.1753920624169133,0.8326651864910235
random,2,42,112,0.17312897726939755,0.8330568946370607
random,2,42,113,0.17089062811918485,0.8339542044085986
random,2,42,114,0.1684315691106396,0.834031404347603
random,2,42,115,0.1659314638555064,0.8348854611735614
random,2,42,116,0.1637068901407604,0.835431307909686
random,2,42,117,0.16139759959698693,0.8350055552037852
random,2,42,118,0.15915470322323252,0.8357726261319649
random,2,42,119,0.15679992117242253,0.8355052667621581
random,2,42,120,0.154698384055655,0.835941170291602
random,2,7,1,41.52060529870846,41.32973607705283
random,2,7,2,30.56501440925521,30.401592286166924
random,2,7,3,20.891503070624676,20.755212565105477
random,2,7,4,13.158401113704977,13.055790257548653
random,2,7,5,7.707717424942013,7.64494074198731
random,2,7,6,4.434851309149565,4.414983356238675
random,2,7,7,2.7875040392541393,2.809073101888908
random,2,7,8,2.0721208406926546,2.129832991411791
random,2,7,9,1.7680619058661124,1.855225933429599
random,2,7,10,1.610900376654886,1.721635498903005
random,2,7,11,1.5029158996220693,1.63299966867958
random,2,7,12,1.415302901454901,1.5619579929874847
random,2,7,13,1.3399812250362606,1.5013594900660892
random,2,7,14,1.2739728716454932,1.448737817396397
random,2,7,15,1.2155563513680514,1.402640104009605
random,2,7,16,1.1634707187221234,1.361934434118776
random,2,7,17,1.1167204470782026,1.325709025729592
random,2,7,18,1.0744964895619586,1.293247264254092
random,2,7,19,1.0361493541024138,1.2639630948041505
random,2,7,20,1.001172660189023,1.2373854414750791
random,2,7,21,0.9691287514237312,1.2131343635965521
random,2,7,22,0.9396522077419044,1.1908979906898576
random,2,7,23,0.912426608157931,1.1704187807762414
random,2,7,24,0.8871773980751149,1.1514797514898547
random,2,7,25,0.8636848202464764,1.1339212613524836
random,2,7,26,0.841766290829981,1.1175801666525045
random,2,7,27,0.8212580680480486,1.1022785648728035
random,2,7,28,0.8019977318247213,1.0879620838105695
random,2,7,29,0.7838636028751532,1.0745525695981692
random,2,7,30,0.7667576112851174,1.0619741885090128
random,2,7,31,0.750584284052271,1.050142623975538
random,2,7,32,0.7352619775424828,1.039000763312797
random,2,7,33,0.720697213943707,1.0285096857646865
random,2,7,34,0.7068436592796999,1.0186361261902788
random,2,7,35,0.6936177791234097,1.0093653120861834
random,2,7,36,0.6809105091636009,1.0004961560920658
random,2,7,37,0.6687525025560105,0.9920996850750606
random,2,7,38,0.6570697220668938,0.9841735640486093
random,2,7,39,0.6459260128407828,0.9765018074806743
random,2,7,40,0.6351382432634924,0.96928058599232
random,2,7,41,0.6247708521700741,0.9625121690566176
random,2,7,42,0.6148300144223169,0.9560669261739005
random,2,7,43,0.6052468360668235,0.95005934190446
random,2,7,44,0.595880276366578,0.9444469230549662
random,2,7,45,0.5866349207796375,0.939107056319072
random,2,7,46,0.5776512259360815,0.9337657198354998
random,2,7,47,0.5689383245213113,0.9286043467186045
random,2,7,48,0.5604820983792166,0.9237186671878749
random,2,7,49,0.5523025548365619,0.9190209514506412
random,2,7,50,0.5442316528770921,0.9146195951266365
random,2,7,51,0.5364092745745411,0.9106585131242274
random,2,7,52,0.5287174587818494,0.9066551137591412
random,2,7,53,0.5210821441822119,0.9022702380018673
random,2,7,54,0.513491576465877,0.8986187017743947
random,2,7,55,0.5060757410022153,0.8947657036080285
random,2,7,56,0.49884248993258046,0.8909086359658349
random,2,7,57,0.49187385296128894,0.8875040960298205
random,2,7,58,0.48489931319872287,0.8839615587066263
random,2,7,59,0.478102282362367,0.8807255418178417
random,2,7,60,0.47134847389635554,0.8776725051934567
random,2,7,61,0.4648489365021308,0.8748347061649312
random,2,7,62,0.4584878579726736,0.8715085807767824
random,2,7,63,0.45235887065232844,0.8689429381576762
random,2,7,64,0.44634889397660915,0.8660434329682164
random,2,7,65,0.44045955349460136,0.8632618481347082
random,2,7,66,0.4345907055014244,0.8611290942443568
random,2,7,67,0.42888418951642177,0.8586773452189118
random,2,7,68,0.4232555180277703,0.8566605220014618
random,2,7,69,0.4176991747946219,0.8541356462093602
random,2,7,70,0.41236190805274275,0.8523028220242321
random,2,7,71,0.4068532940092067,0.8505358351383364
random,2,7,72,0.40166832447451656,0.8491322818543033
random,2,7,73,0.39650059621083905,0.8470196875519103
random,2,7,74,0.3911548849806439,0.8452032932851771
random,2,7,75,0.3860910208591221,0.8435717030765859
random,2,7,76,0.3808295970432086,0.8416415868491952
random,2,7,77,0.3758480654707827,0.839789918977802
random,2,7,78,0.3707824938247158,0.8381080960674271
random,2,7,79,0.36587807066893824,0.8368516930131749
random,2,7,80,0.3608806105311146,0.8348148964992388
random,2,7,81,0.3557394054660742,0.8326199040481658
random,2,7,82,0.35072908029232985,0.8313299394751406
random,2,7,83,0.34593694474099457,0.8294538933983807
random,2,7,84,0.3411086262533784,0.8280548284969528
random,2,7,85,0.3360366034013425,0.8265635101071935
random,2,7,86,0.3314119601639841,0.825090878195929
random,2,7,87,0.3266862158999401,0.8238115152393409
random,2,7,88,0.3222664854827905,0.8232392296881911
random,2,7,89,0.3179280750353597,0.821401537507461
random,2,7,90,0.3133513151704102,0.8206385853410599
random,2,7,91,0.30891623364401183,0.8191844172397182
random,2,7,92,0.3045529094252526,0.8180936303779328
random,2,7,93,0.3002951069074314,0.8169633347255217
random,2,7,94,0.29614821021275006,0.8155008352687412
random,2,7,95,0.2922405644100877,0.8152986156933077
random,2,7,96,0.28823572299093764,0.8147917975875432
random,2,7,97,0.2838292862206347,0.8137384214513019
random,2,7,98,0.27982277714527093,0.8127349357340965
random,2,7,99,0.2758416996580548,0.8109414307928494
random,2,7,100,0.271829749143948,0.8099144497239901
random,2,7,101,0.26786678312576695,0.80893687543114
random,2,7,102,0.2641568482532469,0.8088745086337449
random,2,7,103,0.26038080157891047,0.8081751743512896
random,2,7,104,0.2565302385604125,0.8072983231756246
random,2,7,105,0.25292304838991336,0.8067478397327622
random,2,7,106,0.2492688131048552,0.8052061402884164
random,2,7,107,0.24564681248207348,0.8048383713238655
random,2,7,108,0.24198417854786536,0.8047435711771282
random,2,7,109,0.2384707952260983,0.8041061862092833
random,2,7,110,0.23508944291332,0.8040216089055408
random,2,7,111,0.2316202610357082,0.8037000747813375
random,2,7,112,0.22824199131130243,0.8030495602711787
random,2,7,113,0.22513443832597232,0.802876347443189
random,2,7,114,0.22162577070471146,0.8019273416152909
random,2,7,115,0.2179216671430716,0.8017131317192371
random,2,7,116,0.21466668388002216,0.8011989379766343
random,2,7,117,0.21134260286849826,0.8000843074592384
random,2,7,118,0.20808578585965112,0.7998149234321927
random,2,7,119,0.2052109146213605,0.7987152215571859
random,2,7,120,0.2023054234319479,0.7990193148258192
random,2,7,121,0.1993515257669315,0.7981161864711995
random,2,7,122,0.19612883324345579,0.7986602864707529
random,2,7,123,0.19322630253511872,0.7979988883393702
random,2,7,124,0.19055108411489988,0.7982219526956178
random,2,7,125,0.18781097086061893,0.7981621148984205
random,2,7,126,0.18516146334567718,0.7975223821157058
random,2,7,127,0.18255966142670893,0.7974835036858022
random,2,7,128,0.17996755205113057,0.796251884219193
random,2,7,129,0.1776352844448151,0.7965720356458614
random,2,7,130,0.17483422463755433,0.7976337688261075
random,2,7,131,0.17241474763402725,0.7972490579163714
random,2,7,132,0.16991283965883627,0.7977515789067635
random,2,7,133,0.1673283329063873,0.7981505310208523
random,2,7,134,0.1651319570194108,0.7987009741548096
random,2,7,135,0.1629933379614105,0.7984683276454929
random,2,7,136,0.16062003991164697,0.7993017763615528
random,2,7,137,0.158182434921556,0.8001446404137106
random,2,7,138,0.15614097611045344,0.8020986051056301
random,2,7,139,0.1538552193434356,0.801297656845909
random,2,7,140,0.15165963592374235,0.8028432116317583
random,2,7,141,0.14939979543480217,0.8020664386527353
random,2,7,142,0.14761636279110277,0.8026712238330104
random,2,7,143,0.14598893545450256,0.8033693610178839
random,2,7,144,0.14358524737345577,0.802061499160618
random,2,7,145,0.14172513798379335,0.8029210116123571
random,2,7,146,0.13965542182903354,0.8045302849356061
random,2,7,147,0.1377379422185709,0.8043159015070404
random,2,7,148,0.13567636343132233,0.8039607630353272
random,2,21,1,30.31708373364238,30.266349254667976
random,2,21,2,14.838744036518067,14.788905299160655
random,2,21,3,6.529798561608912,6.504112932171997
random,2,21,4,3.0741083023742086,3.0854548811674047
random,2,21,5,1.9799532551462629,2.0297636664099517
random,2,21,6,1.642273947501156,1.7250785688385615
random,2,21,7,1.4745290863124503,1.5843068827865607
random,2,21,8,1.3506381541616548,1.483178245441186
random,2,21,9,1.2497849229995355,1.4022257093644384
random,2,21,10,1.165805129354592,1.335938952056749
random,2,21,11,1.094867480129963,1.2807993034125789
random,2,21,12,1.034187185276082,1.2342496041703632
random,2,21,13,0.9816728407333192,1.1943937674951233
random,2,21,14,0.9357617185869732,1.1598556285674055
random,2,21,15,0.8952000972415167,1.1296075136448196
random,2,21,16,0.8590263062291972,1.1028688827298012
random,2,21,17,0.8264921726367719,1.0790191853705844
random,2,21,18,0.7969989447044284,1.057599317340717
random,2,21,19,0.7700723817438675,1.0382972172393785
random,2,21,20,0.7453482101551616,1.0208179978083483
random,2,21,21,0.7225330393692718,1.0049294037215502
random,2,21,22,0.7013775221337474,0.9904930830739554
random,2,21,23,0.6816984670948031,0.9773454180873122
random,2,21,24,0.6633428922289523,0.9653519479496769
random,2,21,25,0.6461921849940372,0.9543972672378963
random,2,21,26,0.6301224457262482,0.9444305959942146
random,2,21,27,0.615021677605119,0.9353397130133634
random,2,21,28,0.6008195170135294,0.9270871347002887
random,2,21,29,0.5874112589147746,0.9195425136902607
random,2,21,30,0.5747562915619715,0.9126518607609568
random,2,21,31,0.5627807061176764,0.9063678512173238
random,2,21,32,0.5514425360848947,0.9006193952196404
random,2,21,33,0.5406924968036739,0.8953523292332964
random,2,21,34,0.5304651519699402,0.8905463194550283
random,2,21,35,0.5207514248473464,0.8861376490372538
random,2,21,36,0.5114766115150886,0.8821429660020378
random,2,21,37,0.5026110146403562,0.8784853378624913
random,2,21,38,0.49415194401661633,0.8750950052774987
random,2,21,39,0.4860481646324319,0.8720001143396092
random,2,21,40,0.47825727961610276,0.8691874428545393
random,2,21,41,0.47077596781892317,0.8665448067643697
random,2,21,42,0.4635664399863192,0.8641279203149108
random,2,21,43,0.4566182583481873,0.8618745169058295
random,2,21,44,0.44992262859861953,0.8597491504367302
random,2,21,45,0.4434671441962619,0.8577166479923333
random,2,21,46,0.43723173369509644,0.8559450459577903
random,2,21,47,0.4312020146810314,0.8542837840199972
random,2,21,48,0.4253505288861004,0.8528678815723616
random,2,21,49,0.41967765924253847,0.8514640597240531
random,2,21,50,0.41418329843719187,0.8502320283628837
random,2,21,51,0.408848561603948,0.849127772029217
random,2,21,52,0.40367709307489763,0.8480812469421292
random,2,21,53,0.39864605260760244,0.8471017373946602
random,2,21,54,0.39373994074931057,0.8462130699056427
random,2,21,55,0.38897144558480956,0.8453058726164712
random,2,21,56,0.38429580045158734,0.844499179274123
random,2,21,57,0.37970093020325335,0.8437126944090766
random,2,21,58,0.37520319739347785,0.8430217265244615
random,2,21,59,0.37075785824774504,0.842372684186946
random,2,21,60,0.36640654393861805,0.8418998181788695
random,2,21,61,0.36215030711185947,0.8412109360066365
random,2,21,62,0.35800858762472276,0.8406340406592387
random,2,21,63,0.35392176634988204,0.8401132747556185
random,2,21,64,0.34988635197376095,0.8397793375318356
random,2,21,65,0.3457881773080979,0.8394301245748811
random,2,21,66,0.3417323256534743,0.8389473975833664
random,2,21,67,0.33757802759518213,0.8387588661825078
random,2,21,68,0.33353454496917473,0.8381893390299434
random,2,21,69,0.3296152912475823,0.8381184766365757
random,2,21,70,0.3255826622360046,0.8379516241456929
random,2,21,71,0.32150969274334773,0.8375571109222145
random,2,21,72,0.31756554053757086,0.836957325145357
random,2,21,73,0.3137279112207114,0.8366097705960989
random,2,21,74,0.31009843845478285,0.836712301394408
random,2,21,75,0.30643109197573004,0.8363474865092476
random,2,21,76,0.30260910786545203,0.8364518366286077
random,2,21,77,0.29887559714170003,0.835771233038743
random,2,21,78,0.29513218019375476,0.8358086694981498
random,2,21,79,0.29146208644718086,0.8354013158126883
random,2,21,80,0.28783607621569846,0.8352521497446168
random,2,21,81,0.28431576914771656,0.8355255272064702
random,2,21,82,0.2808405859360845,0.8355445827469378
random,2,21,83,0.2774147426738784,0.8354892872637993
random,2,21,84,0.27382983487582174,0.8354417034047491
random,2,21,85,0.2703174046079935,0.8349454712749723
random,2,21,86,0.2668215588223151,0.8346961552247512
random,2,21,87,0.26344197692727,0.8346622091580364
random,2,21,88,0.260227508305294,0.8350340418859796
random,2,21,89,0.2573023836063525,0.8353604778875947
random,2,21,90,0.2541424257914978,0.8361626421297789
random,2,21,91,0.2509954675966372,0.8360526066518891
random,2,21,92,0.24773227656587798,0.835877952032456
random,2,21,93,0.24442002232032428,0.8360878087325386
random,2,21,94,0.24135483427146795,0.8358460738244039
random,2,21,95,0.23828042048711923,0.8362845487798938
random,2,21,96,0.235333321183502,0.8369003926773821
random,2,21,97,0.2326882546686523,0.8369386478926211
random,2,21,98,0.22990369503872957,0.837798161264602
random,2,21,99,0.22713529458157822,0.8384435639441653
random,2,21,100,0.22407747477519513,0.8386465019873148
random,2,21,101,0.22126503718542995,0.8384504633911801
random,2,21,102,0.21825114514996796,0.8382634272218464
random,2,21,103,0.21525817265283106,0.8385332673187686
random,2,21,104,0.21256442496485145,0.839674290428867
random,2,21,105,0.20989418776734198,0.84059641047766
random,2,21,106,0.2073493810407884,0.840769195405442
random,2,21,107,0.2047255563980527,0.8412531649056169
random,3,42,1,6.513603794398304,6.401052077088006
random,3,42,2,1.7571582811746462,1.8164030795510904
random,3,42,3,1.298458454734157,1.4262194294532595
random,3,42,4,1.0790598062354084,1.2671113880940397
random,3,42,5,0.9367301287237841,1.1658604420785736
random,3,42,6,0.8352924390011838,1.0949742233110544
random,3,42,7,0.7584604373362428,1.0426396358404544
random,3,42,8,0.6978510488737807,1.0032833642429564
random,3,42,9,0.6487837738029317,0.973481997354658
random,3,42,10,0.6083064244431329,0.9508229466878756
random,3,42,11,0.5743775874669684,0.9334915324635722
random,3,42,12,0.5455167081196752,0.9201152793114141
random,3,42,13,0.5206283438639823,0.9096728896989442
random,3,42,14,0.49889488337913046,0.901418178110089
random,3,42,15,0.4797020332088294,0.8948129687769018
random,3,42,16,0.46258463361683755,0.8894709729599655
random,3,42,17,0.44718689981621557,0.885116322195386
random,3,42,18,0.4332333608240524,0.8815496101595106
random,3,42,19,0.4205077465426549,0.878625896417654
random,3,42,20,0.40883768072693777,0.8762367134369204
random,3,42,21,0.3980843519142702,0.8743003587556467
random,3,42,22,0.3881320992021279,0.8727527227079851
random,3,42,23,0.3788859015625064,0.8715539785151127
random,3,42,24,0.3702655341584089,0.8706518484656423
random,3,42,25,0.36221537605401577,0.8700019474266227
random,3,42,26,0.35467328742384463,0.8695804236408051
random,3,42,27,0.3475820118122941,0.8693738193211251
random,3,42,28,0.34090829930939603,0.8693583503196136
random,3,42,29,0.3346113555043351,0.8694886872857926
random,3,42,30,0.32865242334576655,0.8697735026164859
random,3,42,31,0.323000950236292,0.8701954219615187
random,3,42,32,0.31763904011916233,0.8707476817992206
random,3,42,33,0.31253819030280755,0.8714046100538757
random,3,42,34,0.3076719501014665,0.872166567402555
random,3,42,35,0.3030235358904245,0.8730356518543033
random,3,42,36,0.29857520388064984,0.8739832704717969
random,3,42,37,0.2943062847331525,0.8750187997927736
random,3,42,38,0.29021429971832635,0.8761252664512592
random,3,42,39,0.28626988386770247,0.8773531412905626
random,3,42,40,0.2824742665785423,0.8785403502475932
random,3,42,41,0.278811234460468,0.8798266741261259
random,3,42,42,0.275280402472514,0.8811339444300225
random,3,42,43,0.2718757444586868,0.882565489883864
random,3,42,44,0.26855410268716795,0.8839588993052582
random,3,42,45,0.2653623380781373,0.8854913590128024
random,3,42,46,0.2622554180430429,0.8869553349553485
random,3,42,47,0.2592330071362631,0.8885656778381802
random,3,42,48,0.25627825474614074,0.8900931361220755
random,3,7,1,19.526337910195114,19.395238301981063
random,3,7,2,2.9502889617902284,2.9506684330799775
random,3,7,3,1.634851516376463,1.7443684715628966
random,3,7,4,1.33889112501113,1.4928911644156495
random,3,7,5,1.155719480090643,1.3491322938324863
random,3,7,6,1.027503368475411,1.2517752231189239
random,3,7,7,0.9319953059230766,1.1802859147522984
random,3,7,8,0.8576959596376377,1.1249821146837835
random,3,7,9,0.7978841991066763,1.0806785382628707
random,3,7,10,0.7483794561187199,1.0443968830633326
random,3,7,11,0.7065364989944757,1.0143047616211345
random,3,7,12,0.6706208737196347,0.9891723320369324
random,3,7,13,0.6394339710795578,0.9680950516879615
random,3,7,14,0.6121001211794753,0.950359635449056
random,3,7,15,0.5879502621996674,0.9353816009047887
random,3,7,16,0.5664576544365156,0.9226758741335795
random,3,7,17,0.5471995438152399,0.9118393498557879
random,3,7,18,0.5298332237397106,0.9025393990690883
random,3,7,19,0.5140787565663136,0.8945038610044809
random,3,7,20,0.49970686270036035,0.8875111962296256
random,3,7,21,0.4865277169386987,0.8813829719641378
random,3,7,22,0.47438551834292536,0.8759754662870508
random,3,7,23,0.46314977201098506,0.8711736693872235
random,3,7,24,0.45271146154382175,0.8668850079275596
random,3,7,25,0.44297881855494003,0.8630352358901451
random,3,7,26,0.4338741211361364,0.8595647932426748
random,3,7,27,0.4253308426532051,0.8564246235710528
random,3,7,28,0.4172920792793151,0.8535752960329182
random,3,7,29,0.4097085737602372,0.850983796761865
random,3,7,30,0.40253751903127977,0.8486232721396302
random,3,7,31,0.3957414939750258,0.8464709366356401
random,3,7,32,0.38928776261160913,0.8445097509978657
random,3,7,33,0.38314726167826596,0.8427215796227979
random,3,7,34,0.3772943378954139,0.8410916533570838
random,3,7,35,0.37170607368206693,0.839607582887311
random,3,7,36,0.3663620042940501,0.8382588462515622
random,3,7,37,0.36124368745281565,0.8370357872738114
random,3,7,38,0.356334498688344,0.835929974078683
random,3,7,39,0.3516193364236706,0.8349339528789973
random,3,7,40,0.34708481381984574,0.8340408766626234
random,3,7,41,0.34271767658607555,0.8332444528816993
random,3,7,42,0.3385072206617,0.8325390402356865
random,3,7,43,0.3344427390972087,0.8319194003505344
random,3,7,44,0.33051457871303375,0.8313808503888961
random,3,7,45,0.3267139106391499,0.8309187246638229
random,3,7,46,0.32303259903624454,0.830529066972625
random,3,7,47,0.31946306230728444,0.830208071947262
random,3,7,48,0.3159986007806205,0.8299521114222637
random,3,7,49,0.31263275002325414,0.8297580381312177
random,3,7,50,0.30935974420098644,0.829622864736521
random,3,7,51,0.30617420897652436,0.8295437416503588
random,3,7,52,0.3030716858573519,0.8295185071104438
random,3,7,53,0.300046631503519,0.8295443663191391
random,3,7,54,0.29709612540799935,0.8296194009072465
random,3,7,55,0.29421635842908617,0.8297417381463278
random,3,7,56,0.29140282611781876,0.8299092604535401
random,3,7,57,0.2886536555804387,0.8301209495100642
random,3,7,58,0.2859654549945064,0.8303747310637832
random,3,7,59,0.28333581404970565,0.8306694343252345
random,3,7,60,0.28076222660122435,0.8310034035321219
random,3,7,61,0.2782426485026104,0.8313759844863583
random,3,7,62,0.2757749414657836,0.8317860185471025
random,3,7,63,0.2733572917725405,0.8322322817339199
random,3,7,64,0.2709878993730945,0.8327121890055775
random,3,7,65,0.2686473517436654,0.833199953438998
random,3,7,66,0.2663642059272144,0.8337923467218399
random,3,7,67,0.26414153515734057,0.8344359143156969
random,3,7,68,0.26194624601579786,0.8350420507947015
random,3,7,69,0.25979365525714143,0.8357010916277366
random,3,7,70,0.2576824266428167,0.8363284878426503
random,3,7,71,0.2556131312789351,0.8370591419679541
random,3,7,72,0.2535928497303954,0.8378660031507735
random,3,21,1,4.244126336576956,4.23382249464624
random,3,21,2,1.6237585149191274,1.7186153823340504
random,3,21,3,1.1889833863839832,1.3470546632337763
random,3,21,4,0.985377054436218,1.193755803876123
random,3,21,5,0.8572114055749397,1.0989552725890346
random,3,21,6,0.7673573686939141,1.033856792278981
random,3,21,7,0.6992064809974688,0.9864323964621394
random,3,21,8,0.6451529715218297,0.951284825819172
random,3,21,9,0.6011729571808145,0.9251235765198638
random,3,21,10,0.5647324997677478,0.9055758399152273
random,3,21,11,0.5340618544774728,0.8908600011569341
random,3,21,12,0.5078681014201553,0.8796555001529185
random,3,21,13,0.4852002502010468,0.8710093328321589
random,3,21,14,0.46534464840483447,0.8642431530900395
random,3,21,15,0.4477640519368843,0.8588793490714183
random,3,21,16,0.4320503101376839,0.8545864922529018
random,3,21,17,0.4178888394971577,0.851128434643111
random,3,21,18,0.405032341359188,0.8483364984418685
random,3,21,19,0.3932865194184988,0.846095125763638
random,3,21,20,0.38249549485189616,0.8443118672206212
random,3,21,21,0.37253195076567724,0.8429234911223071
random,3,21,22,0.36329445609811656,0.8418725421990184
random,3,21,23,0.3546969213161288,0.841119390991724
random,3,21,24,0.3466683475021997,0.8406371933811554
random,3,21,25,0.33914948920084786,0.8403933038382188
random,3,21,26,0.3320890284639247,0.840366559037128
random,3,21,27,0.3254436335189209,0.8405456521375333
random,3,21,28,0.31917546423264803,0.8409093112270649
random,3,21,29,0.3132531242673528,0.841441642502158
random,3,21,30,0.30764556889842753,0.84214163715177
random,3,21,31,0.30232494578783803,0.8429907530875924
random,3,21,32,0.2972772646672276,0.8439734744063301
random,3,21,33,0.2924732069138451,0.8450987212081801
random,3,21,34,0.2879015801139379,0.8463397179575074
random,3,21,35,0.28353914369464395,0.8477028455251768
random,3,21,36,0.27937405316757224,0.849175223900513
random,3,21,37,0.27539231539391223,0.8507605419794796
random,3,21,38,0.27158925447619003,0.8524433074312922
random,3,21,39,0.2679355428407912,0.8542236438325288
random,3,21,40,0.26444019551311665,0.8560504952083475
random,3,21,41,0.26108206634608766,0.8579768058066304
random,3,21,42,0.25785627502802533,0.8599952448074636
random,3,21,43,0.25474115746796344,0.8620798560089985
random,3,21,44,0.2517482954288398,0.8642540843350561
random,3,21,45,0.2488705942295054,0.8664474482682952
random,3,21,46,0.24608524895932987,0.8687732522979138
random,4,42,1,29.951192661348205,29.70641205222436
random,4,42,2,13.607575100242137,13.400443175136001
random,4,42,3,5.239746301536709,5.118683404383839
random,4,42,4,2.437325586890663,2.401229052181017
random,4,42,5,1.7756015102643197,1.8026867130223736
random,4,42,6,1.547469277802791,1.617699312057061
random,4,42,7,1.3895571578496808,1.4938388089585501
random,4,42,8,1.2605938947422388,1.3952320991764404
random,4,42,9,1.1540304809464041,1.315969970946131
random,4,42,10,1.0656547661042126,1.251733532689761
random,4,42,11,0.9918883131040378,1.1991039398637355
random,4,42,12,0.9296911804146218,1.1553710902696392
random,4,42,13,0.8767164168970543,1.1185731596618584
random,4,42,14,0.8309921370430847,1.0872413246631252
random,4,42,15,0.7910518475218182,1.0603270771270883
random,4,42,16,0.7557788250305534,1.0369932607857002
random,4,42,17,0.724305982769292,1.0165509379420996
random,4,42,18,0.6960522880363484,0.9986218057676748
random,4,42,19,0.6704883419931259,0.982762088002724
random,4,42,20,0.6472668081708833,0.9689794154733012
random,4,42,21,0.6260202811740049,0.9567607122248741
random,4,42,22,0.6064785826042499,0.9459783248228978
random,4,42,23,0.5884573140506545,0.9365402482940616
random,4,42,24,0.571779502586918,0.9282168702830551
random,4,42,25,0.5562955641061208,0.920892010917668
random,4,42,26,0.5418832478379342,0.914401062008972
random,4,42,27,0.5283943746778752,0.9086872365795452
random,4,42,28,0.5157435985821707,0.9035890982062118
random,4,42,29,0.5037932509170433,0.8990404229249385
random,4,42,30,0.4924681746720388,0.8949921990695107
random,4,42,31,0.4817660124672444,0.8913734212413935
random,4,42,32,0.47158570801684785,0.8879635366609128
random,4,42,33,0.4618716351105814,0.8849214880838913
random,4,42,34,0.4525741033965661,0.8821409090560496
random,4,42,35,0.44365237583520184,0.8795484654075979
random,4,42,36,0.4349660920757761,0.8770504622550769
random,4,42,37,0.4265148678683782,0.874671315699791
random,4,42,38,0.418383132215818,0.8724169213993598
random,4,42,39,0.4104642774151784,0.8702732138774304
random,4,42,40,0.4029121738772756,0.8685572348462157
random,4,42,41,0.39567035390049043,0.867047365417349
random,4,42,42,0.38870134959393493,0.8658292511284975
random,4,42,43,0.3818243226254744,0.8642654907768991
random,4,42,44,0.37515730858043744,0.8630460248431164
random,4,42,45,0.36866311745157043,0.8618618062891394
random,4,42,46,0.36225440610540294,0.8608920327526879
random,4,42,47,0.35588639088593305,0.859828934507703
random,4,42,48,0.3497040775521587,0.8587976421131668
random,4,42,49,0.3436673341498511,0.8580710909474669
random,4,42,50,0.33782847843088637,0.8572351267721618
random,4,42,51,0.33208316481714567,0.8571268169263994
random,4,42,52,0.32636094162616064,0.8570390884153574
random,4,42,53,0.32075837178342803,0.8569844737891539
random,4,42,54,0.31521790403316263,0.8566823430190259
random,4,42,55,0.30964177677794913,0.8567097916084888
random,4,42,56,0.3040160572237918,0.8567965704364218
random,4,42,57,0.2985585397005175,0.8577539210618057
random,4,42,58,0.2929635016982637,0.8578803626207031
random,4,42,59,0.2874575036854705,0.8577869846506325
random,4,42,60,0.2820874167369605,0.8573722374186169
random,4,42,61,0.27669304681905027,0.8576040953468651
random,4,42,62,0.2712668810080959,0.8580164255856436
random,4,42,63,0.26586100806980817,0.858676310201291
random,4,42,64,0.26051122720024866,0.8581362117613219
random,4,42,65,0.25484132297400613,0.8586685624899133
random,4,42,66,0.24942156609964894,0.8586464799548336
random,4,42,67,0.24394860459778692,0.8586347490165791
random,4,42,68,0.23870791712927736,0.8594480035419818
random,4,42,69,0.233412491831499,0.8604487350930929
random,4,42,70,0.22832765974389124,0.8612250370933925
random,4,42,71,0.22292670545843316,0.8618535819566737
random,4,42,72,0.21763259218536804,0.8617034587248341
random,4,42,73,0.21232719699378713,0.8615045432134246
random,4,42,74,0.20739921853381785,0.8618339756873548
random,4,7,1,21.40194077622775,21.23867735734409
random,4,7,2,7.019521588015031,6.923807298999688
random,4,7,3,2.5604557612853,2.532953792350725
random,4,7,4,1.7162490948752094,1.7473234339234198
random,4,7,5,1.4565030675744974,1.5308419170992953
random,4,7,6,1.2862230301594753,1.3949997372868497
random,4,7,7,1.1605252343398014,1.2989106022987735
random,4,7,8,1.0634587260226462,1.2275936702036085
random,4,7,9,0.9858549494831892,1.1722708085341091
random,4,7,10,0.9220909861902257,1.1277546392736884
random,4,7,11,0.8685192307703082,1.0909774068622857
random,4,7,12,0.8225519136921828,1.0597451081957114
random,4,7,13,0.7825425054898655,1.0329006174739914
random,4,7,14,0.7472559895939134,1.009618921858425
random,4,7,15,0.7157302718947455,0.9892509471028799
random,4,7,16,0.6872735543095255,0.9713434615051579
random,4,7,17,0.6613539611217362,0.9553840760067369
random,4,7,18,0.6376448205717411,0.9411154226344561
random,4,7,19,0.6158392762552044,0.9281506810676027
random,4,7,20,0.5958418035315455,0.9170120027839336
random,4,7,21,0.5773052688860273,0.907146513180657
random,4,7,22,0.5601780096803586,0.8986038706760525
random,4,7,23,0.5442601164088463,0.8911677704571873
random,4,7,24,0.5293907220081505,0.8846652256927383
random,4,7,25,0.5155425933391993,0.8788651246938962
random,4,7,26,0.5024620657626662,0.8737176277050969
random,4,7,27,0.4902019322323968,0.8691625767950946
random,4,7,28,0.4785955660485102,0.8650540049884311
random,4,7,29,0.46758818269652086,0.8614020465451313
random,4,7,30,0.4571305979440435,0.8581450481251607
random,4,7,31,0.44710898223379053,0.855236427756336
random,4,7,32,0.4374182129235083,0.8527578083742274
random,4,7,33,0.4280926973624269,0.8503857938556767
random,4,7,34,0.41924996381693175,0.8485070397536656
random,4,7,35,0.4107190020058301,0.8467044004716008
random,4,7,36,0.4025199867848763,0.8450323772324256
random,4,7,37,0.3945153792230334,0.8437838580038534
random,4,7,38,0.3866713201672233,0.8427365179344571
random,4,7,39,0.3791396896006405,0.841813085161443
random,4,7,40,0.37185673252133544,0.8412654363733049
random,4,7,41,0.36485674659484035,0.8407657415315001
random,4,7,42,0.3580976560695509,0.8402521874540976
random,4,7,43,0.3515084533491665,0.8401141034799146
random,4,7,44,0.3451214221811771,0.8398894697514097
random,4,7,45,0.33880979318920834,0.8393261014936688
random,4,7,46,0.3328679337990132,0.8386832011060473
random,4,7,47,0.32669918328633835,0.839557540264732
random,4,7,48,0.3209015877827314,0.8399523616594178
random,4,7,49,0.31490978805443853,0.8400967267326728
random,4,7,50,0.30908962573998644,0.8402588130459624
random,4,7,51,0.3034681544370406,0.8404660031583551
random,4,7,52,0.2978730038319956,0.8414503560560463
random,4,7,53,0.29242604545274137,0.8419868810006794
random,4,7,54,0.28691156761991427,0.8426212034031252
random,4,7,55,0.281360995382263,0.8428093763911942
random,4,7,56,0.27592732071473547,0.8434374642729208
random,4,7,57,0.2707229134200437,0.8449979816207095
random,4,7,58,0.26533025793810805,0.8453083654716265
random,4,7,59,0.26000839608677007,0.8469144601158031
random,4,7,60,0.254811933489048,0.848133154637955
random,4,7,61,0.24952063522331794,0.8497937962008622
random,4,7,62,0.244326143606391,0.8509245110922186
random,4,7,63,0.23907428557016708,0.8526464410169905
random,4,7,64,0.23405852774831765,0.85469610502099
random,4,7,65,0.22914798363343528,0.8560803815367739
random,4,7,66,0.2242178618070906,0.8579151048770911
random,4,21,1,24.15045564504937,24.027535663395323
random,4,21,2,8.448255547914687,8.388869852448481
random,4,21,3,2.964169061895439,2.9794476048959098
random,4,21,4,1.8354125483836332,1.911743368576252
random,4,21,5,1.5514690607306612,1.6670045249887067
random,4,21,6,1.3762563448116598,1.519702090652362
random,4,21,7,1.2446696279929814,1.411627436684114
random,4,21,8,1.1416970103334678,1.3293764983044951
random,4,21,9,1.0584325256631342,1.264323242473416
random,4,21,10,0.9893333575125295,1.2111731281835498
random,4,21,11,0.9308448050453636,1.1667118367856344
random,4,21,12,0.8805229533170178,1.1288416015990976
random,4,21,13,0.8366247449042608,1.0961146344523562
random,4,21,14,0.7978735694612489,1.0675697546344538
random,4,21,15,0.7633113987542276,1.0424969970477853
random,4,21,16,0.7322403195722287,1.0203720055002663
random,4,21,17,0.7041357362373045,1.0008092130815178
random,4,21,18,0.678542039032706,0.9834900186301404
random,4,21,19,0.6551705062554977,0.9681739120549661
random,4,21,20,0.6337528810785056,0.9546259156287591
random,4,21,21,0.6140151783717144,0.9426062515083085
random,4,21,22,0.595773941717925,0.9319385194084076
random,4,21,23,0.5788823799900183,0.9224984728340083
random,4,21,24,0.5631761820584141,0.9141225892257998
random,4,21,25,0.5485472538660746,0.9066956132448718
random,4,21,26,0.5348557126492726,0.9000755451966346
random,4,21,27,0.5219938457638679,0.8941789441202234
random,4,21,28,0.5099198367380863,0.8889507120591128
random,4,21,29,0.4985081022707141,0.8842858036407594
random,4,21,30,0.48770485042481937,0.8801846878545276
random,4,21,31,0.47747790996010153,0.8765589385020228
random,4,21,32,0.46774034862671365,0.8733103874683751
random,4,21,33,0.4584702527303953,0.8704557315638174
random,4,21,34,0.44966487908950126,0.8678938175601355
random,4,21,35,0.4412408820207705,0.8656346442877175
random,4,21,36,0.43313559163122434,0.8636395469866721
random,4,21,37,0.42534706354595314,0.8619582627482884
random,4,21,38,0.4178959814201044,0.8605060627667385
random,4,21,39,0.41072495257825653,0.8591525692859425
random,4,21,40,0.40381466246677844,0.8579108426038016
random,4,21,41,0.3971146124403533,0.8567367341213568
random,4,21,42,0.3906172653004582,0.8558596524791166
random,4,21,43,0.38434169627327996,0.8551603903897833
random,4,21,44,0.37824887993968304,0.8544730638958306
random,4,21,45,0.37239791565145697,0.8540370648367006
random,4,21,46,0.36664393071950374,0.8536896375573696
random,4,21,47,0.3610248757087051,0.8533787908133152
random,4,21,48,0.35549861227206847,0.8530767942287799
random,4,21,49,0.35017249908276654,0.8529510967894524
random,4,21,50,0.3448779664948206,0.8530326159474528
random,4,21,51,0.33981723907303935,0.853175490563691
random,4,21,52,0.3348160419113822,0.8533897181746468
random,4,21,53,0.3299257789134631,0.8537198487697524
random,4,21,54,0.3250267216344801,0.8539163027758554
random,4,21,55,0.32023469736167676,0.8542990577594552
random,4,21,56,0.31550810563040615,0.8546917655328917
random,4,21,57,0.31088398480703605,0.855524820988835
random,4,21,58,0.3062790510769804,0.8563318188036732
random,4,21,59,0.3017704850377224,0.856817731077227
random,4,21,60,0.29733149273941867,0.8580402137523039
random,4,21,61,0.29292539657630895,0.8587359987456993
random,4,21,62,0.28843805387379934,0.8595666116057719
random,4,21,63,0.28399764383417514,0.8609386110357592
random,4,21,64,0.2796067906835178,0.8620087647040963
random,4,21,65,0.27512976770246844,0.8632818760824363
random,4,21,66,0.27075910319526525,0.8649869579734103
random,4,21,67,0.26633799434814637,0.8658227135352058
random,4,21,68,0.2618474425472803,0.8673881914270839
random,4,21,69,0.2574752951128722,0.8682149446985353
random,5,42,1,3.416131739444223,3.327444547709982
random,5,42,2,1.5056052399479274,1.5916214300280271
random,5,42,3,1.1332052763858966,1.2942777992769467
random,5,42,4,0.9407183607376143,1.1604919360888741
random,5,42,5,0.8164043091543143,1.0754811889387585
random,5,42,6,0.7276757977293868,1.0165245166859762
random,5,42,7,0.6602734490897085,0.9749677028723511
random,5,42,8,0.607194547340939,0.945643235859486
random,5,42,9,0.5643317186864993,0.9249729048891442
random,5,42,10,0.5289383535860318,0.9103464408869196
random,5,42,11,0.499058462805925,0.8999167601084408
random,5,42,12,0.47321078008975576,0.8922264224226121
random,5,42,13,0.45004138957823747,0.8865625837013021
random,5,42,14,0.42884676175632586,0.881656473406449
random,5,42,15,0.4087342463138025,0.878132041435738
random,5,42,16,0.3898673981665134,0.8753872141448259
random,5,42,17,0.37168708446729026,0.8730184558277575
random,5,42,18,0.3545070187227673,0.8703894687944156
random,5,42,19,0.33844535760382344,0.8689295877533801
random,5,42,20,0.3238637787473543,0.8679246268492546
random,5,42,21,0.3101461467210074,0.8662113950053136
random,5,42,22,0.29748284071433323,0.8667092548827567
random,5,42,23,0.2851458296017485,0.8683183178484403
random,5,42,24,0.27421912799423664,0.868810397485104
random,5,42,25,0.26409894975528586,0.8720731148741109
random,5,42,26,0.2540622727629703,0.8732806544917431
random,5,42,27,0.2453462134177927,0.8747546832549825
random,5,42,28,0.23726155572582083,0.878128404582546
random,5,42,29,0.228779000482322,0.8797464513187431
random,5,42,30,0.22114493717941727,0.8833699921788308
random,5,42,31,0.21530902003666424,0.8848664395246244
random,5,42,32,0.2083677443294884,0.8889063278997172
random,5,42,33,0.20355573759706302,0.893491808689619
random,5,42,34,0.19723481275412938,0.8959211345058781
random,5,42,35,0.19139887166332226,0.8985773081044366
random,5,42,36,0.1872681441078485,0.9049190113623539
random,5,42,37,0.18361395848110956,0.9090767017028956
random,5,42,38,0.1784366186754898,0.9147996661963023
random,5,42,39,0.1744422643916673,0.9178887411006812
random,5,42,40,0.17020804840264175,0.9234879308730976
random,5,42,41,0.1669243986060827,0.9256359759354347
random,5,7,1,2.0251698357727625,2.0304818473843205
random,5,7,2,1.2278646769545636,1.3574888088761414
random,5,7,3,0.9341594125916157,1.1452549095792073
random,5,7,4,0.7886552737164434,1.0420610748612782
random,5,7,5,0.6917245258645893,0.975532359484213
random,5,7,6,0.620885772285198,0.931429659493264
random,5,7,7,0.5668555356758044,0.9021297670716426
random,5,7,8,0.5242571502639602,0.8824361489239683
random,5,7,9,0.48969266806876094,0.8690415895982861
random,5,7,10,0.4609517352358541,0.8599002574056125
random,5,7,11,0.4365637120699978,0.85374794291295
random,5,7,12,0.41552309822469324,0.8497876534549056
random,5,7,13,0.397120398589782,0.8475019506575237
random,5,7,14,0.38083419378609995,0.8465768105164341
random,5,7,15,0.36628232318283915,0.8467281486259718
random,5,7,16,0.35317730425640975,0.8477555766922038
random,5,7,17,0.34129016486018543,0.8495118016450321
random,5,7,18,0.3304393636641448,0.8518828514455552
random,5,7,19,0.3204790614468554,0.854780082309356
random,5,7,20,0.31128959426868136,0.8581327840990954
random,5,7,21,0.3027783233481603,0.8618759457196977
random,5,7,22,0.29485665671426886,0.8659622218035113
random,5,7,23,0.28745767474517187,0.870356986051532
random,5,7,24,0.28052917762216584,0.8750313672782073
random,5,7,25,0.2740172815659449,0.8799408782049629
random,5,7,26,0.26788153777875223,0.8850678258743789
random,5,7,27,0.2620876064393994,0.8904249324757665
random,5,7,28,0.25660057543507614,0.8959649163869591
random,5,7,29,0.2513954034833077,0.9016812769420383
random,5,7,30,0.246452522999169,0.9075786882766451
random,5,7,31,0.24174410660990786,0.9136346722376554
random,5,7,32,0.23725755944137197,0.9198354479171196
random,5,7,33,0.23297184779604696,0.9262004284002209
random,5,7,34,0.22887935777775323,0.9327080191329048
random,5,21,1,1.9955456186031908,2.0615328241044417
random,5,21,2,1.304085952133918,1.4581087388926726
random,5,21,3,1.0135266000717296,1.2315320084656156
random,5,21,4,0.8486377313990929,1.1044123806059511
random,5,21,5,0.7401926239212631,1.0244553783427486
random,5,21,6,0.6613208060729315,0.9701924833540181
random,5,21,7,0.6012380350715374,0.9330965281810966
random,5,21,8,0.5539907927242794,0.907556110842658
random,5,21,9,0.5158196057066058,0.8897877116159467
random,5,21,10,0.4842394787864909,0.8773062671598746
random,5,21,11,0.45757097795550017,0.868517365446974
random,5,21,12,0.43465614374490025,0.8624028009585483
random,5,21,13,0.4146786077044707,0.858301921508991
random,5,21,14,0.3970492211144784,0.8557712301133283
random,5,21,15,0.38133156093860243,0.8545002997538118
random,5,21,16,0.3671960548288748,0.8542610096610851
random,5,21,17,0.354388435069051,0.8548798369142508
random,5,21,18,0.3427086877556636,0.8562209775928418
random,5,21,19,0.33199684960370507,0.8581768729595294
random,5,21,20,0.3221236127936868,0.8606619009525145
random,5,21,21,0.31298185791027777,0.863607023828373
random,5,21,22,0.30448407441388026,0.8669587471376135
random,5,21,23,0.296556369835519,0.870680929657751
random,5,21,24,0.2891362809356654,0.8747265463526864
random,5,21,25,0.28217240377456465,0.8790749183900537
random,5,21,26,0.27562040350531997,0.883705061498771
random,5,21,27,0.2694392688803011,0.8885941887867748
random,5,21,28,0.26359509725719316,0.8937237330926489
random,5,21,29,0.2580617852797242,0.8991032218050485
random,5,21,30,0.2528127014082471,0.9046931852907473
random,5,21,31,0.24782303658410754,0.9104991583056021
random,5,21,32,0.2430791886118623,0.9165104325210163
random,5,21,33,0.23855403403124184,0.922707881785079
random,5,21,34,0.23424307993180626,0.9290964986222557
random,5,21,35,0.23011812104542093,0.9356510699869783
random,5,21,36,0.22618234786999544,0.9423843886265567
random,6,42,1,29.952067421171996,29.707456987507236
random,6,42,2,13.610471521032006,13.403419231084392
random,6,42,3,5.244046041908703,5.1230438470617115
random,6,42,4,2.4399435674877643,2.403780315525021
random,6,42,5,1.7764213342903115,1.8032157953364418
random,6,42,6,1.547847378070846,1.6174259887124207
random,6,42,7,1.390492116805631,1.4936052493236547
random,6,42,8,1.2626099576271708,1.395417476181721
random,6,42,9,1.157030448050827,1.3164882961295301
random,6,42,10,1.069482322444123,1.2524499048183715
random,6,42,11,0.9964625117346569,1.2000393583411206
random,6,42,12,0.9349446310221008,1.1563629682455427
random,6,42,13,0.8825790409980734,1.1196404947280856
random,6,42,14,0.837390330456291,1.088338128309186
random,6,42,15,0.7979586719161693,1.0613007943973096
random,6,42,16,0.7631780236067016,1.0377324233036194
random,6,42,17,0.7321985608145124,1.0170633320209355
random,6,42,18,0.7043983080346232,0.9989793769733848
random,6,42,19,0.6792863058673172,0.9830277243063206
random,6,42,20,0.6564730907484723,0.968849109248483
random,6,42,21,0.6356389170321227,0.9563987746977826
random,6,42,22,0.6164786683797725,0.9453355770310186
random,6,42,23,0.5988358708295882,0.9355505314501973
random,6,42,24,0.582547500852352,0.9268261871174038
random,6,42,25,0.567463746064712,0.9191176463594227
random,6,42,26,0.5534444146168281,0.9122164100914624
random,6,42,27,0.5403558406441534,0.9060917983553523
random,6,42,28,0.5280798185576431,0.9006031077053744
random,6,42,29,0.5165620829653824,0.8956012549491243
random,6,42,30,0.5056846821941048,0.8910764442355028
random,6,42,31,0.49538173726779466,0.8869348232666585
random,6,42,32,0.48556398052251937,0.883103548340932
random,6,42,33,0.4762476558040277,0.8794718884981524
random,6,42,34,0.4672980823381805,0.8761132155925775
random,6,42,35,0.45869919608969767,0.8731006051528667
random,6,42,36,0.4503877294303373,0.8700834759698385
random,6,42,37,0.4423017832754221,0.8672906268101818
random,6,42,38,0.43445033907199476,0.8646285856667806
random,6,42,39,0.4270152026884157,0.8622982634849837
random,6,42,40,0.4198312725140637,0.8598206721382833
random,6,42,41,0.41290852000409295,0.8575967620492323
random,6,42,42,0.40622370657260776,0.8556239493587258
random,6,42,43,0.39979944313268045,0.8535166152306672
random,6,42,44,0.393589503385632,0.8515497014003961
random,6,42,45,0.38744745774579825,0.8498459063707398
random,6,42,46,0.3815451816239426,0.848213473887523
random,6,42,47,0.37574869651160664,0.8467225294012295
random,6,42,48,0.37011660987990525,0.8454453475412014
random,6,42,49,0.3645266470508083,0.8436486479506315
random,6,42,50,0.3590583969816062,0.8425274625620987
random,6,42,51,0.3537180771194536,0.8410400362671128
random,6,42,52,0.34828507560057276,0.839294177349344
random,6,42,53,0.3429338585949527,0.8380867838201471
random,6,42,54,0.33765042036521387,0.8366172422980545
random,6,42,55,0.3324028255317141,0.8353793822087153
random,6,42,56,0.32724201069199343,0.8343341242390319
random,6,42,57,0.3220859584130781,0.8331504441719247
random,6,42,58,0.3169779843200665,0.8317849915512904
random,6,42,59,0.3118807281095583,0.8304570148803715
random,6,42,60,0.30679382041951225,0.8292375942191147
random,6,42,61,0.3014641902170808,0.8286902175712031
random,6,42,62,0.2964201405431449,0.8278091638954558
random,6,42,63,0.2911149466912143,0.8263814081647386
random,6,42,64,0.28575851374178407,0.8252251092220413
random,6,42,65,0.2806229847122935,0.8234372701835282
random,6,42,66,0.27547626080000887,0.8226640809008864
random,6,42,67,0.2699277824414489,0.8225005861765753
random,6,42,68,0.26474920780694017,0.8227220830724977
random,6,42,69,0.2597044335741244,0.8229471126998507
random,6,42,70,0.2543292487457628,0.8215962165125416
random,6,42,71,0.2489541283403664,0.8210911391281392
random,6,42,72,0.243938097602678,0.8197625284772202
random,6,42,73,0.2389403036559388,0.8193295236048369
random,6,42,74,0.2341185329157966,0.8189108490988478
random,6,42,75,0.2291021012806851,0.8188419421737134
random,6,42,76,0.22458345500352192,0.8193310587161188
random,6,42,77,0.2197976565128319,0.8190486103890369
random,6,42,78,0.21501852871536978,0.8184285296454519
random,6,42,79,0.2104196266755737,0.8180405414328185
random,6,42,80,0.20584130060707204,0.8173313318782803
random,6,42,81,0.2015723398238537,0.8176899735094456
random,6,42,82,0.1975366082904675,0.8174667821119961
random,6,42,83,0.19328063303213117,0.8180091246282906
random,6,42,84,0.1891608556095009,0.8180587636061507
random,6,42,85,0.18539272493019604,0.8170090012126898
random,6,42,86,0.18166699831474764,0.8176638674361079
random,6,42,87,0.17791521130134932,0.8171043448710883
random,6,42,88,0.17415932168248288,0.8165283000017597
random,6,42,89,0.17020306522106723,0.8173235286516133
random,6,42,90,0.16648134215962698,0.8174346293717571
random,6,42,91,0.16314774219601405,0.8170121249450897
random,6,42,92,0.15970621540051394,0.8185583524131884
random,6,42,93,0.15699735244428803,0.8182954923010775
random,6,42,94,0.15407562719098616,0.8195507725029935
random,6,42,95,0.1507523100491176,0.817600588204516
random,6,42,96,0.14716554535198745,0.8172666676801938
random,6,42,97,0.14416107729815894,0.8160819885236106
random,6,42,98,0.14129448668618097,0.816525991826964
random,6,42,99,0.13852981486554033,0.8155917249453574
random,6,42,100,0.13591845623201926,0.8183296385792113
random,6,42,101,0.13306196450162358,0.8185768549253509
random,6,42,102,0.1312614429864935,0.8196080736827844
random,6,42,103,0.1289707166659846,0.8187832571879239
random,6,42,104,0.12639040471387647,0.8200766314899326
random,6,42,105,0.12326844175225021,0.8183806842414676
random,6,42,106,0.12076842801966567,0.8180532125039984
random,6,42,107,0.11871436984095235,0.8169875443221263
random,6,42,108,0.1161307204736175,0.8187394988958512
random,6,42,109,0.11415516037708542,0.8191384589547767
random,6,42,110,0.11217485423025572,0.8198160832110654
random,6,42,111,0.10973720140790863,0.8204535062972048
random,6,42,112,0.10810024618634922,0.8218584643678172
random,6,42,113,0.10598827203044789,0.8225188565446402
random,6,42,114,0.10424371010420422,0.8209213453653704
random,6,42,115,0.10219871317975332,0.8203933373550943
random,6,42,116,0.10012760929741266,0.8187993568398056
random,6,42,117,0.09861594306112635,0.8194212814707751
random,6,42,118,0.09654811945167849,0.820786949576219
random,6,42,119,0.09482369571673961,0.821406339788193
random,6,7,1,21.40069482023369,21.23737718057437
random,6,7,2,7.02194598476785,6.926356304711036
random,6,7,3,2.5624707586648063,2.5350483314405188
random,6,7,4,1.716737393006419,1.747827787120454
random,6,7,5,1.4566130898740106,1.53091061695883
random,6,7,6,1.2864577450123074,1.3951221446481825
random,6,7,7,1.1609771150243633,1.299161058860865
random,6,7,8,1.0642016776945245,1.2279881306094436
random,6,7,9,0.9868954266592961,1.172783147903445
random,6,7,10,0.9234013749115818,1.128382890782957
random,6,7,11,0.8701040736033572,1.091686714813138
random,6,7,12,0.8244267899599544,1.0604934666593382
random,6,7,13,0.7847204281166489,1.033705317438059
random,6,7,14,0.7497545953793479,1.0104300934948782
random,6,7,15,0.7185919592135206,0.9900465856402311
random,6,7,16,0.6905565952703449,0.9721355187737288
random,6,7,17,0.6649959812483753,0.9562566537462102
random,6,7,18,0.6417342860576205,0.9419915154082052
random,6,7,19,0.6204098147251546,0.9292384809977343
random,6,7,20,0.6007795876871521,0.9178598853931403
random,6,7,21,0.5826828974323204,0.907855401991731
random,6,7,22,0.5658590928670826,0.89909542249136
random,6,7,23,0.5502172476804338,0.8913320681262872
random,6,7,24,0.535719218669651,0.8845496738730327
random,6,7,25,0.5221566510042999,0.8785091703940767
random,6,7,26,0.5094524455097499,0.8730149326645551
random,6,7,27,0.4975164947920917,0.868241801024115
random,6,7,28,0.48630451736699565,0.8638266755521987
random,6,7,29,0.47565487798635625,0.8598616180793532
random,6,7,30,0.46556452976295204,0.8564156892259163
random,6,7,31,0.4558833618300203,0.8530192939598052
random,6,7,32,0.4465781949175265,0.8502230674611275
random,6,7,33,0.43771969964612195,0.8475366329670877
random,6,7,34,0.4292555758146546,0.8451684542056682
random,6,7,35,0.42093398440394686,0.8426645784593421
random,6,7,36,0.41299387017101985,0.8406482382021903
random,6,7,37,0.40540751759269755,0.8389309038574202
random,6,7,38,0.3979045338355416,0.8371034887670206
random,6,7,39,0.39069245888012766,0.8356604966828591
random,6,7,40,0.38373040133808445,0.8343617004855022
random,6,7,41,0.37698432656232894,0.8333950140459305
random,6,7,42,0.3703201526978119,0.8321000371099743
random,6,7,43,0.3638970679803367,0.8310821606414152
random,6,7,44,0.3576804377669373,0.83024585050439
random,6,7,45,0.3516523789265771,0.8294773934082854
random,6,7,46,0.34558478866455256,0.8291061906784226
random,6,7,47,0.3395908366300471,0.827872812212522
random,6,7,48,0.3336848681633237,0.8277304474589089
random,6,7,49,0.32769495113526953,0.8272549029711024
random,6,7,50,0.3218684156574609,0.8262131558052005
random,6,7,51,0.31614729241746253,0.825968312451313
random,6,7,52,0.3104580000077317,0.8255307831789548
random,6,7,53,0.30494123430870634,0.8254142491580277
random,6,7,54,0.2994003216550895,0.8248613539860377
random,6,7,55,0.29382356780308394,0.824022875926546
random,6,7,56,0.28837634772365206,0.8235236992635611
random,6,7,57,0.2829145033154706,0.8233622198470305
random,6,7,58,0.2775939750144008,0.8229469190655379
random,6,7,59,0.27235605802630225,0.8236855897279497
random,6,7,60,0.26736010337531607,0.8229730362581735
random,6,7,61,0.26233193527756005,0.8229279718306792
random,6,7,62,0.2572785387534184,0.8230140182037946
random,6,7,63,0.25229217752358885,0.8231359200406039
random,6,7,64,0.24749326653398526,0.8229148102479622
random,6,7,65,0.2424985899861812,0.8234882597177371
random,6,7,66,0.2379001209002714,0.8240001293893334
random,6,7,67,0.23334243195479468,0.8236814954079619
random,6,7,68,0.2286013765875545,0.8239926696177649
random,6,7,69,0.22422294285296804,0.8246774639090841
random,6,7,70,0.2197185417955431,0.8242913293703389
random,6,7,71,0.21550264505557754,0.8240023139713862
random,6,7,72,0.21118844698224803,0.8248434690355189
random,6,7,73,0.20729465046120993,0.8254500531054136
random,6,7,74,0.20314079616520925,0.8260226767909624
random,6,7,75,0.19885113027417614,0.826517170386896
random,6,7,76,0.194936338671307,0.8266029478193851
random,6,7,77,0.19092385875315407,0.8276608268786729
random,6,7,78,0.18718455808122136,0.8267791043519853
random,6,7,79,0.1828747586703462,0.828126528175722
random,6,7,80,0.17927643743747823,0.8282003344005238
random,6,7,81,0.17567096608953958,0.8286197526129129
random,6,7,82,0.17215011738187483,0.8278746244448791
random,6,7,83,0.16822893022599286,0.8293640459479925
random,6,7,84,0.16480180215716253,0.8300427627631438
random,6,21,1,24.146607190054755,24.02319696243796
random,6,21,2,8.449447867164762,8.38984855020354
random,6,21,3,2.966090278650011,2.9812429864173353
random,6,21,4,1.8359417468083794,1.9120179177830332
random,6,21,5,1.5514528300836645,1.6665617663308097
random,6,21,6,1.376366783213136,1.5192254174045878
random,6,21,7,1.2450535899626531,1.4112584936592323
random,6,21,8,1.1423864620867623,1.3291270605692187
random,6,21,9,1.0594433657489315,1.264194161994733
random,6,21,10,0.9906853337414703,1.2111619331049948
random,6,21,11,0.932554925431234,1.166807574234209
random,6,21,12,0.8825987092272554,1.1290267059755472
random,6,21,13,0.8390740902479764,1.0963697835776032
random,6,21,14,0.8007052416541308,1.0678641285768304
random,6,21,15,0.7665293481994524,1.0428151560971828
random,6,21,16,0.7358516356651015,1.020696614506439
random,6,21,17,0.7081347781882301,1.0011063376291627
random,6,21,18,0.6829300556120447,0.9837349966796296
random,6,21,19,0.6599474135718856,0.9683529233780811
random,6,21,20,0.6389146068635493,0.9546865944338554
random,6,21,21,0.6195554088251347,0.9425164805495542
random,6,21,22,0.6016926045174458,0.9316820581956242
random,6,21,23,0.5851652990863266,0.9220313861635278
random,6,21,24,0.5698157863758118,0.9134488584695432
random,6,21,25,0.5555391399912077,0.9057691824682562
random,6,21,26,0.5422096068626149,0.8988661762895384
random,6,21,27,0.5296893351123338,0.892647070529615
random,6,21,28,0.5179227171291814,0.8870579984751722
random,6,21,29,0.5067969722445433,0.8820169842039082
random,6,21,30,0.49629504497580124,0.877509605648076
random,6,21,31,0.4863895410292422,0.8734385880779234
random,6,21,32,0.47701236814774883,0.8697093973130933
random,6,21,33,0.46811122480609413,0.8663349506684132
random,6,21,34,0.45964746895080494,0.8632608194523306
random,6,21,35,0.4514786331834948,0.8605209680426976
random,6,21,36,0.44364197998150173,0.8579888781737418
random,6,21,37,0.4361694196433422,0.8556799904690461
random,6,21,38,0.4289928841479785,0.8535814793273758
random,6,21,39,0.422129875033384,0.8516042080329864
random,6,21,40,0.4155716253697874,0.8498212927568474
random,6,21,41,0.40924073870261446,0.848152610104798
random,6,21,42,0.4031036814229189,0.8466609409353459
random,6,21,43,0.39723085023382004,0.8452565502628582
random,6,21,44,0.39152315269091426,0.843868469918328
random,6,21,45,0.38598121458751433,0.8426763565117743
random,6,21,46,0.38054251511287596,0.8415222138934567
random,6,21,47,0.37522291811320946,0.8403366342653759
random,6,21,48,0.36995388494042425,0.8393021258811662
random,6,21,49,0.3648317985006374,0.8383945382874466
random,6,21,50,0.35985711909181956,0.8376228707313143
random,6,21,51,0.3549985260342468,0.8367588041475226
random,6,21,52,0.3501989416568351,0.8362110019960608
random,6,21,53,0.34541283061579764,0.8352639344469726
random,6,21,54,0.3407270828738212,0.8349581885290219
random,6,21,55,0.3362068521033591,0.8346977450786569
random,6,21,56,0.3317008184237825,0.8344873797053068
random,6,21,57,0.32732263775584847,0.8341566178188401
random,6,21,58,0.3230102411411115,0.8340639065000011
random,6,21,59,0.3187156201529805,0.8339909645307154
random,6,21,60,0.31447343630064184,0.8341641047588383
random,6,21,61,0.31029600799354057,0.8341679695544679
random,6,21,62,0.30612469920491253,0.8339109827476369
random,6,21,63,0.3020531414617209,0.83419235388357
random,6,21,64,0.2979649246364493,0.8346943989925879
random,6,21,65,0.29398694468886777,0.8344646425975694
random,6,21,66,0.2899931110301407,0.8347879816062149
random,6,21,67,0.2859997796933256,0.8347470144841136
random,6,21,68,0.2819571803178016,0.8347794063990951
random,6,21,69,0.2780754138894468,0.8348353660330862
random,6,21,70,0.274212636388993,0.8358217992036443
random,6,21,71,0.2704177028576822,0.8358229643506518
random,6,21,72,0.2666763813184353,0.835330761529661
random,6,21,73,0.26274648945743284,0.8358689915806413
random,6,21,74,0.2589335490673892,0.8362509894106206
random,6,21,75,0.25511276751008544,0.836362809928009
random,6,21,76,0.25143104143052397,0.8373372860436376
random,6,21,77,0.2479228365788359,0.837706831453926
random,6,21,78,0.24396569387812564,0.83757411213886
random,6,21,79,0.2400345725817033,0.838486223459989
random,6,21,80,0.23605745789688118,0.8383473611731745
random,6,21,81,0.2322539456982431,0.8384295126743873
random,6,21,82,0.22844425851499492,0.8381111388451479
random,7,42,1,3.4196914776562464,3.3307634028624857
random,7,42,2,1.504486636668996,1.589945909821634
random,7,42,3,1.1339995155287292,1.294111934227825
random,7,42,4,0.9426842754073709,1.1607027317222518
random,7,42,5,0.8196814028617451,1.0759617407635662
random,7,42,6,0.7323251039129333,1.0171016648107478
random,7,42,7,0.6662980513575718,0.9753801159784657
random,7,42,8,0.6145582731373292,0.9456065533406904
random,7,42,9,0.5729956976715904,0.9242050593150694
random,7,42,10,0.5388950297930881,0.9086034261884651
random,7,42,11,0.5103773869931362,0.8970038438760742
random,7,42,12,0.48611202894902333,0.8881837394454686
random,7,42,13,0.4651393455457472,0.881336954520253
random,7,42,14,0.44678251346906683,0.8759369117951776
random,7,42,15,0.43052217431634576,0.8716422088185439
random,7,42,16,0.4160096217796832,0.8682032160213116
random,7,42,17,0.4029274311994983,0.8654787137266201
random,7,42,18,0.3910383031208258,0.8633193695246185
random,7,42,19,0.3801670540046617,0.861601625542987
random,7,42,20,0.37014424094114,0.860298017067895
random,7,42,21,0.36081980431655414,0.8591987973456578
random,7,42,22,0.3521620129133148,0.8584903699043024
random,7,42,23,0.3439867818102236,0.8578121740587213
random,7,42,24,0.33618297676356856,0.8576105906616757
random,7,42,25,0.3283227230360275,0.8571259886219238
random,7,42,26,0.32039835067255135,0.8566232991095503
random,7,42,27,0.3126387706121386,0.8572585743338681
random,7,42,28,0.30388172430711385,0.8563570379997942
random,7,42,29,0.29526882194958953,0.8556749904311866
random,7,42,30,0.2865990244774723,0.8543932431171524
random,7,42,31,0.27878686511042206,0.8549769235037773
random,7,42,32,0.27106818754067785,0.8544344887988105
random,7,42,33,0.263343112528656,0.85468323503875
random,7,42,34,0.25684448642956204,0.8575504830912282
random,7,42,35,0.24970675611095416,0.8562924575860675
random,7,42,36,0.2437753246958611,0.8589267710196236
random,7,42,37,0.2379388963028219,0.8601374413463808
random,7,42,38,0.23258274277952562,0.8613425227546626
random,7,42,39,0.2270330272897664,0.8626707542945723
random,7,42,40,0.22245004871872526,0.86583558365603
random,7,42,41,0.2169635014295579,0.8653605525806276
random,7,42,42,0.2127014686354813,0.8665769195500944
random,7,42,43,0.20916014614710873,0.8694645405475443
random,7,42,44,0.20485674679682803,0.8704278798058215
random,7,42,45,0.20139971468306614,0.8723224752582232
random,7,42,46,0.19759409448863746,0.8728827480170124
random,7,42,47,0.19435181455505424,0.8739608886556364
random,7,42,48,0.19149877552148062,0.8762202403106211
random,7,42,49,0.18905305753435533,0.8792245063578541
random,7,42,50,0.185464179098291,0.8786598917902966
random,7,7,1,2.024053361939597,2.0294394852616033
random,7,7,2,1.2283629315042326,1.3578202657129368
random,7,7,3,0.9350256032979484,1.1453360374381538
random,7,7,4,0.7905658218579376,1.0424763215630146
random,7,7,5,0.6947007481495721,0.9760141708348512
random,7,7,6,0.6249413161000358,0.9317090760760964
random,7,7,7,0.5719643073549837,0.9019254139690936
random,7,7,8,0.5303825006204373,0.8814970755962982
random,7,7,9,0.4968018367425372,0.8671559255491055
random,7,7,10,0.46901569546952376,0.8568860228492786
random,7,7,11,0.44555392939034455,0.8494416875899337
random,7,7,12,0.42540870056269153,0.8440339385054831
random,7,7,13,0.40786813475757727,0.8401477368617729
random,7,7,14,0.39240760325062335,0.8374651667209353
random,7,7,15,0.378644265331156,0.8357128362703199
random,7,7,16,0.3662936766137806,0.8346927880804925
random,7,7,17,0.35512621300523617,0.834262180252292
random,7,7,18,0.3449634040745984,0.8343221639291859
random,7,7,19,0.33565979107757843,0.8347876868012533
random,7,7,20,0.32709943812892867,0.8355922690482418
random,7,7,21,0.319186513121272,0.8366852174305446
random,7,7,22,0.31184091076123815,0.8380251577832174
random,7,7,23,0.3049940545605617,0.8395831433871418
random,7,7,24,0.2985966852329486,0.8413342907071398
random,7,7,25,0.29259981923867284,0.8432551800320885
random,7,7,26,0.2869514056387718,0.8453224043808817
random,7,7,27,0.2816271006309551,0.8475226632670807
random,7,7,28,0.2765976910561994,0.8498561216371691
random,7,7,29,0.27183602306204696,0.8522949202999813
random,7,7,30,0.26732660858106555,0.8548434644480257
random,7,7,31,0.2630446854926498,0.8574929145712721
random,7,7,32,0.2589680748409354,0.8602155978175465
random,7,7,33,0.2550921035750647,0.8630123994628629
random,7,7,34,0.2513854498013138,0.8658339119632004
random,7,7,35,0.2478615448842986,0.8687818674284823
random,7,7,36,0.24447667538408083,0.8717348627017358
random,7,7,37,0.24125551510036908,0.8747710288694605
random,7,21,1,1.9949452862028936,2.0608851614619748
random,7,21,2,1.3041940961339193,1.4576529651899963
random,7,21,3,1.0142007795357912,1.2309960631434846
random,7,21,4,0.8506187531394612,1.1044174768272708
random,7,21,5,0.7434234502154298,1.0246223179255203
random,7,21,6,0.6658271542329885,0.970256650683901
random,7,21,7,0.6070069734204796,0.9327709229897351
random,7,21,8,0.5609866611997762,0.906564639098255
random,7,21,9,0.524001454982473,0.8878822106267806
random,7,21,10,0.49356125763111525,0.8742661650406977
random,7,21,11,0.46798763788048486,0.8641441286885363
random,7,21,12,0.44611812883092317,0.8565125121476546
random,7,21,13,0.4271399012238302,0.8507243742544058
random,7,21,14,0.410461391802567,0.8463470639737528
random,7,21,15,0.3956532225047659,0.8430816994926574
random,7,21,16,0.38238610899336395,0.8407109438009224
random,7,21,17,0.3704124196203189,0.8390737997531912
random,7,21,18,0.3595329365129139,0.8380440794414051
random,7,21,19,0.3495937937862129,0.8375265538921043
random,7,21,20,0.34046583177605144,0.8374432692522815
random,7,21,21,0.3320471488544321,0.8377354889899327
random,7,21,22,0.32424934804322236,0.8383528472972349
random,7,21,23,0.3170030549808123,0.8392594754454673
random,7,21,24,0.31024494216155196,0.8404209246357229
random,7,21,25,0.3039253648990024,0.8418131112719015
random,7,21,26,0.297997424001878,0.8434121569489439
random,7,21,27,0.2924258931745809,0.8452010056738595
random,7,21,28,0.28717360694876604,0.8471620629142366
random,7,21,29,0.28221569660979995,0.8492817201956034
random,7,21,30,0.27752184661205553,0.8515459840375575
random,7,21,31,0.2730726349046452,0.8539446336208522
random,7,21,32,0.26884864400937,0.8564667789403448
random,7,21,33,0.26482833419680424,0.8591013371913283
random,7,21,34,0.26099742664926473,0.8618358961720889
random,7,21,35,0.2573434403590565,0.8646629970384291
random,7,21,36,0.25384835091249425,0.8675739122905324
random,7,21,37,0.25050262600923384,0.8705585269391606
random,7,21,38,0.24729734048511876,0.8736111031401178
random,7,21,39,0.24421750412896034,0.8767226756235459
random,7,21,40,0.24125606321500062,0.879883514848102
random,8,42,1,38.89826402593861,38.73616230994737
random,8,42,2,22.196765145670145,21.99592601257024
random,8,42,3,7.509822038906213,7.386208379959297
random,8,42,4,2.178726992877623,2.1692977592391003
random,8,42,5,1.6384152713800169,1.6991668319644844
random,8,42,6,1.446770375586547,1.5424794369795356
random,8,42,7,1.3014454975796719,1.427059825844677
random,8,42,8,1.187303710010772,1.339435675614912
random,8,42,9,1.0950044879137317,1.2700448502352601
random,8,42,10,1.0186548409477936,1.213616966384637
random,8,42,11,0.9543187009182791,1.1666418415886597
random,8,42,12,0.8989373175488462,1.126299133776131
random,8,42,13,0.8509272473813245,1.0909381824794102
random,8,42,14,0.8089270912449732,1.060915582192885
random,8,42,15,0.7716251340082139,1.0344757136063076
random,8,42,16,0.738119660947806,1.0113085720862072
random,8,42,17,0.7077742367542668,0.9906553490062214
random,8,42,18,0.6800940256587709,0.972307408455548
random,8,42,19,0.6547293575704332,0.9560017860639988
random,8,42,20,0.6313480204974075,0.9414924957695133
random,8,42,21,0.6095917837817193,0.9285443262513401
random,8,42,22,0.5892972106833397,0.9170406599818465
random,8,42,23,0.5700702164934615,0.9066124922896226
random,8,42,24,0.5522036067669386,0.8974513091177002
random,8,42,25,0.5351430119468203,0.888821118215552
random,8,42,26,0.5142143661030762,0.8734980991840082
random,8,42,27,0.4934152519678413,0.8622647593943101
random,8,42,28,0.47585193158114225,0.8546512688185414
random,8,42,29,0.45946673224530593,0.8481193996496038
random,8,42,30,0.4440103093456961,0.8424642212598213
random,8,42,31,0.42926972781572464,0.837415993297948
random,8,42,32,0.4151953241065904,0.8335835356302577
random,8,42,33,0.40142132636168726,0.8293975666614218
random,8,42,34,0.38821912164650624,0.826432706130269
random,8,42,35,0.3752985443460098,0.8238413518945267
random,8,42,36,0.36248685568103806,0.8216804034119171
random,8,42,37,0.3494639419572041,0.8197484735474325
random,8,42,38,0.33666572209778806,0.8173516448716673
random,8,42,39,0.32445446661395533,0.8155205994909115
random,8,42,40,0.31213697100548116,0.8151421366768221
random,8,42,41,0.2997950748618641,0.8136349298618639
random,8,42,42,0.28749948698179567,0.8121227802129388
random,8,42,43,0.27580851608146534,0.811660331401632
random,8,42,44,0.2629943158142304,0.8117672060507354
random,8,42,45,0.25123928634525944,0.8114680485173925
random,8,42,46,0.24044587258676334,0.8125540407448931
random,8,42,47,0.228191280902069,0.8122375940779121
random,8,42,48,0.21602748465663532,0.8131598741058388
random,8,42,49,0.20548578492670033,0.8137280075938786
random,8,42,50,0.1953250095134504,0.8151512862443444
random,8,42,51,0.18614417398151842,0.8204251199595618
random,8,42,52,0.17625956648757501,0.8222170449778574
random,8,42,53,0.16806068911187033,0.8220561920428363
random,8,42,54,0.15995486167775172,0.8241154348043637
random,8,42,55,0.15158306136340222,0.8269194968696756
random,8,42,56,0.14410686319540686,0.8289214195439081
random,8,42,57,0.13809378392777252,0.8346651320770465
random,8,42,58,0.1317548805398552,0.8383648589833926
random,8,42,59,0.12466249205629028,0.8423448476646702
random,8,42,60,0.11896056474125398,0.8448175969646079
random,8,42,61,0.11276097492700193,0.8430393701394041
random,8,42,62,0.10851139271683644,0.8487905659493602
random,8,42,63,0.10453317414091196,0.8537567586120893
random,8,42,64,0.09956132753717768,0.8589415363835642
random,8,42,65,0.09570294791224247,0.8600636822993315
random,8,7,1,37.64529198832276,37.37222467374519
random,8,7,2,17.059822973058832,16.849154266608917
random,8,7,3,4.992716527520594,4.885951297694274
random,8,7,4,1.9262637327202996,1.9329674475679612
random,8,7,5,1.5524448237663584,1.6261580173598387
random,8,7,6,1.3366288827755224,1.4503457576986467
random,8,7,7,1.1831713940968247,1.3310332203784718
random,8,7,8,1.0680697942457749,1.244446209596837
random,8,7,9,0.9782527399682805,1.1784759553020632
random,8,7,10,0.9056042748403333,1.1260863960947938
random,8,7,11,0.8452762971517527,1.083262468610634
random,8,7,12,0.7941317900268774,1.0474422768107647
random,8,7,13,0.7498044441664533,1.0173877966659273
random,8,7,14,0.7105729675472688,0.991486600871629
random,8,7,15,0.6758410683074288,0.9693428281667731
random,8,7,16,0.6446131929205076,0.9502066083398714
random,8,7,17,0.616273544246693,0.9336496438916049
random,8,7,18,0.5903630970849715,0.9193650582951928
random,8,7,19,0.5663454950994452,0.90670794095778
random,8,7,20,0.5441608191755111,0.8954537137676859
random,8,7,21,0.5236239682626477,0.8859595975542268
random,8,7,22,0.5043164295731912,0.8775139629023876
random,8,7,23,0.4859446985981089,0.8698793822694294
random,8,7,24,0.46859800339562724,0.8632825989887433
random,8,7,25,0.4518908544949442,0.8575366032364979
random,8,7,26,0.43604913879807594,0.8526810711087544
random,8,7,27,0.42064757344136416,0.8477791209473865
random,8,7,28,0.4057884243402968,0.8441195020889043
random,8,7,29,0.39167761855308236,0.8409858912213984
random,8,7,30,0.3781481543154591,0.8370183544624322
random,8,7,31,0.3649772373421629,0.8335961020755777
random,8,7,32,0.3526016292562916,0.8310222369297232
random,8,7,33,0.3405437489658528,0.8283186262817499
random,8,7,34,0.32940323152789874,0.8262286413400594
random,8,7,35,0.31814831945038374,0.8231996072009463
random,8,7,36,0.30755956271788093,0.8210433547758256
random,8,7,37,0.29746063033387943,0.8200632570078668
random,8,7,38,0.28791540351049616,0.8183226772381147
random,8,7,39,0.27841796089292015,0.8175547882605985
random,8,7,40,0.2687640775065431,0.8168000969758585
random,8,7,41,0.2598574986837427,0.8172991901999562
random,8,7,42,0.25138805129629416,0.8172921576855077
random,8,7,43,0.24286747500282313,0.8178866113830356
random,8,7,44,0.23404515240505086,0.817473590696991
random,8,7,45,0.22588658974346235,0.817291096194632
random,8,7,46,0.2178413626935711,0.8172797469144621
random,8,7,47,0.2101105527411621,0.8189686298215886
random,8,7,48,0.20290770265551553,0.819896443563945
random,8,7,49,0.19600811306601768,0.8212515138868185
random,8,7,50,0.18948866119119104,0.8217207127291687
random,8,7,51,0.18346568500681262,0.8226001638448442
random,8,7,52,0.1777862820255748,0.8253578757631117
random,8,7,53,0.17205861691746524,0.8255258287117418
random,8,7,54,0.16654287443738452,0.8279799946079538
random,8,7,55,0.16102317102757696,0.8294970383798451
random,8,7,56,0.15582950322336486,0.8305748206021587
random,8,7,57,0.15165698968472383,0.8329776555232764
random,8,7,58,0.14718392249398626,0.8348841255311844
random,8,7,59,0.1428848191262493,0.8372016448532794
random,8,7,60,0.13849623247631832,0.8382151768187779
random,8,21,1,39.80234989754376,39.53907313301467
random,8,21,2,24.74749297158799,24.539642043926975
random,8,21,3,11.370019354782064,11.226623726211672
random,8,21,4,3.8659724572188874,3.8164879332799035
random,8,21,5,1.918817450811916,1.9556428962304968
random,8,21,6,1.606193965220048,1.6927242014348727
random,8,21,7,1.4334174819974774,1.550025734188114
random,8,21,8,1.29771208315319,1.4397673028574427
random,8,21,9,1.1886749069065872,1.3534658084240583
random,8,21,10,1.0994682272947982,1.2841494213510882
random,8,21,11,1.0248719875283039,1.2271005699852944
random,8,21,12,0.9612614073490467,1.179036959135551
random,8,21,13,0.9061861749821857,1.1378031994915936
random,8,21,14,0.857907792122897,1.1018051245404183
random,8,21,15,0.8150021810645766,1.0702883150696727
random,8,21,16,0.7764317839527256,1.0421712947548039
random,8,21,17,0.741403020513165,1.0170716091839853
random,8,21,18,0.7094261030278064,0.994359833747499
random,8,21,19,0.6800408667728172,0.9742377199028384
random,8,21,20,0.6529929020962626,0.9563096075480153
random,8,21,21,0.6280586371198491,0.9400853155541055
random,8,21,22,0.604882376483638,0.9256665565784259
random,8,21,23,0.5833937644565519,0.9126971146264556
random,8,21,24,0.5633616099314741,0.9010578563843458
random,8,21,25,0.5444886075054308,0.8908475480286355
random,8,21,26,0.526766002558668,0.8815604415957181
random,8,21,27,0.5101097337625657,0.8734031551554342
random,8,21,28,0.4944997123695029,0.86596122008109
random,8,21,29,0.47955967202996547,0.8595518205323548
random,8,21,30,0.46546626070970504,0.853565743501917
random,8,21,31,0.451988449561305,0.8483693549310545
random,8,21,32,0.43921759474415945,0.8436778137095596
random,8,21,33,0.4270207388442991,0.8394479036926137
random,8,21,34,0.41531120340730604,0.8354740650849074
random,8,21,35,0.4041032376333351,0.8319300253973196
random,8,21,36,0.39325718138999693,0.8291440777136104
random,8,21,37,0.38276071343598933,0.8264423104695597
random,8,21,38,0.37279068065678395,0.8236373597813548
random,8,21,39,0.3630829956580053,0.821372696556157
random,8,21,40,0.35340991578216086,0.8192708740814176
random,8,21,41,0.34404334550239485,0.8170904240398621
random,8,21,42,0.334771553018809,0.8153522108642927
random,8,21,43,0.3256155216554529,0.8133109564924735
random,8,21,44,0.31659152203914104,0.8118933484617316
random,8,21,45,0.3076506398200605,0.8105476651273378
random,8,21,46,0.29895427345999215,0.8093412699293732
random,8,21,47,0.29029750549495636,0.8083097330917512
random,8,21,48,0.28201956684646534,0.8070612725473624
random,8,21,49,0.273845933059688,0.806572459158568
random,8,21,50,0.2656935838543814,0.8067519918318714
random,8,21,51,0.2578219514683428,0.806007814862448
random,8,21,52,0.25006606005371756,0.8065991453710127
random,8,21,53,0.24242375813718428,0.8067548023971103
random,8,21,54,0.23501245594495201,0.8072048834347807
random,8,21,55,0.22778072920333883,0.8081029354407662
random,8,21,56,0.22066029058987763,0.8086594429303956
random,8,21,57,0.21375272458046404,0.8094020783978373
random,8,21,58,0.20693323082139053,0.8108952264552782
random,8,21,59,0.20046336388841932,0.8129165010709769
random,8,21,60,0.19401693796853478,0.8140784470787065
random,8,21,61,0.18776395821337838,0.8166949034577163
random,8,21,62,0.1816818159725942,0.8179911338242472
random,8,21,63,0.1756334012874658,0.8190883460512615
random,8,21,64,0.16969037898473813,0.8214609221609099
random,8,21,65,0.16404832753522944,0.8235472322562052
random,8,21,66,0.15841839283407827,0.8261501240513041
random,8,21,67,0.15296009134646213,0.8287985731924166
random,8,21,68,0.14766121555176903,0.8317152087607866
random,8,21,69,0.14231743986206588,0.8327399874878448
random,8,21,70,0.13714391187412656,0.8358249366080631
random,8,21,71,0.1323120389410605,0.8391616095343472
random,9,42,1,8.106812641836203,7.975451493514831
random,9,42,2,1.5158854777495727,1.6016210969572617
random,9,42,3,1.1287028259597234,1.2874729934915696
random,9,42,4,0.9224940309862645,1.1331432839841178
random,9,42,5,0.7883622931185126,1.0370694598899137
random,9,42,6,0.6901718551078322,0.9696161982592151
random,9,42,7,0.6140448841614198,0.9221716682669349
random,9,42,8,0.553783201443402,0.8912860092030102
random,9,42,9,0.5054719607027911,0.8708428598172488
random,9,42,10,0.4663813197323384,0.8575958890033663
random,9,42,11,0.43297744630504714,0.8485219404001677
random,9,42,12,0.40514865525947963,0.844097189909276
random,9,42,13,0.3790262452024768,0.8387240933666454
random,9,42,14,0.35841458820656535,0.8372897041377209
random,9,42,15,0.3388975759976666,0.8350678719875131
random,9,42,16,0.321787578221047,0.8358927832022618
random,9,42,17,0.3065049917162116,0.8362285837567934
random,9,42,18,0.2912614131987611,0.8339979208502732
random,9,42,19,0.2781028648832212,0.8355806018061158
random,9,42,20,0.2663809478505068,0.8371385897010669
random,9,42,21,0.25554449820616637,0.8394146024338967
random,9,42,22,0.24589983861097026,0.8409576528950906
random,9,42,23,0.23568252810135648,0.8437681673951658
random,9,42,24,0.22648356261004826,0.8433193243275826
random,9,42,25,0.21709349081017995,0.8480916317048018
random,9,42,26,0.2104574446218548,0.8520641006658644
random,9,42,27,0.20355841360145777,0.8576650970957521
random,9,42,28,0.19725602070383735,0.8622523624395732
random,9,42,29,0.1913971418713023,0.8672802789221179
random,9,42,30,0.1850112081871197,0.8719994263535954
random,9,42,31,0.17893540472792557,0.8761924069756848
random,9,42,32,0.17324548245362562,0.881280250500993
random,9,42,33,0.1678642179934555,0.8856178245027444
random,9,42,34,0.16400828586271707,0.8938191221728077
random,9,42,35,0.15927271268128113,0.898921688518996
random,9,42,36,0.15601753848955555,0.9078498103792817
random,9,42,37,0.1530568481137915,0.9149667475639087
random,9,42,38,0.14819837508895733,0.9204879208836019
random,9,7,1,4.544492674992802,4.428628507944602
random,9,7,2,1.4466225556145775,1.5389653164531252
random,9,7,3,1.0725799545356645,1.2536242913802145
random,9,7,4,0.8665910526645539,1.1020747647045024
random,9,7,5,0.7265929180577378,1.0041697271898082
random,9,7,6,0.6210318827491728,0.938390029375808
random,9,7,7,0.5408823203274964,0.8964640929610275
random,9,7,8,0.47897851242762335,0.869083890799467
random,9,7,9,0.4289865475562004,0.8502582130816279
random,9,7,10,0.3880253278941351,0.8394451189518879
random,9,7,11,0.3536776930857632,0.8292045366974193
random,9,7,12,0.3236005179323004,0.8235540330218685
random,9,7,13,0.2980999301510457,0.8199398151828712
random,9,7,14,0.2744537004768439,0.8162302927724088
random,9,7,15,0.2542624703939149,0.8140146927817399
random,9,7,16,0.23581849080136677,0.8134846419742053
random,9,7,17,0.2193779666235188,0.8164946996681843
random,9,7,18,0.20393183335854506,0.8174617595628431
random,9,7,19,0.18988342500221447,0.8201240825564377
random,9,7,20,0.1773715065325213,0.8201020722227036
random,9,7,21,0.16593455163993906,0.8236838985392151
random,9,7,22,0.15647907651236842,0.8242953163761695
random,9,7,23,0.14808227291983123,0.8345618766281441
random,9,7,24,0.1409451971652544,0.8376436451491723
random,9,7,25,0.13489162567578203,0.8435700897125902
random,9,7,26,0.12802933297034955,0.8475358734848706
random,9,7,27,0.1228984679382629,0.8513800371481901
random,9,7,28,0.11936746829474044,0.8551100360663565
random,9,7,29,0.11294370274881242,0.8606654205506804
random,9,7,30,0.10993447001302088,0.8646242841569931
random,9,7,31,0.1052676046360277,0.8721695273742509
random,9,7,32,0.10078306615486247,0.8739681802013343
random,9,7,33,0.09618570529122591,0.8823394392339157
random,9,7,34,0.09417490047786041,0.8899658131346242
random,9,7,35,0.0917261500002778,0.895826181820254
random,9,7,36,0.08769517787635638,0.8993468623540044
random,9,21,1,11.090615661185794,10.962649883276232
random,9,21,2,1.825714501998955,1.9383446894909646
random,9,21,3,1.197184565027166,1.3547761827575309
random,9,21,4,0.9829169294990738,1.1960564189898166
random,9,21,5,0.847660136054041,1.098049156996777
random,9,21,6,0.7521879856834384,1.0291205862674635
random,9,21,7,0.6798003578983547,0.9791677100724692
random,9,21,8,0.6227545020104014,0.9427503676051026
random,9,21,9,0.5764827375183452,0.9161894312007394
random,9,21,10,0.5379654058428756,0.8966965578678872
random,9,21,11,0.5054741426165547,0.8829414287473085
random,9,21,12,0.47584536907378877,0.8712011511776553
random,9,21,13,0.4497276096840725,0.8629304814867713
random,9,21,14,0.4256556982445377,0.8558980491891911
random,9,21,15,0.40288357468597596,0.8508521446525072
random,9,21,16,0.381015455473091,0.8458165809032028
random,9,21,17,0.3595941510100994,0.8425270764252349
random,9,21,18,0.3382642299664631,0.8396599464648241
random,9,21,19,0.3174541706905937,0.8370329750044259
random,9,21,20,0.296010449094652,0.8353234630019581
random,9,21,21,0.2753048143979273,0.8317710714262394
random,9,21,22,0.25554618449690003,0.8336245592925756
random,9,21,23,0.2368538870853777,0.8338172321228867
random,9,21,24,0.21804873151849882,0.8360992288647988
random,9,21,25,0.20053041865910817,0.8378534173445663
random,9,21,26,0.18345068990978317,0.8395851864131597
random,9,21,27,0.16933721837982527,0.8436886442620989
random,9,21,28,0.15796302178309943,0.8574963344894189
random,9,21,29,0.14632076162124347,0.8640380163019916
random,9,21,30,0.13289628084031915,0.8658920698578259
random,9,21,31,0.12317135316129409,0.8745320819578132
random,9,21,32,0.11507887345470343,0.8863880625790742
random,9,21,33,0.10772637000202862,0.885971885367694
random,9,21,34,0.09726383101476788,0.8960603391361087
random,9,21,35,0.0940271549153021,0.9052700120774934
random,9,21,36,0.09127678371799626,0.9058293315558388
random,9,21,37,0.09103480481142534,0.9119841341448528
random,9,21,38,0.07856010821011623,0.9108213525202231
random,9,21,39,0.07652648659711565,0.9053318776981205
random,9,21,40,0.08262456134390059,0.9203898580095081
random,9,21,41,0.14356457105718498,0.9651790555467116
random,10,42,1,38.89915402641837,38.73688922049432
random,10,42,2,22.20567415113678,22.004560732301112
random,10,42,3,7.523148404196412,7.399503430057347
random,10,42,4,2.1825953013761734,2.173022409587186
random,10,42,5,1.6384320226113007,1.6988229561816937
random,10,42,6,1.4467253297032783,1.5420297310290305
random,10,42,7,1.3013604588197552,1.4264128919661914
random,10,42,8,1.1871140849724562,1.3379604432762906
random,10,42,9,1.094982885684177,1.2684478192848057
random,10,42,10,1.018851845940735,1.2117722673745708
random,10,42,11,0.9547513552027416,1.1646012597915893
random,10,42,12,0.8999615350892317,1.1246079888491682
random,10,42,13,0.8525506733359332,1.0901835877923436
random,10,42,14,0.8110626995217401,1.0602770223886027
random,10,42,15,0.7742151867619531,1.0340707254102834
random,10,42,16,0.7411950674035591,1.0109166866901267
random,10,42,17,0.7113497709888803,0.9903565448352041
random,10,42,18,0.6841917849746756,0.9720717773020787
random,10,42,19,0.6592444448709498,0.9557008040004555
random,10,42,20,0.6362112174410403,0.9410710450959907
random,10,42,21,0.6147165100215123,0.9277652635535697
random,10,42,22,0.5938101825937829,0.9139049050867804
random,10,42,23,0.5686565271430312,0.8934838161492206
random,10,42,24,0.5476459260106189,0.8809797431620763
random,10,42,25,0.5287199933455495,0.8713141009878203
random,10,42,26,0.51117078800479,0.8629224918937172
random,10,42,27,0.4947979561392988,0.8555645501277289
random,10,42,28,0.4791558903533482,0.8489359882669744
random,10,42,29,0.46438096184023386,0.8427321418619672
random,10,42,30,0.45010932082522004,0.836954024806823
random,10,42,31,0.4364194972467606,0.8321213588737973
random,10,42,32,0.4230411535499478,0.8272828434962297
random,10,42,33,0.4100201347686115,0.8223223434022616
random,10,42,34,0.397102891246307,0.8186349053965369
random,10,42,35,0.38427934278184483,0.8150115807287505
random,10,42,36,0.3714618751939941,0.8112692015470117
random,10,42,37,0.35888137683077825,0.8079610438828899
random,10,42,38,0.3467641456397254,0.8047533400239851
random,10,42,39,0.3345999180249394,0.8025248470315497
random,10,42,40,0.32266368410316504,0.7988820792987421
random,10,42,41,0.310937948277941,0.7972264208957379
random,10,42,42,0.2995785913973517,0.7950750061962877
random,10,42,43,0.2884135653404665,0.7942797710614073
random,10,42,44,0.27749398171477335,0.7935783524010321
random,10,42,45,0.26691784753610875,0.7931392440871428
random,10,42,46,0.25668502636617063,0.7909821292864584
random,10,42,47,0.2461129744476455,0.7900906310166931
random,10,42,48,0.23545992150576128,0.7893078108291024
random,10,42,49,0.2262609002220075,0.7877531905397461
random,10,42,50,0.21557559386951275,0.7840086638769455
random,10,42,51,0.2065063459138174,0.7833228581241701
random,10,42,52,0.19756629513846144,0.7823712246106468
random,10,42,53,0.18939972771071567,0.7822827092175412
random,10,42,54,0.18058996572639738,0.7827030895461012
random,10,42,55,0.17186089766363838,0.7810504664127773
random,10,42,56,0.16376045059115724,0.7828033942554581
random,10,42,57,0.1567279010590602,0.7825012288697546
random,10,42,58,0.1491382382128685,0.7829047203995942
random,10,42,59,0.14371692791900653,0.7823765886654631
random,10,42,60,0.13693036674288528,0.7810893964193113
random,10,42,61,0.12988677770258095,0.781768740121708
random,10,42,62,0.12320211412554698,0.7839270282186797
random,10,42,63,0.11761551472536363,0.7825158799501504
random,10,42,64,0.11263769147740361,0.7844762991033968
random,10,42,65,0.10663610757754034,0.7833782070839848
random,10,42,66,0.10223661202790892,0.7858997187480125
random,10,42,67,0.09744627593781058,0.7861149519399281
random,10,42,68,0.09401530571085354,0.7853611029060009
random,10,42,69,0.09117148003403265,0.7881529638730974
random,10,42,70,0.08735876203414951,0.788351855861306
random,10,42,71,0.08493971405486764,0.7898344708488655
random,10,42,72,0.08254484426595352,0.793351418781645
random,10,42,73,0.0793101114918646,0.7942435758564612
random,10,42,74,0.07743303907164732,0.7969567804521589
random,10,42,75,0.07254395269128451,0.7978844510150599
random,10,7,1,37.65226676186742,37.379594544231324
random,10,7,2,17.065419891866203,16.855004995470804
random,10,7,3,4.9994210061721045,4.893320150656408
random,10,7,4,1.929942646418547,1.9363667095232513
random,10,7,5,1.5529981680096578,1.6263949042562549
random,10,7,6,1.3365631107445461,1.4495671470832436
random,10,7,7,1.1830480261830776,1.329628556745514
random,10,7,8,1.0680202475592349,1.2427786054323307
random,10,7,9,0.9784770206743796,1.176768476143583
random,10,7,10,0.9062592702428015,1.1245378993359272
random,10,7,11,0.8464321306996726,1.0818456849315683
random,10,7,12,0.7958002911977479,1.0461303708179128
random,10,7,13,0.7520293832938765,1.01602250680587
random,10,7,14,0.7135706990430242,0.9903572248981917
random,10,7,15,0.67940918225228,0.9682125066095273
random,10,7,16,0.648888822606779,0.9493734144876043
random,10,7,17,0.6212107352768393,0.932998652215864
random,10,7,18,0.5959967706933001,0.9189019332570716
random,10,7,19,0.57274191674581,0.9065437055639859
random,10,7,20,0.5511973004202041,0.8959382586763633
random,10,7,21,0.5312260110883116,0.8864287392940442
random,10,7,22,0.5126442574715562,0.8783270888694078
random,10,7,23,0.4951793164928911,0.870786387792081
random,10,7,24,0.4785785681964479,0.8639760498466409
random,10,7,25,0.46269958058608274,0.8573439833903913
random,10,7,26,0.4474050074489608,0.8518307200184142
random,10,7,27,0.4327750058132853,0.8464615701071884
random,10,7,28,0.4188095431013603,0.8415369787813392
random,10,7,29,0.40525143655714346,0.836566334038465
random,10,7,30,0.39229371411796643,0.8325053515661313
random,10,7,31,0.3795476595036022,0.8289067449596805
random,10,7,32,0.36754546573771013,0.8257266411719566
random,10,7,33,0.3558115936206897,0.8221418718347014
random,10,7,34,0.3445851633107091,0.818795018125601
random,10,7,35,0.33331948438988546,0.8161707410557942
random,10,7,36,0.32281283341471784,0.8130423162724844
random,10,7,37,0.3124944707137988,0.8107729950957728
random,10,7,38,0.30248330988025635,0.808403362359838
random,10,7,39,0.29298352539065586,0.8061377352905494
random,10,7,40,0.2835679526545699,0.8038525774080206
random,10,7,41,0.2744176122012472,0.802676223575432
random,10,7,42,0.2656970641040094,0.8005992275548192
random,10,7,43,0.2572653013640406,0.7991760165540592
random,10,7,44,0.24951814948998347,0.7979217678576511
random,10,7,45,0.2413375762195032,0.7966328839332096
random,10,7,46,0.23414922879197397,0.7950877614282384
random,10,7,47,0.22631588129540095,0.7939438330506529
random,10,7,48,0.21956935769405317,0.7932776433851026
random,10,7,49,0.21225478645120763,0.7943909252742836
random,10,7,50,0.20621511490677438,0.7937546972811139
random,10,7,51,0.19916904460988213,0.7927373212603442
random,10,7,52,0.1928346145040976,0.791983261550393
random,10,7,53,0.18693745719930668,0.7923082070186485
random,10,7,54,0.18121914604345907,0.7936731318388904
random,10,7,55,0.17563117286530935,0.7939551683660351
random,10,7,56,0.17017587009079485,0.7937237232036086
random,10,7,57,0.16574311514843623,0.7948365716635909
random,10,7,58,0.16050909263505306,0.7945057739771826
random,10,7,59,0.15558669169630476,0.7933795086123447
random,10,7,60,0.15091429471362053,0.7945556991372735
random,10,7,61,0.14642755648872582,0.7959328169173394
random,10,7,62,0.14193069882863335,0.7972312595339791
random,10,7,63,0.13849891895522615,0.8000344471452921
random,10,7,64,0.13430937591898467,0.8010473798619454
random,10,7,65,0.1301507021681334,0.8014740192748133
random,10,7,66,0.12688575540463026,0.8027537931511682
random,10,7,67,0.1230702132549894,0.8026369204783507
random,10,7,68,0.11966368746263893,0.8032130992673574
random,10,7,69,0.11595491504544311,0.8048300215958167
random,10,7,70,0.11323174521332259,0.8059784061178348
random,10,7,71,0.11076230347515979,0.8097330675715235
random,10,7,72,0.10737933738925462,0.8106509383258577
random,10,21,1,39.796371858393805,39.5334135059741
random,10,21,2,24.745897336021894,24.538642040475565
random,10,21,3,11.373098338369024,11.230397180109
random,10,21,4,3.8697649966655865,3.820722679117297
random,10,21,5,1.9194914527940838,1.9564945061623606
random,10,21,6,1.6058290164942008,1.6921751357150872
random,10,21,7,1.4332168687964277,1.5495136079331027
random,10,21,8,1.2978750505943812,1.4395192279874531
random,10,21,9,1.1892413730302573,1.353387560899013
random,10,21,10,1.1004197283854664,1.2842129078037188
random,10,21,11,1.026343919585745,1.2273783063592354
random,10,21,12,0.9632752538461825,1.179496356254625
random,10,21,13,0.9088064151612775,1.1384770336299077
random,10,21,14,0.861078970074435,1.1027873545893094
random,10,21,15,0.8187594666739403,1.0712773633209756
random,10,21,16,0.7807295888596676,1.043253097441318
random,10,21,17,0.7463033426475023,1.018351583635281
random,10,21,18,0.7149171279155007,0.9958947960951436
random,10,21,19,0.6861686743406868,0.9759431302365092
random,10,21,20,0.6597494157986877,0.95826030801147
random,10,21,21,0.6354341956326303,0.9422836487597986
random,10,21,22,0.6130009530767521,0.9278619518927725
random,10,21,23,0.5921470993511958,0.9151992210273868
random,10,21,24,0.5727816970012407,0.9035353810926139
random,10,21,25,0.5546528012332714,0.8932648446415031
random,10,21,26,0.537731075488678,0.8839059780279405
random,10,21,27,0.5218170500393058,0.8757033435117176
random,10,21,28,0.5068443340290771,0.8681690095630705
random,10,21,29,0.4927303144174584,0.8614520443705785
random,10,21,30,0.47942768151187165,0.8552908065936081
random,10,21,31,0.466755099822626,0.8496827212152407
random,10,21,32,0.4547311893571871,0.8447792463943722
random,10,21,33,0.44317549261167083,0.8402948133360585
random,10,21,34,0.4321881985130439,0.8359508287954494
random,10,21,35,0.42165407128293825,0.8319720589622894
random,10,21,36,0.4114661504336606,0.8282975259298626
random,10,21,37,0.4015645763176408,0.8250183573569269
random,10,21,38,0.3918876910505188,0.8216404673807737
random,10,21,39,0.38240542406099626,0.8188834260836544
random,10,21,40,0.37313663341157793,0.8157566594921863
random,10,21,41,0.3640304775225027,0.8132679661706149
random,10,21,42,0.3551461067606687,0.8106977118071208
random,10,21,43,0.3465041359706681,0.8084078481425686
random,10,21,44,0.3380391271593502,0.8064039003083183
random,10,21,45,0.3297128216598581,0.804326195693356
random,10,21,46,0.3215917787109509,0.8027588862642974
random,10,21,47,0.3135575024439668,0.800987081816966
random,10,21,48,0.30591328324618405,0.7990400278945491
random,10,21,49,0.2981751707277754,0.797582616687505
random,10,21,50,0.2906793169021069,0.7962908784937469
random,10,21,51,0.2832902946307178,0.7949934143557986
random,10,21,52,0.27600469923096677,0.7939321635903516
random,10,21,53,0.2690497260520142,0.7934975542309703
random,10,21,54,0.26199478097296436,0.7927254093229232
random,10,21,55,0.25535428037117663,0.7916231167157322
random,10,21,56,0.24872292851556316,0.7911080724491014
random,10,21,57,0.24202664196856147,0.7905241394682233
random,10,21,58,0.23509679794004254,0.7902270101242588
random,10,21,59,0.22817528435958376,0.7901715461278177
random,10,21,60,0.22156621281430441,0.7902187413456739
random,10,21,61,0.2152118554220613,0.7921303163146213
random,10,21,62,0.20937599227589718,0.7924967675761113
random,10,21,63,0.20320547371736716,0.7936871586569655
random,10,21,64,0.19752875787223842,0.7951805932402347
random,10,21,65,0.19177800995054833,0.7953744546242072
random,10,21,66,0.1860895905416945,0.7966194247115328
random,10,21,67,0.1807792530629423,0.7979363013972133
random,10,21,68,0.1750931417291622,0.7985211491294165
random,10,21,69,0.1693720012450612,0.7987820298044718
random,10,21,70,0.16424244782866387,0.8009218221317305
random,10,21,71,0.1591657793996904,0.802601070256996
random,10,21,72,0.1546774498764206,0.8042791177380879
random,10,21,73,0.15006706652616575,0.8066605077406009
random,10,21,74,0.1450460367881908,0.8087828716400669
random,10,21,75,0.14014419282425622,0.8089219225076408
random,10,21,76,0.1354461852372256,0.8112813093354448
random,10,21,77,0.1308122163605491,0.8130070030683809
random,10,21,78,0.12622862290838788,0.8138917282476599
random,10,21,79,0.12271493958817974,0.8172174614013084
random,11,42,1,8.117136701511633,7.985450577403788
random,11,42,2,1.515207465087903,1.6004753861604686
random,11,42,3,1.1296224776420747,1.287585858342412
random,11,42,4,0.9265811388815824,1.1349007601245025
random,11,42,5,0.7940864096337023,1.0399348869880558
random,11,42,6,0.6979539930775024,0.9737559810635307
random,11,42,7,0.6243638284524328,0.9282627511629936
random,11,42,8,0.56596511375827,0.8960186133090988
random,11,42,9,0.5188014807594008,0.8736918855873627
random,11,42,10,0.4797602851520541,0.8582149149852668
random,11,42,11,0.447442077948546,0.8464087702106815
random,11,42,12,0.41697485460950534,0.8347603515858789
random,11,42,13,0.38972192290873986,0.8287704656146037
random,11,42,14,0.36467365351898207,0.8247388597609722
random,11,42,15,0.34216797176471875,0.8202869967840126
random,11,42,16,0.32356400281041886,0.8205814685520596
random,11,42,17,0.30574631194769863,0.8179223203172744
random,11,42,18,0.2903246660383801,0.8155674708108169
random,11,42,19,0.2757689308093733,0.8164065507025147
random,11,42,20,0.26316945883889176,0.8176678118311671
random,11,42,21,0.2479496015665615,0.8144757607455475
random,11,42,22,0.23887740744984437,0.8163784013718287
random,11,42,23,0.22618841566858508,0.8189168531728878
random,11,42,24,0.21458957271672727,0.8176067532565863
random,11,42,25,0.20778925587914376,0.82292122693223
random,11,42,26,0.1946990967499366,0.8233962637903252
random,11,42,27,0.1863216546806393,0.8304201594632941
random,11,42,28,0.17766754638596274,0.833190959819316
random,11,42,29,0.17343428348659512,0.8402274964893959
random,11,42,30,0.1669244519908395,0.8419049764591293
random,11,42,31,0.1612935839829147,0.8500674096160814
random,11,42,32,0.15508482358540038,0.8561348764786
random,11,42,33,0.14739050005527957,0.8612644156630863
random,11,42,34,0.14093813992157905,0.8705686273172201
random,11,42,35,0.1322408192597637,0.8714225283140228
random,11,42,36,0.12408125269360806,0.8794737752449723
random,11,42,37,0.12179176646203214,0.8871898779861342
random,11,42,38,0.1175736924488914,0.8873482796541213
random,11,42,39,0.11288252738766937,0.8973959589600475
random,11,42,40,0.11017981302656085,0.8940659601609486
random,11,42,41,0.11109736272326824,0.9135448846214985
random,11,7,1,4.548916351019984,4.433456053997647
random,11,7,2,1.4450596411100918,1.537620796957112
random,11,7,3,1.071504176975616,1.2528072263329975
random,11,7,4,0.8663898539331076,1.1024158832281794
random,11,7,5,0.7279270119782434,1.005910685090113
random,11,7,6,0.6252616922376601,0.9386385053287865
random,11,7,7,0.5488272950303803,0.896739991387613
random,11,7,8,0.4899530395374961,0.8701501397644507
random,11,7,9,0.4424764165573036,0.8488009120044848
random,11,7,10,0.4025974050003533,0.836130865812836
random,11,7,11,0.3672493300631541,0.8231699679288714
random,11,7,12,0.33626503997997764,0.8144568973388727
random,11,7,13,0.30871970422249556,0.8079504896675301
random,11,7,14,0.2841884785459994,0.8029270335367114
random,11,7,15,0.26165096086704737,0.8008196674342396
random,11,7,16,0.24201583631532567,0.8003634131684693
random,11,7,17,0.22427560453906228,0.8001434215971596
random,11,7,18,0.2084258690174223,0.7988247195748827
random,11,7,19,0.19403438468739095,0.7996626140182301
random,11,7,20,0.18098215909925547,0.8008199538710105
random,11,7,21,0.16979179432447783,0.8022565325391979
random,11,7,22,0.1598916856972217,0.805027964679386
random,11,7,23,0.15011335839515907,0.8087240100756394
random,11,7,24,0.143542764022076,0.8133973991125747
random,11,7,25,0.13438542835416353,0.8166167510877264
random,11,7,26,0.1306891301742596,0.8220068883316112
random,11,7,27,0.12461500714336685,0.8300223120556282
random,11,7,28,0.1183043847371929,0.8326249436633489
random,11,7,29,0.11179485154010753,0.8396502400311822
random,11,7,30,0.10628560189805748,0.840651512845833
random,11,7,31,0.10199073631771884,0.8488300418855588
random,11,7,32,0.09767158184730809,0.8452531652315628
random,11,7,33,0.09888769435045261,0.8612023875201433
random,11,7,34,0.09281782421896415,0.8555938289111068
random,11,7,35,0.09939801218432595,0.875961024154997
random,11,7,36,0.10000404128408125,0.8768392393083803
random,11,7,37,0.10548201707131764,0.8917578406022751
random,11,7,38,0.12915683721040788,0.9112102525876314
random,11,21,1,11.093562812123025,10.966782231583533
random,11,21,2,1.82282903939984,1.9349755039250123
random,11,21,3,1.1968408623451288,1.3546513738814665
random,11,21,4,0.9834847437065695,1.196036814641486
random,11,21,5,0.8495698768775735,1.0981204163041753
random,11,21,6,0.7556926358562026,1.0293419318040156
random,11,21,7,0.6849644446495138,0.9795256456770194
random,11,21,8,0.6294897661657406,0.9429379115412586
random,11,21,9,0.5848586098729435,0.9160655047682075
random,11,21,10,0.5480866031128038,0.8961143108112116
random,11,21,11,0.517150736991238,0.8810798780157316
random,11,21,12,0.4906316538625943,0.86953150814675
random,11,21,13,0.4675305609777052,0.860624350678321
random,11,21,14,0.44696603839967475,0.8534413730788747
random,11,21,15,0.4285037801060002,0.8474722983229562
random,11,21,16,0.4114821186617107,0.8425338783918771
random,11,21,17,0.3957522206822921,0.838276288450064
random,11,21,18,0.38089392724385385,0.8343315706253924
random,11,21,19,0.366737005318907,0.8313486505958914
random,11,21,20,0.3533681987819598,0.8284220756898383
random,11,21,21,0.340011773677173,0.8254902168703361
random,11,21,22,0.3274875614874659,0.8230456066785893
random,11,21,23,0.31461596148847903,0.8200362001844236
random,11,21,24,0.3023333311651683,0.8168322305563652
random,11,21,25,0.2901040892,0.8157559229536893
random,11,21,26,0.2778617966605613,0.8128466944368422
random,11,21,27,0.2661921775266756,0.809948917916379
random,11,21,28,0.2525905192096651,0.8052794429872475
random,11,21,29,0.23873427591189825,0.8061094996597887
random,11,21,30,0.2261774592697638,0.8091884445914133
random,11,21,31,0.21237997925815635,0.8062367409933227
random,11,21,32,0.20030471022843296,0.810504919451952
random,11,21,33,0.18728585942789552,0.810104791234056
random,11,21,34,0.17508644120081637,0.8135539189072569
random,11,21,35,0.1646920444250729,0.8158467124348896
random,11,21,36,0.1551588535624116,0.8214016902804157
random,11,21,37,0.1481539350099337,0.8244614279169927
random,11,21,38,0.1395506233861351,0.8294735471226524
random,11,21,39,0.13228807509297943,0.8359540038317035
random,11,21,40,0.12583071314603717,0.84186654598859
random,11,21,41,0.11795552361601605,0.8351128741778203
random,11,21,42,0.11260247168627978,0.8434632513183654
random,11,21,43,0.11104879853474157,0.8465018907158532
random,11,21,44,0.1045988882098405,0.8529285960164888
random,11,21,45,0.10025588116898951,0.8527582559338931
random,11,21,46,0.09416698394128004,0.8586912056522715
random,11,21,47,0.08987924970378108,0.8526748056595514
random,11,21,48,0.08400229625612386,0.8634561298174543
scaffold,0,42,1,35.54694282131902,33.397090635080914
scaffold,0,42,2,19.949455310787524,18.84602773188683
scaffold,0,42,3,10.049667955855723,9.601350854225881
scaffold,0,42,4,4.868896213316519,4.762700911527915
scaffold,0,42,5,2.698544331571977,2.745284135473608
scaffold,0,42,6,1.9361109542271568,2.0569388866209315
scaffold,0,42,7,1.6441163632555251,1.8196507709048162
scaffold,0,42,8,1.4793819554880419,1.7068774487738052
scaffold,0,42,9,1.3564394725064166,1.6333462494332616
scaffold,0,42,10,1.2562334291033803,1.5782777391819287
scaffold,0,42,11,1.172159546856245,1.5344771918531463
scaffold,0,42,12,1.1003724698633088,1.4982947590840647
scaffold,0,42,13,1.0382356349242403,1.4675116468462375
scaffold,0,42,14,0.9838770494248869,1.440643358098429
scaffold,0,42,15,0.9359037801477175,1.4166326683104544
scaffold,0,42,16,0.8932470532558673,1.3947310700990094
scaffold,0,42,17,0.8550592807372451,1.3744032299081625
scaffold,0,42,18,0.8206453639058339,1.3551807966587448
scaffold,0,42,19,0.7893821620248196,1.336927141557933
scaffold,0,42,20,0.7608535682767519,1.3195087606020008
scaffold,0,42,21,0.7347355571458585,1.3028839749305174
scaffold,0,42,22,0.7106466427307744,1.2870738381634883
scaffold,0,42,23,0.6884065951406385,1.2720208190123634
scaffold,0,42,24,0.6677571348398921,1.2576489651984848
scaffold,0,42,25,0.6485369950816547,1.2438813089366914
scaffold,0,42,26,0.6305995377356604,1.2307392150178442
scaffold,0,42,27,0.6137549470385314,1.2183282631111594
scaffold,0,42,28,0.5979549134176119,1.2067615491873351
scaffold,0,42,29,0.5829666612459758,1.1960053733698286
scaffold,0,42,30,0.5688207009968093,1.1858832820312497
scaffold,0,42,31,0.5555171166752743,1.1761713488992056
scaffold,0,42,32,0.542989261926008,1.167485026923257
scaffold,0,42,33,0.5310456931462939,1.1590605966347545
scaffold,0,42,34,0.5195353729882574,1.1516444774357484
scaffold,0,42,35,0.5083489615140584,1.1446194260910663
scaffold,0,42,36,0.4977380673129969,1.1383112742149633
scaffold,0,42,37,0.4876200907730625,1.1321977075882756
scaffold,0,42,38,0.4779448914317145,1.126930198385685
scaffold,0,42,39,0.46861947521954067,1.1224348315907313
scaffold,0,42,40,0.4596270321449908,1.1190342758096468
scaffold,0,42,41,0.4508087387040464,1.1158633353808514
scaffold,0,42,42,0.4423994926763564,1.113111886964714
scaffold,0,42,43,0.43436827689845353,1.1111494026214483
scaffold,0,42,44,0.4264990036778298,1.1096288558993017
scaffold,0,42,45,0.41888483172730046,1.1075301614145814
scaffold,0,42,46,0.4113814077810001,1.107215510242804
scaffold,0,42,47,0.4040681020534476,1.10723861637035
scaffold,0,42,48,0.39695126151041404,1.1066800667972667
scaffold,0,42,49,0.390035748863574,1.106456224632683
scaffold,0,42,50,0.3831506187017713,1.1070235567361173
scaffold,0,42,51,0.3763186022665572,1.1070988816550378
scaffold,0,42,52,0.3696281862188112,1.1088618447536005
scaffold,0,42,53,0.3630735652047218,1.1094267584447197
scaffold,0,42,54,0.3566384961232933,1.1105207061580982
scaffold,0,42,55,0.3504235061457,1.1122257224751164
scaffold,0,42,56,0.34445842477371275,1.1140235069868227
scaffold,0,42,57,0.3386134779156587,1.1158683958500415
scaffold,0,42,58,0.332948460337917,1.117499160622952
scaffold,0,42,59,0.32742313392010935,1.1194750955726926
scaffold,0,42,60,0.3219897028096005,1.1214380823916856
scaffold,0,42,61,0.3166587576179649,1.122946325524904
scaffold,0,42,62,0.31130056081077656,1.1252964618235195
scaffold,0,42,63,0.3061302394285943,1.12702140285652
scaffold,0,42,64,0.30114230222030414,1.129816926577379
scaffold,0,42,65,0.2961360782208146,1.1334866158085772
scaffold,0,42,66,0.2911318753454453,1.1360264846812789
scaffold,0,42,67,0.2863164169278609,1.13805264516231
scaffold,0,42,68,0.2814297821424504,1.1406271315371743
scaffold,0,42,69,0.2767996574343691,1.142523898395547
scaffold,0,7,1,42.19754844322386,39.92936108255622
scaffold,0,7,2,31.689621264768807,30.08647377190011
scaffold,0,7,3,22.248781445953078,21.266290160052073
scaffold,0,7,4,14.53397489361404,14.04009750514122
scaffold,0,7,5,8.85916317322484,8.711020266548088
scaffold,0,7,6,5.220891326854798,5.283328915063649
scaffold,0,7,7,3.224493231800985,3.3956153976353343
scaffold,0,7,8,2.2760288189870397,2.4980412959557667
scaffold,0,7,9,1.8543713414355119,2.104733679383864
scaffold,0,7,10,1.6471040918982063,1.9212828291250752
scaffold,0,7,11,1.5173232653304405,1.8158586077213796
scaffold,0,7,12,1.4179464580858974,1.741058388008665
scaffold,0,7,13,1.3346813152384431,1.681324825696015
scaffold,0,7,14,1.2626903849912965,1.6310192016377918
scaffold,0,7,15,1.1995827434540458,1.5875034051791566
scaffold,0,7,16,1.1437328867352194,1.5492163465224877
scaffold,0,7,17,1.0939000527972262,1.5151025303617807
scaffold,0,7,18,1.0491021735991446,1.4843899835369636
scaffold,0,7,19,1.0085790612294026,1.4564903268801808
scaffold,0,7,20,0.9717153651319531,1.4309466046966024
scaffold,0,7,21,0.9380147326501566,1.4073893399643254
scaffold,0,7,22,0.9070711984887816,1.3855233611504918
scaffold,0,7,23,0.8785477264282735,1.3651111026042138
scaffold,0,7,24,0.852158396846206,1.3459566164031322
scaffold,0,7,25,0.8276598015203751,1.3279049707834367
scaffold,0,7,26,0.8048328243693631,1.310834330644139
scaffold,0,7,27,0.7835140981375696,1.2946381607055528
scaffold,0,7,28,0.7635516219276924,1.279235132586228
scaffold,0,7,29,0.7448118835594877,1.2645585516995501
scaffold,0,7,30,0.727178078470113,1.2505607494130702
scaffold,0,7,31,0.7105508166918781,1.2371982908162094
scaffold,0,7,32,0.6948414311802915,1.2244415082863984
scaffold,0,7,33,0.6799590578391971,1.2122701319607787
scaffold,0,7,34,0.6658402876479466,1.200656872259929
scaffold,0,7,35,0.6524172355897874,1.1895792677380035
scaffold,0,7,36,0.6396340787638942,1.1790340076854233
scaffold,0,7,37,0.6274368705115748,1.168941662180458
scaffold,0,7,38,0.6157815754528723,1.1593486990478787
scaffold,0,7,39,0.6046494434687749,1.1502526325179825
scaffold,0,7,40,0.5939934180326386,1.1416561712680695
scaffold,0,7,41,0.5837934997158913,1.1335136974434052
scaffold,0,7,42,0.5740235786415452,1.1258430331218992
scaffold,0,7,43,0.5646528388906322,1.1185930946359992
scaffold,0,7,44,0.5556533628761717,1.1117560784288945
scaffold,0,7,45,0.5469977112530044,1.105359922969816
scaffold,0,7,46,0.5386663195346129,1.099364403582465
scaffold,0,7,47,0.5306454040763264,1.0937616363821776
scaffold,0,7,48,0.5228948002833982,1.0885913074193099
scaffold,0,7,49,0.5154062006557097,1.083735565902502
scaffold,0,7,50,0.5081010002058941,1.0791726825006847
scaffold,0,7,51,0.5010056381262874,1.0747986313576414
scaffold,0,7,52,0.49415632043990043,1.07086585172502
scaffold,0,7,53,0.4874912662553019,1.0672761073839965
scaffold,0,7,54,0.48104270619626993,1.0639991130805924
scaffold,0,7,55,0.4746234010149995,1.0610954994766233
scaffold,0,7,56,0.46840757093878205,1.058333291526004
scaffold,0,7,57,0.46227086764815906,1.055848989377195
scaffold,0,7,58,0.4562051296908848,1.0535004142211262
scaffold,0,7,59,0.4502294789953067,1.0515207730456253
scaffold,0,7,60,0.44416763480420096,1.049657932683148
scaffold,0,7,61,0.438094405997643,1.0477519310392824
scaffold,0,7,62,0.4320481222105011,1.0463640153162013
scaffold,0,7,63,0.4261110901881386,1.0451448355734319
scaffold,0,7,64,0.4202907526873913,1.0435535673106469
scaffold,0,7,65,0.4145220266077353,1.04212125640282
scaffold,0,7,66,0.4083990602149749,1.040720138776829
scaffold,0,7,67,0.4023835546239363,1.0391703140555517
scaffold,0,7,68,0.3962947437356628,1.0378894774635006
scaffold,0,7,69,0.3903123783669602,1.037537544670175
scaffold,0,7,70,0.3836830841998676,1.0376726070280133
scaffold,0,7,71,0.37708302444575964,1.0393716827824233
scaffold,0,7,72,0.3707238674023874,1.0398839968942308
scaffold,0,7,73,0.36453046836426833,1.0399893685606336
scaffold,0,7,74,0.3580830989789081,1.040608340025674
scaffold,0,7,75,0.35169699339963445,1.0404792735135038
scaffold,0,7,76,0.3448687524917434,1.0415951871079387
scaffold,0,7,77,0.33803386341998476,1.0446209556845905
scaffold,0,7,78,0.3314969885425985,1.0479720287687038
scaffold,0,7,79,0.3250272076099407,1.0487779079889825
scaffold,0,7,80,0.3192800621018295,1.0469414689076317
scaffold,0,7,81,0.3134015878694961,1.0473588344313283
scaffold,0,7,82,0.3072680335978927,1.0482446972094963
scaffold,0,7,83,0.3012068510138561,1.0516880324603433
scaffold,0,7,84,0.29550939525219133,1.0545956545579362
scaffold,0,7,85,0.289671831388182,1.0556795509672845
scaffold,0,7,86,0.2843153765907803,1.0570267678643877
scaffold,0,7,87,0.27895140358959764,1.0585051063442268
scaffold,0,7,88,0.27392535621734426,1.0625138794563145
scaffold,0,7,89,0.2687462257587698,1.0641241623304456
scaffold,0,21,1,31.342663080467172,30.193429037030388
scaffold,0,21,2,16.07705460596591,15.769481525845492
scaffold,0,21,3,7.414808548195657,7.50082182090201
scaffold,0,21,4,3.5009141228231098,3.71124275438623
scaffold,0,21,5,2.1199643663611294,2.3480032633227235
scaffold,0,21,6,1.6747180604852565,1.9123961460935426
scaffold,0,21,7,1.4748052871536468,1.73817509976446
scaffold,0,21,8,1.3379917514469855,1.635395147089319
scaffold,0,21,9,1.2292135845744152,1.5605169508162515
scaffold,0,21,10,1.1394867708805978,1.5012557945367422
scaffold,0,21,11,1.0641179680922463,1.45246501800434
scaffold,0,21,12,0.9999081491692172,1.4113181602193863
scaffold,0,21,13,0.9445679516256973,1.3759703003172907
scaffold,0,21,14,0.8963916360242882,1.3450613486086902
scaffold,0,21,15,0.8540653260918061,1.3176042267216839
scaffold,0,21,16,0.8165548996354899,1.2929261622287664
scaffold,0,21,17,0.7830484631974266,1.2704598840376067
scaffold,0,21,18,0.7528696921149385,1.2498799223864083
scaffold,0,21,19,0.7255168110516537,1.2308637849583681
scaffold,0,21,20,0.7005775620204976,1.2132151968130287
scaffold,0,21,21,0.6776815300338077,1.196875132824829
scaffold,0,21,22,0.6565790753926385,1.1816891453594653
scaffold,0,21,23,0.6370464702060271,1.1676570148808743
scaffold,0,21,24,0.6189129107081794,1.1547051499479664
scaffold,0,21,25,0.6020238160828726,1.1427857460479482
scaffold,0,21,26,0.5862439613405012,1.131830226074796
scaffold,0,21,27,0.5714692914839138,1.1218084445529626
scaffold,0,21,28,0.5575624623646547,1.1127942563940512
scaffold,0,21,29,0.5444864855571366,1.1046002141758318
scaffold,0,21,30,0.5321497817250198,1.0971778170809159
scaffold,0,21,31,0.5204969728309069,1.090551944688409
scaffold,0,21,32,0.5094455395633196,1.0847884471786469
scaffold,0,21,33,0.4989506777428442,1.0796238863158074
scaffold,0,21,34,0.4889796952113697,1.0751547049579149
scaffold,0,21,35,0.4795005210064604,1.0711874379303723
scaffold,0,21,36,0.4704423160844849,1.0678039560906272
scaffold,0,21,37,0.46179996472920015,1.064939584910301
scaffold,0,21,38,0.45353481182207683,1.0625122849426638
scaffold,0,21,39,0.445629181562258,1.0605162175966378
scaffold,0,21,40,0.438044505200792,1.0590489329049677
scaffold,0,21,41,0.43074820766476046,1.058172247730868
scaffold,0,21,42,0.42374785865065134,1.0572959045544057
scaffold,0,21,43,0.41701919831661854,1.0568213392082346
scaffold,0,21,44,0.41051500639546284,1.0566774968434025
scaffold,0,21,45,0.40425173882055604,1.0566743952416358
scaffold,0,21,46,0.3981765692344767,1.057211235845286
scaffold,0,21,47,0.3923161558615202,1.057272437247465
scaffold,0,21,48,0.3866138195174677,1.0580983708569047
scaffold,0,21,49,0.3810840880910127,1.0589893635581036
scaffold,0,21,50,0.3757276047677204,1.0599211730021185
scaffold,0,21,51,0.37052798891371697,1.0610509719914027
scaffold,0,21,52,0.3654670854063184,1.0624719871864605
scaffold,0,21,53,0.3605487722482576,1.0635761108925144
scaffold,0,21,54,0.35575100997142173,1.0653481600941124
scaffold,0,21,55,0.3510895617779188,1.0670174945772246
scaffold,0,21,56,0.3465377978943979,1.0686336404702106
scaffold,0,21,57,0.3420978740348069,1.0702875162285115
scaffold,0,21,58,0.3377205015176884,1.0722912478311755
scaffold,0,21,59,0.33343902689483057,1.074371610687254
scaffold,0,21,60,0.3292619730725902,1.0763687005868738
scaffold,0,21,61,0.3251544647101664,1.0783295208104653
scaffold,0,21,62,0.321115361405878,1.080695712079934
scaffold,0,21,63,0.3172266007194016,1.0821793529278791
scaffold,0,21,64,0.31329653947208175,1.0848980101821064
scaffold,0,21,65,0.309408214191835,1.0870978384704488
scaffold,1,42,1,7.824245502481878,7.467946309251793
scaffold,1,42,2,1.7549693348474258,1.8476730266643673
scaffold,1,42,3,1.2793793628714332,1.6012885779267567
scaffold,1,42,4,1.0449339868980894,1.481393515937642
scaffold,1,42,5,0.8943502287939532,1.4088578535755398
scaffold,1,42,6,0.7886735935932825,1.3495753150602718
scaffold,1,42,7,0.7101253163145153,1.2979547915126652
scaffold,1,42,8,0.6491456955427686,1.253040635580152
scaffold,1,42,9,0.6003724869046633,1.2157235648246825
scaffold,1,42,10,0.5604414032772032,1.1860858271008345
scaffold,1,42,11,0.5271030631314736,1.163440350669064
scaffold,1,42,12,0.4987756797201902,1.146852886301393
scaffold,1,42,13,0.4743156958201909,1.1352889869115412
scaffold,1,42,14,0.4528864997989122,1.1278376141520376
scaffold,1,42,15,0.43393479556134723,1.1236950449987924
scaffold,1,42,16,0.41697800463345197,1.1221268623625829
scaffold,1,42,17,0.4017299677979512,1.1226081160784454
scaffold,1,42,18,0.3878815276474535,1.1245878025780998
scaffold,1,42,19,0.37527333285117603,1.127846348046155
scaffold,1,42,20,0.36367452372860826,1.1320321599220924
scaffold,1,42,21,0.35294601667178305,1.136934011607329
scaffold,1,42,22,0.3430167506987597,1.142200279300013
scaffold,1,42,23,0.33382866347412515,1.1479385049618096
scaffold,1,42,24,0.32524954356162733,1.1538380022406682
scaffold,1,42,25,0.3171244679016957,1.1598502913938602
scaffold,1,42,26,0.30915116073293564,1.1660999338560742
scaffold,1,42,27,0.3016757327310818,1.1723850129456834
scaffold,1,42,28,0.2947418689193279,1.1788407685871958
scaffold,1,42,29,0.2882412347580331,1.1850715450040032
scaffold,1,42,30,0.2820799623171156,1.1913750292210539
scaffold,1,42,31,0.27640908039138584,1.1975837559583657
scaffold,1,42,32,0.27092136910653974,1.2037608642965865
scaffold,1,42,33,0.26570017992430794,1.2097632381629886
scaffold,1,42,34,0.2607853117424894,1.2159939981246073
scaffold,1,42,35,0.25615707115047276,1.2216424989224495
scaffold,1,42,36,0.2514136161975109,1.2276557906014427
scaffold,1,7,1,21.062850242712955,20.14911203056457
scaffold,1,7,2,3.5642031020753873,3.684073353344278
scaffold,1,7,3,1.6722115106211082,1.8923225999722217
scaffold,1,7,4,1.3416788247776503,1.6823069978045393
scaffold,1,7,5,1.1418249935996327,1.5515639151078133
scaffold,1,7,6,1.0042939527486394,1.4578659431801537
scaffold,1,7,7,0.9023705490608503,1.3877047714355886
scaffold,1,7,8,0.8234420661051782,1.3304083682203331
scaffold,1,7,9,0.7602778767794314,1.281874411076201
scaffold,1,7,10,0.7083838006881636,1.2398968118024483
scaffold,1,7,11,0.6648455940669409,1.2034810045854518
scaffold,1,7,12,0.627711512797296,1.17210066726943
scaffold,1,7,13,0.5956203258878711,1.145375034350432
scaffold,1,7,14,0.567581135213192,1.1229276816095493
scaffold,1,7,15,0.5428468048429599,1.1043533614391479
scaffold,1,7,16,0.5208390304349403,1.0892294334208366
scaffold,1,7,17,0.5011023330232253,1.0771372043453933
scaffold,1,7,18,0.4832741983379174,1.0676796317030126
scaffold,1,7,19,0.46706390800736225,1.0604950419082797
scaffold,1,7,20,0.4522368672513256,1.05525940593114
scaffold,1,7,21,0.43860258113620554,1.0516878095079556
scaffold,1,7,22,0.4260052759656577,1.0495305462827458
scaffold,1,7,23,0.41431659137205135,1.048572462006095
scaffold,1,7,24,0.4034299036371068,1.0486271437984236
scaffold,1,7,25,0.3932558098676306,1.0495341838340801
scaffold,1,7,26,0.38371874190142674,1.0511564256687338
scaffold,1,7,27,0.37475423311236467,1.053377312056153
scaffold,1,7,28,0.3663069047820424,1.0560969894391319
scaffold,1,7,29,0.35832877963925797,1.0592300610784504
scaffold,1,7,30,0.3507780163773706,1.0627051171308552
scaffold,1,7,31,0.3436179169305096,1.0664609030861993
scaffold,1,7,32,0.3368161491402001,1.0704464883194524
scaffold,1,7,33,0.33034401202597474,1.0746187357851802
scaffold,1,7,34,0.32417595455190645,1.0789417114753184
scaffold,1,7,35,0.3182890741945046,1.083384859710182
scaffold,1,7,36,0.3126628391601244,1.0879237509705604
scaffold,1,7,37,0.3072787426531966,1.0925374085291872
scaffold,1,7,38,0.30211993743522103,1.097208727251043
scaffold,1,7,39,0.2971712974803944,1.1019234353697105
scaffold,1,7,40,0.2924188913894181,1.10667095116229
scaffold,1,7,41,0.2878501413699848,1.1114412100529114
scaffold,1,7,42,0.28345340897063354,1.1162274309571318
scaffold,1,7,43,0.2792181302727655,1.1210239458580575
scaffold,1,21,1,5.02457375548575,5.148926001580364
scaffold,1,21,2,1.6307023913154204,1.7702841642370437
scaffold,1,21,3,1.159551678154585,1.5234791500150047
scaffold,1,21,4,0.9458565046389676,1.3736881270089445
scaffold,1,21,5,0.8137692660353373,1.2944876956550326
scaffold,1,21,6,0.7221955793067409,1.2322383334282034
scaffold,1,21,7,0.65393191026673,1.1830493078677564
scaffold,1,21,8,0.6004918513773505,1.1440726201748375
scaffold,1,21,9,0.5573460377950222,1.1143683885113753
scaffold,1,21,10,0.5217024733766459,1.0926432517473905
scaffold,1,21,11,0.4916819816309362,1.077438964066315
scaffold,1,21,12,0.4659686991184831,1.0674042986143741
scaffold,1,21,13,0.44361983367908475,1.0613920952756564
scaffold,1,21,14,0.4239545405717187,1.0584912681689687
scaffold,1,21,15,0.40646966609644375,1.057984204586707
scaffold,1,21,16,0.39078560630959064,1.0593015548874616
scaffold,1,21,17,0.3766144849477033,1.0620132438423169
scaffold,1,21,18,0.36373075736834315,1.065779777392165
scaffold,1,21,19,0.3519543060912593,1.0703425935350384
scaffold,1,21,20,0.34113993277172866,1.0755032448684416
scaffold,1,21,21,0.33116749709135906,1.081113176806798
scaffold,1,21,22,0.32193430835923964,1.0870447510640564
scaffold,1,21,23,0.3133579794557322,1.0932170842919184
scaffold,1,21,24,0.3053660011760349,1.0995657836411792
scaffold,1,21,25,0.29789728240874175,1.1060370325889053
scaffold,1,21,26,0.2908987584586274,1.1126041659646946
scaffold,1,21,27,0.2843221761598468,1.1192321783550212
scaffold,1,21,28,0.278127435995748,1.1259076013282008
scaffold,1,21,29,0.2722792547408606,1.1326168197897946
scaffold,1,21,30,0.2667443996067011,1.1393530130989293
scaffold,1,21,31,0.2614975800557445,1.1461230255933021
scaffold,1,21,32,0.2565120689062904,1.1529118921454196
scaffold,1,21,33,0.2517691846455092,1.1597263438676346
scaffold,1,21,34,0.2472502657862966,1.1665804978912244
scaffold,1,21,35,0.24293475832278577,1.1734582982879882
scaffold,2,42,1,35.54314395807807,33.393909704274755
scaffold,2,42,2,19.94718868112786,18.844163346155003
scaffold,2,42,3,10.050805737874029,9.602706476666738
scaffold,2,42,4,4.871439701880982,4.7655709246839475
scaffold,2,42,5,2.700713896368503,2.7479245775626477
scaffold,2,42,6,1.9372194040581965,2.058672811654066
scaffold,2,42,7,1.6444810927526645,1.820734550700521
scaffold,2,42,8,1.4794742696486576,1.7077401739336104
scaffold,2,42,9,1.3565406152629318,1.6342405546239378
scaffold,2,42,10,1.2564649606736782,1.5793009389117632
scaffold,2,42,11,1.1725690383623282,1.5356577343315818
scaffold,2,42,12,1.1009775719572732,1.4996366143575695
scaffold,2,42,13,1.0390590879761774,1.4690138211461548
scaffold,2,42,14,0.9849469298129522,1.4422983382513992
scaffold,2,42,15,0.937236118908841,1.4184403262337983
scaffold,2,42,16,0.894851603935856,1.3966826248100668
scaffold,2,42,17,0.8569354566382104,1.3764888637216268
scaffold,2,42,18,0.8227523813235348,1.3573772348775865
scaffold,2,42,19,0.7917712639956098,1.339218703666681
scaffold,2,42,20,0.763565141665462,1.3218983110353617
scaffold,2,42,21,0.7377070648461564,1.3054125685136366
scaffold,2,42,22,0.713928915714382,1.289662919085856
scaffold,2,42,23,0.6919474482044432,1.2746189580550644
scaffold,2,42,24,0.6715869843507817,1.2601749872563752
scaffold,2,42,25,0.6527060973220574,1.2463346744512256
scaffold,2,42,26,0.6351567336851315,1.2332081909111472
scaffold,2,42,27,0.6186923626218392,1.220810561560855
scaffold,2,42,28,0.6032601702117508,1.209229962765143
scaffold,2,42,29,0.5887320550768222,1.198408020621026
scaffold,2,42,30,0.575032914303898,1.1883297852929375
scaffold,2,42,31,0.5621655158292186,1.1788735827879016
scaffold,2,42,32,0.5500069648890861,1.1702378826286877
scaffold,2,42,33,0.5382697667064443,1.1621862918719004
scaffold,2,42,34,0.5270332663799292,1.1545678944546012
scaffold,2,42,35,0.5162759118053545,1.1474024024281018
scaffold,2,42,36,0.5060424261505629,1.1399166994169077
scaffold,2,42,37,0.4963242372525013,1.1331299296362813
scaffold,2,42,38,0.4870162217459057,1.128145873002314
scaffold,2,42,39,0.47816199170796625,1.1230361997595903
scaffold,2,42,40,0.4697028060815528,1.1185330478204958
scaffold,2,42,41,0.461381224754457,1.1148801337823526
scaffold,2,42,42,0.45344544015676413,1.1113491472312762
scaffold,2,42,43,0.44573978745423226,1.108425355461205
scaffold,2,42,44,0.438208266658886,1.106268443002689
scaffold,2,42,45,0.4310366616765518,1.1043348133701185
scaffold,2,42,46,0.42394778646180403,1.1028828914410755
scaffold,2,42,47,0.417111043042443,1.1016703668319843
scaffold,2,42,48,0.4103948455017598,1.1006081778894585
scaffold,2,42,49,0.40385912247469735,1.099864047902849
scaffold,2,42,50,0.3973391711631286,1.0998947065282385
scaffold,2,42,51,0.3909145283891865,1.0997842078435833
scaffold,2,42,52,0.3845221425435756,1.1002216150683968
scaffold,2,42,53,0.37822363986134727,1.0996998953655996
scaffold,2,42,54,0.37206221488386504,1.099371177215624
scaffold,2,42,55,0.3661501509012021,1.0996003444494202
scaffold,2,42,56,0.36035074456829985,1.1005339808371308
scaffold,2,42,57,0.35432274724863566,1.100937120053558
scaffold,2,42,58,0.3484920998409359,1.101888415454815
scaffold,2,42,59,0.34290554290878894,1.1028588476945251
scaffold,2,42,60,0.3373465153266981,1.1040470398461133
scaffold,2,42,61,0.3318252357988519,1.1055043830106277
scaffold,2,42,62,0.3265813963523725,1.1076831261439573
scaffold,2,42,63,0.3211882981810073,1.1068659060352966
scaffold,2,42,64,0.316111781226726,1.1088898567702323
scaffold,2,42,65,0.31106492154840865,1.1104047767395526
scaffold,2,42,66,0.30607985846454455,1.1122642191662404
scaffold,2,42,67,0.3013099914149786,1.1141297332210753
scaffold,2,42,68,0.29675967974767675,1.1169262970606806
scaffold,2,42,69,0.2921501862201557,1.1183014514758025
scaffold,2,42,70,0.2875444227747525,1.1194303236927128
scaffold,2,42,71,0.2831606499631846,1.1199272006729897
scaffold,2,42,72,0.2786729652212504,1.1217700356317635
scaffold,2,42,73,0.2744937834469612,1.125521709777663
scaffold,2,42,74,0.27049641049401574,1.1276816111431482
scaffold,2,7,1,42.19395215287103,39.92582574809311
scaffold,2,7,2,31.687768605228325,30.08545503113482
scaffold,2,7,3,22.25184015093727,21.269937528329272
scaffold,2,7,4,14.540707621090258,14.047482505706494
scaffold,2,7,5,8.867959128365245,8.72065121527423
scaffold,2,7,6,5.229694213919056,5.293207378067852
scaffold,2,7,7,3.2315797005101823,3.403993656954119
scaffold,2,7,8,2.2806713851414933,2.50412109249351
scaffold,2,7,9,1.8568616014277806,2.1087311621957876
scaffold,2,7,10,1.648201749333414,1.9239040893694908
scaffold,2,7,11,1.517722406058524,1.8177757235383933
scaffold,2,7,12,1.4181029006404366,1.7427215680204562
scaffold,2,7,13,1.3348479962322732,1.6829857011594316
scaffold,2,7,14,1.2629953316175586,1.6328063207323475
scaffold,2,7,15,1.200096496194053,1.5894804872263253
scaffold,2,7,16,1.144494666625835,1.5514165337364452
scaffold,2,7,17,1.0949373363182975,1.5175439775687485
scaffold,2,7,18,1.0504342714724701,1.4870880935004696
scaffold,2,7,19,1.0102204927731475,1.4594498311216135
scaffold,2,7,20,0.9736792316210618,1.4341689840046796
scaffold,2,7,21,0.9403123780203544,1.4108753269003418
scaffold,2,7,22,0.9097132988334055,1.3892722460678242
scaffold,2,7,23,0.8815394388283896,1.3691201714816925
scaffold,2,7,24,0.8555054618134936,1.3502242212775706
scaffold,2,7,25,0.8313692595693815,1.3324256530288028
scaffold,2,7,26,0.8089074574668763,1.3156038261457297
scaffold,2,7,27,0.7879564349906358,1.2996523447099415
scaffold,2,7,28,0.7683598907957028,1.2844848920450505
scaffold,2,7,29,0.7499863317095277,1.2700352160154815
scaffold,2,7,30,0.732721417534198,1.256253745527182
scaffold,2,7,31,0.7164640175592734,1.2431023233678595
scaffold,2,7,32,0.7011194904256236,1.2305467836246573
scaffold,2,7,33,0.686593165356717,1.2185526229147416
scaffold,2,7,34,0.6727895851101511,1.2070544095983766
scaffold,2,7,35,0.6596537008826764,1.1960181286544278
scaffold,2,7,36,0.6471928596777506,1.1855732391837042
scaffold,2,7,37,0.6353336175706703,1.1756061633743011
scaffold,2,7,38,0.6240229212089262,1.1660353292484962
scaffold,2,7,39,0.6132115746667662,1.1569556976146804
scaffold,2,7,40,0.602882369994578,1.1483270796751313
scaffold,2,7,41,0.592996703093444,1.1401810130178847
scaffold,2,7,42,0.5835345920306468,1.1323583278591307
scaffold,2,7,43,0.5744227617758239,1.1249682062919462
scaffold,2,7,44,0.5654732637666772,1.1179707153349083
scaffold,2,7,45,0.5567989296299896,1.1111633498233044
scaffold,2,7,46,0.5482903716611212,1.104791523649385
scaffold,2,7,47,0.5398327226296205,1.0982575428844243
scaffold,2,7,48,0.5313128929840268,1.0912065971841056
scaffold,2,7,49,0.5227129939114374,1.0849349051940727
scaffold,2,7,50,0.5136161933224316,1.0792936822483745
scaffold,2,7,51,0.5045854170541639,1.0738361397787322
scaffold,2,7,52,0.4958749183525665,1.0681704834496637
scaffold,2,7,53,0.48720657384755445,1.0638947262088296
scaffold,2,7,54,0.4787304119573495,1.058771265247571
scaffold,2,7,55,0.47022506726841246,1.0554575241845967
scaffold,2,7,56,0.4619619154936249,1.0527087384182472
scaffold,2,7,57,0.4540681766043502,1.051076238990801
scaffold,2,7,58,0.44635291078251305,1.047104179477888
scaffold,2,7,59,0.4390105948912501,1.044397560977911
scaffold,2,7,60,0.4313460117123854,1.0419204091351084
scaffold,2,7,61,0.4238316700830278,1.0419305412145803
scaffold,2,7,62,0.41675077442282477,1.0415651143717612
scaffold,2,7,63,0.4100892918520265,1.0388937328490293
scaffold,2,7,64,0.4036522781801209,1.0371046268635624
scaffold,2,7,65,0.39748149226067897,1.0361408149704452
scaffold,2,7,66,0.3911437545892339,1.0352163741438354
scaffold,2,7,67,0.38505452335015045,1.0344476583540754
scaffold,2,7,68,0.3791998958818276,1.035567581445071
scaffold,2,7,69,0.37332755475128826,1.0360729573092637
scaffold,2,7,70,0.3679813037357138,1.0375363691099537
scaffold,2,7,71,0.362821135422522,1.0335877463295684
scaffold,2,7,72,0.3576629404811463,1.0329776228861114
scaffold,2,7,73,0.35247022430378966,1.0336211196126128
scaffold,2,7,74,0.34720745683330423,1.0340740844917873
scaffold,2,7,75,0.3422247393679015,1.0355834379003277
scaffold,2,7,76,0.33724344404861206,1.036718039750292
scaffold,2,7,77,0.33229310208336665,1.0382701086394048
scaffold,2,7,78,0.3278660479235345,1.0377705548486347
scaffold,2,7,79,0.32321642550746277,1.0380141221033798
scaffold,2,7,80,0.31873673812521397,1.0387419356859582
scaffold,2,7,81,0.314233868771377,1.0383308235192954
scaffold,2,7,82,0.30994402497893475,1.0388000597576137
scaffold,2,7,83,0.30552076699349834,1.038935553496415
scaffold,2,7,84,0.3009882926881639,1.040680112577911
scaffold,2,7,85,0.29638110924748007,1.042903083370381
scaffold,2,7,86,0.2919548163986518,1.0458966343566778
scaffold,2,7,87,0.2876666592367288,1.0489147685406182
scaffold,2,7,88,0.28329533777734345,1.0497345907800049
scaffold,2,7,89,0.2791814133675738,1.0501689173876612
scaffold,2,7,90,0.2751585146951993,1.0508648817103752
scaffold,2,7,91,0.2712173928811387,1.049946372912773
scaffold,2,7,92,0.2671689638330904,1.0504458422727445
scaffold,2,21,1,31.34261648104554,30.193970709753053
scaffold,2,21,2,16.079379818554422,15.77211416133511
scaffold,2,21,3,7.4179825222716085,7.504445659837653
scaffold,2,21,4,3.5036443906977617,3.714639111168878
scaffold,2,21,5,2.1215190035191545,2.350416139925881
scaffold,2,21,6,1.6753160840286612,1.9139572149813118
scaffold,2,21,7,1.475001189049477,1.7393727809108135
scaffold,2,21,8,1.338152608636378,1.6365599885391642
scaffold,2,21,9,1.2294887216109327,1.5617833450509693
scaffold,2,21,10,1.1399347768317052,1.5026597453296815
scaffold,2,21,11,1.0647659887153944,1.4540193842890698
scaffold,2,21,12,1.0007773038735224,1.4130273622447505
scaffold,2,21,13,0.9456678610720878,1.3778298598216996
scaffold,2,21,14,0.8977300295560819,1.3470645036047295
scaffold,2,21,15,0.855649543917222,1.3197494684358473
scaffold,2,21,16,0.8183978497715491,1.2951789995522665
scaffold,2,21,17,0.7851523493639856,1.2728338656185523
scaffold,2,21,18,0.7552551316803087,1.2523146966838148
scaffold,2,21,19,0.728179633522242,1.2333892694359154
scaffold,2,21,20,0.7035117452894203,1.2158512212894392
scaffold,2,21,21,0.6809193937288804,1.1995557996023523
scaffold,2,21,22,0.6600926345795906,1.184459785273245
scaffold,2,21,23,0.6408288330977403,1.1704678759261529
scaffold,2,21,24,0.6229648711151516,1.1575036131846264
scaffold,2,21,25,0.6063420600741172,1.1455858434723336
scaffold,2,21,26,0.5908145458099059,1.1346302025498818
scaffold,2,21,27,0.5762812870611291,1.124605800105725
scaffold,2,21,28,0.5626616534280977,1.1154083700724926
scaffold,2,21,29,0.5498125562013982,1.1072373414055918
scaffold,2,21,30,0.5376882293623649,1.0998855481538206
scaffold,2,21,31,0.5262538680908528,1.0932296841607283
scaffold,2,21,32,0.5154444153750821,1.087195624861924
scaffold,2,21,33,0.5052106033037297,1.0817449820517142
scaffold,2,21,34,0.4954811554869717,1.0770611589952
scaffold,2,21,35,0.4862265336477236,1.0729113000404424
scaffold,2,21,36,0.4774082155788066,1.0693475122752147
scaffold,2,21,37,0.46900359407793024,1.066191034363113
scaffold,2,21,38,0.4609927730399882,1.0633668650059143
scaffold,2,21,39,0.45330742989269734,1.0612272593228473
scaffold,2,21,40,0.44596312479140277,1.059191401204758
scaffold,2,21,41,0.43891336889243004,1.0576178709297392
scaffold,2,21,42,0.4321512540458749,1.0562190808319556
scaffold,2,21,43,0.4256328835877409,1.0551909332226599
scaffold,2,21,44,0.41936169895511405,1.0544200253768174
scaffold,2,21,45,0.41332268462531047,1.0539516966937639
scaffold,2,21,46,0.40747642533424183,1.0532607774601321
scaffold,2,21,47,0.40182162206212974,1.0530751143054373
scaffold,2,21,48,0.39634102929506465,1.0530618124880375
scaffold,2,21,49,0.39101027870421645,1.0528407271918914
scaffold,2,21,50,0.3858532748417802,1.0530654010950409
scaffold,2,21,51,0.38085177881828725,1.0533740575265227
scaffold,2,21,52,0.3760230398541491,1.0535652949587282
scaffold,2,21,53,0.37132295757733097,1.054090497262818
scaffold,2,21,54,0.36676040265709337,1.0545761616789289
scaffold,2,21,55,0.3622977283181495,1.055388852999609
scaffold,2,21,56,0.3579249691068815,1.0561736811448992
scaffold,2,21,57,0.35363838315857127,1.057283430351557
scaffold,2,21,58,0.34945121781269745,1.0581510312479185
scaffold,2,21,59,0.34539074138838827,1.0591312956932215
scaffold,2,21,60,0.34134285392881997,1.0604488443328361
scaffold,2,21,61,0.33740623505379447,1.061273908424999
scaffold,2,21,62,0.3335650422119984,1.062556159455109
scaffold,2,21,63,0.32982761722076154,1.0637895069459928
scaffold,2,21,64,0.3261477400632757,1.0649558158297638
scaffold,2,21,65,0.3225608647221323,1.0663463116988963
scaffold,2,21,66,0.3190338076283922,1.0675656346286682
scaffold,2,21,67,0.3156121476389434,1.0685819646911734
scaffold,2,21,68,0.31225078871501866,1.0696534713543844
scaffold,2,21,69,0.3089194764539254,1.0711652034413464
scaffold,3,42,1,7.823605781225421,7.466809628775541
scaffold,3,42,2,1.7535427839626214,1.8462438055015666
scaffold,3,42,3,1.279667319668665,1.6017490527089504
scaffold,3,42,4,1.0457877554095227,1.4822081711767616
scaffold,3,42,5,0.8960626907556533,1.4101181659758197
scaffold,3,42,6,0.7912966480253033,1.3511623008547842
scaffold,3,42,7,0.7137133629674216,1.2998038176196074
scaffold,3,42,8,0.6536971473258133,1.2550105663244264
scaffold,3,42,9,0.605873130435372,1.2176378190023274
scaffold,3,42,10,0.5668681617448276,1.1876661356056488
scaffold,3,42,11,0.5344215808900652,1.1644237159924238
scaffold,3,42,12,0.5069529580914659,1.146919133048938
scaffold,3,42,13,0.4833342246890089,1.1341223369440798
scaffold,3,42,14,0.4627491467425814,1.1250979012860265
scaffold,3,42,15,0.4445990635779055,1.1190470834586759
scaffold,3,42,16,0.42843797201437356,1.1153076454200368
scaffold,3,42,17,0.4139271679927531,1.1133397350971872
scaffold,3,42,18,0.4008044873530789,1.112706635030738
scaffold,3,42,19,0.38886369177305624,1.1130619758291709
scaffold,3,42,20,0.37793942087093524,1.114130418189081
scaffold,3,42,21,0.36789763930513825,1.115697613123102
scaffold,3,42,22,0.35862823479908856,1.1175978651750682
scaffold,3,42,23,0.35004018805381515,1.1197041276978874
scaffold,3,42,24,0.34205748302000133,1.1219210457285078
scaffold,3,42,25,0.3346163438710469,1.1241787709054747
scaffold,3,42,26,0.32766306555574287,1.126427999049051
scaffold,3,42,27,0.3211521942910545,1.1286353153137765
scaffold,3,42,28,0.3150447996679178,1.130779697760361
scaffold,3,42,29,0.30930772491100145,1.1328497663399313
scaffold,3,42,30,0.3039123025271811,1.1348432866888842
scaffold,3,42,31,0.29883358844535735,1.1367623658706103
scaffold,3,42,32,0.2940495719037741,1.138615016868864
scaffold,3,42,33,0.2895392972369621,1.1404098455730678
scaffold,3,42,34,0.28528611542681603,1.1421579657749716
scaffold,3,42,35,0.28127103829456607,1.1438680922142235
scaffold,3,42,36,0.277485572375841,1.14556056166551
scaffold,3,42,37,0.2739088425925174,1.1472456720114865
scaffold,3,42,38,0.2705286988427392,1.1489383187197346
scaffold,3,7,1,21.05635162544644,20.143150375708842
scaffold,3,7,2,3.573049472128325,3.6930112571807525
scaffold,3,7,3,1.672012917594988,1.8924644524175553
scaffold,3,7,4,1.3420425816554997,1.6833526845274076
scaffold,3,7,5,1.1428513648078091,1.5533070422881727
scaffold,3,7,6,1.0061132502644594,1.4602503119715422
scaffold,3,7,7,0.9052029207867541,1.390854808287571
scaffold,3,7,8,0.8273731360616144,1.3343112003157862
scaffold,3,7,9,0.7653573174680391,1.2864936794179522
scaffold,3,7,10,0.7146292046174925,1.2451603446443618
scaffold,3,7,11,0.6722557894075675,1.209283720527551
scaffold,3,7,12,0.6362718979299536,1.1783031418017171
scaffold,3,7,13,0.6053063468079669,1.1518063033289134
scaffold,3,7,14,0.5783618241427352,1.1293894093627557
scaffold,3,7,15,0.5546874301981384,1.1106283039824398
scaffold,3,7,16,0.5337035594344014,1.0950891064459414
scaffold,3,7,17,0.5149550454754191,1.0823485704076075
scaffold,3,7,18,0.4980808306166744,1.072013417608433
scaffold,3,7,19,0.48279187546665725,1.0637267194983242
scaffold,3,7,20,0.46885530426936317,1.0571735749374536
scaffold,3,7,21,0.45608219255237425,1.0520800556897132
scaffold,3,7,22,0.444317875763139,1.0482081426749323
scaffold,3,7,23,0.4334349240502042,1.0453560430193907
scaffold,3,7,24,0.4233273500425818,1.0433497657264097
scaffold,3,7,25,0.41390625412568166,1.0420434925364461
scaffold,3,7,26,0.4050964317199413,1.041313683614168
scaffold,3,7,27,0.3968338079896153,1.0410551038960179
scaffold,3,7,28,0.3890632752947219,1.0411812726029401
scaffold,3,7,29,0.38173733629973744,1.0416195145336171
scaffold,3,7,30,0.37481516974738105,1.0423093950996194
scaffold,3,7,31,0.36825869787888027,1.0432014456584033
scaffold,3,7,32,0.3620380468487096,1.0442552500712303
scaffold,3,7,33,0.35612438130772767,1.0454366283491943
scaffold,3,7,34,0.3504927854357704,1.046719210453981
scaffold,3,7,35,0.34512102440009684,1.0480810972882217
scaffold,3,7,36,0.3399891621838698,1.0495053642673213
scaffold,3,7,37,0.33507943001198887,1.0509785342207738
scaffold,3,7,38,0.3303756281645535,1.0524877731543285
scaffold,3,7,39,0.3258632782270174,1.0540266464361874
scaffold,3,7,40,0.3215301518413886,1.055588915501665
scaffold,3,7,41,0.31736157449092534,1.057169502432992
scaffold,3,7,42,0.31334936561584664,1.0587655515240408
scaffold,3,7,43,0.30948273104974333,1.0603743477090242
scaffold,3,7,44,0.3057526102348255,1.0619951633514337
scaffold,3,7,45,0.3021506555161344,1.0636271190151456
scaffold,3,7,46,0.29866931562105026,1.065270411792807
scaffold,3,7,47,0.2953016029677909,1.066925158476308
scaffold,3,21,1,5.024232975761252,5.149053869754398
scaffold,3,21,2,1.628981839348125,1.7694412632845335
scaffold,3,21,3,1.1598567544530645,1.5246832467734253
scaffold,3,21,4,0.9465969560603553,1.3750888335844687
scaffold,3,21,5,0.8153490684160628,1.2963876160074685
scaffold,3,21,6,0.7246236831541301,1.234532977374095
scaffold,3,21,7,0.6572357158333371,1.1856528443992116
scaffold,3,21,8,0.6046666513114999,1.1468224830371194
scaffold,3,21,9,0.5623703379958527,1.1170398558136465
scaffold,3,21,10,0.5275469389707067,1.0949787548572805
scaffold,3,21,11,0.49831617765569064,1.0791732856063603
scaffold,3,21,12,0.4733629799797545,1.0682714390976769
scaffold,3,21,13,0.45174840482368367,1.0611443187833327
scaffold,3,21,14,0.4327915622173533,1.0568913958091937
scaffold,3,21,15,0.41599102114081155,1.0548088888182279
scaffold,3,21,16,0.40096766691782904,1.0543509457394007
scaffold,3,21,17,0.3874341017302925,1.0550970558406838
scaffold,3,21,18,0.3751631790553925,1.056724891644396
scaffold,3,21,19,0.3639733241115438,1.0589864669736258
scaffold,3,21,20,0.3537232106597677,1.0617108239010677
scaffold,3,21,21,0.3442870675167299,1.0647394957935556
scaffold,3,21,22,0.33556904203784577,1.0679762923459835
scaffold,3,21,23,0.3274870553350916,1.0713497801243494
scaffold,3,21,24,0.31997082229817075,1.0748048760356113
scaffold,3,21,25,0.31295480909521345,1.0782935010796522
scaffold,3,21,26,0.30639071445455013,1.0817978724920838
scaffold,3,21,27,0.3002352692931478,1.0852972862081935
scaffold,3,21,28,0.29444723522128785,1.0887827624203028
scaffold,3,21,29,0.2889895710042433,1.0922410592027552
scaffold,3,21,30,0.2838344140265819,1.095682395547316
scaffold,3,21,31,0.2789554932521431,1.0991020102081843
scaffold,3,21,32,0.2743275305625492,1.1025010997979754
scaffold,3,21,33,0.26993101205864145,1.105892213538867
scaffold,3,21,34,0.2657471314402067,1.1092693371620532
scaffold,3,21,35,0.2617614136700859,1.1126530229410676
scaffold,3,21,36,0.25795352645476766,1.116031493802986
scaffold,4,42,1,30.89910756611149,29.66188532696868
scaffold,4,42,2,14.82469289568143,14.49313979686735
scaffold,4,42,3,6.018889390325433,6.127617437499336
scaffold,4,42,4,2.7068372743282234,2.943441797325396
scaffold,4,42,5,1.8165537481589333,2.0872753188403084
scaffold,4,42,6,1.5288281394271497,1.8420042289514815
scaffold,4,42,7,1.3523909567627734,1.7189862030197318
scaffold,4,42,8,1.2168800281489096,1.6326533450131844
scaffold,4,42,9,1.1091025501033729,1.5655879788554312
scaffold,4,42,10,1.0215211407718223,1.5106218309917396
scaffold,4,42,11,0.9490660049191697,1.4646968835949528
scaffold,4,42,12,0.888200265706817,1.4251112144744715
scaffold,4,42,13,0.8363933400535595,1.3903456118579804
scaffold,4,42,14,0.7917799207682154,1.359124458514258
scaffold,4,42,15,0.7528961124083127,1.3306101360646236
scaffold,4,42,16,0.7186663944716478,1.3044608119924388
scaffold,4,42,17,0.6882119086637818,1.2802887458447036
scaffold,4,42,18,0.6608617118401212,1.258041978328914
scaffold,4,42,19,0.6361782810345534,1.2376253190636617
scaffold,4,42,20,0.6137692451207049,1.2186805751044303
scaffold,4,42,21,0.5933338280608912,1.201299203426006
scaffold,4,42,22,0.5746026179150385,1.1857175387973395
scaffold,4,42,23,0.5573385890725177,1.1716874061890368
scaffold,4,42,24,0.5414120207241436,1.159238425448882
scaffold,4,42,25,0.5266410494115538,1.1482743306365335
scaffold,4,42,26,0.5129085272140181,1.1387022510531768
scaffold,4,42,27,0.5000306722540859,1.1303071682321502
scaffold,4,42,28,0.488006643056917,1.1233399779199347
scaffold,4,42,29,0.47667954034876003,1.1171219595494577
scaffold,4,42,30,0.46597198315654553,1.1118600100197968
scaffold,4,42,31,0.4558822906832887,1.1075156877095442
scaffold,4,42,32,0.4462990476199265,1.1039576827637088
scaffold,4,42,33,0.4371763571235931,1.1009879589204776
scaffold,4,42,34,0.4284594090776278,1.0986070828285404
scaffold,4,42,35,0.42012878772803003,1.096629282736836
scaffold,4,42,36,0.4122024078245241,1.0950278234448998
scaffold,4,42,37,0.4045550136969107,1.0940036061241594
scaffold,4,42,38,0.3971445327200109,1.0935239603349476
scaffold,4,42,39,0.38996678463773227,1.0934160430631863
scaffold,4,42,40,0.3830017858138335,1.0937766706876857
scaffold,4,42,41,0.37629442965377785,1.094264020472184
scaffold,4,42,42,0.3697515110915019,1.0948650403139073
scaffold,4,42,43,0.36337842641723506,1.095444930968449
scaffold,4,42,44,0.3571686592161928,1.0975095369299919
scaffold,4,42,45,0.3511067976238871,1.0993787152233743
scaffold,4,42,46,0.3451896958229079,1.1019429063348194
scaffold,4,42,47,0.3394406840161057,1.1039509079079757
scaffold,4,42,48,0.3337746579199279,1.1056540745386503
scaffold,4,42,49,0.3282265966273066,1.1076335529791579
scaffold,4,42,50,0.322725571754119,1.110024337678456
scaffold,4,42,51,0.3173650920926969,1.1124158421933414
scaffold,4,42,52,0.31206975950198207,1.1144777451744035
scaffold,4,42,53,0.3068926274091522,1.117678661252704
scaffold,4,42,54,0.30164399454073154,1.119859090449951
scaffold,4,42,55,0.2964424072377129,1.1229645074198746
scaffold,4,42,56,0.2913064811417771,1.1253282781359455
scaffold,4,42,57,0.2863197267772128,1.1282787487518693
scaffold,4,42,58,0.281431023658448,1.1319675530342976
scaffold,4,42,59,0.2764694714231311,1.1354656840640711
scaffold,4,7,1,22.4967675366799,21.464808167985097
scaffold,4,7,2,7.918651080152849,7.733075912792209
scaffold,4,7,3,2.879560962702241,2.967067341581385
scaffold,4,7,4,1.7946975774561384,1.954780043780865
scaffold,4,7,5,1.4829608152236695,1.7074296171208065
scaffold,4,7,6,1.290265608852026,1.5790045534353887
scaffold,4,7,7,1.149702426618198,1.491641984561265
scaffold,4,7,8,1.0425093118543145,1.4269370075674472
scaffold,4,7,9,0.9578029810706719,1.3766301529319165
scaffold,4,7,10,0.8890780394427521,1.3357128733156198
scaffold,4,7,11,0.832068521002249,1.3010544889934668
scaffold,4,7,12,0.7838835684958064,1.2707061915676428
scaffold,4,7,13,0.7425350137391693,1.2433880929360779
scaffold,4,7,14,0.7065673691937165,1.2185126300092228
scaffold,4,7,15,0.6748481918520877,1.1957806043335797
scaffold,4,7,16,0.6465858792469715,1.1750845367877139
scaffold,4,7,17,0.6212093117560661,1.1562521133967707
scaffold,4,7,18,0.5982138946772978,1.1389825225344077
scaffold,4,7,19,0.5772152801149151,1.1232025775058179
scaffold,4,7,20,0.557940470041493,1.1089418781539626
scaffold,4,7,21,0.5401517085945544,1.096241551421191
scaffold,4,7,22,0.5237657968838882,1.0853442014710664
scaffold,4,7,23,0.5085358586323019,1.0760802195147878
scaffold,4,7,24,0.49438110995002765,1.06792574509913
scaffold,4,7,25,0.481097522922555,1.061533566038342
scaffold,4,7,26,0.4687494469874172,1.0559668425737527
scaffold,4,7,27,0.45707365700753033,1.0513480718469739
scaffold,4,7,28,0.4460782684476856,1.0481401871779408
scaffold,4,7,29,0.4356681440409901,1.0453655818415275
scaffold,4,7,30,0.425754285440193,1.0436304148745428
scaffold,4,7,31,0.41632110898887875,1.0421975095712812
scaffold,4,7,32,0.40725330016729194,1.0414354761508053
scaffold,4,7,33,0.39862327804461734,1.04118649739041
scaffold,4,7,34,0.39023905663111286,1.0411290556921053
scaffold,4,7,35,0.3822018769533936,1.041788136344074
scaffold,4,7,36,0.37446171017833646,1.0424199846720967
scaffold,4,7,37,0.3670109242611169,1.0438375235353188
scaffold,4,7,38,0.35968144957804865,1.0456585692296247
scaffold,4,7,39,0.3525294010650347,1.0472170780865753
scaffold,4,7,40,0.34571986444728253,1.0493598495204874
scaffold,4,7,41,0.33910493359936933,1.052160426442318
scaffold,4,7,42,0.3326626647287902,1.0540541901416254
scaffold,4,7,43,0.32628367391329577,1.0573289467013551
scaffold,4,7,44,0.320283987642111,1.060108316518468
scaffold,4,7,45,0.31432794244683077,1.0635697114466474
scaffold,4,7,46,0.30855097886420985,1.066852156569339
scaffold,4,7,47,0.30284806673614056,1.0707177251669726
scaffold,4,7,48,0.2973717995134826,1.073702657042381
scaffold,4,7,49,0.2920790186994854,1.0765352494487703
scaffold,4,7,50,0.2867388642295343,1.0813134042504273
scaffold,4,7,51,0.28160329111672855,1.085742245667918
scaffold,4,7,52,0.2765587308488959,1.0908118815781869
scaffold,4,7,53,0.2716573246438626,1.0948423995077619
scaffold,4,7,54,0.26691601068471693,1.0961604123712978
scaffold,4,21,1,25.41718080668857,24.495187225546456
scaffold,4,21,2,9.588004972842858,9.464353937265074
scaffold,4,21,3,3.4129305387005027,3.520641872636779
scaffold,4,21,4,1.9290682557423064,2.0733214784182534
scaffold,4,21,5,1.5725149832981398,1.766958467017845
scaffold,4,21,6,1.3778582262621184,1.6416357606027925
scaffold,4,21,7,1.2340738042484316,1.5610020032590233
scaffold,4,21,8,1.1224080455890277,1.501093100796436
scaffold,4,21,9,1.0327713718621074,1.4539144212542798
scaffold,4,21,10,0.9589888052099331,1.415218649360493
scaffold,4,21,11,0.8970823939172091,1.3822113459016394
scaffold,4,21,12,0.8443571889321009,1.353096327123772
scaffold,4,21,13,0.798840500113491,1.3268027458105025
scaffold,4,21,14,0.7590653879816399,1.3027054771732645
scaffold,4,21,15,0.7239581210992284,1.2804758499817674
scaffold,4,21,16,0.6926967769639519,1.2599472715696067
scaffold,4,21,17,0.6646486776145931,1.241032248448367
scaffold,4,21,18,0.6393197651739317,1.2237146755047414
scaffold,4,21,19,0.6163214501799376,1.207939594212082
scaffold,4,21,20,0.5953355292535661,1.1936448359274172
scaffold,4,21,21,0.5760981447786977,1.1808274561636198
scaffold,4,21,22,0.5583946952807738,1.1693849181879445
scaffold,4,21,23,0.5420309221245644,1.1592249023930572
scaffold,4,21,24,0.5268547539984143,1.1503027811388582
scaffold,4,21,25,0.5127357850966959,1.1424952786749538
scaffold,4,21,26,0.4995635265348435,1.1357224108749295
scaffold,4,21,27,0.48723771451077175,1.1299355310786148
scaffold,4,21,28,0.4756731081431019,1.1250506455856804
scaffold,4,21,29,0.4647899384987939,1.1209955858216125
scaffold,4,21,30,0.4545197514549404,1.117627212464007
scaffold,4,21,31,0.44479621203740555,1.1149838064242765
scaffold,4,21,32,0.43558209549699517,1.112935483051743
scaffold,4,21,33,0.42682834502028083,1.111418205576439
scaffold,4,21,34,0.418511679962663,1.1104537849390117
scaffold,4,21,35,0.4105673874341004,1.1098922920847436
scaffold,4,21,36,0.40299683983216095,1.1097835427577318
scaffold,4,21,37,0.39576096090520174,1.1099874277642034
scaffold,4,21,38,0.3888327698239728,1.1105842296850474
scaffold,4,21,39,0.3821814986011663,1.1114172277919836
scaffold,4,21,40,0.37579497086946173,1.1126005324380206
scaffold,4,21,41,0.36959699376286015,1.1139800590389046
scaffold,4,21,42,0.36364019046347335,1.1155207621002938
scaffold,4,21,43,0.3579136002692137,1.1173798363355942
scaffold,4,21,44,0.35238648074777,1.1193821971581408
scaffold,4,21,45,0.34699207587883013,1.121567246213338
scaffold,4,21,46,0.34177959492938553,1.1238165612191566
scaffold,4,21,47,0.3367336585763857,1.1260073537494095
scaffold,4,21,48,0.3318431802598492,1.1284723099503207
scaffold,4,21,49,0.32708093509643044,1.1309620357030183
scaffold,4,21,50,0.32242331352850284,1.1336503930744886
scaffold,4,21,51,0.3178127571095572,1.1363770853980502
scaffold,4,21,52,0.3133457262975915,1.1394500091302462
scaffold,4,21,53,0.30892438027006647,1.1426423494304307
scaffold,4,21,54,0.3045701247798013,1.1461454880039021
scaffold,4,21,55,0.30022430723663646,1.1487057359910056
scaffold,4,21,56,0.29600316915201796,1.1516013799694207
scaffold,5,42,1,4.088861265168024,4.202533910356664
scaffold,5,42,2,1.5311250216663417,1.779151163809971
scaffold,5,42,3,1.0975725554061841,1.57052100492735
scaffold,5,42,4,0.8948985073264445,1.4371565507709814
scaffold,5,42,5,0.7705321949386504,1.3529620076701652
scaffold,5,42,6,0.6838099831556744,1.2842055687643268
scaffold,5,42,7,0.6188201015335236,1.2283082432571282
scaffold,5,42,8,0.5680625534653284,1.1855497320047819
scaffold,5,42,9,0.5272328647614628,1.1543180736220324
scaffold,5,42,10,0.4936016529813898,1.1324486826151092
scaffold,5,42,11,0.46533139679197333,1.1178521715405438
scaffold,5,42,12,0.44114930366263067,1.1087771714830361
scaffold,5,42,13,0.420159789700891,1.103843479631627
scaffold,5,42,14,0.4017185862013321,1.1019853075503365
scaffold,5,42,15,0.3853556210192691,1.1023945300126934
scaffold,5,42,16,0.37071513753311985,1.1044602576557254
scaffold,5,42,17,0.35751392145725985,1.1077487700841329
scaffold,5,42,18,0.3455419968297995,1.1119014512674614
scaffold,5,42,19,0.3345904007403782,1.1166738546635333
scaffold,5,42,20,0.32452171109529054,1.1220105396562403
scaffold,5,42,21,0.3150778042703023,1.1274785097312205
scaffold,5,42,22,0.30620998474072464,1.1331136202878518
scaffold,5,42,23,0.2975888608857341,1.1398308799144083
scaffold,5,42,24,0.2887690158986551,1.1455353369034704
scaffold,5,42,25,0.27993575961501443,1.1495067120841724
scaffold,5,42,26,0.27148279411308346,1.1557973154014793
scaffold,5,42,27,0.2635352472659965,1.164031249917626
scaffold,5,42,28,0.2545159665167066,1.171705925896435
scaffold,5,42,29,0.2461788047305473,1.171334395636448
scaffold,5,42,30,0.23849620670815674,1.1763428221846093
scaffold,5,42,31,0.23141847490178688,1.1829366358568172
scaffold,5,42,32,0.22497835821614695,1.1887261317575284
scaffold,5,42,33,0.21853233873044503,1.1966776233030954
scaffold,5,42,34,0.21220827603518547,1.2014444287089578
scaffold,5,7,1,2.0833223036478197,2.086662261457506
scaffold,5,7,2,1.2235225137083077,1.5322699186956557
scaffold,5,7,3,0.914044828534508,1.33315125406138
scaffold,5,7,4,0.7529837890322624,1.2495879904702172
scaffold,5,7,5,0.6532269827702597,1.1774503909979266
scaffold,5,7,6,0.5829107690899266,1.1235056173651286
scaffold,5,7,7,0.5303052246814196,1.0864768966742722
scaffold,5,7,8,0.48926513357389606,1.0628559324564615
scaffold,5,7,9,0.4561163467669226,1.049218555485803
scaffold,5,7,10,0.42859052776677276,1.0427989108002782
scaffold,5,7,11,0.4052377826377378,1.0415250520929202
scaffold,5,7,12,0.3850941439110106,1.0438773788326594
scaffold,5,7,13,0.36749018577727843,1.048755175153795
scaffold,5,7,14,0.35194157487701133,1.055372949440883
scaffold,5,7,15,0.3380856151294114,1.063177028175123
scaffold,5,7,16,0.3256429463145263,1.071778617845582
scaffold,5,7,17,0.3143939321894695,1.0809050956940438
scaffold,5,7,18,0.3041629162866275,1.0903662898380562
scaffold,5,7,19,0.29480751363256613,1.1000291776398659
scaffold,5,7,20,0.28621105516647466,1.1098009578813939
scaffold,5,7,21,0.2782770272433909,1.1196187219164522
scaffold,5,7,22,0.27092487057645803,1.129440083456942
scaffold,5,7,23,0.2640869248701653,1.1392390697789734
scaffold,5,7,24,0.2577061682803587,1.1490000553056459
scaffold,5,7,25,0.25173367372330235,1.1587154782062004
scaffold,5,7,26,0.24612790216218813,1.1683887504463588
scaffold,5,7,27,0.24085318015481436,1.1780210999731295
scaffold,5,7,28,0.23587863588553262,1.1876188936394505
scaffold,5,7,29,0.23117740956686503,1.1971904283232895
scaffold,5,7,30,0.22672553839865048,1.2067437233838836
scaffold,5,7,31,0.22249768758790553,1.2162868561655198
scaffold,5,21,1,2.1399659275120944,2.1735746691306503
scaffold,5,21,2,1.300842764098983,1.6077906280534402
scaffold,5,21,3,0.9821829956828034,1.4333372757571918
scaffold,5,21,4,0.8099489617167525,1.3498691814250539
scaffold,5,21,5,0.6985813661587696,1.2735207755137938
scaffold,5,21,6,0.6200958876203236,1.2148286688532455
scaffold,5,21,7,0.5614065835544142,1.1715345268560202
scaffold,5,21,8,0.5157374866219173,1.1415078539015195
scaffold,5,21,9,0.4790428786264287,1.1218365593648398
scaffold,5,21,10,0.4487642474325164,1.1098727431634596
scaffold,5,21,11,0.423237540136611,1.1035663280313157
scaffold,5,21,12,0.40134672620531897,1.101387612930366
scaffold,5,21,13,0.38231610993296017,1.1022077417498928
scaffold,5,21,14,0.36558597638392004,1.1051980648006923
scaffold,5,21,15,0.35073874426072227,1.109748608214077
scaffold,5,21,16,0.3374544845685984,1.1154125155417576
scaffold,5,21,17,0.3254828296669092,1.121860209695704
scaffold,5,21,18,0.3146246886944063,1.1288491909433904
scaffold,5,21,19,0.3047198853181811,1.1362034158086887
scaffold,5,21,20,0.29563695484232316,1.143798726707643
scaffold,5,21,21,0.28726838767841983,1.1515406901756446
scaffold,5,21,22,0.2795247489283952,1.1593715073386655
scaffold,5,21,23,0.27233120842176406,1.1672534113138429
scaffold,5,21,24,0.2656241408321406,1.1751652251871287
scaffold,5,21,25,0.25935021597180175,1.1830926518245226
scaffold,5,21,26,0.2534638573883674,1.1910339589313306
scaffold,5,21,27,0.24792594396073886,1.1989919331045829
scaffold,5,21,28,0.2427028792002429,1.206972594165296
scaffold,5,21,29,0.2377656266210107,1.214984036627597
scaffold,5,21,30,0.2330888497858121,1.223035025376472
scaffold,5,21,31,0.22865057411974135,1.231134662744522
scaffold,5,21,32,0.2244316015337501,1.2392913619511403
scaffold,6,42,1,30.90026899468269,29.662722410596437
scaffold,6,42,2,14.827545893717701,14.496328381754083
scaffold,6,42,3,6.022760064746143,6.132157825494189
scaffold,6,42,4,2.7098390295476027,2.947233525444246
scaffold,6,42,5,1.818944551058879,2.0908973433378466
scaffold,6,42,6,1.5302945180771605,1.8449507462103447
scaffold,6,42,7,1.353628571962026,1.7216308631143156
scaffold,6,42,8,1.2182290058261132,1.6354768703376763
scaffold,6,42,9,1.110770652634307,1.568579474856692
scaffold,6,42,10,1.0235801751629,1.5138413806394653
scaffold,6,42,11,0.9515931561907496,1.468058543717473
scaffold,6,42,12,0.8912441506880266,1.428630038777946
scaffold,6,42,13,0.8399615644759837,1.3942116176870216
scaffold,6,42,14,0.7958473207911869,1.3633025153994311
scaffold,6,42,15,0.7574656818077737,1.3350687550749079
scaffold,6,42,16,0.7237221595513045,1.3090621040104649
scaffold,6,42,17,0.6937628394587185,1.2850301325714795
scaffold,6,42,18,0.6669362426641976,1.2631016584700705
scaffold,6,42,19,0.6427299313899114,1.242523325495356
scaffold,6,42,20,0.6207903253376567,1.2236119612793643
scaffold,6,42,21,0.6007902167469069,1.206241797074244
scaffold,6,42,22,0.5824792631653996,1.1903666206036805
scaffold,6,42,23,0.56564315455732,1.1762891775044253
scaffold,6,42,24,0.5501121360833122,1.1635220833290958
scaffold,6,42,25,0.5357297701849456,1.1522059992689857
scaffold,6,42,26,0.522352289474186,1.1421277796373235
scaffold,6,42,27,0.5098384295157906,1.1333324954938349
scaffold,6,42,28,0.4981451773893669,1.1258734969190145
scaffold,6,42,29,0.48713930620904083,1.1188621603775952
scaffold,6,42,30,0.4767958409193069,1.1129543718743045
scaffold,6,42,31,0.46703790601597533,1.1078163425073415
scaffold,6,42,32,0.4578294509308454,1.103447946598599
scaffold,6,42,33,0.44905116224814073,1.0994695433981818
scaffold,6,42,34,0.4407197699996726,1.0962639731343342
scaffold,6,42,35,0.4327457286544917,1.0934551837083462
scaffold,6,42,36,0.42505348292914097,1.0911269193271447
scaffold,6,42,37,0.41765705538099257,1.0888610730975656
scaffold,6,42,38,0.4105417556513346,1.0871501086708018
scaffold,6,42,39,0.40366217309993185,1.0860968662133372
scaffold,6,42,40,0.39693798982095724,1.08480116707943
scaffold,6,42,41,0.39048076420971595,1.0838485594966487
scaffold,6,42,42,0.384134820459137,1.0835120823253186
scaffold,6,42,43,0.37798089733364193,1.0833926265002747
scaffold,6,42,44,0.37194954192430973,1.0835598027172515
scaffold,6,42,45,0.36607434742410433,1.0836023298488238
scaffold,6,42,46,0.3603269266571147,1.0840970137362471
scaffold,6,42,47,0.3546085092055326,1.0851565221977137
scaffold,6,42,48,0.3491021346512971,1.0854013353161942
scaffold,6,42,49,0.3435176807648862,1.085519895140469
scaffold,6,42,50,0.33820151747253374,1.0866443894121176
scaffold,6,42,51,0.33293636161061574,1.0865697587852703
scaffold,6,42,52,0.327818687257978,1.0871130276156926
scaffold,6,42,53,0.3226976441916127,1.0889066148811175
scaffold,6,42,54,0.31754519929696073,1.0891912626792555
scaffold,6,42,55,0.312413561089447,1.0889973155939767
scaffold,6,42,56,0.3073966281187801,1.0885799788215014
scaffold,6,42,57,0.302712371780093,1.0894217166474747
scaffold,6,42,58,0.2977189589738424,1.090800888851693
scaffold,6,42,59,0.29286241650506684,1.0926230200603175
scaffold,6,42,60,0.2879784800903614,1.0928064736724705
scaffold,6,42,61,0.2832196964313588,1.0928137202956765
scaffold,6,42,62,0.27863853161911495,1.093877264104804
scaffold,6,42,63,0.2741594528514045,1.0943817553182758
scaffold,6,7,1,22.49639202093135,21.464624492959707
scaffold,6,7,2,7.918055717041063,7.73284433152363
scaffold,6,7,3,2.879756911800948,2.967630110910301
scaffold,6,7,4,1.7945866017554644,1.9550437582126203
scaffold,6,7,5,1.4826254256691014,1.707463465208944
scaffold,6,7,6,1.2900792863888786,1.5791491219317888
scaffold,6,7,7,1.149759640807874,1.491964028661363
scaffold,6,7,8,1.042825516792594,1.4274134797337557
scaffold,6,7,9,0.95840768826223,1.3772597691521802
scaffold,6,7,10,0.8899661295624178,1.336504704191456
scaffold,6,7,11,0.8332490499887152,1.3019758485824617
scaffold,6,7,12,0.7853859328436738,1.2717585205112947
scaffold,6,7,13,0.7443800656959838,1.2446170197877915
scaffold,6,7,14,0.7087482862487461,1.2198826139575254
scaffold,6,7,15,0.6773672345000479,1.1973201863058065
scaffold,6,7,16,0.6494655015510554,1.1766444899432613
scaffold,6,7,17,0.6244400816957963,1.1578701424349198
scaffold,6,7,18,0.6018208919682375,1.1408021123011134
scaffold,6,7,19,0.5812083329162845,1.125313011057257
scaffold,6,7,20,0.562360147024318,1.1110551891246683
scaffold,6,7,21,0.5449684838410305,1.0985326568152705
scaffold,6,7,22,0.5288677668434904,1.087105436588095
scaffold,6,7,23,0.5139336823482762,1.0774473130478819
scaffold,6,7,24,0.5000731160892113,1.0693142141672352
scaffold,6,7,25,0.48716609255797994,1.0624331623222916
scaffold,6,7,26,0.47507627040802786,1.0566754268371048
scaffold,6,7,27,0.46370964952736593,1.0518206557950984
scaffold,6,7,28,0.45303694174619863,1.0481186242783573
scaffold,6,7,29,0.4429691676039579,1.0448051894149
scaffold,6,7,30,0.4334175410844808,1.0425713317016951
scaffold,6,7,31,0.42437637029489156,1.0402807461315904
scaffold,6,7,32,0.4156834140861437,1.0391074144081465
scaffold,6,7,33,0.4073369247153431,1.0388384682354517
scaffold,6,7,34,0.3993507238983999,1.0380339286724507
scaffold,6,7,35,0.39175136983683345,1.037929000507014
scaffold,6,7,36,0.3843896618151737,1.0379975320589652
scaffold,6,7,37,0.3773275178878517,1.0387342068201155
scaffold,6,7,38,0.370578492004172,1.0392615235172613
scaffold,6,7,39,0.36407282936569485,1.0401696928975521
scaffold,6,7,40,0.3578352422713856,1.041210701094856
scaffold,6,7,41,0.3518002511207514,1.042619274559503
scaffold,6,7,42,0.3459708452460405,1.0448099470339303
scaffold,6,7,43,0.3403246004991211,1.0464840830551412
scaffold,6,7,44,0.33482980059975415,1.049058202489169
scaffold,6,7,45,0.3295166205850361,1.0507257709380096
scaffold,6,7,46,0.3243712394980524,1.052939535567502
scaffold,6,7,47,0.319453419167547,1.0542224128088633
scaffold,6,7,48,0.31457827159206225,1.0567434794024837
scaffold,6,7,49,0.3097872000490045,1.0593744998666912
scaffold,6,7,50,0.3051442920946899,1.0622455205090529
scaffold,6,7,51,0.30064068748795,1.0642074970807913
scaffold,6,7,52,0.2960440224437755,1.0664026996602687
scaffold,6,7,53,0.29155037039026194,1.0689974369923756
scaffold,6,7,54,0.2870658993074268,1.0713146957409458
scaffold,6,7,55,0.2826780313568032,1.0755170139084331
scaffold,6,21,1,25.41441228602325,24.492640931250804
scaffold,6,21,2,9.589869218251136,9.466213307011067
scaffold,6,21,3,3.4154447951218976,3.5232264373680904
scaffold,6,21,4,1.9300642741035618,2.074555046742116
scaffold,6,21,5,1.5726963886786676,1.7674236310287537
scaffold,6,21,6,1.37801799720335,1.6420002788101302
scaffold,6,21,7,1.2344409457322687,1.561455689308782
scaffold,6,21,8,1.123024773004601,1.5016412735310107
scaffold,6,21,9,1.0336647853928769,1.4545575339635972
scaffold,6,21,10,0.9601743852938766,1.4159492884143503
scaffold,6,21,11,0.8985784735353294,1.3830073642012743
scaffold,6,21,12,0.8461788275489122,1.353942717151895
scaffold,6,21,13,0.8009918392180034,1.3276867640747296
scaffold,6,21,14,0.761561071885458,1.303611143543433
scaffold,6,21,15,0.7267959158309744,1.2813826139894657
scaffold,6,21,16,0.6958754359262923,1.2608374250529393
scaffold,6,21,17,0.668172894185844,1.2418708479395622
scaffold,6,21,18,0.6431918311512295,1.2244685546834801
scaffold,6,21,19,0.6205427564855029,1.2085729922031898
scaffold,6,21,20,0.5999078136813298,1.194141347474151
scaffold,6,21,21,0.5810255091915646,1.1811172049720766
scaffold,6,21,22,0.5636718547403955,1.1694380695557538
scaffold,6,21,23,0.5476648241730215,1.1589929847803921
scaffold,6,21,24,0.5328516274269404,1.149741883888289
scaffold,6,21,25,0.5190913102973447,1.1415868933548114
scaffold,6,21,26,0.5062724406372213,1.1344048464298855
scaffold,6,21,27,0.49429237919458735,1.1281616937539436
scaffold,6,21,28,0.4830653821345885,1.12276816635176
scaffold,6,21,29,0.47252410621523955,1.1181147062841637
scaffold,6,21,30,0.4625998377697682,1.1141811300774196
scaffold,6,21,31,0.4532279113124253,1.1108629446051526
scaffold,6,21,32,0.444347654888773,1.1081205378716128
scaffold,6,21,33,0.4359344293709553,1.1058785008455112
scaffold,6,21,34,0.42794136819982204,1.1040728452806619
scaffold,6,21,35,0.4203455549964058,1.1026912307267924
scaffold,6,21,36,0.4131032322004615,1.1016470757929195
scaffold,6,21,37,0.40618588783636456,1.1009104216309606
scaffold,6,21,38,0.39955199355498705,1.1005542312308683
scaffold,6,21,39,0.39315416825050903,1.100397674370516
scaffold,6,21,40,0.38698170855167147,1.1004982727400838
scaffold,6,21,41,0.3810754585726541,1.1007886814017571
scaffold,6,21,42,0.37538468717534906,1.1012497443583007
scaffold,6,21,43,0.36992412530658575,1.1016886096982872
scaffold,6,21,44,0.3646659566207342,1.1022280472379555
scaffold,6,21,45,0.35958287478898376,1.102996696675537
scaffold,6,21,46,0.3546906067126326,1.1038429119407205
scaffold,6,21,47,0.34994385749206247,1.1047147947442375
scaffold,6,21,48,0.34533233542683883,1.1055971158818598
scaffold,6,21,49,0.3408920846060936,1.106872098035175
scaffold,6,21,50,0.3365784055666283,1.1079267081027662
scaffold,6,21,51,0.332411214413789,1.108896763668218
scaffold,6,21,52,0.3283847126612797,1.110277939439625
scaffold,6,21,53,0.32444048006779336,1.1116287889298977
scaffold,6,21,54,0.32059816971101696,1.1126438715949203
scaffold,6,21,55,0.31681482162887464,1.1144532793254507
scaffold,6,21,56,0.31308852726158337,1.1159044759413705
scaffold,6,21,57,0.30946141580694264,1.1170536376658984
scaffold,6,21,58,0.3059234771020011,1.118198384615461
scaffold,6,21,59,0.3024413267825059,1.1196427576438557
scaffold,7,42,1,4.092676280492877,4.20664207654724
scaffold,7,42,2,1.5295151689415538,1.778318842713042
scaffold,7,42,3,1.0982940465817217,1.5718208089315289
scaffold,7,42,4,0.8964518839267188,1.438778625643918
scaffold,7,42,5,0.7732695414801503,1.3551353862574074
scaffold,7,42,6,0.687789637657847,1.2868971136511764
scaffold,7,42,7,0.6240567568894012,1.2313566617247198
scaffold,7,42,8,0.5745458557045949,1.1886568073064911
scaffold,7,42,9,0.5349225984964897,1.1570730663626878
scaffold,7,42,10,0.5024474700339066,1.1343929141971858
scaffold,7,42,11,0.4752796153292233,1.1185121986255475
scaffold,7,42,12,0.4521477268336561,1.107691650521444
scaffold,7,42,13,0.432156267821898,1.1005727712526512
scaffold,7,42,14,0.41466703989050946,1.0961220222708405
scaffold,7,42,15,0.399209464347155,1.0935621242702227
scaffold,7,42,16,0.38543609629257297,1.0923217537053942
scaffold,7,42,17,0.3730806846571856,1.0919857791265137
scaffold,7,42,18,0.36193773672505847,1.0922621540555189
scaffold,7,42,19,0.35184398606801803,1.0929467484266593
scaffold,7,42,20,0.3426689206016074,1.0939042133287045
scaffold,7,42,21,0.3343072087986003,1.0950463897585132
scaffold,7,42,22,0.3266680047944186,1.0963201685838915
scaffold,7,42,23,0.3196742107118519,1.0976950854839906
scaffold,7,42,24,0.3132602576775528,1.0991576893951613
scaffold,7,42,25,0.3073675925525773,1.100703844012424
scaffold,7,42,26,0.30194167085769225,1.1023347756533455
scaffold,7,42,27,0.29693719551231545,1.104052956263586
scaffold,7,42,28,0.29230804113760755,1.1058622313346285
scaffold,7,42,29,0.28801769152407075,1.107771426611822
scaffold,7,42,30,0.2840288870102186,1.1097830720293844
scaffold,7,42,31,0.28031202865469995,1.1118990067266261
scaffold,7,42,32,0.27683493334577575,1.1141199922894462
scaffold,7,42,33,0.27357295582522717,1.116448879688499
scaffold,7,42,34,0.27050291203247795,1.1188862369795465
scaffold,7,42,35,0.2676029806970169,1.1214271548141856
scaffold,7,42,36,0.26485641972340374,1.124071181185034
scaffold,7,42,37,0.26224276514231915,1.1268104498933804
scaffold,7,7,1,2.0829316216869427,2.0859371025062665
scaffold,7,7,2,1.2235083227475734,1.5321861536720216
scaffold,7,7,3,0.9145877390028294,1.33349606918283
scaffold,7,7,4,0.7546044125097218,1.2505568112907892
scaffold,7,7,5,0.6558363791956757,1.1786696927445832
scaffold,7,7,6,0.5865223961136562,1.1247128689972212
scaffold,7,7,7,0.5348967748268412,1.0872885028904236
scaffold,7,7,8,0.49480596723656356,1.0628408488180017
scaffold,7,7,9,0.4625810827406594,1.0479486223642014
scaffold,7,7,10,0.43595707705069564,1.0398626998721694
scaffold,7,7,11,0.4134829394999688,1.036530940781141
scaffold,7,7,12,0.39419096926324776,1.0364571453031532
scaffold,7,7,13,0.3774077693338159,1.0385695713196317
scaffold,7,7,14,0.36264622677529407,1.0421160248125165
scaffold,7,7,15,0.3495422609731072,1.0465770673119186
scaffold,7,7,16,0.33781682559309767,1.0516003091061328
scaffold,7,7,17,0.3272514641754408,1.0569480342975666
scaffold,7,7,18,0.31767243054778954,1.0624626108961515
scaffold,7,7,19,0.30893992620408,1.0680405599821239
scaffold,7,7,20,0.30093897107920176,1.0736145293774588
scaffold,7,7,21,0.2935757026454196,1.0791505845355744
scaffold,7,7,22,0.286771776526837,1.0846220903767285
scaffold,7,7,23,0.2804616168275742,1.0900204120725299
scaffold,7,7,24,0.27458917504709546,1.0953489372797163
scaffold,7,7,25,0.269107959168503,1.1006148660711164
scaffold,7,7,26,0.26397791936613507,1.1058214751735873
scaffold,7,7,27,0.25916350742871774,1.1109778035504554
scaffold,7,7,28,0.2546355404681709,1.1160997004525977
scaffold,7,7,29,0.25036864485727545,1.1211957152737835
scaffold,7,7,30,0.246341551539346,1.1262711668443488
scaffold,7,7,31,0.2425281771692923,1.131338658296184
scaffold,7,7,32,0.23891749056468403,1.1364111367865375
scaffold,7,21,1,2.139861728042955,2.173672744782928
scaffold,7,21,2,1.300766981459514,1.6082141872992062
scaffold,7,21,3,0.9828128211746198,1.4340369697245896
scaffold,7,21,4,0.811743104950556,1.3511092150692094
scaffold,7,21,5,0.7014953835919634,1.2750743283812502
scaffold,7,21,6,0.6241840336753326,1.2165956292398268
scaffold,7,21,7,0.5666493969979897,1.1732428957749725
scaffold,7,21,8,0.5220901763989557,1.1427838889101283
scaffold,7,21,9,0.4864571592208515,1.1222636003430062
scaffold,7,21,10,0.4571945841690754,1.1090253700454857
scaffold,7,21,11,0.4326410509984492,1.1010190399100301
scaffold,7,21,12,0.4116820326634024,1.0967291064248046
scaffold,7,21,13,0.39354232532869377,1.0950548311417825
scaffold,7,21,14,0.37766272752598057,1.0952014852367649
scaffold,7,21,15,0.36362648431319594,1.0966010743256145
scaffold,7,21,16,0.35111487735297225,1.0988503129311833
scaffold,7,21,17,0.33987911053256714,1.1016630089458048
scaffold,7,21,18,0.3297218920356118,1.1048399140704313
scaffold,7,21,19,0.32048455250294794,1.1082435428789899
scaffold,7,21,20,0.31203853659747166,1.1117810649922992
scaffold,7,21,21,0.3042780944542949,1.1153929445263708
scaffold,7,21,22,0.29711576689581165,1.1190434680201196
scaffold,7,21,23,0.29047860091165734,1.12271274559764
scaffold,7,21,24,0.2843052929424779,1.1263926535580546
scaffold,7,21,25,0.2785439604367061,1.1300815122117143
scaffold,7,21,26,0.27315055985675185,1.1337833339812748
scaffold,7,21,27,0.26808739901695683,1.1375035851887618
scaffold,7,21,28,0.26332197898807336,1.141252179683008
scaffold,7,21,29,0.25882625301982504,1.1450341208371175
scaffold,7,21,30,0.25457591115311484,1.148856457081116
scaffold,7,21,31,0.2505496750200264,1.152724679970363
scaffold,7,21,32,0.24672897984490252,1.1566442218433146
scaffold,7,21,33,0.24309741265175508,1.160618888671261
scaffold,8,42,1,39.56871698163673,37.77788126571722
scaffold,8,42,2,23.87401202565709,22.986664476791848
scaffold,8,42,3,8.958099211410229,8.915897819598754
scaffold,8,42,4,2.5298500361174243,2.7467482626209585
scaffold,8,42,5,1.655255791498704,1.893256774304733
scaffold,8,42,6,1.4422078914845404,1.7494164354810398
scaffold,8,42,7,1.283476558384362,1.652606765038852
scaffold,8,42,8,1.16053733962974,1.574898185069559
scaffold,8,42,9,1.062621293275827,1.512932025528762
scaffold,8,42,10,0.9826920963269263,1.4620225426970819
scaffold,8,42,11,0.9160951043485753,1.4187009509845698
scaffold,8,42,12,0.859670012990278,1.3808019226091162
scaffold,8,42,13,0.8111611644343022,1.3469431050494716
scaffold,8,42,14,0.7689270732700488,1.3161612947066097
scaffold,8,42,15,0.7317446535845514,1.2878517055751986
scaffold,8,42,16,0.6986861154801618,1.2616378624842324
scaffold,8,42,17,0.6690718005149368,1.2374120971575946
scaffold,8,42,18,0.6423520047014288,1.2149833139705017
scaffold,8,42,19,0.6181154187927683,1.1942924057255013
scaffold,8,42,20,0.5959979561350895,1.175449721403241
scaffold,8,42,21,0.575610125812545,1.1584447426930942
scaffold,8,42,22,0.5565573779033673,1.1429982566542487
scaffold,8,42,23,0.5390197476650022,1.1304426038344537
scaffold,8,42,24,0.522472034783734,1.1214878456669353
scaffold,8,42,25,0.5048634713451018,1.116020911456972
scaffold,8,42,26,0.4861953190184298,1.090595506982266
scaffold,8,42,27,0.4713254864195249,1.0885867806680236
scaffold,8,42,28,0.45699992085401137,1.0798000603153999
scaffold,8,42,29,0.4439468681198796,1.0739241457391306
scaffold,8,42,30,0.43134361180271474,1.066838846004808
scaffold,8,42,31,0.4197015145759472,1.063594625549851
scaffold,8,42,32,0.4085660376895575,1.0598949842087222
scaffold,8,42,33,0.39788258135420096,1.056892898057007
scaffold,8,42,34,0.3878500830204344,1.0550661822033067
scaffold,8,42,35,0.3781540296927999,1.054183243327087
scaffold,8,42,36,0.3689441189398268,1.0548248295787819
scaffold,8,42,37,0.3597539594141763,1.055257722581696
scaffold,8,42,38,0.35088678855473077,1.056525816765059
scaffold,8,42,39,0.342292395393835,1.0590854070475333
scaffold,8,42,40,0.3339654076396926,1.0610526372132618
scaffold,8,42,41,0.32585315755046385,1.062202875980689
scaffold,8,42,42,0.3179669124838643,1.0647483440536314
scaffold,8,42,43,0.31034964532731973,1.068493806314938
scaffold,8,42,44,0.3029730589431281,1.071280769367001
scaffold,8,42,45,0.29573361639017937,1.0749117010764113
scaffold,8,42,46,0.2882429943334883,1.0786900737928344
scaffold,8,42,47,0.2808994266238645,1.0832327131916661
scaffold,8,42,48,0.2737463328885453,1.0869480861188587
scaffold,8,42,49,0.2666661693449322,1.0936480357844145
scaffold,8,42,50,0.25969421399326953,1.102864229382697
scaffold,8,42,51,0.25236707553119825,1.1074741761249112
scaffold,8,42,52,0.24545862411968308,1.1132457480553029
scaffold,8,42,53,0.23847830876165355,1.1190072928004746
scaffold,8,42,54,0.23166508054665208,1.1258954985104017
scaffold,8,42,55,0.2249829744123392,1.13167927421941
scaffold,8,7,1,38.744179854624484,36.65829520002765
scaffold,8,7,2,18.989956663670636,18.065389912875734
scaffold,8,7,3,6.242161921388636,6.097341911737958
scaffold,8,7,4,2.0923724931200844,2.204665800386279
scaffold,8,7,5,1.5819890999986899,1.782850026530089
scaffold,8,7,6,1.3380849345379202,1.6371588517853575
scaffold,8,7,7,1.1735374751852463,1.5378796347932566
scaffold,8,7,8,1.0519339027888135,1.463955958027208
scaffold,8,7,9,0.9572675406553773,1.4058218822821915
scaffold,8,7,10,0.8811994131460099,1.3569431943063819
scaffold,8,7,11,0.8181702658058531,1.3144075779051532
scaffold,8,7,12,0.7649051811997112,1.2767368438720434
scaffold,8,7,13,0.7192360497758301,1.2426925857013968
scaffold,8,7,14,0.6793769542561411,1.2127423483490378
scaffold,8,7,15,0.6441657468720257,1.1857628085056433
scaffold,8,7,16,0.6127572777380165,1.1620926064902726
scaffold,8,7,17,0.5843705677523114,1.1411696969479395
scaffold,8,7,18,0.558446602281006,1.1226953749674096
scaffold,8,7,19,0.5347942731836655,1.1069597418556418
scaffold,8,7,20,0.5130714962649578,1.093994280974063
scaffold,8,7,21,0.4930232922634775,1.082776163106571
scaffold,8,7,22,0.47416908562149257,1.073889686491477
scaffold,8,7,23,0.45658874436334557,1.0656991373069329
scaffold,8,7,24,0.4400397834064378,1.0603321790858626
scaffold,8,7,25,0.4243673850420613,1.0553196484696146
scaffold,8,7,26,0.40939513131629346,1.0526488361108854
scaffold,8,7,27,0.395153705129288,1.0495561427771403
scaffold,8,7,28,0.3818200752170107,1.0486172716938267
scaffold,8,7,29,0.36878055541981036,1.0484164320983649
scaffold,8,7,30,0.3565426035105252,1.0488665723203021
scaffold,8,7,31,0.34475837283767935,1.0498411945556774
scaffold,8,7,32,0.33360080786256163,1.0521474241041917
scaffold,8,7,33,0.32286176044936205,1.055695836783777
scaffold,8,7,34,0.3123065605073156,1.0575206842436113
scaffold,8,7,35,0.30229741837554125,1.0609407772951687
scaffold,8,7,36,0.29241523988766693,1.0640172276593785
scaffold,8,7,37,0.2830647629679509,1.0671901061631128
scaffold,8,7,38,0.2739582153362224,1.0711354075410229
scaffold,8,7,39,0.265249874081468,1.0751363351732255
scaffold,8,7,40,0.2568432560099737,1.0809182777739632
scaffold,8,7,41,0.24846392745143941,1.0844349419710158
scaffold,8,7,42,0.24055805904775754,1.085671780796241
scaffold,8,7,43,0.23318718979663353,1.089768785545234
scaffold,8,7,44,0.2256722184027763,1.0936222548755197
scaffold,8,7,45,0.21860825712978987,1.0989453946748222
scaffold,8,7,46,0.21168065574780356,1.1030057546033858
scaffold,8,7,47,0.20511827768303875,1.108278137002932
scaffold,8,7,48,0.19882082822717573,1.1137867105691073
scaffold,8,7,49,0.19264774053707345,1.1169720319850918
scaffold,8,21,1,40.3447801646909,38.654991934640286
scaffold,8,21,2,26.094850950508874,25.313761301632894
scaffold,8,21,3,13.06778691616157,12.954250202622026
scaffold,8,21,4,4.865429104551441,5.061114373593626
scaffold,8,21,5,2.1374617671763234,2.336243026299229
scaffold,8,21,6,1.649726651491536,1.8417208580897546
scaffold,8,21,7,1.4512575434185913,1.6946493471909099
scaffold,8,21,8,1.30080789878264,1.5986320062174963
scaffold,8,21,9,1.1811114358472885,1.5230397404881595
scaffold,8,21,10,1.0836023789934424,1.4627151436979513
scaffold,8,21,11,1.002391334050376,1.4130446907984644
scaffold,8,21,12,0.9335870020563345,1.3717115577383072
scaffold,8,21,13,0.8744466644963316,1.3358120709057935
scaffold,8,21,14,0.8229030278553029,1.3042319868564254
scaffold,8,21,15,0.7773573450987794,1.2753211156294122
scaffold,8,21,16,0.7368896473713303,1.2493006635679662
scaffold,8,21,17,0.7005687886694448,1.224614624536058
scaffold,8,21,18,0.6679246851455113,1.2024178310372577
scaffold,8,21,19,0.6382442660821976,1.181891789446365
scaffold,8,21,20,0.6113490811509543,1.1631014576051755
scaffold,8,21,21,0.5868115837804938,1.1461639299392832
scaffold,8,21,22,0.5643147658274278,1.1305594586916035
scaffold,8,21,23,0.543603381087452,1.1169097746857481
scaffold,8,21,24,0.5244523056151531,1.1047737214768043
scaffold,8,21,25,0.5066826635621611,1.0940588388937689
scaffold,8,21,26,0.4901006260184588,1.084859892719521
scaffold,8,21,27,0.4746455351577865,1.0771724335417199
scaffold,8,21,28,0.4601321373022908,1.0702121035332521
scaffold,8,21,29,0.44636739314957863,1.064136204359563
scaffold,8,21,30,0.4336007386440698,1.0606005561886946
scaffold,8,21,31,0.42139539528543885,1.0567940800293647
scaffold,8,21,32,0.40964434575753955,1.0538281402602518
scaffold,8,21,33,0.39860692931715214,1.0516498856241168
scaffold,8,21,34,0.3879665656956957,1.0498427253690596
scaffold,8,21,35,0.3778871721626562,1.048983431795719
scaffold,8,21,36,0.36819050819026633,1.0489621485057632
scaffold,8,21,37,0.3587471357813378,1.0479696905050497
scaffold,8,21,38,0.349813804312381,1.0495216555074256
scaffold,8,21,39,0.34115300021149725,1.0490605236857513
scaffold,8,21,40,0.332966014041998,1.0514122648994422
scaffold,8,21,41,0.3248346067980238,1.052345390916053
scaffold,8,21,42,0.31693137062183446,1.0535084502701297
scaffold,8,21,43,0.30936519769378595,1.0557837931769538
scaffold,8,21,44,0.3020048045922099,1.0579678162300086
scaffold,8,21,45,0.2948850668537658,1.0597574072304174
scaffold,8,21,46,0.28794872025985113,1.0625144624419227
scaffold,8,21,47,0.28111627094312713,1.0640078576145855
scaffold,8,21,48,0.27441578080219553,1.0672521478284613
scaffold,8,21,49,0.2679611371114282,1.0708456124813432
scaffold,8,21,50,0.26143267571274603,1.072477165502337
scaffold,8,21,51,0.25508536241737756,1.075574135577252
scaffold,8,21,52,0.24883020666535222,1.079140737503943
scaffold,8,21,53,0.2423069648956377,1.080721800922113
scaffold,8,21,54,0.2357113251081365,1.0827542436619166
scaffold,8,21,55,0.2282763056004464,1.0820008647543393
scaffold,8,21,56,0.22141224452446248,1.0829763630955767
scaffold,8,21,57,0.21506764762843977,1.088197391944504
scaffold,9,42,1,9.730791099397033,9.60012536397699
scaffold,9,42,2,1.5539404391241436,1.7785602774393852
scaffold,9,42,3,1.0714347773127002,1.50501517132177
scaffold,9,42,4,0.8716519095919056,1.3908922876428986
scaffold,9,42,5,0.7451580539305547,1.297420663121745
scaffold,9,42,6,0.6572853783858645,1.2234044320962558
scaffold,9,42,7,0.5915491059769087,1.1635082065516797
scaffold,9,42,8,0.5403997432742917,1.117109682347321
scaffold,9,42,9,0.4996548657465942,1.082909069573772
scaffold,9,42,10,0.46660622656868855,1.058888218547761
scaffold,9,42,11,0.4393239583562184,1.0431603793920057
scaffold,9,42,12,0.41640456195003095,1.0339943536712437
scaffold,9,42,13,0.396809820101353,1.0297771458606677
scaffold,9,42,14,0.3797232145278377,1.0293953040801693
scaffold,9,42,15,0.36461833796678,1.031711284911549
scaffold,9,42,16,0.3511515711705976,1.0359191415719045
scaffold,9,42,17,0.3390366700001946,1.0419195860256552
scaffold,9,42,18,0.3278453405975504,1.0490513469276501
scaffold,9,42,19,0.31774818360408114,1.0563607393455892
scaffold,9,42,20,0.3083748062046398,1.0641551534150955
scaffold,9,42,21,0.2994392468674986,1.0728219184655905
scaffold,9,42,22,0.2912514161862295,1.0816113000390681
scaffold,9,42,23,0.28385003053004826,1.0903721958006596
scaffold,9,42,24,0.2763729491982135,1.0988633395402556
scaffold,9,42,25,0.26947830633133946,1.108179011564694
scaffold,9,42,26,0.26289692770059736,1.1176777005358522
scaffold,9,42,27,0.2571506650507073,1.1262221136059956
scaffold,9,42,28,0.25081447252469863,1.1352771747185528
scaffold,9,42,29,0.24537296758977628,1.1458585826377004
scaffold,9,42,30,0.23980406451048314,1.1540968236383264
scaffold,9,42,31,0.23446296623792381,1.164025080006609
scaffold,9,42,32,0.22969776131396005,1.172971672890443
scaffold,9,42,33,0.22436614140420374,1.1838826655556434
scaffold,9,42,34,0.21993506716871167,1.1942052109245513
scaffold,9,7,1,5.893310892593189,5.673439458037663
scaffold,9,7,2,1.4868770666172118,1.6829006062162624
scaffold,9,7,3,0.9910818744510088,1.4055662333865868
scaffold,9,7,4,0.756656442708326,1.2606147714500031
scaffold,9,7,5,0.6183879310054654,1.1540814419437253
scaffold,9,7,6,0.5254450099803435,1.0871522904763313
scaffold,9,7,7,0.4592529566323077,1.0517876004688025
scaffold,9,7,8,0.40851007041308507,1.0383885408911062
scaffold,9,7,9,0.3678093958139747,1.0319914450604826
scaffold,9,7,10,0.33409364547171666,1.0333368284224471
scaffold,9,7,11,0.30582312488896074,1.0366929608790785
scaffold,9,7,12,0.28086957325972045,1.0376987226978003
scaffold,9,7,13,0.25915793286204697,1.045999167690271
scaffold,9,7,14,0.24061664682107228,1.0540902088107715
scaffold,9,7,15,0.22350435118273565,1.062806931223317
scaffold,9,7,16,0.2086234909726409,1.0740957247698661
scaffold,9,7,17,0.19458474478209895,1.078640616639102
scaffold,9,7,18,0.18161950296321824,1.0827121181534514
scaffold,9,7,19,0.1706057831404426,1.0910140726722377
scaffold,9,7,20,0.1598861002774205,1.0969807074421538
scaffold,9,7,21,0.14960604469227326,1.1007957710390548
scaffold,9,7,22,0.14080895594511408,1.1094508164550851
scaffold,9,7,23,0.13268946533822162,1.117299807875314
scaffold,9,7,24,0.12591974434125852,1.1305482357588352
scaffold,9,7,25,0.11968233843926843,1.1338663121417758
scaffold,9,7,26,0.11451859568192263,1.1466452123159163
scaffold,9,7,27,0.10884629857020364,1.1512663929521763
scaffold,9,7,28,0.10454866968342845,1.1588590380582333
scaffold,9,7,29,0.10153500160113145,1.1671700292715164
scaffold,9,21,1,12.92805804174732,12.805267404726413
scaffold,9,21,2,1.915171908472047,1.945468460860461
scaffold,9,21,3,1.195430085863497,1.5844155591121538
scaffold,9,21,4,0.953938188236054,1.405181146171508
scaffold,9,21,5,0.810602651529531,1.3173231098672178
scaffold,9,21,6,0.7115357389225146,1.2485509268927366
scaffold,9,21,7,0.6378495374145466,1.1915188068658904
scaffold,9,21,8,0.5803040618427266,1.1462342474239007
scaffold,9,21,9,0.5337987240661949,1.1117966971805784
scaffold,9,21,10,0.49529443017567626,1.0876683142298587
scaffold,9,21,11,0.46261702106733404,1.0705349998998126
scaffold,9,21,12,0.4336766575597294,1.0620886922173622
scaffold,9,21,13,0.40789595578949533,1.054238581912152
scaffold,9,21,14,0.3846626340937591,1.0517662253104152
scaffold,9,21,15,0.3631700236741183,1.0532605297442486
scaffold,9,21,16,0.34280142896564175,1.0552908109738524
scaffold,9,21,17,0.3233713092214089,1.0599350830166974
scaffold,9,21,18,0.30503701009239015,1.0652359713594022
scaffold,9,21,19,0.28760298715182353,1.0699115611069023
scaffold,9,21,20,0.2710166421610337,1.077814422419618
scaffold,9,21,21,0.25533095830008024,1.0811446433742988
scaffold,9,21,22,0.23978662280906318,1.0890073229380446
scaffold,9,21,23,0.22522722049842167,1.0992328392318491
scaffold,9,21,24,0.21140114467575355,1.1090600045066126
scaffold,9,21,25,0.19905047981978677,1.118629108606257
scaffold,9,21,26,0.18731410738786158,1.1261440452272753
scaffold,9,21,27,0.17609909650263347,1.1319564938171731
scaffold,9,21,28,0.16462680972952332,1.1476862904346143
scaffold,9,21,29,0.15319296255305329,1.1581397916087122
scaffold,9,21,30,0.1413597315335822,1.1660662899083132
scaffold,9,21,31,0.13040996277462608,1.1683620948460662
scaffold,9,21,32,0.12002714067693562,1.1825548121949352
scaffold,9,21,33,0.11127532349013088,1.1758588323653787
scaffold,9,21,34,0.10253481096757264,1.1887170880913367
scaffold,10,42,1,39.572939090677686,37.782699503509576
scaffold,10,42,2,23.876498401532878,22.989560744015613
scaffold,10,42,3,8.958855935701733,8.916589728384475
scaffold,10,42,4,2.532858058607695,2.750525242012268
scaffold,10,42,5,1.6555580623978055,1.8944196425876085
scaffold,10,42,6,1.442043814028762,1.7499199513864638
scaffold,10,42,7,1.2833075971645924,1.653083671270816
scaffold,10,42,8,1.1606563846385267,1.5756505619682102
scaffold,10,42,9,1.0631473926166157,1.5139787823181805
scaffold,10,42,10,0.9836836529440187,1.4633272814146372
scaffold,10,42,11,0.9175657247283355,1.4202798191347823
scaffold,10,42,12,0.8616087635396646,1.382672711802502
scaffold,10,42,13,0.8135819458870037,1.3490288482538613
scaffold,10,42,14,0.7718398504930696,1.318484792574508
scaffold,10,42,15,0.7351429013101827,1.2903355607943352
scaffold,10,42,16,0.7025692654187251,1.264318747947739
scaffold,10,42,17,0.6734303000758145,1.2401550192157693
scaffold,10,42,18,0.6471606672826953,1.2178530840066082
scaffold,10,42,19,0.6233354674287516,1.1972294332641138
scaffold,10,42,20,0.6014711788607682,1.1782571392745371
scaffold,10,42,21,0.5811796290133017,1.1617457707646741
scaffold,10,42,22,0.5598504973588624,1.156306051953971
scaffold,10,42,23,0.5380497088909275,1.1296627379608974
scaffold,10,42,24,0.521403978447955,1.120560578504094
scaffold,10,42,25,0.5051872576850889,1.1049528828736621
scaffold,10,42,26,0.48994145271803496,1.090348502024721
scaffold,10,42,27,0.47620906801449797,1.0806432519039197
scaffold,10,42,28,0.4633928326588324,1.0720256116017242
scaffold,10,42,29,0.4513254863378089,1.064979693946378
scaffold,10,42,30,0.4399206875090536,1.0587364583635976
scaffold,10,42,31,0.4292079502777993,1.0540267307139983
scaffold,10,42,32,0.4189992267414595,1.0497538206734573
scaffold,10,42,33,0.40941590243080966,1.0470113901880187
scaffold,10,42,34,0.40024572091813093,1.0444957553563599
scaffold,10,42,35,0.3915185652911652,1.042755492950461
scaffold,10,42,36,0.3830282616089034,1.0402156751754759
scaffold,10,42,37,0.37493515439111347,1.0394985613193868
scaffold,10,42,38,0.3670148199042387,1.038231297584729
scaffold,10,42,39,0.3592832582297903,1.037520995388334
scaffold,10,42,40,0.35175573926620807,1.036933830533066
scaffold,10,42,41,0.34465100231548473,1.0370470504550422
scaffold,10,42,42,0.3375408772315486,1.0360560072295626
scaffold,10,42,43,0.33073471879569916,1.0358434658980675
scaffold,10,42,44,0.32410636149101274,1.0360449379985557
scaffold,10,42,45,0.3175260954525806,1.035362654071891
scaffold,10,42,46,0.3110840548382823,1.035319018607301
scaffold,10,42,47,0.30479417138983234,1.0361757770738715
scaffold,10,42,48,0.2987454007712094,1.037116381065067
scaffold,10,42,49,0.2927091641498717,1.0387690140751356
scaffold,10,42,50,0.2865855138590783,1.039009452392284
scaffold,10,42,51,0.2804209552224672,1.0404741354730875
scaffold,10,42,52,0.27459610031607073,1.0404763409230018
scaffold,10,42,53,0.2682390104234943,1.0423899545118662
scaffold,10,42,54,0.26156620923594626,1.0435710419120778
scaffold,10,42,55,0.2549108259221289,1.043732576597453
scaffold,10,42,56,0.24812683221060278,1.044273788981926
scaffold,10,42,57,0.2410776141769433,1.0456779700124337
scaffold,10,42,58,0.23424126255802327,1.047751569638481
scaffold,10,42,59,0.22732669050838894,1.0466975605459745
scaffold,10,42,60,0.21988196474113236,1.050308608420713
scaffold,10,42,61,0.21278822481419815,1.0542196958236953
scaffold,10,42,62,0.20597152254474568,1.0533846356291028
scaffold,10,42,63,0.1993568651422321,1.0555561480295093
scaffold,10,42,64,0.19157637759729965,1.061877107833952
scaffold,10,42,65,0.18502458185819104,1.060864887146511
scaffold,10,42,66,0.17826951657769502,1.0684565903106986
scaffold,10,7,1,38.74091318327865,36.65492762531064
scaffold,10,7,2,18.98734565587823,18.06284993826137
scaffold,10,7,3,6.235777402711293,6.089714202255716
scaffold,10,7,4,2.094260412296807,2.206773626187938
scaffold,10,7,5,1.5816196946073695,1.7824660890408932
scaffold,10,7,6,1.3381930541393652,1.636774600308807
scaffold,10,7,7,1.173685156751729,1.5375608438282171
scaffold,10,7,8,1.0523601078679505,1.4638350556175024
scaffold,10,7,9,0.9581505229041094,1.405840286267736
scaffold,10,7,10,0.8825752318923193,1.3569193989499952
scaffold,10,7,11,0.8200981643243197,1.3146522349669405
scaffold,10,7,12,0.7673404236506348,1.2772328564718354
scaffold,10,7,13,0.7221955069485457,1.243715386724358
scaffold,10,7,14,0.682857373745531,1.2137923057579594
scaffold,10,7,15,0.6482796344519618,1.1868808270256452
scaffold,10,7,16,0.6175226635951689,1.1629270773727656
scaffold,10,7,17,0.5898576660904854,1.142092339258309
scaffold,10,7,18,0.5648216793310223,1.1232341013367824
scaffold,10,7,19,0.5419716951590218,1.1074893041661475
scaffold,10,7,20,0.5209728907147667,1.0937372597479795
scaffold,10,7,21,0.5015599587121042,1.0811406240304051
scaffold,10,7,22,0.48330869818862787,1.0694903533310087
scaffold,10,7,23,0.4664076414985742,1.0609823319024128
scaffold,10,7,24,0.44999181350529993,1.0532886948266285
scaffold,10,7,25,0.43455802256716725,1.0450609009826477
scaffold,10,7,26,0.4198728310751011,1.0404121607616494
scaffold,10,7,27,0.4059709369570428,1.0353914325975344
scaffold,10,7,28,0.39263163788016486,1.0339565209736563
scaffold,10,7,29,0.3798368218964478,1.0316997504270424
scaffold,10,7,30,0.36754240279627476,1.0309435820982635
scaffold,10,7,31,0.35572227022921904,1.030729949906405
scaffold,10,7,32,0.3444733598398491,1.031622222251204
scaffold,10,7,33,0.333177077365276,1.0312911779544187
scaffold,10,7,34,0.32240281981833513,1.031396539917871
scaffold,10,7,35,0.3120110002988714,1.033060161057695
scaffold,10,7,36,0.30212781223840834,1.0346997670755238
scaffold,10,7,37,0.29266730730574486,1.0372805386391186
scaffold,10,7,38,0.28311654654933166,1.0382115049363545
scaffold,10,7,39,0.27400047169785957,1.0395053223085478
scaffold,10,7,40,0.265112241550851,1.0424127786880748
scaffold,10,7,41,0.25640410027748134,1.0425506188192375
scaffold,10,7,42,0.24802132805888918,1.0449031524892811
scaffold,10,7,43,0.24007598476620823,1.0452044124188515
scaffold,10,7,44,0.23253449148692099,1.0484388270694318
scaffold,10,7,45,0.2242267601429326,1.0514741927319649
scaffold,10,7,46,0.21701005632920592,1.0515019820266853
scaffold,10,7,47,0.2096351813299514,1.0533383007953192
scaffold,10,7,48,0.20283208093651933,1.0535909182405145
scaffold,10,7,49,0.1967267468466807,1.057088597568249
scaffold,10,7,50,0.18984754122903114,1.0597283053052338
scaffold,10,7,51,0.1833509819829103,1.0607554016851768
scaffold,10,21,1,40.32831037860986,38.64053438809422
scaffold,10,21,2,26.084038377969282,25.304137397813847
scaffold,10,21,3,13.068005882113436,12.955892602329437
scaffold,10,21,4,4.86955928236966,5.066858404295738
scaffold,10,21,5,2.139497319857251,2.340077988760049
scaffold,10,21,6,1.6500449350623976,1.8436688683834728
scaffold,10,21,7,1.4514451360564116,1.6965456670518289
scaffold,10,21,8,1.3011401590521292,1.600495300712687
scaffold,10,21,9,1.18176482803168,1.5253189080966387
scaffold,10,21,10,1.0845609782595307,1.464928152546596
scaffold,10,21,11,1.0037563652661041,1.4157904875767897
scaffold,10,21,12,0.935440032555301,1.374662924656029
scaffold,10,21,13,0.8767174218229139,1.3391426400770874
scaffold,10,21,14,0.825626227355081,1.307761988034884
scaffold,10,21,15,0.7806105647933728,1.2791817518873616
scaffold,10,21,16,0.7406926649515361,1.2533548338477547
scaffold,10,21,17,0.7048889511611885,1.2288936163232824
scaffold,10,21,18,0.6727803082716247,1.2070868769906595
scaffold,10,21,19,0.6437377862012043,1.1865789974798884
scaffold,10,21,20,0.6173780279541301,1.1678099888596443
scaffold,10,21,21,0.5933943693349856,1.1507743024040307
scaffold,10,21,22,0.571424291324068,1.1350014665074908
scaffold,10,21,23,0.5513516679262811,1.1220609092935856
scaffold,10,21,24,0.5327750215752206,1.1094955350839262
scaffold,10,21,25,0.5155891539637858,1.0980230730140232
scaffold,10,21,26,0.4997259638186963,1.0889948554430362
scaffold,10,21,27,0.4848699160928306,1.0802540819369517
scaffold,10,21,28,0.47105445331574897,1.072999921597364
scaffold,10,21,29,0.457928525140343,1.0666677735844217
scaffold,10,21,30,0.44556915703611094,1.0615106181596758
scaffold,10,21,31,0.4339947426832927,1.0568065822748707
scaffold,10,21,32,0.42307093612338414,1.053860261074346
scaffold,10,21,33,0.4124880170629981,1.050601467419568
scaffold,10,21,34,0.40235699519467405,1.047402434564649
scaffold,10,21,35,0.392799142585127,1.0457059276250762
scaffold,10,21,36,0.38370809772930115,1.0444959159172638
scaffold,10,21,37,0.3749492149005291,1.0435572074920516
scaffold,10,21,38,0.36648351320733336,1.0425499130232956
scaffold,10,21,39,0.3583195851848679,1.0430794983199205
scaffold,10,21,40,0.3505057707378162,1.0427169610169207
scaffold,10,21,41,0.34280237138591996,1.0416190326372805
scaffold,10,21,42,0.33528824269939933,1.0412932423733792
scaffold,10,21,43,0.3282107178894791,1.0419736541749933
scaffold,10,21,44,0.3211794869815106,1.042509103901524
scaffold,10,21,45,0.3143544304902867,1.0429527320398913
scaffold,10,21,46,0.3076317977006347,1.0442475763315837
scaffold,10,21,47,0.3010315325598406,1.046371630617347
scaffold,10,21,48,0.2943807982788952,1.0462345435673064
scaffold,10,21,49,0.28791701386602914,1.0481767931791257
scaffold,10,21,50,0.281467641176325,1.0473820800501918
scaffold,10,21,51,0.2750909466440498,1.0497371337341037
scaffold,10,21,52,0.2685488309352819,1.0516449247455435
scaffold,10,21,53,0.26215279235909195,1.0551232446220147
scaffold,10,21,54,0.2556743993872937,1.0546200500208824
scaffold,10,21,55,0.24903434320536844,1.057768998304064
scaffold,10,21,56,0.24236842945984075,1.0611929739445511
scaffold,10,21,57,0.2356157205758142,1.060369408632926
scaffold,10,21,58,0.2289267964899032,1.0620345313217339
scaffold,10,21,59,0.22237456050392246,1.0647767544033064
scaffold,10,21,60,0.21584846431211546,1.0639621654941622
scaffold,10,21,61,0.20969521835768556,1.064711585944637
scaffold,10,21,62,0.2029102760137297,1.067752410764536
scaffold,11,42,1,9.73680548571541,9.609979549708815
scaffold,11,42,2,1.5526796120806903,1.7771618408529277
scaffold,11,42,3,1.07190061603372,1.5055953649507456
scaffold,11,42,4,0.8734051077363452,1.3924186315647893
scaffold,11,42,5,0.7482010592022633,1.2995425815746937
scaffold,11,42,6,0.6617074676968886,1.2259476624632146
scaffold,11,42,7,0.5973705012494716,1.1660996801033952
scaffold,11,42,8,0.5475688610546857,1.1193217247627554
scaffold,11,42,9,0.5080822515193457,1.084193136127371
scaffold,11,42,10,0.4759076242492367,1.0573064733448814
scaffold,11,42,11,0.4501269160385577,1.0378510091126611
scaffold,11,42,12,0.42870783882539615,1.024422187563467
scaffold,11,42,13,0.4107004602607311,1.0162700185722153
scaffold,11,42,14,0.396088280474196,1.0108711324326516
scaffold,11,42,15,0.38348013765793093,1.0104839968324668
scaffold,11,42,16,0.36918736385477297,1.0153597298894572
scaffold,11,42,17,0.3515305556439711,1.0146798428710613
scaffold,11,42,18,0.3461833550571439,1.015378263735954
scaffold,11,42,19,0.3392407579739565,1.0172793138134202
scaffold,11,42,20,0.33173854623792154,1.0204114358376204
scaffold,11,42,21,0.3244182701155022,1.0255243838155208
scaffold,11,42,22,0.31845240133855496,1.0273109109888827
scaffold,11,42,23,0.31155660050783884,1.0299427531175624
scaffold,11,42,24,0.3025853597981854,1.0358916564091394
scaffold,11,42,25,0.2937234973476375,1.0380445824131035
scaffold,11,42,26,0.2810820823158297,1.0419560992940238
scaffold,11,42,27,0.26972313995820385,1.0434357398355438
scaffold,11,42,28,0.2550018892018225,1.0408378513105492
scaffold,11,42,29,0.2406797281250348,1.0433439602504517
scaffold,11,42,30,0.22891208462491539,1.0510448674399415
scaffold,11,42,31,0.21557851713314166,1.0512693729105365
scaffold,11,42,32,0.21006162401665182,1.0557386974584133
scaffold,11,42,33,0.1999758440360797,1.0608110519112175
scaffold,11,42,34,0.19302835575742996,1.06671037590007
scaffold,11,42,35,0.18838523279742297,1.0707342462525715
scaffold,11,7,1,5.8996001012412425,5.680874664550897
scaffold,11,7,2,1.486613443948673,1.6829419144292919
scaffold,11,7,3,0.9972131180932294,1.4072238752587691
scaffold,11,7,4,0.7614619379416261,1.2642877916726414
scaffold,11,7,5,0.623128393067899,1.163591098036986
scaffold,11,7,6,0.5317325585955175,1.0952134304920487
scaffold,11,7,7,0.46681556283532183,1.0566294857821892
scaffold,11,7,8,0.4168406278591688,1.0384604123070404
scaffold,11,7,9,0.3780677060416283,1.0331583483326225
scaffold,11,7,10,0.34578922630773734,1.026969432266055
scaffold,11,7,11,0.31796090347365746,1.0305174007310864
scaffold,11,7,12,0.29308566997589663,1.0315691264295068
scaffold,11,7,13,0.2725401201850035,1.0348504167428523
scaffold,11,7,14,0.2541391656695185,1.041321757122216
scaffold,11,7,15,0.23684407540598162,1.047567340368022
scaffold,11,7,16,0.22045222825104943,1.0484116719327914
scaffold,11,7,17,0.20735524492032287,1.0532779925931488
scaffold,11,7,18,0.19505282406020796,1.0576244095490328
scaffold,11,7,19,0.18165445754905984,1.0616447058207332
scaffold,11,7,20,0.17117563084352172,1.0769550686814429
scaffold,11,7,21,0.1614739876535582,1.0845471003733373
scaffold,11,7,22,0.15326709550558526,1.0899077104882353
scaffold,11,7,23,0.14477633411378504,1.09657495788493
scaffold,11,7,24,0.13785011070273917,1.1043761991809633
scaffold,11,7,25,0.1311336394678706,1.1142601491860222
scaffold,11,7,26,0.12545285724799696,1.1205794079291482
scaffold,11,7,27,0.12166131246151217,1.1293667513326995
scaffold,11,7,28,0.11599162276706808,1.1411208701165838
scaffold,11,7,29,0.11007105946314097,1.1440739934909578
scaffold,11,7,30,0.105056431095358,1.1539155293645111
scaffold,11,21,1,12.939428559569755,12.820291562118792
scaffold,11,21,2,1.912361420707438,1.9427303618661353
scaffold,11,21,3,1.1962283631890511,1.5861477087905114
scaffold,11,21,4,0.9553239691518594,1.4073036566069599
scaffold,11,21,5,0.8132599152824384,1.3199717564593094
scaffold,11,21,6,0.7156618894690231,1.2518343908370873
scaffold,11,21,7,0.6434352393684131,1.1951040013639167
scaffold,11,21,8,0.5875509171204887,1.149930561517971
scaffold,11,21,9,0.5428531992108508,1.1152971835139682
scaffold,11,21,10,0.5063701654272085,1.0915450010982433
scaffold,11,21,11,0.47556139328698693,1.0728044002535388
scaffold,11,21,12,0.44891878468609125,1.0610731383712289
scaffold,11,21,13,0.4255485203438049,1.052772653529461
scaffold,11,21,14,0.4047084082327977,1.0469326696260783
scaffold,11,21,15,0.3858616489255976,1.0442861931828498
scaffold,11,21,16,0.3688202624521777,1.0421483906768987
scaffold,11,21,17,0.3533035465871353,1.0447253747016816
scaffold,11,21,18,0.33847901357503096,1.0469761448187243
scaffold,11,21,19,0.3252144464267715,1.047204805320188
scaffold,11,21,20,0.3123767320453712,1.0555822225659104
scaffold,11,21,21,0.300121260290218,1.0533403577182618
scaffold,11,21,22,0.2888055816443592,1.0591195298394571
scaffold,11,21,23,0.27815479442919944,1.0652129234521104
scaffold,11,21,24,0.26821872552698534,1.0645267114814454
scaffold,11,21,25,0.25822119638554514,1.076476755334238
scaffold,11,21,26,0.24845458988326816,1.077315761904419
scaffold,11,21,27,0.2384343683943214,1.0806337394682146
scaffold,11,21,28,0.22759794621303225,1.0954828566813455
scaffold,11,21,29,0.21768745988214458,1.0996056199076536
scaffold,11,21,30,0.20755622280851196,1.1066301667217506
scaffold,11,21,31,0.1967588904573651,1.0995138749973181
scaffold,11,21,32,0.1877428381117102,1.1158645544117303
scaffold,11,21,33,0.1773367635347125,1.125071581718242
scaffold,11,21,34,0.16807113389066491,1.1291654677607443
scaffold,11,21,35,0.15902986275839048,1.1371746967961531
scaffold,11,21,36,0.15151916932585024,1.1429162772326804
