rdkit_smiles,n_measurements,n_assays,n_documents,n_molecule_ids,pki_min,pki_max,pki_range,pki_overall_median,max_within_assay_pki_range,assay_median_pki_range,pki_target_candidate,target_minus_overall_median,measurement_conflict
Brc1ccc2c(c1)c(OCc1ccc3ccccc3c1)nn2CCN1CCCCC1,1,1,1,1,5.7447274948966935,5.7447274948966935,0.0,5.7447274948966935,0.0,0.0,5.7447274948966935,0.0,False
C#CCCC1(CCNC(=O)c2nonc2Cn2nc3nc(C(C)(C)C)nc(N4CCC(F)(F)C4)c3n2)N=N1,1,1,1,1,6.030584087646019,6.030584087646019,0.0,6.030584087646019,0.0,0.0,6.030584087646019,0.0,False
C#CCCC1(CCNC(=O)c2nonc2Cn2nc3nc(C(C)(C)C)nc(N4CC[C@H](O)C4)c3n2)N=N1,1,1,1,1,5.543482142194737,5.543482142194737,0.0,5.543482142194737,0.0,0.0,5.543482142194737,0.0,False
C#CCCC1(CCNC(=O)c2nonc2Cn2nnc3c(N4CCC(F)(F)C4)nc(C(C)(C)C)nc32)N=N1,1,1,1,1,5.935167780261426,5.935167780261426,0.0,5.935167780261426,0.0,0.0,5.935167780261426,0.0,False
C#CCCC1(CCNC(=O)c2nonc2Cn2nnc3c(N4CC[C@H](O)C4)nc(C(C)(C)C)nc32)N=N1,1,1,1,1,6.698970004336019,6.698970004336019,0.0,6.698970004336019,0.0,0.0,6.698970004336019,0.0,False
C#CCCCC(=O)OCC(CO)OCCCC/C=C\C/C=C\C/C=C\C/C=C\CCCCC,1,1,1,1,7.071092309756047,7.071092309756047,0.0,7.071092309756047,0.0,0.0,7.071092309756047,0.0,False
C#CCCCn1c(C)c(C(=O)c2ccc3c(c2)CC(C)(C)C3)c2ccccc21,1,1,1,1,7.204119982655925,7.204119982655925,0.0,7.204119982655925,0.0,0.0,7.204119982655925,0.0,False
C#CCCCn1cc(C(=O)c2ccc3c(c2)CC(C)(C)C3)c2ccccc21,1,1,1,1,7.619788758288394,7.619788758288394,0.0,7.619788758288394,0.0,0.0,7.619788758288394,0.0,False
C#CCCn1cc(C(C)(C)C)s/c1=N\C(=O)c1cc(C(F)(F)F)ccc1ONC(C)(C)C,1,1,1,1,7.823908740944319,7.823908740944319,0.0,7.823908740944319,0.0,0.0,7.823908740944319,0.0,False
C#CCNC(=O)CCC/C=C\C/C=C\C/C=C\[C@@H](C)/C=C\CCCCC,1,1,1,1,7.950781977329818,7.950781977329818,0.0,7.950781977329818,0.0,0.0,7.950781977329818,0.0,False
C#CCn1cc(C(=O)NC23CC4CC(CC(C4)C2)C3)c(=O)c2cc(Br)ccc21,1,1,1,1,7.302770657240282,7.302770657240282,0.0,7.302770657240282,0.0,0.0,7.302770657240282,0.0,False
C#Cc1ccc2c(c1)c(=O)c(C(=O)NC13CC4CC(CC(C4)C1)C3)cn2CCCCC,1,1,1,1,8.05551732784983,8.05551732784983,0.0,8.05551732784983,0.0,0.0,8.05551732784983,0.0,False
C#Cc1cccc(C2(C(F)(F)F)N=N2)c1Cn1nc2nc(C(C)(C)C)nc(N3CCC(F)(F)C3)c2n1,1,1,1,1,7.089375595110798,7.089375595110798,0.0,7.089375595110798,0.0,0.0,7.089375595110798,0.0,False
C#Cc1cccc(C2(C(F)(F)F)N=N2)c1Cn1nc2nc(C(C)(C)C)nc(N3CC[C@H](O)C3)c2n1,1,1,1,1,7.0034883278458215,7.0034883278458215,0.0,7.0034883278458215,0.0,0.0,7.0034883278458215,0.0,False
C#Cc1cccc(C2(C(F)(F)F)N=N2)c1Cn1nc2nc(C(F)(F)c3ccccc3)nc(N3CCC(F)(F)C3)c2n1,1,1,1,1,5.968995718636464,5.968995718636464,0.0,5.968995718636464,0.0,0.0,5.968995718636464,0.0,False
C#Cc1cccc(C2(C(F)(F)F)N=N2)c1Cn1nc2nc(C(F)(F)c3ccccc3)nc(N3CC[C@H](O)C3)c2n1,1,1,1,1,6.446116973356125,6.446116973356125,0.0,6.446116973356125,0.0,0.0,6.446116973356125,0.0,False
C#Cc1cccc(C2(C(F)(F)F)N=N2)c1Cn1nnc2c(N3CCC(F)(F)C3)nc(C(C)(C)C)nc21,1,1,1,1,8.045757490560675,8.045757490560675,0.0,8.045757490560675,0.0,0.0,8.045757490560675,0.0,False
C#Cc1cccc(C2(C(F)(F)F)N=N2)c1Cn1nnc2c(N3CCC(F)(F)C3)nc(C(F)(F)c3ccccc3)nc21,1,1,1,1,7.508638306165727,7.508638306165727,0.0,7.508638306165727,0.0,0.0,7.508638306165727,0.0,False
C#Cc1cccc(C2(C(F)(F)F)N=N2)c1Cn1nnc2c(N3CC[C@H](O)C3)nc(C(C)(C)C)nc21,1,1,1,1,7.920818753952375,7.920818753952375,0.0,7.920818753952375,0.0,0.0,7.920818753952375,0.0,False
C#Cc1cccc(C2(C(F)(F)F)N=N2)c1Cn1nnc2c(N3CC[C@H](O)C3)nc(C(F)(F)c3ccccc3)nc21,1,1,1,1,7.236572006437063,7.236572006437063,0.0,7.236572006437063,0.0,0.0,7.236572006437063,0.0,False
C#Cc1cccc(S(=O)(=O)F)c1Cn1nc2nc(C(C)(C)C)nc(N3CCC(F)(F)C3)c2n1,1,1,1,1,6.375717904164332,6.375717904164332,0.0,6.375717904164332,0.0,0.0,6.375717904164332,0.0,False
C#Cc1cccc(S(=O)(=O)F)c1Cn1nnc2c(N3CCC(F)(F)C3)nc(C(C)(C)C)nc21,1,1,1,1,9.0,9.0,0.0,9.0,0.0,0.0,9.0,0.0,False
C#Cc1ccccc1Cn1nnc2c(N3CCC4(C3)N=N4)nc(C(C)(C)C)nc21,1,1,1,1,8.2518119729938,8.2518119729938,0.0,8.2518119729938,0.0,0.0,8.2518119729938,0.0,False
C#Cc1ccccc1Cn1nnc2c(N3CCC4(C3)N=N4)nc(C(F)(F)c3ccccc3)nc21,1,1,1,1,7.721246399047171,7.721246399047171,0.0,7.721246399047171,0.0,0.0,7.721246399047171,0.0,False
C/C(=C/CC[C@]1(C)[C@H]2CC3[C@H](C2)[C@]31C)CO,1,1,1,1,4.979224511806442,4.979224511806442,0.0,4.979224511806442,0.0,0.0,4.979224511806442,0.0,False
C/C(=C/CC[C@]1(C)[C@H]2C[C@@H]3[C@@H](C2)[C@]31C)CN1CCN(C)CC1,1,1,1,1,6.00436480540245,6.00436480540245,0.0,6.00436480540245,0.0,0.0,6.00436480540245,0.0,False
C/C(=N\Oc1ccc(C(F)(F)F)cc1C(=O)/N=c1\sc(C(C)(C)C)cn1C[C@H]1CCCO1)C(F)(F)F,1,1,1,1,8.356547323513812,8.356547323513812,0.0,8.356547323513812,0.0,0.0,8.356547323513812,0.0,False
C/C(CN1CCC[C@H]1COc1ccc(C(F)(F)F)cc1C(=O)/N=c1\sc(C(C)(C)C)cn1C[C@H]1CCCO1)=N\O,1,1,1,1,7.070581074285707,7.070581074285707,0.0,7.070581074285707,0.0,0.0,7.070581074285707,0.0,False
C/C(COc1ccc(C(F)(F)F)cc1C(=O)/N=c1\sc(C(C)(C)C)cn1C[C@H]1CCCO1)=N\O,1,1,1,1,8.744727494896694,8.744727494896694,0.0,8.744727494896694,0.0,0.0,8.744727494896694,0.0,False
C/C(N)=N\C(=N\S(=O)(=O)N1CCCCC1)N1C[C@H](c2ccccc2)C(c2ccc(Cl)cc2)=N1,1,1,1,1,7.366531544420413,7.366531544420413,0.0,7.366531544420413,0.0,0.0,7.366531544420413,0.0,False
C/C=C/C=C\CC/C=C/C=C/C(=O)NCC(C)C,1,1,1,1,5.043639446326678,5.043639446326678,0.0,5.043639446326678,0.0,0.0,5.043639446326678,0.0,False
C/C=C/c1ccc(O)c(-c2cc(/C=C/C)ccc2O)c1,1,1,1,1,5.503070351926786,5.503070351926786,0.0,5.503070351926786,0.0,0.0,5.503070351926786,0.0,False
C/C=C\C=C/CC/C=C/C=C/C(=O)NCC(C)C,1,1,1,1,7.2441251443275085,7.2441251443275085,0.0,7.2441251443275085,0.0,0.0,7.2441251443275085,0.0,False
C/C=C\C=C\CC/C=C/C=C/C(=O)NCC(C)C,1,1,1,1,5.343422708603886,5.343422708603886,0.0,5.343422708603886,0.0,0.0,5.343422708603886,0.0,False
C/N=C(\NS(=O)(=O)N(C)C(C)C)N1CC(c2ccccc2)C(c2ccc(Cl)cc2)=N1,1,1,1,1,5.9484616094846725,5.9484616094846725,0.0,5.9484616094846725,0.0,0.0,5.9484616094846725,0.0,False
C/N=C(\NS(=O)(=O)N(C)C)N1CC(c2ccccc2)C(c2ccc(Cl)cc2)=N1,1,1,1,1,5.4162346317150005,5.4162346317150005,0.0,5.4162346317150005,0.0,0.0,5.4162346317150005,0.0,False
C/N=C(\NS(=O)(=O)N1CCCC1)N1CC(c2ccccc2)C(c2ccc(Cl)cc2)=N1,1,1,1,1,5.7956086680807,5.7956086680807,0.0,5.7956086680807,0.0,0.0,5.7956086680807,0.0,False
C/N=C(\NS(=O)(=O)N1CCCCCC1)N1CC(c2ccccc2)C(c2ccc(Cl)cc2)=N1,1,1,1,1,5.986320302708807,5.986320302708807,0.0,5.986320302708807,0.0,0.0,5.986320302708807,0.0,False
C/N=C(\NS(=O)(=O)N1CCCCCCC1)N1CC(c2ccccc2)C(c2ccc(Cl)cc2)=N1,1,1,1,1,5.587707490676953,5.587707490676953,0.0,5.587707490676953,0.0,0.0,5.587707490676953,0.0,False
C/N=C(\NS(=O)(=O)N1CCOCC1)N1CC(c2ccccc2)C(c2ccc(Cl)cc2)=N1,1,1,1,1,5.2698639960033224,5.2698639960033224,0.0,5.2698639960033224,0.0,0.0,5.2698639960033224,0.0,False
C/N=C(\NS(=O)(=O)N1CCSCC1)N1CC(c2ccccc2)C(c2ccc(Cl)cc2)=N1,1,1,1,1,5.452717692036696,5.452717692036696,0.0,5.452717692036696,0.0,0.0,5.452717692036696,0.0,False
C1=C(CCN2CCOCC2)c2ccccc2/C1=C/c1ccc2c3c(cccc13)CC2,1,1,1,1,8.374687549038326,8.374687549038326,0.0,8.374687549038326,0.0,0.0,8.374687549038326,0.0,False
C1=C(CCN2CCOCC2)c2ccccc2/C1=C/c1cccc2ccccc12,1,1,1,1,8.250263684430939,8.250263684430939,0.0,8.250263684430939,0.0,0.0,8.250263684430939,0.0,False
C=C(C)C1CCC(C)=CC1O,1,1,1,1,6.426548177964515,6.426548177964515,0.0,6.426548177964515,0.0,0.0,6.426548177964515,0.0,False
C=C(C)[C@@H]1CCC(C)=C[C@H]1c1c(O)cc(C(C)(C)CCCCCC)cc1O,1,1,1,1,5.7447274948966935,5.7447274948966935,0.0,5.7447274948966935,0.0,0.0,5.7447274948966935,0.0,False
C=C(C)[C@@H]1CCC(C)=C[C@H]1c1c(O)cc(CCC)cc1O,1,1,1,1,6.241088107602026,6.241088107602026,0.0,6.241088107602026,0.0,0.0,6.241088107602026,0.0,False
C=C(C)[C@@H]1CCC(C)=C[C@H]1c1c(O)cc(CCCCC)c(C(=O)OC)c1O,1,1,1,1,9.096910013008056,9.096910013008056,0.0,9.096910013008056,0.0,0.0,9.096910013008056,0.0,False
C=C(C)[C@@H]1CCC(C)=C[C@H]1c1c(O)cc(CCCCC)c(C(=O)OCC(O)CCC)c1O,1,1,1,1,7.175874166083451,7.175874166083451,0.0,7.175874166083451,0.0,0.0,7.175874166083451,0.0,False
C=C(C)[C@@H]1CCC(C)=C[C@H]1c1c(O)cc(CCCCC)cc1O,4,4,4,1,5.0,6.429457060118103,1.4294570601181027,5.441289441008789,0.0,1.4294570601181027,5.441289441008789,0.0,True
C=C(C)[C@@H]1CCC(C)=C[C@H]1c1c(O)cc([Si](C)(C)CCCC)cc1O,1,1,1,1,8.139661993429007,8.139661993429007,0.0,8.139661993429007,0.0,0.0,8.139661993429007,0.0,False
C=C(C)[C@@H]1CCC(C)=C[C@H]1c1c(O)cc([Si](C)(C)CCCCCC)cc1O,1,1,1,1,8.33161408331,8.33161408331,0.0,8.33161408331,0.0,0.0,8.33161408331,0.0,False
C=C(C)[C@@H]1CCC(CO)=C[C@H]1c1c(O)cc(C(C)(C)CCCCCC)cc1O,1,1,1,1,6.1732774798310075,6.1732774798310075,0.0,6.1732774798310075,0.0,0.0,6.1732774798310075,0.0,False
C=C(C)[C@H]1CCC(C(=O)O)=C[C@@H]1c1c(O)cc(C(C)(C)CCCCCC)cc1O,1,1,1,1,6.808269606637143,6.808269606637143,0.0,6.808269606637143,0.0,0.0,6.808269606637143,0.0,False
C=C(C)[C@H]1CCC(C(=O)O)=C[C@@H]1c1c(O)cc(CCCCC)cc1O,1,1,1,1,6.504733255612189,6.504733255612189,0.0,6.504733255612189,0.0,0.0,6.504733255612189,0.0,False
C=C(C)[C@H]1CCC(C)=CC1c1c(O)cc(CCC)cc1O,1,1,1,1,7.480172006224281,7.480172006224281,0.0,7.480172006224281,0.0,0.0,7.480172006224281,0.0,False
C=C(C)[C@H]1CCC(C)=CC1c1c(O)cc(CCCCC)c(C(=O)OC)c1O,1,1,1,1,7.392544976785332,7.392544976785332,0.0,7.392544976785332,0.0,0.0,7.392544976785332,0.0,False
C=C(C)[C@H]1CCC(C)=CC1c1c(O)cc(CCCCC)c(C(=O)OCC(O)CCC)c1O,1,1,1,1,9.096910013008056,9.096910013008056,0.0,9.096910013008056,0.0,0.0,9.096910013008056,0.0,False
C=C(C)[C@H]1CCC(C)=CC1c1c(O)cc(CCCCC)c(C(=O)OCCO)c1O,1,1,1,1,7.889410289700751,7.889410289700751,0.0,7.889410289700751,0.0,0.0,7.889410289700751,0.0,False
C=C(C)[C@H]1CCC(C)=CC1c1c(O)cc(CCCCC)cc1O,1,1,1,1,7.552841968657781,7.552841968657781,0.0,7.552841968657781,0.0,0.0,7.552841968657781,0.0,False
C=C(C)[C@H]1CCC(C)=C[C@@H]1c1c(O)cc(C(C)(C)CCCCCC)cc1O,1,1,1,1,6.675717544702307,6.675717544702307,0.0,6.675717544702307,0.0,0.0,6.675717544702307,0.0,False
C=C(C)[C@H]1CCC(C)=C[C@@H]1c1c(O)cc(CCC)c(C(=O)OC)c1O,1,1,1,1,7.552841968657781,7.552841968657781,0.0,7.552841968657781,0.0,0.0,7.552841968657781,0.0,False
C=C(C)[C@H]1CCC(C)=C[C@@H]1c1c(O)cc(CCC)cc1O,1,1,1,1,7.480172006224281,7.480172006224281,0.0,7.480172006224281,0.0,0.0,7.480172006224281,0.0,False
C=C(C)[C@H]1CCC(C)=C[C@@H]1c1c(O)cc(CCCCC)c(C(=O)OCC(O)CCC)c1O,1,1,1,1,9.096910013008056,9.096910013008056,0.0,9.096910013008056,0.0,0.0,9.096910013008056,0.0,False
C=C(C)[C@H]1CCC(C)=C[C@@H]1c1c(O)cc(CCCCC)c(C(=O)OCCO)c1O,1,1,1,1,7.889410289700751,7.889410289700751,0.0,7.889410289700751,0.0,0.0,7.889410289700751,0.0,False
C=C(C)[C@H]1CCC(C)=C[C@@H]1c1c(O)cc(CCCCC)cc1O,1,1,1,1,6.692503962086787,6.692503962086787,0.0,6.692503962086787,0.0,0.0,6.692503962086787,0.0,False
C=C(C)[C@H]1CCC(CO)=C[C@@H]1c1c(O)cc(C(C)(C)CCCCCC)cc1O,1,1,1,1,7.356547323513812,7.356547323513812,0.0,7.356547323513812,0.0,0.0,7.356547323513812,0.0,False
C=C(C)[C@H]1CCC(CO)=C[C@@H]1c1c(O)cc(CCCCC)cc1O,1,1,1,1,6.995678626217357,6.995678626217357,0.0,6.995678626217357,0.0,0.0,6.995678626217357,0.0,False
C=C(c1ccc([C@H](C)NS(C)(=O)=O)cc1)c1ccc(OC(F)(F)F)cc1S(=O)(=O)c1ccccc1F,1,1,1,1,7.0655015487564325,7.0655015487564325,0.0,7.0655015487564325,0.0,0.0,7.0655015487564325,0.0,False
C=C(c1ccccc1F)c1cc(Cl)ccc1S(=O)(=O)c1ccc([C@H](C)NS(C)(=O)=O)cc1,1,1,1,1,6.607303046740334,6.607303046740334,0.0,6.607303046740334,0.0,0.0,6.607303046740334,0.0,False
C=C1CC/C=C(\C)CC[C@@H]2[C@@H]1CC2(C)C,1,1,1,1,6.823908740944319,6.823908740944319,0.0,6.823908740944319,0.0,0.0,6.823908740944319,0.0,False
C=C1CC/C=C/CC[C@@H]2[C@@H]1CC2(C)C,1,1,1,1,6.107905397309519,6.107905397309519,0.0,6.107905397309519,0.0,0.0,6.107905397309519,0.0,False
C=C1CC[C@@H]2[C@@H](C1)c1c(OC)cc(C(C)(C)CCCCCC)cc1OC2(C)C,1,1,1,1,7.928117992693874,7.928117992693874,0.0,7.928117992693874,0.0,0.0,7.928117992693874,0.0,False
C=C1CC[C@@H]2[C@H](c3c(O)cc(CCCCC)cc3OC2(C)C)[C@H]1O,1,1,1,1,6.889410289700751,6.889410289700751,0.0,6.889410289700751,0.0,0.0,6.889410289700751,0.0,False
C=C1C[C@H]2c3c(cc(CCCCC)cc3OS(=O)(=O)c3ccc(C)cc3)OC(C)(C)[C@@H]2CC1OO,1,1,1,1,5.987162775294828,5.987162775294828,0.0,5.987162775294828,0.0,0.0,5.987162775294828,0.0,False
C=C1[C@@H]2CC[C@@H](C2)[C@@]1(C)CC/C=C(/C)CO,1,1,1,1,5.086716098239581,5.086716098239581,0.0,5.086716098239581,0.0,0.0,5.086716098239581,0.0,False
C=C=CCn1cc(C(C)(C)C)s/c1=N\C(=O)c1cc(C(F)(F)F)ccc1ONC(C)(C)C,1,1,1,1,7.769551078621726,7.769551078621726,0.0,7.769551078621726,0.0,0.0,7.769551078621726,0.0,False
C=CC(C=C)(NC(=O)c1ccc(N2CC(OC)C2)c(OC[C@H]2C[C@@H]2CO)n1)C(=O)OCCCF,1,1,1,1,6.279840696594043,6.279840696594043,0.0,6.279840696594043,0.0,0.0,6.279840696594043,0.0,False
C=CCCCn1cc(C(=O)NC23CC4CC(CC(C4)C2)C3)c(=O)c2cc(Br)ccc21,1,1,1,1,8.0268721464003,8.0268721464003,0.0,8.0268721464003,0.0,0.0,8.0268721464003,0.0,False
C=CCCCn1cc(C(=O)c2ccc3c(c2)CC(C)(C)C3)c2ccccc21,1,1,1,1,7.806875401645538,7.806875401645538,0.0,7.806875401645538,0.0,0.0,7.806875401645538,0.0,False
C=CCCn1cc(C(=O)NC23CC4CC(CC(C4)C2)C3)c(=O)c2cc(-c3ccco3)ccc21,1,1,1,1,8.356547323513812,8.356547323513812,0.0,8.356547323513812,0.0,0.0,8.356547323513812,0.0,False
C=CCCn1cc(C(=O)NC23CC4CC(CC(C4)C2)C3)c(=O)c2cc(Br)ccc21,1,1,1,1,7.623423042943488,7.623423042943488,0.0,7.623423042943488,0.0,0.0,7.623423042943488,0.0,False
C=CCCn1cc(CC(=O)NC23CC4CC(CC(C4)C2)C3)c2cc(-c3ccccc3)ccc21,1,1,1,1,7.7495799976911055,7.7495799976911055,0.0,7.7495799976911055,0.0,0.0,7.7495799976911055,0.0,False
C=CCN(CC=C)c1nc2n(CCCCC)cc(C(=O)NC34CC5CC(CC(C5)C3)C4)c(=O)n2n1,1,1,1,1,6.801342913045577,6.801342913045577,0.0,6.801342913045577,0.0,0.0,6.801342913045577,0.0,False
C=CCN(CC=C)c1nc2n(CCCCC)cc(C(=O)NC3CCCCC3)c(=O)n2n1,1,1,1,1,5.869023308394382,5.869023308394382,0.0,5.869023308394382,0.0,0.0,5.869023308394382,0.0,False
C=CCN(Cc1ccc(N(CC)CC)cc1)S(=O)(=O)c1ccc(C)cc1,1,1,1,1,7.180456064458131,7.180456064458131,0.0,7.180456064458131,0.0,0.0,7.180456064458131,0.0,False
C=CCN1Cc2c(n(S(=O)(=O)CC)c3ccc(C(=O)N4CCC(C)CC4)cc23)C1,1,1,1,1,8.193820026016112,8.193820026016112,0.0,8.193820026016112,0.0,0.0,8.193820026016112,0.0,False
C=CCNC(=O)CCCCCCCCCCOc1cc(CCCCC)cc(OC)c1,1,1,1,1,8.167491087293763,8.167491087293763,0.0,8.167491087293763,0.0,0.0,8.167491087293763,0.0,False
C=CCNC(=O)CCCCCCCCCCOc1cc(O)cc(CCCCC)c1,1,1,1,1,7.785156151952302,7.785156151952302,0.0,7.785156151952302,0.0,0.0,7.785156151952302,0.0,False
C=CCNC(=O)CCCCCCCOc1cc(O)cc(C(C)(C)CCCCCC)c1,1,1,1,1,8.1331221856625,8.1331221856625,0.0,8.1331221856625,0.0,0.0,8.1331221856625,0.0,False
C=CCNC(=O)CCCCCCCOc1cc(OC)cc(C(C)(C)CCCCCC)c1,1,1,1,1,7.505845405981557,7.505845405981557,0.0,7.505845405981557,0.0,0.0,7.505845405981557,0.0,False
C=CCNCCCCCCCCCCCOc1cc(O)cc(CCCCC)c1,1,1,1,1,5.732828271596986,5.732828271596986,0.0,5.732828271596986,0.0,0.0,5.732828271596986,0.0,False
C=CCOC(=O)NCC1(CNS(=O)(=O)C(F)(F)F)CCN(S(=O)(=O)c2ccc(Cl)cc2S(=O)(=O)c2ccccc2F)CC1,1,1,1,1,5.609064892896621,5.609064892896621,0.0,5.609064892896621,0.0,0.0,5.609064892896621,0.0,False
C=CCOc1cc(CCCCC)cc(OCCCCCCCCCCC(=O)NC2CC2)c1,1,1,1,1,8.327902142064282,8.327902142064282,0.0,8.327902142064282,0.0,0.0,8.327902142064282,0.0,False
C=CCc1ccc(CN(Cc2ccccc2)S(=O)(=O)c2ccc(C)cc2)cc1,1,1,1,1,6.886056647693163,6.886056647693163,0.0,6.886056647693163,0.0,0.0,6.886056647693163,0.0,False
C=CCc1ccc(O)c(-c2cc(CC=C)ccc2O)c1,1,1,1,1,5.84163750790475,5.84163750790475,0.0,5.84163750790475,0.0,0.0,5.84163750790475,0.0,False
C=CCc1ccc(O)c(-c2ccc(O)c(CC=C)c2)c1,1,1,1,1,5.251037138743839,5.251037138743839,0.0,5.251037138743839,0.0,0.0,5.251037138743839,0.0,False
C=CCc1ccc(O)c(-c2ccc(OC)c(CC=C)c2)c1,1,1,1,1,7.356547323513812,7.356547323513812,0.0,7.356547323513812,0.0,0.0,7.356547323513812,0.0,False
C=CCc1ccc(O)c(-c2ccc(OCCCC)c(CC=C)c2)c1,1,1,1,1,6.987162775294828,6.987162775294828,0.0,6.987162775294828,0.0,0.0,6.987162775294828,0.0,False
C=CCc1ccc(OC)c(-c2ccc(OC)c(CC=C)c2)c1,1,1,1,1,5.861697301833718,5.861697301833718,0.0,5.861697301833718,0.0,0.0,5.861697301833718,0.0,False
C=CCc1ccc(OCCCC)c(-c2ccc(OCCCC)c(CC=C)c2)c1,1,1,1,1,5.748848656824645,5.748848656824645,0.0,5.748848656824645,0.0,0.0,5.748848656824645,0.0,False
C=CCn1c2c(c3cc(C(=O)N4CCC(C)CC4)ccc31)CN(C1CCCC1)C2,1,1,1,1,7.632644078973981,7.632644078973981,0.0,7.632644078973981,0.0,0.0,7.632644078973981,0.0,False
C=CCn1c2c(c3cc(C(=O)N4CCC(C)CC4)ccc31)CN(CC1CC1)CC2,1,1,1,1,7.853871964321762,7.853871964321762,0.0,7.853871964321762,0.0,0.0,7.853871964321762,0.0,False
C=CCn1cc(C(=O)C(=O)NC23CC4CC(CC(C4)C2)C3)c2cc(-c3ccccc3)ccc21,1,1,1,1,7.5951662833800615,7.5951662833800615,0.0,7.5951662833800615,0.0,0.0,7.5951662833800615,0.0,False
C=CCn1cc(C(=O)C(=O)NC23CC4CC(CC(C4)C2)C3)c2cc(-c3ccco3)ccc21,1,1,1,1,7.987162775294828,7.987162775294828,0.0,7.987162775294828,0.0,0.0,7.987162775294828,0.0,False
C=CCn1cc(C(=O)NC23CC4CC(CC(C4)C2)C3)c(=O)c2c(OC)ccc(OC)c21,1,1,1,1,8.036212172654444,8.036212172654444,0.0,8.036212172654444,0.0,0.0,8.036212172654444,0.0,False
C=CCn1cc(C(=O)NC23CC4CC(CC(C4)C2)C3)c(=O)c2cc(-c3ccco3)ccc21,1,1,1,1,7.229147988357855,7.229147988357855,0.0,7.229147988357855,0.0,0.0,7.229147988357855,0.0,False
C=CCn1cc(C(=O)NC23CC4CC(CC(C4)C2)C3)c2cc(-c3ccc(O)cc3)ccc21,1,1,1,1,7.653647025549361,7.653647025549361,0.0,7.653647025549361,0.0,0.0,7.653647025549361,0.0,False
C=CCn1cc(C(=O)NC23CC4CC(CC(C4)C2)C3)c2cc(-c3ccccc3)ccc21,1,1,1,1,8.739928612014925,8.739928612014925,0.0,8.739928612014925,0.0,0.0,8.739928612014925,0.0,False
C=CCn1cc(C(=O)NC23CC4CC(CC(C4)C2)C3)c2cc(-c3ccco3)ccc21,1,1,1,1,8.24184537803261,8.24184537803261,0.0,8.24184537803261,0.0,0.0,8.24184537803261,0.0,False
C=CCn1cc(CC(=O)NC23CC4CC(CC(C4)C2)C3)c2cc(-c3ccccc3)ccc21,1,1,1,1,7.301029995663981,7.301029995663981,0.0,7.301029995663981,0.0,0.0,7.301029995663981,0.0,False
C=CCn1cc(CC(=O)NC23CC4CC(CC(C4)C2)C3)c2cc(-c3ccco3)ccc21,1,1,1,1,7.301029995663981,7.301029995663981,0.0,7.301029995663981,0.0,0.0,7.301029995663981,0.0,False
C=CCn1cc(CC(=O)NC23CC4CC(CC(C4)C2)C3)c2cc(Br)ccc21,1,1,1,1,5.962573502059376,5.962573502059376,0.0,5.962573502059376,0.0,0.0,5.962573502059376,0.0,False
C=CCn1cc(CC(=O)NC2CCCCC2)c2cc(OCc3cccc(OC)c3)ccc21,1,1,1,1,6.3979400086720375,6.3979400086720375,0.0,6.3979400086720375,0.0,0.0,6.3979400086720375,0.0,False
C=CCn1cc(CC(=O)NC2CCCCCC2)c2cc(-c3ccco3)ccc21,1,1,1,1,6.423658649794207,6.423658649794207,0.0,6.423658649794207,0.0,0.0,6.423658649794207,0.0,False
C=Cn1cc(C(=O)N[C@@H]2C(C)(C)C3CC[C@]2(C)C3)c(=O)c2ccc(F)cc21,1,1,1,1,7.818156412055227,7.818156412055227,0.0,7.818156412055227,0.0,0.0,7.818156412055227,0.0,False
CC#CC#CC/C=C\CCC/C=C/C=C/C(=O)NCC(C)C,1,1,1,1,4.64685345378602,4.64685345378602,0.0,4.64685345378602,0.0,0.0,4.64685345378602,0.0,False
CC(=O)/C(C)=N/Oc1ccc(C(F)(F)F)cc1C(=O)/N=c1\sc(C(C)(C)C)cn1C[C@H]1CCCO1,1,1,1,1,8.481486060122112,8.481486060122112,0.0,8.481486060122112,0.0,0.0,8.481486060122112,0.0,False
CC(=O)CCCCn1cc(C(=O)C2C(C)(C)C2(C)C)c2ccccc21,2,1,1,1,9.0,9.00436480540245,0.004364805402449434,9.002182402701225,0.004364805402449434,0.0,9.002182402701225,0.0,False
CC(=O)Cn1nnc(Cc2ccc(-c3ccccc3)cc2)n1,1,1,1,1,5.2839966563652006,5.2839966563652006,0.0,5.2839966563652006,0.0,0.0,5.2839966563652006,0.0,False
CC(=O)N/C(N)=N/C(=N/S(=O)(=O)N1CCC(C(F)(F)F)CC1)N1C[C@H](c2ccccc2)C(c2ccc(Cl)cc2)=N1,1,1,1,1,7.7447274948966935,7.7447274948966935,0.0,7.7447274948966935,0.0,0.0,7.7447274948966935,0.0,False
CC(=O)N/C(N)=N/C(=N/S(=O)(=O)c1ccc(Cl)cc1)N1C[C@H](c2ccccc2)C(c2ccc(Cl)cc2)=N1,1,1,1,1,6.3223930472795065,6.3223930472795065,0.0,6.3223930472795065,0.0,0.0,6.3223930472795065,0.0,False
CC(=O)N/C(N)=N/C(=N/S(=O)(=O)c1ccc(I)cc1)N1C[C@H](c2ccccc2)C(c2ccc(Cl)cc2)=N1,1,1,1,1,6.920818753952375,6.920818753952375,0.0,6.920818753952375,0.0,0.0,6.920818753952375,0.0,False
CC(=O)N/C(N)=N/C(=N/S(=O)(=O)c1ccc(OC(F)(F)F)cc1)N1C[C@H](c2ccccc2)C(c2ccc(Cl)cc2)=N1,1,1,1,1,6.642065152999546,6.642065152999546,0.0,6.642065152999546,0.0,0.0,6.642065152999546,0.0,False
CC(=O)N/C(N)=N/C(=N/S(=O)(=O)c1ccc2ccccc2c1)N1C[C@H](c2ccccc2)C(c2ccc(Cl)cc2)=N1,1,1,1,1,6.320572103387882,6.320572103387882,0.0,6.320572103387882,0.0,0.0,6.320572103387882,0.0,False
CC(=O)N1CCC[C@@H]1COc1ccc(C(F)(F)F)cc1C(=O)/N=c1\sc(C(C)(C)C)cn1C[C@H]1CCCO1,1,1,1,1,6.97061622231479,6.97061622231479,0.0,6.97061622231479,0.0,0.0,6.97061622231479,0.0,False
CC(=O)N1CCN(c2ncnc3oc(-c4ccccc4C(F)(F)F)nc23)CC1,1,1,1,1,6.5951662833800615,6.5951662833800615,0.0,6.5951662833800615,0.0,0.0,6.5951662833800615,0.0,False
CC(=O)N1CCN(c2ncnc3oc(-c4ccccc4Cl)nc23)CC1,1,1,1,1,6.168770306132936,6.168770306132936,0.0,6.168770306132936,0.0,0.0,6.168770306132936,0.0,False
CC(=O)NC1CCCOc2c1nn(-c1ccccc1Cl)c2-c1ccc(Cl)cc1,1,1,1,1,4.686132779630847,4.686132779630847,0.0,4.686132779630847,0.0,0.0,4.686132779630847,0.0,False
CC(=O)NCCNC(=O)C(C)(C)NC(=O)c1cc2c(n(CC3CCCCC3)c1=O)CCCCCC2,1,1,1,1,8.602059991327963,8.602059991327963,0.0,8.602059991327963,0.0,0.0,8.602059991327963,0.0,False
CC(=O)NOc1ccc(C(F)(F)F)cc1C(=O)/N=c1\sc(C(C)(C)C)cn1C[C@H]1CCCO1,1,1,1,1,8.920818753952375,8.920818753952375,0.0,8.920818753952375,0.0,0.0,8.920818753952375,0.0,False
CC(=O)OCCCCn1c(=O)c(C(=O)NC23CC4CC(CC(C4)C2)C3)c(O)c2nn(C)cc21,1,1,1,1,7.761953896871205,7.761953896871205,0.0,7.761953896871205,0.0,0.0,7.761953896871205,0.0,False
CC(=O)OCCCCn1cccc1C(=O)c1ccccc1Cl,1,1,1,1,5.901356274182943,5.901356274182943,0.0,5.901356274182943,0.0,0.0,5.901356274182943,0.0,False
CC(=O)OCCOc1ccc(C(F)(F)F)cc1C(=O)/N=c1\sc(C(C)(C)C)cn1CC(C)C,1,1,1,1,7.795880017344075,7.795880017344075,0.0,7.795880017344075,0.0,0.0,7.795880017344075,0.0,False
CC(=O)Oc1cccc(Cn2cccc2C(=O)c2ccccc2Cl)c1,1,1,1,1,5.806875401645538,5.806875401645538,0.0,5.806875401645538,0.0,0.0,5.806875401645538,0.0,False
CC(=O)SC(CCc1ccccc1)[C@H]1C(=O)N(c2ccc(F)cc2)[C@@H]1c1ccc(O)cc1,1,1,1,1,6.549750891680639,6.549750891680639,0.0,6.549750891680639,0.0,0.0,6.549750891680639,0.0,False
CC(=O)n1c2c(c3cc(C(=O)N4CCC(C)CC4)ccc31)CN(C1CCCC1)C2,1,1,1,1,7.055024091587952,7.055024091587952,0.0,7.055024091587952,0.0,0.0,7.055024091587952,0.0,False
CC(C(=O)N1CCN(c2ncnc3c2nc(-c2ccccc2Cl)n3-c2ccc(Cl)cc2)CC1)c1ccccc1,1,1,1,1,6.251811972993799,6.251811972993799,0.0,6.251811972993799,0.0,0.0,6.251811972993799,0.0,False
CC(C(=O)NC1CCN(c2ncnc3c2nc(-c2ccccc2Cl)n3-c2ccc(Cl)cc2)CC1)c1ccccc1,1,1,1,1,6.823908740944319,6.823908740944319,0.0,6.823908740944319,0.0,0.0,6.823908740944319,0.0,False
CC(C(=O)NCCC(c1ccccc1)c1ccccc1)(c1ccccc1)c1ccccc1,1,1,1,1,6.537602002101044,6.537602002101044,0.0,6.537602002101044,0.0,0.0,6.537602002101044,0.0,False
CC(C(=O)Nc1ccc2c(c1)C(N1CCOCC1)CCC2)(C(F)(F)F)C(F)(F)F,3,1,1,1,6.920818753952375,8.638272163982407,1.717453410030032,8.0,1.717453410030032,0.0,8.0,0.0,True
CC(C)(C(=O)OCCCBr)c1cc(O)c2c(c1)OC(C)(C)[C@@H]1CC=C(CO)C[C@@H]21,1,1,1,1,9.0,9.0,0.0,9.0,0.0,0.0,9.0,0.0,False
CC(C)(C(=O)OCCCC#N)c1cc(O)c2c(c1)OC(C)(C)[C@@H]1CC=C(CO)C[C@@H]21,1,1,1,1,9.0,9.0,0.0,9.0,0.0,0.0,9.0,0.0,False
CC(C)(C(=O)OCCCCn1ccnc1)c1cc(O)c2c(c1)OC(C)(C)[C@@H]1CC=C(CO)C[C@@H]21,1,1,1,1,8.060480747381382,8.060480747381382,0.0,8.060480747381382,0.0,0.0,8.060480747381382,0.0,False
CC(C)(C(=O)OCCCN1CCOCC1)c1cc(O)c2c(c1)OC(C)(C)[C@@H]1CC=C(CO)C[C@@H]21,1,1,1,1,9.0,9.0,0.0,9.0,0.0,0.0,9.0,0.0,False
CC(C)(C(=O)OCCCn1ccnc1)c1cc(O)c2c(c1)OC(C)(C)[C@@H]1CC=C(CO)C[C@@H]21,1,1,1,1,9.0,9.0,0.0,9.0,0.0,0.0,9.0,0.0,False
CC(C)(C)/C(COc1ccc(C(F)(F)F)cc1C(=O)/N=c1\sc(C(C)(C)C)cn1C[C@H]1CCCO1)=N/O,1,1,1,1,7.920818753952375,7.920818753952375,0.0,7.920818753952375,0.0,0.0,7.920818753952375,0.0,False
CC(C)(C)/C(COc1ccc(C(F)(F)F)cc1C(=O)/N=c1\sc(C(C)(C)C)cn1C[C@H]1CCCO1)=N\O,1,1,1,1,8.267606240177031,8.267606240177031,0.0,8.267606240177031,0.0,0.0,8.267606240177031,0.0,False
CC(C)(C)C(=O)COc1ccc(C(F)(F)F)cc1C(=O)/N=c1\sc(C(C)(C)C)cn1C[C@H]1CCCO1,1,1,1,1,9.045757490560675,9.045757490560675,0.0,9.045757490560675,0.0,0.0,9.045757490560675,0.0,False
CC(C)(C)C(=O)OCC1=CC[C@@H]2[C@@H](C1)c1c(O)cc(C34CC5CC(CC(C5)C3)C4)cc1OC2(C)C,1,1,1,1,7.308034897232639,7.308034897232639,0.0,7.308034897232639,0.0,0.0,7.308034897232639,0.0,False
CC(C)(C)CC(=O)N1CCN(c2ncnc3c2nc(-c2ccccc2Cl)n3-c2ccc(Cl)cc2)CC1,1,1,1,1,5.301029995663981,5.301029995663981,0.0,5.301029995663981,0.0,0.0,5.301029995663981,0.0,False
CC(C)(C)CC(=O)NC1CCN(c2ncnc3c2nc(-c2ccccc2Cl)n3-c2ccc(Cl)cc2)CC1,1,1,1,1,7.823908740944319,7.823908740944319,0.0,7.823908740944319,0.0,0.0,7.823908740944319,0.0,False
CC(C)(C)CNC(=O)c1ccc(Br)c(S(=O)(=O)N2CCCC2)c1,1,1,1,1,6.3979400086720375,6.3979400086720375,0.0,6.3979400086720375,0.0,0.0,6.3979400086720375,0.0,False
CC(C)(C)CNC(=O)c1ccc(Br)c(S(=O)(=O)N2CCCCC2)c1,1,1,1,1,7.0,7.0,0.0,7.0,0.0,0.0,7.0,0.0,False
CC(C)(C)CNC(=O)c1ccc(Br)c(S(=O)(=O)N2CCOCC2)c1,1,1,1,1,6.346787486224656,6.346787486224656,0.0,6.346787486224656,0.0,0.0,6.346787486224656,0.0,False
CC(C)(C)CO/C=N/CCCOc1ccc(C(F)(F)F)cc1C(=O)/N=c1\sc(C(C)(C)C)cn1C[C@H]1CCCO1,1,1,1,1,8.309803919971486,8.309803919971486,0.0,8.309803919971486,0.0,0.0,8.309803919971486,0.0,False
CC(C)(C)NC(=O)NC1(c2ccccc2)CCN(c2ncnc3c2nc(-c2ccccc2Cl)n3-c2ccc(Cl)cc2)CC1,1,1,1,1,4.698970004336019,4.698970004336019,0.0,4.698970004336019,0.0,0.0,4.698970004336019,0.0,False
CC(C)(C)NC(=O)c1nn(-c2ccc(F)cc2F)c2c1[C@H]1CC[C@@H]2C1,1,1,1,1,7.928117992693874,7.928117992693874,0.0,7.928117992693874,0.0,0.0,7.928117992693874,0.0,False
CC(C)(C)NNc1ccc(C(F)(F)F)cc1C(=O)/N=c1\sc(C(C)(C)C)cn1C[C@H]1CCCO1,1,1,1,1,8.431798275933005,8.431798275933005,0.0,8.431798275933005,0.0,0.0,8.431798275933005,0.0,False
CC(C)(C)NOc1ccc(C(F)(F)F)cc1C(=O)/N=c1\sc(C(C)(C)C)cn1C[C@H]1CCCO1,2,1,1,1,7.698970004336019,8.744727494896694,1.0457574905606748,8.221848749616356,1.0457574905606748,0.0,8.221848749616356,0.0,True
CC(C)(C)NOc1ccc(C(F)(F)F)cc1C(=O)/N=c1\sc(C(C)(C)C)nn1CC1CC1,1,1,1,1,7.795880017344075,7.795880017344075,0.0,7.795880017344075,0.0,0.0,7.795880017344075,0.0,False
CC(C)(C)NOc1ccc(C(F)(F)F)cc1C(=O)/N=c1\sc(C(C)(C)C)nn1CC1CCC1,1,1,1,1,8.55284196865778,8.55284196865778,0.0,8.55284196865778,0.0,0.0,8.55284196865778,0.0,False
CC(C)(C)NOc1ccc(C(F)(F)F)cc1C(=O)/N=c1\sc(C(C)(C)C)nn1CC1CCCCO1,1,1,1,1,8.769551078621726,8.769551078621726,0.0,8.769551078621726,0.0,0.0,8.769551078621726,0.0,False
CC(C)(C)NOc1ccc(C(F)(F)F)cc1C(=O)/N=c1\sc(C(C)(C)C)nn1CC1CCO1,1,1,1,1,7.823908740944319,7.823908740944319,0.0,7.823908740944319,0.0,0.0,7.823908740944319,0.0,False
CC(C)(C)NOc1ccc(C(F)(F)F)cc1C(=O)/N=c1\sc(C(C)(C)C)nn1CCCC#N,1,1,1,1,8.366531544420413,8.366531544420413,0.0,8.366531544420413,0.0,0.0,8.366531544420413,0.0,False
CC(C)(C)NOc1ccc(C(F)(F)F)cc1C(=O)/N=c1\sc(C(C)(C)C)nn1CCCC(F)(F)F,1,1,1,1,8.744727494896694,8.744727494896694,0.0,8.744727494896694,0.0,0.0,8.744727494896694,0.0,False
CC(C)(C)NOc1ccc(C(F)(F)F)cc1C(=O)/N=c1\sc(C(C)(C)C)nn1CCCCF,1,1,1,1,8.207608310501746,8.207608310501746,0.0,8.207608310501746,0.0,0.0,8.207608310501746,0.0,False
CC(C)(C)NOc1ccc(C(F)(F)F)cc1C(=O)/N=c1\sc(C(C)(C)C)nn1C[C@H]1CCCO1,1,1,1,1,8.0,8.0,0.0,8.0,0.0,0.0,8.0,0.0,False
CC(C)(C)OC(=O)N1CCC(Nc2ncnc3c2nc(-c2ccccc2Cl)n3-c2ccc(Cl)cc2)CC1,1,1,1,1,4.853871964321762,4.853871964321762,0.0,4.853871964321762,0.0,0.0,4.853871964321762,0.0,False
CC(C)(C)OC(=O)N1CCN(c2ncnc3c2nc(-c2ccccc2Cl)n3-c2ccc(Cl)cc2)CC1,1,1,1,1,5.468521082957745,5.468521082957745,0.0,5.468521082957745,0.0,0.0,5.468521082957745,0.0,False
CC(C)(C)OC(=O)NC1(c2ccccc2)CCN(c2ncnc3c2nc(-c2ccccc2Cl)n3-c2ccc(Cl)cc2)CC1,1,1,1,1,4.855519199097251,4.855519199097251,0.0,4.855519199097251,0.0,0.0,4.855519199097251,0.0,False
CC(C)(C)OC(=O)NC1CCN(c2ncnc3c2nc(-c2ccccc2Cl)n3-c2ccc(Cl)cc2)CC1,1,1,1,1,5.766242637034489,5.766242637034489,0.0,5.766242637034489,0.0,0.0,5.766242637034489,0.0,False
CC(C)(C)OC(=O)NCCCn1c2ccccc2c2cc(C(=O)N3CCCCC3)ccc21,1,1,1,1,5.570247719997592,5.570247719997592,0.0,5.570247719997592,0.0,0.0,5.570247719997592,0.0,False
CC(C)(C)OC(=O)NCCOCCOc1ccc(-c2cc(=O)c3c(OCc4ccccc4)cccc3o2)cc1,1,1,1,1,5.698970004336019,5.698970004336019,0.0,5.698970004336019,0.0,0.0,5.698970004336019,0.0,False
CC(C)(C)OC(=O)NCCOCCOc1ccc(-c2cc(=O)c3ccccc3o2)cc1,1,1,1,1,5.346787486224656,5.346787486224656,0.0,5.346787486224656,0.0,0.0,5.346787486224656,0.0,False
CC(C)(C)OC(=O)NNc1ccc(C(F)(F)F)cc1C(=O)/N=c1/sc(C(C)(C)C)cn1C[C@H]1CCCO1,1,1,1,1,9.397940008672037,9.397940008672037,0.0,9.397940008672037,0.0,0.0,9.397940008672037,0.0,False
CC(C)(C)OCCC(=O)NC1CCN(c2ncnc3c2nc(-c2ccccc2Cl)n3-c2ccc(Cl)cc2)CC1,1,1,1,1,5.309803919971486,5.309803919971486,0.0,5.309803919971486,0.0,0.0,5.309803919971486,0.0,False
CC(C)(C)[C@@H](C#N)NC(=O)n1c(=O)n(CCN2CCOCC2)c2ccccc21,1,1,1,1,8.301029995663981,8.301029995663981,0.0,8.301029995663981,0.0,0.0,8.301029995663981,0.0,False
CC(C)(C)[C@@H](CO)NC(=O)c1nn(-c2c[n+]([O-])ccn2)c2c1C[C@H]1C[C@@H]21,1,1,1,1,7.010105436281227,7.010105436281227,0.0,7.010105436281227,0.0,0.0,7.010105436281227,0.0,False
CC(C)(C)[C@@H](CO)NC(=O)n1c(=O)n(CCN2CCOCC2)c2ccccc21,1,1,1,1,7.823908740944319,7.823908740944319,0.0,7.823908740944319,0.0,0.0,7.823908740944319,0.0,False
CC(C)(C)[C@@H](NC(=O)c1nn(-c2c[n+]([O-])ccn2)c2c1C[C@H]1C[C@@H]21)OCC(N)=O,1,1,1,1,5.920818753952375,5.920818753952375,0.0,5.920818753952375,0.0,0.0,5.920818753952375,0.0,False
CC(C)(C)[C@H](CC(N)=O)NC(=O)c1nn(-c2c[n+]([O-])ccn2)c2c1C[C@@H]1C[C@H]21,1,1,1,1,6.978810700930062,6.978810700930062,0.0,6.978810700930062,0.0,0.0,6.978810700930062,0.0,False
CC(C)(C)[C@H](NC(=O)n1c(=O)n(CC2(O)CCOCC2)c2ccccc21)C(N)=O,1,1,1,1,7.036212172654444,7.036212172654444,0.0,7.036212172654444,0.0,0.0,7.036212172654444,0.0,False
CC(C)(C)[C@H](NC(=O)n1c(=O)n(CC2CCCO2)c2ccccc21)C(N)=O,1,1,1,1,8.221848749616356,8.221848749616356,0.0,8.221848749616356,0.0,0.0,8.221848749616356,0.0,False
CC(C)(C)[C@H](NC(=O)n1c(=O)n(CCC2(O)CCOCC2)c2ccccc21)C(N)=O,1,1,1,1,6.84163750790475,6.84163750790475,0.0,6.84163750790475,0.0,0.0,6.84163750790475,0.0,False
CC(C)(C)[C@H](NC(=O)n1c(=O)n(CCC2CCOCC2)c2ccccc21)C(N)=O,1,1,1,1,8.397940008672037,8.397940008672037,0.0,8.397940008672037,0.0,0.0,8.397940008672037,0.0,False
CC(C)(C)[C@H](NC(=O)n1c(=O)n(CCN2CCCC2)c2ccccc21)C(N)=O,1,1,1,1,6.616184634019569,6.616184634019569,0.0,6.616184634019569,0.0,0.0,6.616184634019569,0.0,False
CC(C)(C)[C@H](NC(=O)n1c(=O)n(CCN2CCOCC2)c2ccccc21)C(N)=O,1,1,1,1,8.301029995663981,8.301029995663981,0.0,8.301029995663981,0.0,0.0,8.301029995663981,0.0,False
CC(C)(C)c1cc(-c2csc(C3(N)CCOCC3)n2)cc(C(C)(C)C)c1O,1,1,1,1,5.568636235841012,5.568636235841012,0.0,5.568636235841012,0.0,0.0,5.568636235841012,0.0,False
CC(C)(C)c1cc(-c2csc(C3(N4CCCCC4)CCOCC3)n2)cc(C(C)(C)C)c1O,1,1,1,1,7.303643611266668,7.303643611266668,0.0,7.303643611266668,0.0,0.0,7.303643611266668,0.0,False
CC(C)(C)c1cc(-c2csc(C3(N4CCOCC4)CCOCC3)n2)cc(C(C)(C)C)c1O,1,1,1,1,6.752026733638194,6.752026733638194,0.0,6.752026733638194,0.0,0.0,6.752026733638194,0.0,False
CC(C)(C)c1cc(N2CCC(F)(F)C2)c2nnn(Cc3ccccc3SSCCO)c2n1,1,1,1,1,7.022276394711152,7.022276394711152,0.0,7.022276394711152,0.0,0.0,7.022276394711152,0.0,False
CC(C)(C)c1cc(N2CCC(F)(F)C2)c2nnn(Cc3ccccc3SSc3ccccn3)c2n1,1,1,1,1,6.266802734893431,6.266802734893431,0.0,6.266802734893431,0.0,0.0,6.266802734893431,0.0,False
CC(C)(C)c1ccc(C(=O)c2cc(O)c(-c3cc(Cl)cc(Cl)c3)c(O)c2)cc1,1,1,1,1,5.499489089473663,5.499489089473663,0.0,5.499489089473663,0.0,0.0,5.499489089473663,0.0,False
CC(C)(C)c1cn(CC2CCCO2)/c(=N/C(=O)c2cc(C(F)(F)F)ccc2ON=C2CCCC2)s1,1,1,1,1,9.301029995663981,9.301029995663981,0.0,9.301029995663981,0.0,0.0,9.301029995663981,0.0,False
CC(C)(C)c1cn(CCC(F)(F)F)/c(=N/C(=O)c2cc(C#N)ccc2OC2CCC2)s1,1,1,1,1,7.275724130399211,7.275724130399211,0.0,7.275724130399211,0.0,0.0,7.275724130399211,0.0,False
CC(C)(C)c1cn(C[C@@H]2CCCO2)/c(=N/C(=O)c2cc(C(F)(F)F)ccc2OC[C@H](N)CO)s1,1,1,1,1,8.130768280269024,8.130768280269024,0.0,8.130768280269024,0.0,0.0,8.130768280269024,0.0,False
CC(C)(C)c1cn(C[C@H]2CCCO2)/c(=N/C(=O)c2cc(C(F)(F)F)ccc2OCC(C)(C)n2cccc2)s1,1,1,1,1,7.468521082957745,7.468521082957745,0.0,7.468521082957745,0.0,0.0,7.468521082957745,0.0,False
CC(C)(C)c1cn(C[C@H]2CCCO2)/c(=N/C(=O)c2cc(C(F)(F)F)ccc2OCCC/N=C/OC2CCCCO2)s1,1,1,1,1,7.6020599913279625,7.6020599913279625,0.0,7.6020599913279625,0.0,0.0,7.6020599913279625,0.0,False
CC(C)(C)c1cn(C[C@H]2CCCO2)/c(=N/C(=O)c2cc(C(F)(F)F)ccc2OCCNCCO)s1,1,1,1,1,7.468521082957745,7.468521082957745,0.0,7.468521082957745,0.0,0.0,7.468521082957745,0.0,False
CC(C)(C)c1cn(C[C@H]2CCCO2)/c(=N/C(=O)c2cc(C(F)(F)F)ccc2OC[C@@H]2CCCCN2)s1,1,1,1,1,9.154901959985743,9.154901959985743,0.0,9.154901959985743,0.0,0.0,9.154901959985743,0.0,False
CC(C)(C)c1cn(C[C@H]2CCCO2)/c(=N/C(=O)c2cc(C(F)(F)F)ccc2OC[C@@H]2CCCN2)s1,1,1,1,1,8.337242168318426,8.337242168318426,0.0,8.337242168318426,0.0,0.0,8.337242168318426,0.0,False
CC(C)(C)c1cn(C[C@H]2CCCO2)/c(=N/C(=O)c2cc(C(F)(F)F)ccc2OC[C@@H]2CCCN2S(C)(=O)=O)s1,1,1,1,1,7.795880017344075,7.795880017344075,0.0,7.795880017344075,0.0,0.0,7.795880017344075,0.0,False
CC(C)(C)c1cn(C[C@H]2CCCO2)/c(=N/C(=O)c2cc(C(F)(F)F)ccc2OC[C@@H]2CCCO2)s1,1,1,1,1,9.301029995663981,9.301029995663981,0.0,9.301029995663981,0.0,0.0,9.301029995663981,0.0,False
CC(C)(C)c1cn(C[C@H]2CCCO2)/c(=N/C(=O)c2cc(C(F)(F)F)ccc2OC[C@@H]2CCN2)s1,1,1,1,1,7.823908740944319,7.823908740944319,0.0,7.823908740944319,0.0,0.0,7.823908740944319,0.0,False
CC(C)(C)c1cn(C[C@H]2CCCO2)/c(=N/C(=O)c2cc(C(F)(F)F)ccc2OC[C@@H]2CNCCO2)s1,1,1,1,1,7.6777807052660805,7.6777807052660805,0.0,7.6777807052660805,0.0,0.0,7.6777807052660805,0.0,False
CC(C)(C)c1cn(C[C@H]2CCCO2)/c(=N/C(=O)c2cc(C(F)(F)F)ccc2OC[C@H]2CCCCN2)s1,1,1,1,1,7.522878745280337,7.522878745280337,0.0,7.522878745280337,0.0,0.0,7.522878745280337,0.0,False
CC(C)(C)c1cn(C[C@H]2CCCO2)/c(=N/C(=O)c2cc(C(F)(F)F)ccc2OC[C@H]2CCCO2)s1,1,1,1,1,8.522878745280337,8.522878745280337,0.0,8.522878745280337,0.0,0.0,8.522878745280337,0.0,False
CC(C)(C)c1cn(C[C@H]2CCCO2)/c(=N/C(=O)c2cc(C(F)(F)F)ccc2OC[C@H]2CCC[N+]2(C)[O-])s1,1,1,1,1,7.619788758288394,7.619788758288394,0.0,7.619788758288394,0.0,0.0,7.619788758288394,0.0,False
CC(C)(C)c1cn(C[C@H]2CCCO2)/c(=N/C(=O)c2cc(C(F)(F)F)ccc2OC[C@H]2CCN2)s1,1,1,1,1,6.939302159646388,6.939302159646388,0.0,6.939302159646388,0.0,0.0,6.939302159646388,0.0,False
CC(C)(C)c1cn(C[C@H]2CCCO2)/c(=N/C(=O)c2cc(C(F)(F)F)ccc2OCc2cccc[n+]2[O-])s1,1,1,1,1,6.679853713888946,6.679853713888946,0.0,6.679853713888946,0.0,0.0,6.679853713888946,0.0,False
CC(C)(C)c1cn(C[C@H]2CCCO2)/c(=N/C(=O)c2cc(C(F)(F)F)ccc2OCc2ccccc2)s1,1,1,1,1,8.221848749616356,8.221848749616356,0.0,8.221848749616356,0.0,0.0,8.221848749616356,0.0,False
CC(C)(C)c1cn(C[C@H]2CCCO2)/c(=N/C(=O)c2cc(C(F)(F)F)ccc2OCc2ccccn2)s1,1,1,1,1,7.698970004336019,7.698970004336019,0.0,7.698970004336019,0.0,0.0,7.698970004336019,0.0,False
CC(C)(C)c1cn(C[C@H]2CCCO2)/c(=N/C(=O)c2cc(C(F)(F)F)ccc2OCc2cccnc2)s1,1,1,1,1,7.886056647693163,7.886056647693163,0.0,7.886056647693163,0.0,0.0,7.886056647693163,0.0,False
CC(C)(C)c1cn(C[C@H]2CCCO2)/c(=N/C(=O)c2cc(C(F)(F)F)ccc2OCc2ccn[nH]2)s1,1,1,1,1,7.958607314841775,7.958607314841775,0.0,7.958607314841775,0.0,0.0,7.958607314841775,0.0,False
CC(C)(C)c1cn(C[C@H]2CCCO2)/c(=N/C(=O)c2cc(C(F)(F)F)ccc2OCc2cnccn2)s1,1,1,1,1,8.301029995663981,8.301029995663981,0.0,8.301029995663981,0.0,0.0,8.301029995663981,0.0,False
CC(C)(C)c1cn(C[C@H]2CCCO2)/c(=N/C(=O)c2cc(C(F)(F)F)ccc2OCc2cnco2)s1,1,1,1,1,7.585026652029182,7.585026652029182,0.0,7.585026652029182,0.0,0.0,7.585026652029182,0.0,False
CC(C)(C)c1cn(C[C@H]2CCCO2)/c(=N/C(=O)c2cc(C(F)(F)F)ccc2OCc2nccs2)s1,1,1,1,1,8.259637310505756,8.259637310505756,0.0,8.259637310505756,0.0,0.0,8.259637310505756,0.0,False
CC(C)(C)c1nc(N2CC(S)C2)c2nnn(Cc3ccccc3Cl)c2n1,1,1,1,1,6.416801226031377,6.416801226031377,0.0,6.416801226031377,0.0,0.0,6.416801226031377,0.0,False
CC(C)(C)c1nc(N2CCC(F)(F)C2)c2nn(Cc3ccc(C4(C(F)(F)F)N=N4)cc3Cl)nc2n1,1,1,1,1,5.630042392653947,5.630042392653947,0.0,5.630042392653947,0.0,0.0,5.630042392653947,0.0,False
CC(C)(C)c1nc(N2CCC(F)(F)C2)c2nn(Cc3ccccc3CS(=O)(=O)F)nc2n1,1,1,1,1,6.195860567664649,6.195860567664649,0.0,6.195860567664649,0.0,0.0,6.195860567664649,0.0,False
CC(C)(C)c1nc(N2CCC(F)(F)C2)c2nn(Cc3ccccc3CSC#N)nc2n1,1,1,1,1,6.675717544702307,6.675717544702307,0.0,6.675717544702307,0.0,0.0,6.675717544702307,0.0,False
CC(C)(C)c1nc(N2CCC(F)(F)C2)c2nn(Cc3ccccc3F)nc2n1,1,1,1,1,6.442492798094342,6.442492798094342,0.0,6.442492798094342,0.0,0.0,6.442492798094342,0.0,False
CC(C)(C)c1nc(N2CCC(F)(F)C2)c2nn(Cc3ccccc3SC#N)nc2n1,1,1,1,1,6.343901797987169,6.343901797987169,0.0,6.343901797987169,0.0,0.0,6.343901797987169,0.0,False
CC(C)(C)c1nc(N2CCC(F)(F)C2)c2nnn(Cc3ccc(C4(C(F)(F)F)N=N4)cc3Cl)c2n1,1,1,1,1,7.2549252084179425,7.2549252084179425,0.0,7.2549252084179425,0.0,0.0,7.2549252084179425,0.0,False
CC(C)(C)c1nc(N2CCC(F)(F)C2)c2nnn(Cc3ccccc3C3(C(F)(F)F)N=N3)c2n1,1,1,1,1,8.3767507096021,8.3767507096021,0.0,8.3767507096021,0.0,0.0,8.3767507096021,0.0,False
CC(C)(C)c1nc(N2CCC(F)(F)C2)c2nnn(Cc3ccccc3CCS(=O)(=O)F)c2n1,1,1,1,1,7.568636235841012,7.568636235841012,0.0,7.568636235841012,0.0,0.0,7.568636235841012,0.0,False
CC(C)(C)c1nc(N2CCC(F)(F)C2)c2nnn(Cc3ccccc3CCS(=O)(=O)n3nnc4ccccc43)c2n1,1,1,1,1,6.609064892896621,6.609064892896621,0.0,6.609064892896621,0.0,0.0,6.609064892896621,0.0,False
CC(C)(C)c1nc(N2CCC(F)(F)C2)c2nnn(Cc3ccccc3CCSSCC(O)CO)c2n1,1,1,1,1,8.301029995663981,8.301029995663981,0.0,8.301029995663981,0.0,0.0,8.301029995663981,0.0,False
CC(C)(C)c1nc(N2CCC(F)(F)C2)c2nnn(Cc3ccccc3CCSSCCN)c2n1,1,1,1,1,7.200659450546418,7.200659450546418,0.0,7.200659450546418,0.0,0.0,7.200659450546418,0.0,False
CC(C)(C)c1nc(N2CCC(F)(F)C2)c2nnn(Cc3ccccc3CCSSCCO)c2n1,1,1,1,1,8.221848749616356,8.221848749616356,0.0,8.221848749616356,0.0,0.0,8.221848749616356,0.0,False
CC(C)(C)c1nc(N2CCC(F)(F)C2)c2nnn(Cc3ccccc3CCSSc3ccccn3)c2n1,1,1,1,1,7.142667503568731,7.142667503568731,0.0,7.142667503568731,0.0,0.0,7.142667503568731,0.0,False
CC(C)(C)c1nc(N2CCC(F)(F)C2)c2nnn(Cc3ccccc3CN=C=S)c2n1,1,1,1,1,7.055517327849831,7.055517327849831,0.0,7.055517327849831,0.0,0.0,7.055517327849831,0.0,False
CC(C)(C)c1nc(N2CCC(F)(F)C2)c2nnn(Cc3ccccc3CS(=O)(=O)F)c2n1,1,1,1,1,7.958607314841775,7.958607314841775,0.0,7.958607314841775,0.0,0.0,7.958607314841775,0.0,False
CC(C)(C)c1nc(N2CCC(F)(F)C2)c2nnn(Cc3ccccc3CSSCCO)c2n1,1,1,1,1,8.045757490560675,8.045757490560675,0.0,8.045757490560675,0.0,0.0,8.045757490560675,0.0,False
CC(C)(C)c1nc(N2CCC(F)(F)C2)c2nnn(Cc3ccccc3N=C=S)c2n1,1,1,1,1,6.522878745280337,6.522878745280337,0.0,6.522878745280337,0.0,0.0,6.522878745280337,0.0,False
CC(C)(C)c1nc(N2CCC(F)(F)C2)c2nnn(Cc3ccccc3S(=O)(=O)F)c2n1,1,1,1,1,8.221848749616356,8.221848749616356,0.0,8.221848749616356,0.0,0.0,8.221848749616356,0.0,False
CC(C)(C)c1nc(N2CCC(N=C=S)C2)c2nnn(Cc3ccccc3Cl)c2n1,1,1,1,1,5.866461091629782,5.866461091629782,0.0,5.866461091629782,0.0,0.0,5.866461091629782,0.0,False
CC(C)(C)c1nc(N2CCC(N=[N+]=[N-])C2)c2nnn(Cc3ccccc3Cl)c2n1,1,1,1,1,6.6777807052660805,6.6777807052660805,0.0,6.6777807052660805,0.0,0.0,6.6777807052660805,0.0,False
CC(C)(C)c1nc(N2CCC(S)C2)c2nnn(Cc3ccccc3Cl)c2n1,1,1,1,1,7.070581074285707,7.070581074285707,0.0,7.070581074285707,0.0,0.0,7.070581074285707,0.0,False
CC(C)(C)c1nc(N2CCC3(C2)N=N3)c2nnn(Cc3ccccc3Cl)c2n1,1,1,1,1,8.481486060122112,8.481486060122112,0.0,8.481486060122112,0.0,0.0,8.481486060122112,0.0,False
CC(C)(C)c1nc(N2CC[C@@H](S)C2)c2nnn(Cc3ccccc3Cl)c2n1,1,1,1,1,5.80576325127617,5.80576325127617,0.0,5.80576325127617,0.0,0.0,5.80576325127617,0.0,False
CC(C)(C)c1nc(N2CC[C@H](O)C2)c2nn(Cc3ccccc3CSC#N)nc2n1,1,1,1,1,6.276544327964814,6.276544327964814,0.0,6.276544327964814,0.0,0.0,6.276544327964814,0.0,False
CC(C)(C)c1nc(N2CC[C@H](O)C2)c2nn(Cc3ccccc3F)nc2n1,1,1,1,1,5.933674074637962,5.933674074637962,0.0,5.933674074637962,0.0,0.0,5.933674074637962,0.0,False
CC(C)(C)c1nc(N2CC[C@H](O)C2)c2nnn(Cc3ccccc3CN=C=S)c2n1,1,1,1,1,7.040958607678906,7.040958607678906,0.0,7.040958607678906,0.0,0.0,7.040958607678906,0.0,False
CC(C)(C)c1nc(N2CC[C@H](O)C2)c2nnn(Cc3ccccc3CS(=O)(=O)F)c2n1,1,1,1,1,6.548213564475709,6.548213564475709,0.0,6.548213564475709,0.0,0.0,6.548213564475709,0.0,False
CC(C)(C)c1nc(N2CC[C@H](O)C2)c2nnn(Cc3ccccc3S(=O)(=O)F)c2n1,1,1,1,1,7.795880017344075,7.795880017344075,0.0,7.795880017344075,0.0,0.0,7.795880017344075,0.0,False
CC(C)(C)c1nc(N2CC[C@H](S)C2)c2nnn(Cc3ccccc3Cl)c2n1,1,1,1,1,5.602581457648652,5.602581457648652,0.0,5.602581457648652,0.0,0.0,5.602581457648652,0.0,False
CC(C)(C)c1nc2cc(NS(C)(=O)=O)ccc2n1CC1CCC(F)(F)CC1,1,1,1,1,9.059981844992336,9.059981844992336,0.0,9.059981844992336,0.0,0.0,9.059981844992336,0.0,False
CC(C)(C)c1nc2ccccc2n1C(=O)c1cccc2ccccc12,1,1,1,1,7.096910013008056,7.096910013008056,0.0,7.096910013008056,0.0,0.0,7.096910013008056,0.0,False
CC(C)(CCCCCCC#N)c1cc(O)c2c(c1)OC(C)(C)[C@@H]1CC[C@@H](CO)C[C@@H]21,1,1,1,1,9.397940008672037,9.397940008672037,0.0,9.397940008672037,0.0,0.0,9.397940008672037,0.0,False
CC(C)(CCCCCCN=C=S)c1cc(O)c2c(c1)OC(C)(C)[C@@H]1CC[C@@H](CO)C[C@@H]21,1,1,1,1,8.5016894462104,8.5016894462104,0.0,8.5016894462104,0.0,0.0,8.5016894462104,0.0,False
CC(C)(CCCCCCN=[N+]=[N-])c1cc(O)c2c(c1)OC(C)(C)[C@@H]1CC[C@@H](CO)C[C@@H]21,1,1,1,1,8.853871964321762,8.853871964321762,0.0,8.853871964321762,0.0,0.0,8.853871964321762,0.0,False
CC(C)(Cc1nnc(-c2ccc(F)cc2)o1)NC(=O)c1ccc(C2CCCC2)c(OCC2CC2)n1,1,1,1,1,6.380802284207053,6.380802284207053,0.0,6.380802284207053,0.0,0.0,6.380802284207053,0.0,False
CC(C)(Cc1nnc(-c2ccc(F)cc2)o1)NC(=O)c1ccc(N2CC(F)(F)C2)c(OCC2CC2)n1,1,1,1,1,5.517970109530668,5.517970109530668,0.0,5.517970109530668,0.0,0.0,5.517970109530668,0.0,False
CC(C)(NC(=O)c1cc2c(n(CC3CCCCC3)c1=O)CCCCCC2)C(=O)N1CCC(C(=O)NS(C)(=O)=O)CC1,1,1,1,1,6.892790030352131,6.892790030352131,0.0,6.892790030352131,0.0,0.0,6.892790030352131,0.0,False
CC(C)(NC(=O)c1cc2c(n(CC3CCCCC3)c1=O)CCCCCC2)C(=O)N1CCC(C(=O)O)CC1,1,1,1,1,6.423658649794207,6.423658649794207,0.0,6.423658649794207,0.0,0.0,6.423658649794207,0.0,False
CC(C)(NC(=O)c1cc2c(n(CC3CCCCC3)c1=O)CCCCCC2)C(=O)N1CCC(C(N)=O)CC1,1,1,1,1,8.522878745280337,8.522878745280337,0.0,8.522878745280337,0.0,0.0,8.522878745280337,0.0,False
CC(C)(NC(=O)c1cc2c(n(CC3CCCCC3)c1=O)CCCCCC2)C(=O)N1CCC(NS(C)(=O)=O)CC1,1,1,1,1,8.356547323513812,8.356547323513812,0.0,8.356547323513812,0.0,0.0,8.356547323513812,0.0,False
CC(C)(NC(=O)c1cc2c(n(CC3CCCCC3)c1=O)CCCCCC2)C(=O)N1CCC(O)CC1,1,1,1,1,8.958607314841775,8.958607314841775,0.0,8.958607314841775,0.0,0.0,8.958607314841775,0.0,False
CC(C)(NC(=O)c1cc2c(n(CC3CCCCC3)c1=O)CCCCCC2)C(=O)NCC(=O)O,1,1,1,1,5.54928912185308,5.54928912185308,0.0,5.54928912185308,0.0,0.0,5.54928912185308,0.0,False
CC(C)(NC(=O)c1cc2c(n(CC3CCCCC3)c1=O)CCCCCC2)C(=O)NCC(N)=O,1,1,1,1,8.221848749616356,8.221848749616356,0.0,8.221848749616356,0.0,0.0,8.221848749616356,0.0,False
CC(C)(NC(=O)c1cc2c(n(CC3CCCCC3)c1=O)CCCCCC2)C(=O)NCCCCCO,1,1,1,1,8.920818753952375,8.920818753952375,0.0,8.920818753952375,0.0,0.0,8.920818753952375,0.0,False
CC(C)(NC(=O)c1cc2c(n(CC3CCCCC3)c1=O)CCCCCC2)C(=O)NCCCO,1,1,1,1,9.0,9.0,0.0,9.0,0.0,0.0,9.0,0.0,False
CC(C)(NC(=O)c1cc2c(n(CC3CCCCC3)c1=O)CCCCCC2)C(=O)NCCOCCO,1,1,1,1,9.221848749616356,9.221848749616356,0.0,9.221848749616356,0.0,0.0,9.221848749616356,0.0,False
CC(C)(NC(=O)c1cc2c(n(CC3CCCCC3)c1=O)CCCCCC2)C(=O)NN,1,1,1,1,8.55284196865778,8.55284196865778,0.0,8.55284196865778,0.0,0.0,8.55284196865778,0.0,False
CC(C)(NC(=O)c1cc2c(n(CC3CCCCC3)c1=O)CCCCCC2)C(=O)NNS(C)(=O)=O,1,1,1,1,8.136677139879545,8.136677139879545,0.0,8.136677139879545,0.0,0.0,8.136677139879545,0.0,False
CC(C)(NC(=O)c1cc2c(n(CC3CCCCC3)c1=O)CCCCCC2)C(=O)O,1,1,1,1,6.45717457304082,6.45717457304082,0.0,6.45717457304082,0.0,0.0,6.45717457304082,0.0,False
CC(C)(NC(=O)c1ccc(N2CC(F)(F)C2)c(OCC2CC2)n1)c1nnc(-c2ccccc2)o1,1,1,1,1,5.4024912936548475,5.4024912936548475,0.0,5.4024912936548475,0.0,0.0,5.4024912936548475,0.0,False
CC(C)(O)CCOc1ccc(C(F)(F)F)cc1C(=O)/N=c1\sc(C(C)(C)C)cn1C[C@H]1CCCO1,1,1,1,1,8.886056647693163,8.886056647693163,0.0,8.886056647693163,0.0,0.0,8.886056647693163,0.0,False
CC(C)(O)CCn1c(=O)n(C(=O)N[C@H](C(N)=O)C(C)(C)C)c2ccccc21,1,1,1,1,8.096910013008056,8.096910013008056,0.0,8.096910013008056,0.0,0.0,8.096910013008056,0.0,False
CC(C)(O)COc1ccc(C(F)(F)F)cc1-c1nnc2c(C(C)(C)C)nn(C[C@H]3CCCO3)c2n1,1,1,1,1,7.769551078621726,7.769551078621726,0.0,7.769551078621726,0.0,0.0,7.769551078621726,0.0,False
CC(C)(O)COc1ccc(C(F)(F)F)cc1C(=O)/N=c1\sc2ccncc2n1CC1CCC1,1,1,1,1,8.602059991327963,8.602059991327963,0.0,8.602059991327963,0.0,0.0,8.602059991327963,0.0,False
CC(C)(O)COc1ccc(C(F)(F)F)cc1C(=O)/N=c1\sc2ccncc2n1CCCC(F)(F)F,1,1,1,1,8.075720713938118,8.075720713938118,0.0,8.075720713938118,0.0,0.0,8.075720713938118,0.0,False
CC(C)(O)Cn1c(=O)n(C(=O)N[C@H](C(N)=O)C(C)(C)C)c2ccccc21,1,1,1,1,6.707743928643524,6.707743928643524,0.0,6.707743928643524,0.0,0.0,6.707743928643524,0.0,False
CC(C)(OC(=O)c1ccc(C2CCCC2)c(OCC2CC2)n1)c1cc(N)on1,1,1,1,1,6.4535807331648085,6.4535807331648085,0.0,6.4535807331648085,0.0,0.0,6.4535807331648085,0.0,False
CC(C)(c1ccccc1)c1cc(O)c(-c2cc(Cl)cc(Cl)c2)c(O)c1,1,1,1,1,8.97061622231479,8.97061622231479,0.0,8.97061622231479,0.0,0.0,8.97061622231479,0.0,False
CC(C)=CCC/C(C)=C/Cc1c(O)cc(CCc2ccccc2)c(C(=O)O)c1O,1,1,1,1,6.081969663215119,6.081969663215119,0.0,6.081969663215119,0.0,0.0,6.081969663215119,0.0,False
CC(C)=CCC[C@]1(C)[C@@H](O)CC[C@@]2(C)[C@H]1CC[C@H]1Cc3c([nH]c4ccccc34)[C@@]12C,1,1,1,1,5.649751981665837,5.649751981665837,0.0,5.649751981665837,0.0,0.0,5.649751981665837,0.0,False
CC(C)=CCC[C@]1(C)[C@@H](O[C@@H]2O[C@H](CO)[C@@H](O)[C@H](O)[C@@H]2O)CC[C@@]2(C)[C@H]1CC[C@H]1Cc3c([nH]c4ccccc34)[C@@]12C,1,1,1,1,4.97469413473523,4.97469413473523,0.0,4.97469413473523,0.0,0.0,4.97469413473523,0.0,False
CC(C)=C[C@H]1C[C@]2(C)[C@H](CC[C@@]3(C)[C@H]2CC[C@H]2Cc4c([nH]c5ccccc45)[C@@]23C)O1,1,1,1,1,5.3223930472795065,5.3223930472795065,0.0,5.3223930472795065,0.0,0.0,5.3223930472795065,0.0,False
CC(C)C(=O)N(C)C1CCCOc2c1nn(-c1ccccc1Cl)c2-c1ccc(Cl)cc1,1,1,1,1,5.060480747381382,5.060480747381382,0.0,5.060480747381382,0.0,0.0,5.060480747381382,0.0,False
CC(C)C(=O)NC1CCCOc2c1nn(-c1ccccc1Cl)c2-c1ccc(Cl)cc1,1,1,1,1,5.267606240177031,5.267606240177031,0.0,5.267606240177031,0.0,0.0,5.267606240177031,0.0,False
CC(C)C(=O)N[C@@H]1CCCOc2c1nn(-c1ccccc1Cl)c2-c1ccc(Cl)cc1,1,1,1,1,5.482804102050025,5.482804102050025,0.0,5.482804102050025,0.0,0.0,5.482804102050025,0.0,False
CC(C)C(=O)N[C@H]1CCCOc2c1nn(-c1ccccc1Cl)c2-c1ccc(Cl)cc1,1,1,1,1,4.958607314841775,4.958607314841775,0.0,4.958607314841775,0.0,0.0,4.958607314841775,0.0,False
CC(C)C1(CNS(=O)(=O)C(F)(F)F)CCN(S(=O)(=O)c2ccc(Cl)cc2S(=O)(=O)c2ccccc2F)CC1,1,1,1,1,7.6777807052660805,7.6777807052660805,0.0,7.6777807052660805,0.0,0.0,7.6777807052660805,0.0,False
CC(C)C1COc2cccc3c(=O)c(C(=O)NC45CC6CC(CC(C6)C4)C5)cn1c23,1,1,1,1,8.42712839779952,8.42712839779952,0.0,8.42712839779952,0.0,0.0,8.42712839779952,0.0,False
CC(C)CC(=O)NC1CCN(c2ncnc3c2nc(-c2ccccc2Cl)n3-c2ccc(Cl)cc2)CC1,1,1,1,1,7.048176964684088,7.048176964684088,0.0,7.048176964684088,0.0,0.0,7.048176964684088,0.0,False
CC(C)CCC(=O)NC1CCN(c2ncnc3c2nc(-c2ccccc2Cl)n3-c2ccc(Cl)cc2)CC1,1,1,1,1,6.667561540084394,6.667561540084394,0.0,6.667561540084394,0.0,0.0,6.667561540084394,0.0,False
CC(C)CCNS(=O)(=O)[C@@H]1CC[C@@H](c2ccc(Cl)cc2Cl)N(c2ccc(Cl)cc2)C1,1,1,1,1,5.858863909879261,5.858863909879261,0.0,5.858863909879261,0.0,0.0,5.858863909879261,0.0,False
CC(C)CCOc1cc(O)cc(OCCCCCCCCCCC(=O)NC2CC2)c1,2,1,1,1,6.886056647693163,6.900008766455316,0.013952118762152743,6.893032707074239,0.013952118762152743,0.0,6.893032707074239,0.0,False
CC(C)CCOc1cc(O)cc(OCCCCCCCCCCC(=O)NCC2CC2)c1,2,1,1,1,6.698970004336019,6.699991797446187,0.0010217931101683675,6.699480900891103,0.0010217931101683675,0.0,6.699480900891103,0.0,False
CC(C)CCOc1cc(O)cc(OCCCCCCCCCCC(=O)NCCO)c1,2,1,1,1,6.199998172182031,6.2441251443275085,0.04412697214547734,6.22206165825477,0.04412697214547734,0.0,6.22206165825477,0.0,False
CC(C)CCn1c(=O)n(C(=O)N[C@H](C(N)=O)C(C)(C)C)c2ccccc21,1,1,1,1,9.0,9.0,0.0,9.0,0.0,0.0,9.0,0.0,False
CC(C)CCn1c2c(cc(C(=O)NCc3ccccc3)c1=O)CCCCCC2,1,1,1,1,9.045757490560675,9.045757490560675,0.0,9.045757490560675,0.0,0.0,9.045757490560675,0.0,False
CC(C)CNC(=O)/C=C/C=C/CCCCCC/C=C/c1ccc2c(c1)OCO2,1,1,1,1,4.416801226031377,4.416801226031377,0.0,4.416801226031377,0.0,0.0,4.416801226031377,0.0,False
CC(C)CNC(=O)[C@@H]1CC[C@@H](c2ccc(Cl)cc2Cl)N(c2ccc(Cl)cc2)C1,1,1,1,1,5.801893001126599,5.801893001126599,0.0,5.801893001126599,0.0,0.0,5.801893001126599,0.0,False
CC(C)CNC(=O)c1ccc(Br)c(S(=O)(=O)N(C)Cc2ccccc2)c1,1,1,1,1,6.468521082957745,6.468521082957745,0.0,6.468521082957745,0.0,0.0,6.468521082957745,0.0,False
CC(C)CNC(=O)c1ccc(Br)c(S(=O)(=O)N2CCCCC2)c1,1,1,1,1,6.3872161432802645,6.3872161432802645,0.0,6.3872161432802645,0.0,0.0,6.3872161432802645,0.0,False
CC(C)CNS(=O)(=O)[C@@H]1CC[C@@H](c2ccc(Cl)cc2Cl)N(c2ccc(Cl)cc2)C1,1,1,1,1,5.801893001126599,5.801893001126599,0.0,5.801893001126599,0.0,0.0,5.801893001126599,0.0,False
CC(C)CS(=O)(=O)N1CCN(c2ncnc3c2nc(-c2ccccc2Cl)n3-c2ccc(Cl)cc2)CC1,1,1,1,1,5.552841968657781,5.552841968657781,0.0,5.552841968657781,0.0,0.0,5.552841968657781,0.0,False
CC(C)C[C@@H](COCCF)NC(=O)c1ccc(N2CCCC2)c(OCC2COC2)n1,1,1,1,1,7.6777807052660805,7.6777807052660805,0.0,7.6777807052660805,0.0,0.0,7.6777807052660805,0.0,False
CC(C)C[C@@H]1COc2cccc3c(=O)c(C(=O)NC45CC6CC(CC(C6)C4)C5)cn1c23,1,1,1,1,8.034328028779893,8.034328028779893,0.0,8.034328028779893,0.0,0.0,8.034328028779893,0.0,False
CC(C)Cc1nc2ccccc2n1C(=O)c1cccc2ccccc12,1,1,1,1,7.0,7.0,0.0,7.0,0.0,0.0,7.0,0.0,False
CC(C)Cc1sc2ccccc2c1C(=O)c1cccc2ccccc12,1,1,1,1,6.301029995663981,6.301029995663981,0.0,6.301029995663981,0.0,0.0,6.301029995663981,0.0,False
CC(C)Cn1cc(C(C)(C)C)s/c1=N\C(=O)c1cc(Br)ccc1OC[C@@H]1CCCN1C,1,1,1,1,7.568636235841012,7.568636235841012,0.0,7.568636235841012,0.0,0.0,7.568636235841012,0.0,False
CC(C)Cn1cc(C(C)(C)C)s/c1=N\C(=O)c1cc(C#N)ccc1OC1CCC1,1,1,1,1,7.017728766960431,7.017728766960431,0.0,7.017728766960431,0.0,0.0,7.017728766960431,0.0,False
CC(C)Cn1cc(C(C)(C)C)s/c1=N\C(=O)c1cc(C(F)(F)F)ccc1OCC1CCOC1,1,1,1,1,8.301029995663981,8.301029995663981,0.0,8.301029995663981,0.0,0.0,8.301029995663981,0.0,False
CC(C)Cn1cc(C(C)(C)C)s/c1=N\C(=O)c1cc(C(F)(F)F)ccc1OCCN1CCCC1,1,1,1,1,7.494850021680094,7.494850021680094,0.0,7.494850021680094,0.0,0.0,7.494850021680094,0.0,False
CC(C)Cn1cc(C(C)(C)C)s/c1=N\C(=O)c1cc(C(F)(F)F)ccc1OCCO,1,1,1,1,9.136677139879545,9.136677139879545,0.0,9.136677139879545,0.0,0.0,9.136677139879545,0.0,False
CC(C)Cn1cc(C(C)(C)C)s/c1=N\C(=O)c1cc(C(F)(F)F)ccc1OCCn1ccnc1,1,1,1,1,7.017728766960431,7.017728766960431,0.0,7.017728766960431,0.0,0.0,7.017728766960431,0.0,False
CC(C)Cn1cc(C(C)(C)C)s/c1=N\C(=O)c1cc(C(F)(F)F)ccc1OC[C@@H]1CCCN1C,1,1,1,1,7.4089353929735005,7.4089353929735005,0.0,7.4089353929735005,0.0,0.0,7.4089353929735005,0.0,False
CC(C)Cn1cc(C(C)(C)C)s/c1=N\C(=O)c1cc(C(F)(F)F)ccc1OC[C@@H]1CCN1,1,1,1,1,7.356547323513812,7.356547323513812,0.0,7.356547323513812,0.0,0.0,7.356547323513812,0.0,False
CC(C)Cn1cc(C(C)(C)C)s/c1=N\C(=O)c1cc(C(F)(F)F)ccc1OC[C@@H]1CCN1C,1,1,1,1,7.431798275933005,7.431798275933005,0.0,7.431798275933005,0.0,0.0,7.431798275933005,0.0,False
CC(C)Cn1cc(C(C)(C)C)s/c1=N\C(=O)c1cc(C(F)(F)F)ccc1OCc1ccco1,1,1,1,1,8.130768280269024,8.130768280269024,0.0,8.130768280269024,0.0,0.0,8.130768280269024,0.0,False
CC(C)Cn1cc(C(C)(C)C)s/c1=N\C(=O)c1cc(C(F)(F)F)ccc1O[C@H]1CCN(C)C1,1,1,1,1,6.954677021213342,6.954677021213342,0.0,6.954677021213342,0.0,0.0,6.954677021213342,0.0,False
CC(C)Cn1cc(C(C)(C)C)s/c1=N\C(=O)c1cc(Cl)ccc1OC1CC1,1,1,1,1,8.00436480540245,8.00436480540245,0.0,8.00436480540245,0.0,0.0,8.00436480540245,0.0,False
CC(C)Cn1cc(C(C)(C)C)s/c1=N\C(=O)c1cc(Cl)ccc1OCC1CCO1,1,1,1,1,8.045757490560675,8.045757490560675,0.0,8.045757490560675,0.0,0.0,8.045757490560675,0.0,False
CC(C)Cn1cc(C(C)(C)C)s/c1=N\C(=O)c1ccccc1OC[C@@H]1CCCN1C,1,1,1,1,6.528708288941061,6.528708288941061,0.0,6.528708288941061,0.0,0.0,6.528708288941061,0.0,False
CC(C)Cn1nc(C(C)(C)C)s/c1=N\C(=O)c1cc(C(F)(F)F)ccc1ONC(C)(C)C,1,1,1,1,7.537602002101044,7.537602002101044,0.0,7.537602002101044,0.0,0.0,7.537602002101044,0.0,False
CC(C)Cn1nnc(Cc2ccc(-c3ccccc3)cc2)n1,1,1,1,1,5.327902142064282,5.327902142064282,0.0,5.327902142064282,0.0,0.0,5.327902142064282,0.0,False
CC(C)Cn1nnnc1Cc1ccc(-c2ccccc2)cc1,1,1,1,1,5.113509274827518,5.113509274827518,0.0,5.113509274827518,0.0,0.0,5.113509274827518,0.0,False
CC(C)N(CCn1nc(OCc2cccc3ccccc23)c2ccccc21)C(C)C,1,1,1,1,5.267606240177031,5.267606240177031,0.0,5.267606240177031,0.0,0.0,5.267606240177031,0.0,False
CC(C)N1CCC[C@H]1COc1ccc(C(F)(F)F)cc1C(=O)/N=c1\sc(C(C)(C)C)cn1C[C@H]1CCCO1,1,1,1,1,6.991399828238082,6.991399828238082,0.0,6.991399828238082,0.0,0.0,6.991399828238082,0.0,False
CC(C)NC(=O)NC1(c2ccccc2)CCN(c2ncnc3c2nc(-c2ccccc2Cl)n3-c2ccc(Cl)cc2)CC1,1,1,1,1,5.048371106163362,5.048371106163362,0.0,5.048371106163362,0.0,0.0,5.048371106163362,0.0,False
CC(C)NC(=O)NC1CCN(c2ncnc3c2nc(-c2ccccc2Cl)n3-c2ccc(Cl)cc2)CC1,1,1,1,1,5.610302451793615,5.610302451793615,0.0,5.610302451793615,0.0,0.0,5.610302451793615,0.0,False
CC(C)NOc1ccc(C(F)(F)F)cc1C(=O)/N=c1\sc(C(C)(C)C)cn1C[C@H]1CCCO1,1,1,1,1,9.522878745280337,9.522878745280337,0.0,9.522878745280337,0.0,0.0,9.522878745280337,0.0,False
CC(C)Oc1ccc(C(NC(=O)Cc2ccccc2)NC(=O)Cc2ccccc2)cc1,2,1,1,1,6.504455662453552,6.504455662453552,0.0,6.504455662453552,0.0,0.0,6.504455662453552,0.0,False
CC(C)S(=O)(=O)N1CCN(c2ncnc3c2nc(-c2ccccc2Cl)n3-c2ccc(Cl)cc2)CC1,1,1,1,1,6.008773924307505,6.008773924307505,0.0,6.008773924307505,0.0,0.0,6.008773924307505,0.0,False
CC(C)SC(=S)N1CC(C)(C)CS/C1=N\c1ccccc1C(C)C,1,1,1,1,6.560667306169737,6.560667306169737,0.0,6.560667306169737,0.0,0.0,6.560667306169737,0.0,False
CC(C)[C@@H]1COc2cccc3c(=O)c(C(=O)NC45CC6CC(CC(C6)C4)C5)cn1c23,1,1,1,1,8.906578314837764,8.906578314837764,0.0,8.906578314837764,0.0,0.0,8.906578314837764,0.0,False
CC(C)[C@H](NC(=O)c1cc2c(n(CC3CCCCC3)c1=O)CCCCCC2)C(=O)O,1,1,1,1,6.935542010773082,6.935542010773082,0.0,6.935542010773082,0.0,0.0,6.935542010773082,0.0,False
CC(C)[C@H]1CC[C@H](C(=O)c2cn(CCN3CCOCC3)c3ccccc23)CC1,2,1,1,1,6.719991046891813,6.721246399047171,0.0012553521553577696,6.720618722969492,0.0012553521553577696,0.0,6.720618722969492,0.0,False
CC(C)[C@H]1COc2cccc3c(=O)c(C(=O)NC45CC6CC(CC(C6)C4)C5)cn1c23,1,1,1,1,7.790484985457369,7.790484985457369,0.0,7.790484985457369,0.0,0.0,7.790484985457369,0.0,False
CC(C)c1ccc(C(=O)c2cc(O)c(-c3cc(Cl)cc(Cl)c3)c(O)c2)cc1,1,1,1,1,6.793984123236656,6.793984123236656,0.0,6.793984123236656,0.0,0.0,6.793984123236656,0.0,False
CC(C)c1ccc(C(NC(=O)Cc2ccccc2)NC(=O)Cc2ccccc2)cc1,2,1,1,1,7.070581074285707,7.070581074285707,0.0,7.070581074285707,0.0,0.0,7.070581074285707,0.0,False
CC(C)c1ccc(Cn2c(NCCc3c[nH]c4ccccc34)nc3c2c(=O)n(C)c(=O)n3C)cc1,1,1,1,1,6.823908740944319,6.823908740944319,0.0,6.823908740944319,0.0,0.0,6.823908740944319,0.0,False
CC(C)c1ccccc1/N=C1\SCC(C)(C)CN1Cc1ccccc1,1,1,1,1,5.866461091629782,5.866461091629782,0.0,5.866461091629782,0.0,0.0,5.866461091629782,0.0,False
CC(C)c1nc2ccccc2n1C(=O)c1cccc2ccccc12,1,1,1,1,6.301029995663981,6.301029995663981,0.0,6.301029995663981,0.0,0.0,6.301029995663981,0.0,False
CC(C)n1c(=O)sc2cc(C(=O)C34CC5CC(CC(C5)C3)C4)ccc21,1,1,1,1,6.552067134407819,6.552067134407819,0.0,6.552067134407819,0.0,0.0,6.552067134407819,0.0,False
CC(Cn1c(=O)sc2cc(C(=O)C34CC5CC(CC(C5)C3)C4)ccc21)N(C)C,1,1,1,1,6.2958494831602,6.2958494831602,0.0,6.2958494831602,0.0,0.0,6.2958494831602,0.0,False
CC(NC(=O)n1c(=O)n(CCN2CCOCC2)c2ccccc21)c1ccc(F)cc1,1,1,1,1,6.634512015109101,6.634512015109101,0.0,6.634512015109101,0.0,0.0,6.634512015109101,0.0,False
CC(NS(C)(=O)=O)c1ccc(C(=O)c2ccc(Cl)cc2S(=O)(=O)c2ccc(Cl)cc2)cc1,1,1,1,1,6.3872161432802645,6.3872161432802645,0.0,6.3872161432802645,0.0,0.0,6.3872161432802645,0.0,False
CC(NS(C)(=O)=O)c1ccc(C(=O)c2ccc(OC(F)(F)F)cc2S(=O)(=O)c2ccccc2F)cc1,1,1,1,1,6.747146969020107,6.747146969020107,0.0,6.747146969020107,0.0,0.0,6.747146969020107,0.0,False
CC(O)C1(CNS(=O)(=O)C(F)(F)F)CCN(S(=O)(=O)c2ccc(Cl)cc2S(=O)(=O)c2ccccc2F)CC1,1,1,1,1,8.292429823902063,8.292429823902063,0.0,8.292429823902063,0.0,0.0,8.292429823902063,0.0,False
CC(c1ccccc1)N1CCN(c2ncnc3c2nc(-c2ccccc2Cl)n3-c2ccc(Cl)cc2)CC1,1,1,1,1,5.886056647693163,5.886056647693163,0.0,5.886056647693163,0.0,0.0,5.886056647693163,0.0,False
CC(c1ccncc1)N1CCN(c2ncnc3c2nc(-c2ccccc2Cl)n3-c2ccc(Cl)cc2)CC1,1,1,1,1,5.958607314841775,5.958607314841775,0.0,5.958607314841775,0.0,0.0,5.958607314841775,0.0,False
CC/C=C\C/C=C\C/C=C\CCCCCCCC(=O)NCc1ccccc1,1,1,1,1,4.356942316248547,4.356942316248547,0.0,4.356942316248547,0.0,0.0,4.356942316248547,0.0,False
CC/N=C(\NS(=O)(=O)N(CC)CC)N1CC(c2ccccc2)C(c2ccc(Cl)cc2)=N1,1,1,1,1,5.543026986364183,5.543026986364183,0.0,5.543026986364183,0.0,0.0,5.543026986364183,0.0,False
CC1(C(=O)c2cn(CC3CCOCC3)c3ccccc23)CC(F)(F)C1(F)F,2,1,1,1,7.327902142064282,7.330032630091496,0.0021304880272143834,7.328967386077889,0.0021304880272143834,0.0,7.328967386077889,0.0,False
CC1(C(=O)c2cn(CC3CCOCC3)c3ccccc23)CC1(Cl)Cl,2,1,1,1,6.740000204918113,6.7423214251308154,0.002321220212702535,6.741160815024465,0.002321220212702535,0.0,6.741160815024465,0.0,False
CC1(C)C(C(=O)c2cn(CC3CCOC3)c3ccccc23)C1(C)C,2,1,1,1,9.309981219211304,9.853871964321762,0.543890745110458,9.581926591766532,0.543890745110458,0.0,9.581926591766532,0.0,False
CC1(C)C(C(=O)c2cn(CC3CCOCC3)c3c(CC4CCOCC4)c4c(cc23)OCO4)C1(C)C,1,1,1,1,8.99012436628784,8.99012436628784,0.0,8.99012436628784,0.0,0.0,8.99012436628784,0.0,False
CC1(C)C(C(=O)c2cn(CC3CCOCC3)c3c(COc4ccccc4)cccc23)C1(C)C,1,1,1,1,8.522878745280337,8.522878745280337,0.0,8.522878745280337,0.0,0.0,8.522878745280337,0.0,False
CC1(C)C(C(=O)c2cn(CC3CCOCC3)c3c(F)c(F)c(F)c(F)c23)C1(C)C,2,1,1,1,8.301029995663981,8.309981219211306,0.00895122354732436,8.305505607437643,0.00895122354732436,0.0,8.305505607437643,0.0,False
CC1(C)C(C(=O)c2cn(CC3CCOCC3)c3c(O)cccc23)C1(C)C,2,1,1,1,8.494850021680094,8.500038134403809,0.005188112723715221,8.497444078041951,0.005188112723715221,0.0,8.497444078041951,0.0,False
CC1(C)C(C(=O)c2cn(CC3CCOCC3)c3c(OCc4ccccc4)cccc23)C1(C)C,2,1,1,1,8.508638306165727,8.51999305704285,0.01135475087712301,8.514315681604288,0.01135475087712301,0.0,8.514315681604288,0.0,False
CC1(C)C(C(=O)c2cn(CC3CCOCC3)c3cc(-c4ccccc4)ccc23)C1(C)C,2,1,1,1,9.387216143280265,9.389978975335854,0.0027628320555894703,9.38859755930806,0.0027628320555894703,0.0,9.38859755930806,0.0,False
CC1(C)C(C(=O)c2cn(CC3CCOCC3)c3cc(Br)ccc23)C1(C)C,2,1,1,1,9.187086643357144,9.18996921359416,0.002882570237016324,9.188527928475652,0.002882570237016324,0.0,9.188527928475652,0.0,False
CC1(C)C(C(=O)c2cn(CC3CCOCC3)c3cc(C#N)ccc23)C1(C)C,2,1,1,1,8.299988937677888,8.301029995663981,0.001041057986093108,8.300509466670935,0.001041057986093108,0.0,8.300509466670935,0.0,False
CC1(C)C(C(=O)c2cn(CC3CCOCC3)c3cc(C(F)(F)F)ccc23)C1(C)C,2,1,1,1,8.455931955649724,8.460046158343603,0.0041142026938789655,8.457989056996663,0.0041142026938789655,0.0,8.457989056996663,0.0,False
CC1(C)C(C(=O)c2cn(CC3CCOCC3)c3cc(CN)ccc23)C1(C)C,2,1,1,1,7.207608310501746,7.209996479609511,0.002388169107764959,7.208802395055628,0.002388169107764959,0.0,7.208802395055628,0.0,False
CC1(C)C(C(=O)c2cn(CC3CCOCC3)c3cc(Cl)ccc23)C1(C)C,2,1,1,1,8.599980364934842,8.602059991327963,0.0020796263931206482,8.601020178131403,0.0020796263931206482,0.0,8.601020178131403,0.0,False
CC1(C)C(C(=O)c2cn(CC3CCOCC3)c3cc(O)c(O)cc23)C1(C)C,2,1,1,1,7.669992299127241,7.6777807052660805,0.0077884061388395764,7.673886502196661,0.0077884061388395764,0.0,7.673886502196661,0.0,False
CC1(C)C(C(=O)c2cn(CC3CCOCC3)c3cc(O)ccc23)C1(C)C,2,1,1,1,8.070019409484486,8.070581074285707,0.0005616648012214398,8.070300241885096,0.0005616648012214398,0.0,8.070300241885096,0.0,False
CC1(C)C(C(=O)c2cn(CC3CCOCC3)c3cc(OCc4ccccc4)ccc23)C1(C)C,2,1,1,1,9.049976093476673,9.05551732784983,0.0055412343731582325,9.052746710663252,0.0055412343731582325,0.0,9.052746710663252,0.0,False
CC1(C)C(C(=O)c2cn(CC3CCOCC3)c3cc(S(C)(=O)=O)ccc23)C1(C)C,2,1,1,1,8.522878745280337,8.53003079050004,0.00715204521970314,8.52645476789019,0.00715204521970314,0.0,8.52645476789019,0.0,False
CC1(C)C(C(=O)c2cn(CC3CCOCC3)c3cc4c(cc23)OCO4)C1(C)C,2,1,1,1,8.99012436628784,9.0,0.00987563371215927,8.99506218314392,0.00987563371215927,0.0,8.99506218314392,0.0,False
CC1(C)C(C(=O)c2cn(CC3CCOCC3)c3ccc(-c4ccccc4)cc23)C1(C)C,2,1,1,1,7.230032198670558,7.236572006437063,0.006539807766505312,7.233302102553811,0.006539807766505312,0.0,7.233302102553811,0.0,False
CC1(C)C(C(=O)c2cn(CC3CCOCC3)c3ccc(Br)cc23)C1(C)C,2,1,1,1,8.179995693191682,8.18045606445813,0.00046037126644904447,8.180225878824906,0.00046037126644904447,0.0,8.180225878824906,0.0,False
CC1(C)C(C(=O)c2cn(CC3CCOCC3)c3ccc(C#N)cc23)C1(C)C,2,1,1,1,7.51999305704285,7.522878745280337,0.0028856882374874715,7.521435901161594,0.0028856882374874715,0.0,7.521435901161594,0.0,False
CC1(C)C(C(=O)c2cn(CC3CCOCC3)c3ccc(CO)cc23)C1(C)C,2,1,1,1,6.94692155651658,6.950007143079858,0.0030855865632775092,6.948464349798218,0.0030855865632775092,0.0,6.948464349798218,0.0,False
CC1(C)C(C(=O)c2cn(CC3CCOCC3)c3ccc(Cl)cc23)C1(C)C,2,1,1,1,8.51999305704285,8.522878745280337,0.0028856882374874715,8.521435901161594,0.0028856882374874715,0.0,8.521435901161594,0.0,False
CC1(C)C(C(=O)c2cn(CC3CCOCC3)c3ccc(F)cc23)C1(C)C,2,1,1,1,8.795880017344075,8.79997073344623,0.004090716102155056,8.797925375395153,0.004090716102155056,0.0,8.797925375395153,0.0,False
CC1(C)C(C(=O)c2cn(CC3CCOCC3)c3ccc(N)cc23)C1(C)C,2,1,1,1,8.029978734171634,8.031517051446064,0.0015383172744307672,8.030747892808849,0.0015383172744307672,0.0,8.030747892808849,0.0,False
CC1(C)C(C(=O)c2cn(CC3CCOCC3)c3ccc(O)cc23)C1(C)C,2,1,1,1,8.720105019988361,8.721246399047171,0.0011413790588097328,8.720675709517767,0.0011413790588097328,0.0,8.720675709517767,0.0,False
CC1(C)C(C(=O)c2cn(CC3CCOCC3)c3ccc(OCCCCBr)cc23)C1(C)C,2,1,1,1,7.140021558357979,7.142667503568731,0.0026459452107516768,7.141344530963355,0.0026459452107516768,0.0,7.141344530963355,0.0,False
CC1(C)C(C(=O)c2cn(CC3CCOCC3)c3ccc(OCCCCO)cc23)C1(C)C,2,1,1,1,6.579994715040948,6.585026652029182,0.005031936988233454,6.582510683535065,0.005031936988233454,0.0,6.582510683535065,0.0,False
CC1(C)C(C(=O)c2cn(CC3CCOCC3)c3ccc(OCc4ccccc4)cc23)C1(C)C,2,1,1,1,8.886056647693163,8.899974269892137,0.0139176221989743,8.89301545879265,0.0139176221989743,0.0,8.89301545879265,0.0,False
CC1(C)C(C(=O)c2cn(CC3CCOCC3)c3cccc(O)c23)C1(C)C,2,1,1,1,8.4089353929735,8.410050398674292,0.0011150057007913716,8.409492895823895,0.0011150057007913716,0.0,8.409492895823895,0.0,False
CC1(C)C(C(=O)c2cn(CC3CCOCC3)c3cccc(OCc4ccccc4)c23)C1(C)C,2,1,1,1,8.029978734171634,8.031517051446064,0.0015383172744307672,8.030747892808849,0.0015383172744307672,0.0,8.030747892808849,0.0,False
CC1(C)C(C(=O)c2cn(CC3CCOCC3)c3ccccc23)C1(C)C,2,1,1,1,9.669992299127241,9.67778070526608,0.0077884061388395764,9.67388650219666,0.0077884061388395764,0.0,9.67388650219666,0.0,False
CC1(C)C(C(=O)c2cn(CC3OCCO3)c3ccccc23)C1(C)C,2,1,1,1,8.99012436628784,9.0,0.00987563371215927,8.99506218314392,0.00987563371215927,0.0,8.99506218314392,0.0,False
CC1(C)C(C(=O)c2cn(CCC(N)=O)c3ccccc23)C1(C)C,2,1,1,1,6.657577319177793,6.6599923820033275,0.0024150628255341644,6.6587848505905605,0.0024150628255341644,0.0,6.6587848505905605,0.0,False
CC1(C)C(C(=O)c2cn(CCC3CCOCC3)c3ccccc23)C1(C)C,2,1,1,1,8.55284196865778,8.560036064079096,0.0071940954213154384,8.556439016368438,0.0071940954213154384,0.0,8.556439016368438,0.0,False
CC1(C)C(C(=O)c2cn(CCCC(F)(F)F)c3ccccc23)C1(C)C,3,2,2,1,9.080921907623926,10.070019409484486,0.9890975018605594,10.045757490560675,0.02426191892381091,0.9769665423986549,9.569405178823253,-0.476352311737422,False
CC1(C)C(C(=O)c2cn(CCCCCO)c3ccccc23)C1(C)C,2,1,1,1,9.148741651280925,9.15002808767115,0.0012864363902238551,9.149384869476037,0.0012864363902238551,0.0,9.149384869476037,0.0,False
CC1(C)C(C(=O)c2cn(CCCCO)c3ccccc23)C1(C)C,2,1,1,1,8.657577319177793,8.659952682338607,0.0023753631608141035,8.658765000758201,0.0023753631608141035,0.0,8.658765000758201,0.0,False
CC1(C)C(C(=O)c2cn(CCCO)c3ccccc23)C1(C)C,2,1,1,1,8.669992299127241,8.67778070526608,0.0077884061388395764,8.67388650219666,0.0077884061388395764,0.0,8.67388650219666,0.0,False
CC1(C)C(C(=O)c2cn(CCN3C(=O)CCC3=O)c3ccccc23)C1(C)C,2,1,1,1,6.769551078621726,6.770011163455189,0.0004600848334632701,6.7697811210384575,0.0004600848334632701,0.0,6.7697811210384575,0.0,False
CC1(C)C(C(=O)c2cn(CCN3CCCC3)c3ccccc23)C1(C)C,2,1,1,1,8.230032198670557,8.236572006437063,0.0065398077665062004,8.233302102553811,0.0065398077665062004,0.0,8.233302102553811,0.0,False
CC1(C)C(C(=O)c2cn(CCN3CCCC3=O)c3ccccc23)C1(C)C,2,1,1,1,7.259637310505756,7.270025714300444,0.010388403794688195,7.2648315124031,0.010388403794688195,0.0,7.2648315124031,0.0,False
CC1(C)C(C(=O)c2cn(CCN3CCCCC3)c3ccccc23)C1(C)C,2,1,1,1,8.638272163982407,8.64994590642097,0.011673742438562229,8.644109035201687,0.011673742438562229,0.0,8.644109035201687,0.0,False
CC1(C)C(C(=O)c2cn(CCN3CCCCCC3)c3ccccc23)C1(C)C,2,1,1,1,7.585026652029182,7.590066876668706,0.005040224639524027,7.587546764348944,0.005040224639524027,0.0,7.587546764348944,0.0,False
CC1(C)C(C(=O)c2cn(CCN3CCOC3=O)c3ccccc23)C1(C)C,2,1,1,1,9.739928612014925,9.744727494896694,0.004798882881768662,9.74232805345581,0.004798882881768662,0.0,9.74232805345581,0.0,False
CC1(C)C(C(=O)c2cn(CCN3CCOCC3)c3cc(O)ccc23)C1(C)C,2,1,1,1,6.959991363986458,6.962573502059376,0.00258213807291785,6.961282433022918,0.00258213807291785,0.0,6.961282433022918,0.0,False
CC1(C)C(C(=O)c2cn(CCN3CCOCC3)c3cc(OCc4ccccc4)ccc23)C1(C)C,2,1,1,1,8.53003079050004,8.537602002101044,0.007571211601003824,8.533816396300542,0.007571211601003824,0.0,8.533816396300542,0.0,False
CC1(C)C(C(=O)c2cn(CCN3CCOCC3)c3ccc(O)cc23)C1(C)C,2,1,1,1,7.036212172654444,7.0400051616715835,0.0037929890171390923,7.038108667163014,0.0037929890171390923,0.0,7.038108667163014,0.0,False
CC1(C)C(C(=O)c2cn(CCN3CCOCC3)c3cccc(N)c23)C1(C)C,2,1,1,1,7.489991487059765,7.494850021680094,0.004858534620328925,7.492420754369929,0.004858534620328925,0.0,7.492420754369929,0.0,False
CC1(C)C(C(=O)c2cn(CCN3CCOCC3)c3cccc([N+](=O)[O-])c23)C1(C)C,2,1,1,1,6.527243550682788,6.530001357781253,0.0027578070984652925,6.52862245423202,0.0027578070984652925,0.0,6.52862245423202,0.0,False
CC1(C)C(C(=O)c2cn(CCN3CCOCC3)c3ccccc23)C1(C)C,3,2,2,1,8.337242168318426,8.36001575195841,0.022773583639985162,8.356547323513812,0.0034684284445987146,0.021039369417685805,8.347761853027269,-0.008785470486543545,False
CC1(C)C(C(=O)c2cn(CCO)c3ccccc23)C1(C)C,2,1,1,1,7.250031916490597,7.251811972993799,0.001780056503202232,7.250921944742198,0.001780056503202232,0.0,7.250921944742198,0.0,False
CC1(C)C(C(=O)c2cn(CCc3ccccn3)c3ccccc23)C1(C)C,2,1,1,1,7.160019442321657,7.167491087293763,0.007471644972106617,7.16375526480771,0.007471644972106617,0.0,7.16375526480771,0.0,False
CC1(C)C(C(=O)c2cn(CCc3cccnc3)c3ccccc23)C1(C)C,2,1,1,1,7.698970004336019,7.709965388637482,0.010995384301462963,7.70446769648675,0.010995384301462963,0.0,7.70446769648675,0.0,False
CC1(C)C(C(=O)c2cn(CCc3cccs3)c3ccccc23)C1(C)C,2,1,1,1,8.55284196865778,8.560036064079096,0.0071940954213154384,8.556439016368438,0.0071940954213154384,0.0,8.556439016368438,0.0,False
CC1(C)C(C(=O)c2cn(CCc3ccncc3)c3ccccc23)C1(C)C,2,1,1,1,7.508638306165727,7.510041520575165,0.001403214409438469,7.509339913370447,0.001403214409438469,0.0,7.509339913370447,0.0,False
CC1(C)C(C(=O)c2cn(CCc3ccsc3)c3ccccc23)C1(C)C,2,1,1,1,8.744727494896694,8.750068243365805,0.005340748469111034,8.747397869131248,0.005340748469111034,0.0,8.747397869131248,0.0,False
CC1(C)C(C(=O)c2cn(CCc3nsc(Cl)n3)c3ccccc23)C1(C)C,2,1,1,1,8.079981083971084,8.080921907623926,0.0009408236528418712,8.080451495797504,0.0009408236528418712,0.0,8.080451495797504,0.0,False
CC1(C)C(C(=O)c2cn(CCn3cccc3)c3ccccc23)C1(C)C,2,1,1,1,8.744727494896694,8.750068243365805,0.005340748469111034,8.747397869131248,0.005340748469111034,0.0,8.747397869131248,0.0,False
CC1(C)C(C(=O)c2cn(C[C@@H]3CCCO3)c3ccccc23)C1(C)C,2,1,1,1,8.480040819247932,8.481486060122112,0.0014452408741796319,8.480763439685022,0.0014452408741796319,0.0,8.480763439685022,0.0,False
CC1(C)C(C(=O)c2cn(C[C@H]3CCCO3)c3ccccc23)C1(C)C,2,1,1,1,8.419987887470576,8.42021640338319,0.00022851591261385806,8.420102145426883,0.00022851591261385806,0.0,8.420102145426883,0.0,False
CC1(C)C(C(=O)c2cn(Cc3ccccc3)c3ccccc23)C1(C)C,2,1,1,1,8.086186147616283,8.090016305060155,0.00383015744387194,8.08810122633822,0.00383015744387194,0.0,8.08810122633822,0.0,False
CC1(C)C(C(=O)c2cn(Cc3cccnc3)c3ccccc23)C1(C)C,2,1,1,1,7.51999305704285,7.522878745280337,0.0028856882374874715,7.521435901161594,0.0028856882374874715,0.0,7.521435901161594,0.0,False
CC1(C)C(C(=O)c2cn(Cc3ccncc3)c3ccccc23)C1(C)C,2,1,1,1,8.431798275933005,8.439973751087107,0.00817547515410233,8.435886013510057,0.00817547515410233,0.0,8.435886013510057,0.0,False
CC1(C)C2CCC(CNC(=O)c3nn(-c4ccc(Cl)cc4Cl)c4c3CCCc3cc(Cl)ccc3-4)C1C2,1,1,1,1,7.709965388637482,7.709965388637482,0.0,7.709965388637482,0.0,0.0,7.709965388637482,0.0,False
CC1(C)C2CCC(CNC(=O)c3nn(-c4ccc(Cl)cc4Cl)c4c3CCCc3ccc(Cl)cc3-4)C1C2,1,1,1,1,7.866461091629782,7.866461091629782,0.0,7.866461091629782,0.0,0.0,7.866461091629782,0.0,False
CC1(C)C2CC[C@@H](CNC(=O)c3cc4c5cccnc5cc(-c5ccc(Cl)cc5Cl)n4n3)C1C2,1,1,1,1,7.173925197299173,7.173925197299173,0.0,7.173925197299173,0.0,0.0,7.173925197299173,0.0,False
CC1(C)C2CC[C@@](C)(C2)C1NC(=O)c1nn(-c2ccc(Cl)cc2Cl)c2c1CCc1cc(C3CC3)ccc1-2,1,1,1,1,5.25829701604226,5.25829701604226,0.0,5.25829701604226,0.0,0.0,5.25829701604226,0.0,False
CC1(C)C2CC[C@@](C)(C2)C1NC(=O)c1nn(-c2ccc(Cl)cc2Cl)c2c1Cc1cc(C3CC3)ccc1-2,1,1,1,1,8.221848749616356,8.221848749616356,0.0,8.221848749616356,0.0,0.0,8.221848749616356,0.0,False
CC1(C)C2CC[C@](C)(C2)[C@@H]1NC(=O)c1c[nH]c2cc(F)ccc2c1=O,1,1,1,1,6.01904268377038,6.01904268377038,0.0,6.01904268377038,0.0,0.0,6.01904268377038,0.0,False
CC1(C)C2CC[C@](C)(C2)[C@@H]1NC(=O)c1cn(CCCCO)c2cc(F)ccc2c1=O,1,1,1,1,7.818156412055227,7.818156412055227,0.0,7.818156412055227,0.0,0.0,7.818156412055227,0.0,False
CC1(C)C2CC[C@](C)(C2)[C@@H]1NC(=O)c1cn(CCCCO)c2cc(Sc3ccccc3)ccc2c1=O,1,1,1,1,8.602059991327963,8.602059991327963,0.0,8.602059991327963,0.0,0.0,8.602059991327963,0.0,False
CC1(C)C2CC[C@](C)(C2)[C@@H]1NC(=O)c1cn(CCCCSc2ccccc2)c2cc(Sc3ccccc3)ccc2c1=O,1,1,1,1,8.187086643357144,8.187086643357144,0.0,8.187086643357144,0.0,0.0,8.187086643357144,0.0,False
CC1(C)CN(C(=O)C23CC4CC(CC(C4)C2)C3)c2ccccc21,1,1,1,1,6.301029995663981,6.301029995663981,0.0,6.301029995663981,0.0,0.0,6.301029995663981,0.0,False
CC1(C)COc2cccc3c(=O)c(C(=O)NC45CC6CC(CC(C6)C4)C5)cn1c23,1,1,1,1,7.251811972993799,7.251811972993799,0.0,7.251811972993799,0.0,0.0,7.251811972993799,0.0,False
CC1(C)Cc2ccc(C#N)cc2[C@@H]1NC(=O)c1cc2cc(Cl)ccc2[nH]1,1,1,1,1,9.148741651280925,9.148741651280925,0.0,9.148741651280925,0.0,0.0,9.148741651280925,0.0,False
CC1(C)Oc2cc(C(=O)N3C4CC5CC3CC(C4)O5)cc(O)c2[C@@H]2C[C@@H](O)CC[C@H]21,1,1,1,1,4.6020599913279625,4.6020599913279625,0.0,4.6020599913279625,0.0,0.0,4.6020599913279625,0.0,False
CC1(C)Oc2cc(C(=O)N3C4CC5CC3CC(C4)O5)cc(O)c2[C@@H]2C[C@H](O)CC[C@H]21,1,1,1,1,4.698970004336019,4.698970004336019,0.0,4.698970004336019,0.0,0.0,4.698970004336019,0.0,False
CC1(C)Oc2cc(C(=O)NC34CC5CC(CC(C5)C3)C4)cc(O)c2[C@@H]2C[C@@H](O)CC[C@H]21,1,1,1,1,4.455931955649724,4.455931955649724,0.0,4.455931955649724,0.0,0.0,4.455931955649724,0.0,False
CC1(C)Oc2cc(C(=O)NC34CC5CC(CC(C5)C3)C4)cc(O)c2[C@@H]2C[C@H](O)CC[C@H]21,1,1,1,1,5.060480747381382,5.060480747381382,0.0,5.060480747381382,0.0,0.0,5.060480747381382,0.0,False
CC1(C)Oc2cc(C(=O)NC3C4CC5CC(C4)CC3C5)cc(O)c2[C@@H]2C[C@@H](O)CC[C@H]21,1,1,1,1,4.823908740944319,4.823908740944319,0.0,4.823908740944319,0.0,0.0,4.823908740944319,0.0,False
CC1(C)Oc2cc(C(=O)NC3C4CC5CC(C4)CC3C5)cc(O)c2[C@@H]2C[C@H](O)CC[C@H]21,1,1,1,1,5.568636235841012,5.568636235841012,0.0,5.568636235841012,0.0,0.0,5.568636235841012,0.0,False
CC1(C)Oc2cc(C(=O)c3c[nH]c4ccccc34)cc(O)c2[C@@H]2C[C@H](O)CC[C@H]21,1,1,1,1,6.799696817018415,6.799696817018415,0.0,6.799696817018415,0.0,0.0,6.799696817018415,0.0,False
CC1(C)Oc2cc(C(=O)c3cc4ccccc4o3)cc(O)c2[C@@H]2C[C@H](O)CC[C@H]21,1,1,1,1,6.6790233226571765,6.6790233226571765,0.0,6.6790233226571765,0.0,0.0,6.6790233226571765,0.0,False
CC1(C)Oc2cc(C(=O)c3cc4ccccc4s3)cc(O)c2[C@@H]2C[C@H](O)CC[C@H]21,1,1,1,1,6.946537395074545,6.946537395074545,0.0,6.946537395074545,0.0,0.0,6.946537395074545,0.0,False
CC1(C)Oc2cc(C(=O)c3cccc(C(F)(F)F)c3)cc(O)c2[C@@H]2C[C@H](O)CC[C@H]21,1,1,1,1,7.428291168191312,7.428291168191312,0.0,7.428291168191312,0.0,0.0,7.428291168191312,0.0,False
CC1(C)Oc2cc(C(=O)c3ccccc3)cc(O)c2[C@@H]2C[C@H](O)CC[C@H]21,1,1,1,1,6.231361898752386,6.231361898752386,0.0,6.231361898752386,0.0,0.0,6.231361898752386,0.0,False
CC1(C)Oc2cc(C(=O)c3ccsc3)cc(O)c2[C@@H]2C[C@H](O)CC[C@H]21,1,1,1,1,5.809388202186395,5.809388202186395,0.0,5.809388202186395,0.0,0.0,5.809388202186395,0.0,False
CC1(C)Oc2cc(C(=O)c3coc4ccccc34)cc(O)c2[C@@H]2C[C@H](O)CC[C@H]21,1,1,1,1,6.927382523454764,6.927382523454764,0.0,6.927382523454764,0.0,0.0,6.927382523454764,0.0,False
CC1(C)Oc2cc(C(=O)c3csc4ccccc34)cc(O)c2[C@@H]2C[C@H](O)CC[C@H]21,1,1,1,1,6.903785414653594,6.903785414653594,0.0,6.903785414653594,0.0,0.0,6.903785414653594,0.0,False
CC1(C)Oc2cc(C3(CCCCCBr)CCC3)cc(O)c2[C@@H]2CC(=O)CC[C@H]21,1,1,1,1,8.230622673923861,8.230622673923861,0.0,8.230622673923861,0.0,0.0,8.230622673923861,0.0,False
CC1(C)Oc2cc(C3(CCCCCBr)CCC3)cc(O)c2[C@@H]2C[C@@H](O)CC[C@H]21,1,1,1,1,8.787812395596042,8.787812395596042,0.0,8.787812395596042,0.0,0.0,8.787812395596042,0.0,False
CC1(C)Oc2cc(C3(CCCCCBr)CCC3)cc(O)c2[C@@H]2C[C@H](O)CC[C@H]21,1,1,1,1,8.790484985457368,8.790484985457368,0.0,8.790484985457368,0.0,0.0,8.790484985457368,0.0,False
CC1(C)Oc2cc(C3(CCCCCBr)CCCC3)cc(O)c2[C@@H]2CC(=O)CC[C@H]21,1,1,1,1,8.87942606879415,8.87942606879415,0.0,8.87942606879415,0.0,0.0,8.87942606879415,0.0,False
CC1(C)Oc2cc(C3(CCCCCCBr)CCCC3)cc(O)c2[C@@H]2CC(=O)CC[C@H]21,1,1,1,1,8.51999305704285,8.51999305704285,0.0,8.51999305704285,0.0,0.0,8.51999305704285,0.0,False
CC1(C)Oc2cc(C3(CCCCCCC#N)CCCC3)cc(O)c2[C@@H]2C[C@H](CO)CC[C@H]21,1,1,1,1,8.853871964321762,8.853871964321762,0.0,8.853871964321762,0.0,0.0,8.853871964321762,0.0,False
CC1(C)Oc2cc(C3(CCCCCCCC#N)CCCC3)cc(O)c2[C@@H]2C[C@H](CN=C=S)CC[C@H]21,1,1,1,1,9.221848749616356,9.221848749616356,0.0,9.221848749616356,0.0,0.0,9.221848749616356,0.0,False
CC1(C)Oc2cc(C3(CCCCCCCC#N)CCCC3)cc(O)c2[C@@H]2C[C@H](CN=[N+]=[N-])CC[C@H]21,1,1,1,1,9.522878745280337,9.522878745280337,0.0,9.522878745280337,0.0,0.0,9.522878745280337,0.0,False
CC1(C)Oc2cc(C3(CCCCCCCC#N)CCCC3)cc(O)c2[C@@H]2C[C@H](CO)CC[C@H]21,1,1,1,1,9.397940008672037,9.397940008672037,0.0,9.397940008672037,0.0,0.0,9.397940008672037,0.0,False
CC1(C)Oc2cc(C3(CCCCCCCN=C=S)CCCC3)cc(O)c2[C@@H]2C[C@H](CN=C=S)CC[C@H]21,1,1,1,1,8.3767507096021,8.3767507096021,0.0,8.3767507096021,0.0,0.0,8.3767507096021,0.0,False
CC1(C)Oc2cc(C3(CCCCCCCN=C=S)CCCC3)cc(O)c2[C@@H]2C[C@H](CO)CC[C@H]21,1,1,1,1,9.0,9.0,0.0,9.0,0.0,0.0,9.0,0.0,False
CC1(C)Oc2cc(C3(CCCCCCCN=[N+]=[N-])CCCC3)cc(O)c2[C@@H]2C[C@H](CN=[N+]=[N-])CC[C@H]21,1,1,1,1,8.823908740944319,8.823908740944319,0.0,8.823908740944319,0.0,0.0,8.823908740944319,0.0,False
CC1(C)Oc2cc(C3(CCCCCCCN=[N+]=[N-])CCCC3)cc(O)c2[C@@H]2C[C@H](CO)CC[C@H]21,1,1,1,1,8.823908740944319,8.823908740944319,0.0,8.823908740944319,0.0,0.0,8.823908740944319,0.0,False
CC1(C)Oc2cc(C3(CCCCCCN=C=S)CCCC3)cc(O)c2[C@@H]2C[C@H](CO)CC[C@H]21,1,1,1,1,8.886056647693163,8.886056647693163,0.0,8.886056647693163,0.0,0.0,8.886056647693163,0.0,False
CC1(C)Oc2cc(C3(CCCCCCN=[N+]=[N-])CCCC3)cc(O)c2[C@@H]2C[C@H](CO)CC[C@H]21,1,1,1,1,9.096910013008056,9.096910013008056,0.0,9.096910013008056,0.0,0.0,9.096910013008056,0.0,False
CC1(C)Oc2cc(C34CC5CC(CC(C#N)(C5)O3)C4)cc(O)c2[C@@H]2C[C@H](O)CC[C@H]21,1,1,1,1,7.498940737782249,7.498940737782249,0.0,7.498940737782249,0.0,0.0,7.498940737782249,0.0,False
CC1(C)Oc2cc(C34CC5CC(CC(C(N)=O)(C5)O3)C4)cc(O)c2[C@@H]2C[C@H](CO)CC[C@H]21,1,1,1,1,7.037157318798758,7.037157318798758,0.0,7.037157318798758,0.0,0.0,7.037157318798758,0.0,False
CC1(C)Oc2cc(C34CC5CC(CC(C(N)=O)(C5)O3)C4)cc(O)c2[C@@H]2C[C@H](O)CC[C@H]21,1,1,1,1,6.432973633840939,6.432973633840939,0.0,6.432973633840939,0.0,0.0,6.432973633840939,0.0,False
CC1(C)Oc2cc(C34CC5CC(CC(C5)C3)C4)cc(O)c2-c2cc(CO)ccc21,1,1,1,1,7.330683119433887,7.330683119433887,0.0,7.330683119433887,0.0,0.0,7.330683119433887,0.0,False
CC1(C)Oc2cc(C34CC5CC(CC(C5)C3)C4)cc(O)c2-c2cc(O)ccc21,1,1,1,1,6.2588484011482155,6.2588484011482155,0.0,6.2588484011482155,0.0,0.0,6.2588484011482155,0.0,False
CC1(C)Oc2cc(C34CC5CC(CC(C5)C3)C4)cc(O)c2[C@@H]2CC(=O)CC[C@H]21,1,1,1,1,6.471083299722345,6.471083299722345,0.0,6.471083299722345,0.0,0.0,6.471083299722345,0.0,False
CC1(C)Oc2cc(C34CC5CC(CC(C5)C3)C4)cc(O)c2[C@@H]2CC(CO)=CC[C@H]21,1,1,1,1,7.853871964321762,7.853871964321762,0.0,7.853871964321762,0.0,0.0,7.853871964321762,0.0,False
CC1(C)Oc2cc(C34CC5CC(CC(C5)C3)C4)cc(O)c2[C@@H]2C[C@@H](C=O)CC[C@H]21,1,1,1,1,8.045757490560675,8.045757490560675,0.0,8.045757490560675,0.0,0.0,8.045757490560675,0.0,False
CC1(C)Oc2cc(C34CC5CC(CC(C5)C3)C4)cc(O)c2[C@@H]2C[C@@H](CC=O)CC[C@H]21,1,1,1,1,8.10790539730952,8.10790539730952,0.0,8.10790539730952,0.0,0.0,8.10790539730952,0.0,False
CC1(C)Oc2cc(C34CC5CC(CC(C5)C3)C4)cc(O)c2[C@@H]2C[C@@H](CCO)CC[C@H]21,1,1,1,1,6.437350327788083,6.437350327788083,0.0,6.437350327788083,0.0,0.0,6.437350327788083,0.0,False
CC1(C)Oc2cc(C34CC5CC(CC(C5)C3)C4)cc(O)c2[C@@H]2C[C@@H](CO)CC[C@H]21,1,1,1,1,6.916497380169733,6.916497380169733,0.0,6.916497380169733,0.0,0.0,6.916497380169733,0.0,False
CC1(C)Oc2cc(C34CC5CC(CC(C5)C3)C4)cc(O)c2[C@@H]2C[C@@H](O)CC[C@H]21,1,1,1,1,6.172760000494355,6.172760000494355,0.0,6.172760000494355,0.0,0.0,6.172760000494355,0.0,False
CC1(C)Oc2cc(C34CC5CC(CC(C5)C3)C4)cc(O)c2[C@@H]2C[C@H](C=O)CC[C@H]21,1,1,1,1,8.259637310505756,8.259637310505756,0.0,8.259637310505756,0.0,0.0,8.259637310505756,0.0,False
CC1(C)Oc2cc(C34CC5CC(CC(C5)C3)C4)cc(O)c2[C@@H]2C[C@H](CC#N)CC[C@H]21,1,1,1,1,6.998699066979582,6.998699066979582,0.0,6.998699066979582,0.0,0.0,6.998699066979582,0.0,False
CC1(C)Oc2cc(C34CC5CC(CC(C5)C3)C4)cc(O)c2[C@@H]2C[C@H](CC=O)CC[C@H]21,1,1,1,1,7.950781977329818,7.950781977329818,0.0,7.950781977329818,0.0,0.0,7.950781977329818,0.0,False
CC1(C)Oc2cc(C34CC5CC(CC(C5)C3)C4)cc(O)c2[C@@H]2C[C@H](CCO)CC[C@H]21,1,1,1,1,7.47755576649368,7.47755576649368,0.0,7.47755576649368,0.0,0.0,7.47755576649368,0.0,False
CC1(C)Oc2cc(C34CC5CC(CC(C5)C3)C4)cc(O)c2[C@@H]2C[C@H](CI)CC[C@H]21,1,1,1,1,6.582196277360119,6.582196277360119,0.0,6.582196277360119,0.0,0.0,6.582196277360119,0.0,False
CC1(C)Oc2cc(C34CC5CC(CC(C5)C3)C4)cc(O)c2[C@@H]2C[C@H](CO)CC[C@H]21,1,1,1,1,7.94692155651658,7.94692155651658,0.0,7.94692155651658,0.0,0.0,7.94692155651658,0.0,False
CC1(C)Oc2cc(C34CC5CC(CC(C5)C3)C4)cc(O)c2[C@@H]2C[C@H](O)CC[C@H]21,1,1,1,1,7.392544976785332,7.392544976785332,0.0,7.392544976785332,0.0,0.0,7.392544976785332,0.0,False
CC1(C)Oc2cc(C34CC5CC(CC(C5)O3)C4)cc(O)c2[C@@H]2C[C@@H](O)CC[C@H]21,1,1,1,1,5.886056647693163,5.886056647693163,0.0,5.886056647693163,0.0,0.0,5.886056647693163,0.0,False
CC1(C)Oc2cc(C34CC5CC(CC(C5)O3)C4)cc(O)c2[C@@H]2C[C@H](O)CC[C@H]21,1,1,1,1,7.721246399047171,7.721246399047171,0.0,7.721246399047171,0.0,0.0,7.721246399047171,0.0,False
CC1(C)Oc2cc(C34CC5CC(CC(CN=C=S)(C5)O3)C4)cc(O)c2[C@@H]2C[C@H](CO)CC[C@H]21,1,1,1,1,8.327902142064282,8.327902142064282,0.0,8.327902142064282,0.0,0.0,8.327902142064282,0.0,False
CC1(C)Oc2cc(C34CC5CC(CC(CN=C=S)(C5)O3)C4)cc(O)c2[C@@H]2C[C@H](O)CC[C@H]21,1,1,1,1,8.443697499232712,8.443697499232712,0.0,8.443697499232712,0.0,0.0,8.443697499232712,0.0,False
CC1(C)Oc2cc(C34CC5CC(CC(CN=[N+]=[N-])(C5)O3)C4)cc(O)c2[C@@H]2C[C@H](CO)CC[C@H]21,1,1,1,1,8.657577319177793,8.657577319177793,0.0,8.657577319177793,0.0,0.0,8.657577319177793,0.0,False
CC1(C)Oc2cc(C34CC5CC(CC(CN=[N+]=[N-])(C5)O3)C4)cc(O)c2[C@@H]2C[C@H](O)CC[C@H]21,1,1,1,1,8.508638306165727,8.508638306165727,0.0,8.508638306165727,0.0,0.0,8.508638306165727,0.0,False
CC1(C)Oc2cc(CN3C4CC5CC3CC(C4)O5)cc(O)c2[C@@H]2C[C@@H](O)CC[C@H]21,1,1,1,1,5.301029995663981,5.301029995663981,0.0,5.301029995663981,0.0,0.0,5.301029995663981,0.0,False
CC1(C)Oc2cc(CN3C4CC5CC3CC(C4)O5)cc(O)c2[C@@H]2C[C@H](O)CC[C@H]21,1,1,1,1,4.823908740944319,4.823908740944319,0.0,4.823908740944319,0.0,0.0,4.823908740944319,0.0,False
CC1(C)Oc2cc(CNC34CC5CC(CC(C5)C3)C4)cc(O)c2[C@@H]2C[C@@H](O)CC[C@H]21,1,1,1,1,4.6020599913279625,4.6020599913279625,0.0,4.6020599913279625,0.0,0.0,4.6020599913279625,0.0,False
CC1(C)Oc2cc(CNC34CC5CC(CC(C5)C3)C4)cc(O)c2[C@@H]2C[C@H](O)CC[C@H]21,1,1,1,1,5.0,5.0,0.0,5.0,0.0,0.0,5.0,0.0,False
CC1(C)Oc2cc(CNC3C4CC5CC(C4)CC3C5)cc(O)c2[C@@H]2C[C@@H](O)CC[C@H]21,1,1,1,1,4.6020599913279625,4.6020599913279625,0.0,4.6020599913279625,0.0,0.0,4.6020599913279625,0.0,False
CC1(C)Oc2cc(CNC3C4CC5CC(C4)CC3C5)cc(O)c2[C@@H]2C[C@H](O)CC[C@H]21,1,1,1,1,4.698970004336019,4.698970004336019,0.0,4.698970004336019,0.0,0.0,4.698970004336019,0.0,False
CC1(C)Oc2cc(N3C4CC5CC3CC(C4)O5)cc(O)c2[C@@H]2C[C@@H](O)CC[C@H]21,1,1,1,1,4.826813731587726,4.826813731587726,0.0,4.826813731587726,0.0,0.0,4.826813731587726,0.0,False
CC1(C)Oc2cc(N3C4CC5CC3CC(C4)O5)cc(O)c2[C@@H]2C[C@H](O)CC[C@H]21,1,1,1,1,5.7447274948966935,5.7447274948966935,0.0,5.7447274948966935,0.0,0.0,5.7447274948966935,0.0,False
CC1(C)Oc2cc([C@]34CC5CC(C[C@@](C#N)(C5)C3)C4)cc(O)c2[C@@H]2C[C@H](O)CC[C@H]21,1,1,1,1,8.3767507096021,8.3767507096021,0.0,8.3767507096021,0.0,0.0,8.3767507096021,0.0,False
CC1(C)Oc2cc([C@]34CC5CC(C[C@@](C(N)=O)(C5)C3)C4)cc(O)c2[C@@H]2C[C@H](O)CC[C@H]21,1,1,1,1,6.4723700991286615,6.4723700991286615,0.0,6.4723700991286615,0.0,0.0,6.4723700991286615,0.0,False
CC1(C)Oc2cc([C@]34CC5CC(C[C@@](CC#N)(C5)C3)C4)cc(O)c2[C@@H]2C[C@H](O)CC[C@H]21,1,1,1,1,8.337242168318426,8.337242168318426,0.0,8.337242168318426,0.0,0.0,8.337242168318426,0.0,False
CC1(C)Oc2cc([C@]34CC5CC(C[C@@](CN=C=S)(C5)C3)C4)cc(O)c2[C@@H]2C[C@H](O)CC[C@H]21,1,1,1,1,7.987162775294828,7.987162775294828,0.0,7.987162775294828,0.0,0.0,7.987162775294828,0.0,False
CC1(C)Oc2cc([C@]34CC5CC(C[C@@](CN=[N+]=[N-])(C5)C3)C4)cc(O)c2[C@@H]2C[C@H](O)CC[C@H]21,1,1,1,1,8.017728766960431,8.017728766960431,0.0,8.017728766960431,0.0,0.0,8.017728766960431,0.0,False
CC1(C)Oc2cc([C@]34CC5CC(C[C@@](N=C=S)(C5)C3)C4)cc(O)c2[C@@H]2C[C@H](O)CC[C@H]21,1,1,1,1,7.882728704344236,7.882728704344236,0.0,7.882728704344236,0.0,0.0,7.882728704344236,0.0,False
CC1(C)Oc2cc([C@]34CC5CC(C[C@@](N=[N+]=[N-])(C5)C3)C4)cc(O)c2[C@@H]2C[C@H](O)CC[C@H]21,1,1,1,1,7.605548319173783,7.605548319173783,0.0,7.605548319173783,0.0,0.0,7.605548319173783,0.0,False
CC1(C)[C@@H]2CC[C@]1(C)[C@H](NC(=O)c1nn(-c3ccc(Cl)cc3Cl)c3c1Cc1cc(C4CC4)ccc1-3)C2,1,1,1,1,7.42021640338319,7.42021640338319,0.0,7.42021640338319,0.0,0.0,7.42021640338319,0.0,False
CC1(C)[C@H]2CC[C@](C)(C2)[C@@H]1NC(=O)c1ccc(Br)c(S(=O)(=O)N2CCCC2)c1,1,1,1,1,8.0268721464003,8.0268721464003,0.0,8.0268721464003,0.0,0.0,8.0268721464003,0.0,False
CC1(C)[C@H]2CC[C@](C)(C2)[C@@H]1NC(=O)c1ccc(Br)c(S(=O)(=O)N2CCCCC2)c1,1,1,1,1,7.886056647693163,7.886056647693163,0.0,7.886056647693163,0.0,0.0,7.886056647693163,0.0,False
CC1(C)[C@H]2CC[C@](C)(C2)[C@@H]1NC(=O)c1ccc(Br)c(S(=O)(=O)N2CCOCC2)c1,1,1,1,1,8.455931955649724,8.455931955649724,0.0,8.455931955649724,0.0,0.0,8.455931955649724,0.0,False
CC1(CNS(=O)(=O)C(F)(F)F)CCN(S(=O)(=O)c2ccc(Cl)cc2S(=O)(=O)c2ccccc2F)CC1,1,1,1,1,9.4089353929735,9.4089353929735,0.0,9.4089353929735,0.0,0.0,9.4089353929735,0.0,False
CC1(Cc2ccccc2)COc2cc(C(=O)N3CCCCC3)ccc21,1,1,1,1,6.374687549038326,6.374687549038326,0.0,6.374687549038326,0.0,0.0,6.374687549038326,0.0,False
CC12CC3CC(C)(C1)CC(NC(=O)c1cn(CCCc4ccccc4)c4ccccc4c1=O)(C3)C2,1,1,1,1,6.795880017344075,6.795880017344075,0.0,6.795880017344075,0.0,0.0,6.795880017344075,0.0,False
CC12CC3CC(C)(C1)CC(NC(=O)c1cn(CCN4CCOCC4)c4ccccc4c1=O)(C3)C2,1,1,1,1,6.655607726314889,6.655607726314889,0.0,6.655607726314889,0.0,0.0,6.655607726314889,0.0,False
CC12CC3CC(C)(C1)CC(NC(=O)c1cn(CCc4ccccc4)c4ccccc4c1=O)(C3)C2,1,1,1,1,6.47755576649368,6.47755576649368,0.0,6.47755576649368,0.0,0.0,6.47755576649368,0.0,False
CC12CC3CC(C)(C1)CC(NC(=O)c1cn(Cc4ccc(F)cc4)c4ccccc4c1=O)(C3)C2,1,1,1,1,7.078833949362261,7.078833949362261,0.0,7.078833949362261,0.0,0.0,7.078833949362261,0.0,False
CC12CC3CC(C)(C1)CC(NC(=O)c1cn(Cc4ccccc4)c4ccccc4c1=O)(C3)C2,1,1,1,1,6.1778319206319825,6.1778319206319825,0.0,6.1778319206319825,0.0,0.0,6.1778319206319825,0.0,False
CC12CC3CC(C)(C1)CC(NC(=O)c1cn4c5c(cccc5c1=O)OCC4c1ccccc1)(C3)C2,1,1,1,1,8.462180904926726,8.462180904926726,0.0,8.462180904926726,0.0,0.0,8.462180904926726,0.0,False
CC1=C(C(=O)c2cccc3ccccc23)C2C=CC=C3OC[C@@H](CN4CCOCC4)N1C32,1,1,1,1,8.602059991327963,8.602059991327963,0.0,8.602059991327963,0.0,0.0,8.602059991327963,0.0,False
CC1=CC[C@@H]2[C@@H](C1)c1c(O)cc(C(C)(C)C(=O)CCCCBr)cc1OC2(C)C,1,1,1,1,9.096910013008056,9.096910013008056,0.0,9.096910013008056,0.0,0.0,9.096910013008056,0.0,False
CC1=CC[C@@H]2[C@@H](C1)c1c(O)cc(C(C)(C)C(=O)OCCBr)cc1OC2(C)C,2,2,2,1,8.113509274827518,8.537602002101044,0.42409272727352665,8.32555563846428,0.0,0.42409272727352665,8.32555563846428,0.0,False
CC1=CC[C@@H]2[C@@H](C1)c1c(O)cc(C(C)(C)C(=O)OCCCBr)cc1OC2(C)C,2,2,2,1,9.154901959985743,9.221848749616356,0.06694678963061307,9.18837535480105,0.0,0.06694678963061307,9.18837535480105,0.0,False
CC1=CC[C@@H]2[C@@H](C1)c1c(O)cc(C(C)(C)C(=O)OCCCC#N)cc1OC2(C)C,1,1,1,1,8.853871964321762,8.853871964321762,0.0,8.853871964321762,0.0,0.0,8.853871964321762,0.0,False
CC1=CC[C@@H]2[C@@H](C1)c1c(O)cc(C(C)(C)C(=O)OCCCCBr)cc1OC2(C)C,1,1,1,1,9.096910013008056,9.096910013008056,0.0,9.096910013008056,0.0,0.0,9.096910013008056,0.0,False
CC1=CC[C@@H]2[C@@H](C1)c1c(O)cc(C(C)(C)C(=O)OCCCCC#N)cc1OC2(C)C,1,1,1,1,9.045757490560675,9.045757490560675,0.0,9.045757490560675,0.0,0.0,9.045757490560675,0.0,False
CC1=CC[C@@H]2[C@@H](C1)c1c(O)cc(C(C)(C)C(=O)OCCCCCBr)cc1OC2(C)C,1,1,1,1,9.221848749616356,9.221848749616356,0.0,9.221848749616356,0.0,0.0,9.221848749616356,0.0,False
CC1=CC[C@@H]2[C@@H](C1)c1c(O)cc(C(C)(C)C(=O)OCCCCN3CCOCC3)cc1OC2(C)C,1,1,1,1,7.399027104313252,7.399027104313252,0.0,7.399027104313252,0.0,0.0,7.399027104313252,0.0,False
CC1=CC[C@@H]2[C@@H](C1)c1c(O)cc(C(C)(C)C(=O)OCCCCn3ccnc3)cc1OC2(C)C,2,2,2,1,8.060480747381382,8.113509274827518,0.053028527446135953,8.086995011104449,0.0,0.053028527446135953,8.086995011104449,0.0,False
CC1=CC[C@@H]2[C@@H](C1)c1c(O)cc(C(C)(C)C(=O)OCCCN=[N+]=[N-])cc1OC2(C)C,1,1,1,1,9.096910013008056,9.096910013008056,0.0,9.096910013008056,0.0,0.0,9.096910013008056,0.0,False
CC1=CC[C@@H]2[C@@H](C1)c1c(O)cc(C(C)(C)C(=O)OCCCn3ccnc3)cc1OC2(C)C,2,2,2,1,8.886056647693163,8.920818753952375,0.034762106259211834,8.903437700822769,0.0,0.034762106259211834,8.903437700822769,0.0,False
CC1=CC[C@@H]2[C@@H](C1)c1c(O)cc(C(C)(C)c3cc(C)cc(C)c3)cc1OC2(C)C,1,1,1,1,8.127843727251708,8.127843727251708,0.0,8.127843727251708,0.0,0.0,8.127843727251708,0.0,False
CC1=CC[C@@H]2[C@@H](C1)c1c(O)cc(C(C)(C)c3ccc(Br)cc3)cc1OC2(C)C,1,1,1,1,8.812479279163536,8.812479279163536,0.0,8.812479279163536,0.0,0.0,8.812479279163536,0.0,False
CC1=CC[C@@H]2[C@@H](C1)c1c(O)cc(C(C)(C)c3ccc(C#N)cc3)cc1OC2(C)C,1,1,1,1,8.596879478824182,8.596879478824182,0.0,8.596879478824182,0.0,0.0,8.596879478824182,0.0,False
CC1=CC[C@@H]2[C@@H](C1)c1c(O)cc(C(C)(C)c3ccc(C(N)=O)cc3)cc1OC2(C)C,1,1,1,1,7.866461091629782,7.866461091629782,0.0,7.866461091629782,0.0,0.0,7.866461091629782,0.0,False
CC1=CC[C@@H]2[C@@H](C1)c1c(O)cc(C(C)(C)c3ccc(C)cc3)cc1OC2(C)C,1,1,1,1,9.05551732784983,9.05551732784983,0.0,9.05551732784983,0.0,0.0,9.05551732784983,0.0,False
CC1=CC[C@@H]2[C@@H](C1)c1c(O)cc(C(C)(C)c3ccc(Cl)cc3)cc1OC2(C)C,1,1,1,1,8.774690718274137,8.774690718274137,0.0,8.774690718274137,0.0,0.0,8.774690718274137,0.0,False
CC1=CC[C@@H]2[C@@H](C1)c1c(O)cc(C(C)(C)c3ccc(F)cc3)cc1OC2(C)C,1,1,1,1,7.906578314837764,7.906578314837764,0.0,7.906578314837764,0.0,0.0,7.906578314837764,0.0,False
CC1=CC[C@@H]2[C@@H](C1)c1c(O)cc(C(C)(C)c3cccc(Br)c3)cc1OC2(C)C,1,1,1,1,9.267606240177031,9.267606240177031,0.0,9.267606240177031,0.0,0.0,9.267606240177031,0.0,False
CC1=CC[C@@H]2[C@@H](C1)c1c(O)cc(C(C)(C)c3cccc(C#N)c3)cc1OC2(C)C,1,1,1,1,9.040958607678906,9.040958607678906,0.0,9.040958607678906,0.0,0.0,9.040958607678906,0.0,False
CC1=CC[C@@H]2[C@@H](C1)c1c(O)cc(C(C)(C)c3cccc(C)c3)cc1OC2(C)C,1,1,1,1,8.94692155651658,8.94692155651658,0.0,8.94692155651658,0.0,0.0,8.94692155651658,0.0,False
CC1=CC[C@@H]2[C@@H](C1)c1c(O)cc(C(C)(C)c3cccc(Cl)c3)cc1OC2(C)C,1,1,1,1,8.450996737974211,8.450996737974211,0.0,8.450996737974211,0.0,0.0,8.450996737974211,0.0,False
CC1=CC[C@@H]2[C@@H](C1)c1c(O)cc(C(C)(C)c3cccc(F)c3)cc1OC2(C)C,1,1,1,1,9.045757490560675,9.045757490560675,0.0,9.045757490560675,0.0,0.0,9.045757490560675,0.0,False
CC1=CC[C@@H]2[C@@H](C1)c1c(O)cc(C(C)(C)c3ccccc3C)cc1OC2(C)C,1,1,1,1,7.972650392225243,7.972650392225243,0.0,7.972650392225243,0.0,0.0,7.972650392225243,0.0,False
CC1=CC[C@@H]2[C@@H](C1)c1c(O)cc(C(C)(C)c3cccs3)cc1OC2(C)C,2,2,2,1,9.040958607678906,9.568636235841012,0.5276776281621061,9.30479742175996,0.0,0.5276776281621061,9.30479742175996,0.0,False
CC1=CC[C@@H]2[C@@H](C1)c1c(O)cc(C3(C(=O)OCCCCBr)CCC3)cc1OC2(C)C,1,1,1,1,9.154901959985743,9.154901959985743,0.0,9.154901959985743,0.0,0.0,9.154901959985743,0.0,False
CC1=CC[C@@H]2[C@@H](C1)c1c(O)cc(C3(C(=O)OCCCCC#N)CCC3)cc1OC2(C)C,1,1,1,1,8.744727494896694,8.744727494896694,0.0,8.744727494896694,0.0,0.0,8.744727494896694,0.0,False
CC1=CC[C@@H]2[C@@H](C1)c1c(O)cc(C3(C(=O)OCCCCN=[N+]=[N-])CCC3)cc1OC2(C)C,1,1,1,1,8.568636235841012,8.568636235841012,0.0,8.568636235841012,0.0,0.0,8.568636235841012,0.0,False
CC1=CC[C@@H]2[C@@H](C1)c1c(O)cc(CC(=O)OCCCCBr)cc1OC2(C)C,1,1,1,1,8.148741651280925,8.148741651280925,0.0,8.148741651280925,0.0,0.0,8.148741651280925,0.0,False
CC1=CC[C@@H]2[C@@H](C1)c1c(O)cc(CC(=O)OCCCCC#N)cc1OC2(C)C,1,1,1,1,8.920818753952375,8.920818753952375,0.0,8.920818753952375,0.0,0.0,8.920818753952375,0.0,False
CC1=CC[C@@H]2[C@@H](C1)c1c(OC(=O)CCCN3CCOCC3)cc(C(C)(C)CCCCC#N)cc1OC2(C)C,1,1,1,1,8.096910013008056,8.096910013008056,0.0,8.096910013008056,0.0,0.0,8.096910013008056,0.0,False
CC1=CC[C@@H]2[C@@H](C1)c1ccc(C(C)(C)C(=O)OCCCN3CCOCC3)cc1OC2(C)C,1,1,1,1,8.060480747381382,8.060480747381382,0.0,8.060480747381382,0.0,0.0,8.060480747381382,0.0,False
CC1=CC[C@H]2[C@@H](C1)c1c(O)cc(C(C)(C)C(=O)OCCCCC#N)cc1OC2(C)C,1,1,1,1,9.096910013008056,9.096910013008056,0.0,9.096910013008056,0.0,0.0,9.096910013008056,0.0,False
CC1=CC[C@H]2[C@@H](C1)c1c(O)cc(C(C)(C)C(=O)OCCCCCBr)cc1OC2(C)C,1,1,1,1,9.221848749616356,9.221848749616356,0.0,9.221848749616356,0.0,0.0,9.221848749616356,0.0,False
CC1=CC[C@H]2[C@H](C1)c1c(O)cc(/C(C)=N/OCCCC#N)cc1OC2(C)C,1,1,1,1,8.886056647693163,8.886056647693163,0.0,8.886056647693163,0.0,0.0,8.886056647693163,0.0,False
CC1=CC[C@H]2[C@H](C1)c1c(O)cc(/C(C)=N/OCCCC(F)(F)F)cc1OC2(C)C,1,1,1,1,8.522878745280337,8.522878745280337,0.0,8.522878745280337,0.0,0.0,8.522878745280337,0.0,False
CC1=CC[C@H]2[C@H](C1)c1c(O)cc(/C(C)=N/OCCCCF)cc1OC2(C)C,1,1,1,1,8.013228265733755,8.013228265733755,0.0,8.013228265733755,0.0,0.0,8.013228265733755,0.0,False
CC1=CC[C@H]2[C@H](C1)c1c(O)cc(/C(C)=N/OCCCc3ccccc3)cc1OC2(C)C,1,1,1,1,8.568636235841012,8.568636235841012,0.0,8.568636235841012,0.0,0.0,8.568636235841012,0.0,False
CC1=CC[C@H]2[C@H](C1)c1c(O)cc(/C(C)=N/OCCCn3ccnc3)cc1OC2(C)C,1,1,1,1,8.431798275933005,8.431798275933005,0.0,8.431798275933005,0.0,0.0,8.431798275933005,0.0,False
CC1=CC[C@H]2[C@H](C1)c1c(O)cc(/C(C)=N/OCCN3CCCC3)cc1OC2(C)C,1,1,1,1,8.075720713938118,8.075720713938118,0.0,8.075720713938118,0.0,0.0,8.075720713938118,0.0,False
CC1=CC[C@H]2[C@H](C1)c1c(O)cc(/C(C)=N/OCCN3CCCCC3)cc1OC2(C)C,1,1,1,1,8.602059991327963,8.602059991327963,0.0,8.602059991327963,0.0,0.0,8.602059991327963,0.0,False
CC1=CC[C@H]2[C@H](C1)c1c(O)cc(/C(C)=N/OCCN3CCOCC3)cc1OC2(C)C,1,1,1,1,9.154901959985743,9.154901959985743,0.0,9.154901959985743,0.0,0.0,9.154901959985743,0.0,False
CC1=CC[C@H]2[C@H](C1)c1c(O)cc(/C(C)=N/OCCOc3ccccc3)cc1OC2(C)C,1,1,1,1,8.207608310501746,8.207608310501746,0.0,8.207608310501746,0.0,0.0,8.207608310501746,0.0,False
CC1=CC[C@H]2[C@H](C1)c1c(O)cc(/C(C)=N\OCCCC#N)cc1OC2(C)C,1,1,1,1,9.397940008672037,9.397940008672037,0.0,9.397940008672037,0.0,0.0,9.397940008672037,0.0,False
CC1=CC[C@H]2[C@H](C1)c1c(O)cc(/C(C)=N\OCCCc3ccccc3)cc1OC2(C)C,1,1,1,1,8.537602002101044,8.537602002101044,0.0,8.537602002101044,0.0,0.0,8.537602002101044,0.0,False
CC1CC(C)CN(S(=O)(=O)c2ccc(F)c(C(=O)NC(c3ccccc3)c3ccccc3)c2)C1,1,1,1,1,5.0,5.0,0.0,5.0,0.0,0.0,5.0,0.0,False
CC1CCC(NC(=O)c2c(O)c3cccnc3n(CCCO)c2=O)CC1,1,1,1,1,6.667561540084394,6.667561540084394,0.0,6.667561540084394,0.0,0.0,6.667561540084394,0.0,False
CC1CCC(NC(=O)c2c(O)c3cccnc3n(CCN3CCOCC3)c2=O)CC1,1,1,1,1,8.12842706445412,8.12842706445412,0.0,8.12842706445412,0.0,0.0,8.12842706445412,0.0,False
CC1CCC(NC(=O)c2c(O)c3cccnc3n(Cc3ccc(F)cc3)c2=O)CC1,1,1,1,1,9.1249387366083,9.1249387366083,0.0,9.1249387366083,0.0,0.0,9.1249387366083,0.0,False
CC1CCC(NC(=O)c2cc3cc(-c4ccc(F)cc4)cnc3n(CCN3CCOCC3)c2=O)CC1,1,1,1,1,9.167491087293763,9.167491087293763,0.0,9.167491087293763,0.0,0.0,9.167491087293763,0.0,False
CC1CCC(NC(=O)c2cc3cc(-c4ccc(F)cc4)cnc3n(Cc3ccc(F)cc3)c2=O)CC1,1,1,1,1,8.66354026615147,8.66354026615147,0.0,8.66354026615147,0.0,0.0,8.66354026615147,0.0,False
CC1CCC(NC(=O)c2cc3cc(-c4ccco4)cnc3n(CCN3CCOCC3)c2=O)CC1,1,1,1,1,9.455931955649724,9.455931955649724,0.0,9.455931955649724,0.0,0.0,9.455931955649724,0.0,False
CC1CCC(NC(=O)c2cc3cc(-c4ccco4)cnc3n(Cc3ccc(F)cc3)c2=O)CC1,1,1,1,1,9.173925197299173,9.173925197299173,0.0,9.173925197299173,0.0,0.0,9.173925197299173,0.0,False
CC1CCC(NC(=O)c2cc3cc(-c4cccs4)cnc3n(CCN3CCOCC3)c2=O)CC1,1,1,1,1,9.769551078621726,9.769551078621726,0.0,9.769551078621726,0.0,0.0,9.769551078621726,0.0,False
CC1CCC(NC(=O)c2cc3cc(-c4cccs4)cnc3n(Cc3ccc(F)cc3)c2=O)CC1,1,1,1,1,8.732828271596986,8.732828271596986,0.0,8.732828271596986,0.0,0.0,8.732828271596986,0.0,False
CC1CCC(NC(=O)c2cc3cc(Br)cnc3n(CCN3CCOCC3)c2=O)CC1,1,1,1,1,8.899629454882437,8.899629454882437,0.0,8.899629454882437,0.0,0.0,8.899629454882437,0.0,False
CC1CCC(NC(=O)c2cc3cc(Br)cnc3n(Cc3ccc(F)cc3)c2=O)CC1,1,1,1,1,9.744727494896694,9.744727494896694,0.0,9.744727494896694,0.0,0.0,9.744727494896694,0.0,False
CC1CCC(NC(=O)c2cc3ccccc3n(CCCO)c2=O)CC1,1,1,1,1,7.443697499232712,7.443697499232712,0.0,7.443697499232712,0.0,0.0,7.443697499232712,0.0,False
CC1CCC(NC(=O)c2cc3ccccc3n(CCN3CCOCC3)c2=O)CC1,1,1,1,1,8.3767507096021,8.3767507096021,0.0,8.3767507096021,0.0,0.0,8.3767507096021,0.0,False
CC1CCC(NC(=O)c2cc3ccccc3n(Cc3ccc(F)cc3)c2=O)CC1,1,1,1,1,9.1249387366083,9.1249387366083,0.0,9.1249387366083,0.0,0.0,9.1249387366083,0.0,False
CC1CCC(NC(=O)c2cc3cccnc3n(CCC(=O)O)c2=O)CC1,1,1,1,1,5.855737226238009,5.855737226238009,0.0,5.855737226238009,0.0,0.0,5.855737226238009,0.0,False
CC1CCC(NC(=O)c2cc3cccnc3n(CCCC(=O)O)c2=O)CC1,1,1,1,1,5.608006927740288,5.608006927740288,0.0,5.608006927740288,0.0,0.0,5.608006927740288,0.0,False
CC1CCC(NC(=O)c2cc3cccnc3n(CCCCC(=O)O)c2=O)CC1,1,1,1,1,5.872571222148402,5.872571222148402,0.0,5.872571222148402,0.0,0.0,5.872571222148402,0.0,False
CC1CCC(NC(=O)c2cc3cccnc3n(CCCCCCF)c2=O)CC1,1,1,1,1,8.835647144215564,8.835647144215564,0.0,8.835647144215564,0.0,0.0,8.835647144215564,0.0,False
CC1CCC(NC(=O)c2cc3cccnc3n(CCCCCCO)c2=O)CC1,1,1,1,1,7.7447274948966935,7.7447274948966935,0.0,7.7447274948966935,0.0,0.0,7.7447274948966935,0.0,False
CC1CCC(NC(=O)c2cc3cccnc3n(CCCCCF)c2=O)CC1,1,1,1,1,9.2518119729938,9.2518119729938,0.0,9.2518119729938,0.0,0.0,9.2518119729938,0.0,False
CC1CCC(NC(=O)c2cc3cccnc3n(CCCCCO)c2=O)CC1,1,1,1,1,8.443697499232712,8.443697499232712,0.0,8.443697499232712,0.0,0.0,8.443697499232712,0.0,False
CC1CCC(NC(=O)c2cc3cccnc3n(CCCCF)c2=O)CC1,1,1,1,1,8.866461091629782,8.866461091629782,0.0,8.866461091629782,0.0,0.0,8.866461091629782,0.0,False
CC1CCC(NC(=O)c2cc3cccnc3n(CCCCO)c2=O)CC1,1,1,1,1,7.273272790973428,7.273272790973428,0.0,7.273272790973428,0.0,0.0,7.273272790973428,0.0,False
CC1CCC(NC(=O)c2cc3cccnc3n(CCCO)c2=O)CC1,1,1,1,1,6.889410289700751,6.889410289700751,0.0,6.889410289700751,0.0,0.0,6.889410289700751,0.0,False
CC1CCC(NC(=O)c2cc3cccnc3n(CCN3CCOCC3)c2=O)CC1,1,1,1,1,8.721246399047171,8.721246399047171,0.0,8.721246399047171,0.0,0.0,8.721246399047171,0.0,False
CC1CCC(NC(=O)c2cc3cccnc3n(CCO)c2=O)CC1,1,1,1,1,5.678608721688311,5.678608721688311,0.0,5.678608721688311,0.0,0.0,5.678608721688311,0.0,False
CC1CCC(NC(=O)c2cc3cccnc3n(Cc3ccc(F)cc3)c2=O)CC1,1,1,1,1,9.045757490560675,9.045757490560675,0.0,9.045757490560675,0.0,0.0,9.045757490560675,0.0,False
CC1CCC(NC(=O)c2cc3cccnc3n(Cc3ccccc3)c2=O)CC1,1,1,1,1,8.10790539730952,8.10790539730952,0.0,8.10790539730952,0.0,0.0,8.10790539730952,0.0,False
CC1CCC(NC(=O)c2cccn(Cc3ccc(F)cc3)c2=O)CC1,1,1,1,1,8.318758762624412,8.318758762624412,0.0,8.318758762624412,0.0,0.0,8.318758762624412,0.0,False
CC1CCC(NC(=O)c2cccn(Cc3ccccc3)c2=O)CC1,1,1,1,1,7.275724130399211,7.275724130399211,0.0,7.275724130399211,0.0,0.0,7.275724130399211,0.0,False
CC1CCC(NC(=O)c2cccnc2OCc2ccc(F)cc2)CC1,1,1,1,1,7.096910013008056,7.096910013008056,0.0,7.096910013008056,0.0,0.0,7.096910013008056,0.0,False
CC1CCC(NC(=O)c2cccnc2OCc2ccccc2)CC1,1,1,1,1,6.2262135550188065,6.2262135550188065,0.0,6.2262135550188065,0.0,0.0,6.2262135550188065,0.0,False
CC1CCN(C(=O)c2ccc3[nH]c4c(c3c2)CN(C2CCCC2)C4)CC1,1,1,1,1,5.325690111058522,5.325690111058522,0.0,5.325690111058522,0.0,0.0,5.325690111058522,0.0,False
CC1CCN(C(=O)c2ccc3c(c2)c2c(n3C)CN(C3CCCC3)C2)CC1,1,1,1,1,7.072116589669293,7.072116589669293,0.0,7.072116589669293,0.0,0.0,7.072116589669293,0.0,False
CC1CCN(C(=O)c2ccc3c(c2)c2c(n3Cc3ccccc3)CN(C3CCCC3)C2)CC1,1,1,1,1,6.97469413473523,6.97469413473523,0.0,6.97469413473523,0.0,0.0,6.97469413473523,0.0,False
CC1CCN(C(=O)c2ccc3c(c2)c2c(n3S(=O)(=O)C(C)C)CN(C3CCCC3)C2)CC1,1,1,1,1,8.3767507096021,8.3767507096021,0.0,8.3767507096021,0.0,0.0,8.3767507096021,0.0,False
CC1CCN(C(=O)c2ccc3c(c2)c2c(n3S(=O)(=O)C3CC3)CN(C3CCCC3)C2)CC1,1,1,1,1,8.0268721464003,8.0268721464003,0.0,8.0268721464003,0.0,0.0,8.0268721464003,0.0,False
CC1CCN(C(=O)c2ccc3c(c2)c2c(n3S(=O)(=O)c3ccccc3)CN(C3CCCC3)C2)CC1,1,1,1,1,7.747146969020107,7.747146969020107,0.0,7.747146969020107,0.0,0.0,7.747146969020107,0.0,False
CC1CCN(C(=O)c2ccc3c(c2)c2c(n3S(C)(=O)=O)CN(C3CCCC3)C2)CC1,1,1,1,1,8.102372908709558,8.102372908709558,0.0,8.102372908709558,0.0,0.0,8.102372908709558,0.0,False
CC1COc2cccc3c(=O)c(C(=O)NC45CC6CC(CC(C6)C4)C5)cn1c23,1,1,1,1,7.327902142064282,7.327902142064282,0.0,7.327902142064282,0.0,0.0,7.327902142064282,0.0,False
CC1COc2cccc3c(=O)c(C(=O)NC4CCCCC4)cn1c23,1,1,1,1,7.221848749616356,7.221848749616356,0.0,7.221848749616356,0.0,0.0,7.221848749616356,0.0,False
CC1COc2cccc3c(=O)c(C(=O)NC4CCCCCC4)cn1c23,1,1,1,1,7.42021640338319,7.42021640338319,0.0,7.42021640338319,0.0,0.0,7.42021640338319,0.0,False
CC1Oc2cccc3c(=O)c(C(=O)NC45CC6CC(CC(C6)C4)C5)cn(c23)C1c1ccccc1,1,1,1,1,6.478861916295964,6.478861916295964,0.0,6.478861916295964,0.0,0.0,6.478861916295964,0.0,False
CC1Oc2cccc3c(=O)c(C(=O)NC4CCCCC4)cn(c23)C1c1ccccc1,1,1,1,1,6.270835210307229,6.270835210307229,0.0,6.270835210307229,0.0,0.0,6.270835210307229,0.0,False
CCC(=O)N1CC(C)(C)CS/C1=N\c1ccccc1C(C)C,1,1,1,1,5.679853713888946,5.679853713888946,0.0,5.679853713888946,0.0,0.0,5.679853713888946,0.0,False
CCC(=O)NC1CCCOc2c1nn(-c1ccccc1Cl)c2-c1ccc(Cl)cc1,1,1,1,1,4.779891911959945,4.779891911959945,0.0,4.779891911959945,0.0,0.0,4.779891911959945,0.0,False
CCC(C)(C)C(=O)Cc1cc(C)c(C)c(S(=O)(=O)N2CCCCC2)c1,1,1,1,1,8.568636235841012,8.568636235841012,0.0,8.568636235841012,0.0,0.0,8.568636235841012,0.0,False
CCC(C)(C)C(=O)Cc1cc(C)c(C)c(S(=O)(=O)N2CCCCCC2)c1,1,1,1,1,8.045757490560675,8.045757490560675,0.0,8.045757490560675,0.0,0.0,8.045757490560675,0.0,False
CCC(C)(C)C(=O)Nc1cc(C)c(C)c(S(=O)(=O)N2CCCCC2)c1,1,1,1,1,8.568636235841012,8.568636235841012,0.0,8.568636235841012,0.0,0.0,8.568636235841012,0.0,False
CCC(C)(C)C(=O)Nc1cc(C)c(C)c(S(=O)(=O)N2CCCCCC2)c1,1,1,1,1,8.045757490560675,8.045757490560675,0.0,8.045757490560675,0.0,0.0,8.045757490560675,0.0,False
CCC(C)(C)C(=O)Nc1cc(C)c(C)c(S(=O)(=O)N2CCC[C@@H]2CO)c1,1,1,1,1,7.366531544420413,7.366531544420413,0.0,7.366531544420413,0.0,0.0,7.366531544420413,0.0,False
CCC(C)(C)C(=O)Nc1cc(C)c(C)c(S(=O)(=O)N2CCOCC2)c1,1,1,1,1,7.769551078621726,7.769551078621726,0.0,7.769551078621726,0.0,0.0,7.769551078621726,0.0,False
CCC(C)(C)C(=O)Nc1cc(C)c(C)c(S(=O)(=O)N2CCS(=O)(=O)CC2)c1,1,1,1,1,8.075720713938118,8.075720713938118,0.0,8.075720713938118,0.0,0.0,8.075720713938118,0.0,False
CCC(C)(C)C(=O)Nc1cc(C)c(C)c(S(=O)(=O)N2CCSC2)c1,1,1,1,1,8.161150909262744,8.161150909262744,0.0,8.161150909262744,0.0,0.0,8.161150909262744,0.0,False
CCC(C)(C)C(=O)Nc1cc(C)c(C)c(S(=O)(=O)N2CC[C@H](O)C2)c1,1,1,1,1,7.045757490560675,7.045757490560675,0.0,7.045757490560675,0.0,0.0,7.045757490560675,0.0,False
CCC(C)(C)C(=O)Nc1cc(C)c(C)c(S(=O)(=O)NC2CCCC2)c1,1,1,1,1,7.026872146400302,7.026872146400302,0.0,7.026872146400302,0.0,0.0,7.026872146400302,0.0,False
CCC(C)(C)C(=O)Nc1cc(C)c(C)c(S(=O)(=O)NCC2CC2)c1,1,1,1,1,7.180456064458131,7.180456064458131,0.0,7.180456064458131,0.0,0.0,7.180456064458131,0.0,False
CCC(C)(C)C(=O)Nc1cc(CN2CCOCC2)c(C#N)cn1,1,1,1,1,7.0,7.0,0.0,7.0,0.0,0.0,7.0,0.0,False
CCC(C)(C)C(=O)Nc1cc(CN2CCOCC2)c(C)cc1C,1,1,1,1,6.275724130399211,6.275724130399211,0.0,6.275724130399211,0.0,0.0,6.275724130399211,0.0,False
CCC(C)(C)C(=O)Nc1cc(CN2CCOCC2)c(C)cc1F,1,1,1,1,6.920818753952375,6.920818753952375,0.0,6.920818753952375,0.0,0.0,6.920818753952375,0.0,False
CCC(C)(C)C(=O)Nc1cc(CN2CCOCC2)c(C)cn1,1,1,1,1,7.619788758288394,7.619788758288394,0.0,7.619788758288394,0.0,0.0,7.619788758288394,0.0,False
CCC(C)(C)C(=O)Nc1cc(CN2CCOCC2)c(N)cn1,1,1,1,1,6.060480747381382,6.060480747381382,0.0,6.060480747381382,0.0,0.0,6.060480747381382,0.0,False
CCC(C)(C)C(=O)Nc1cc(CN2CCOCC2)cc(C)n1,1,1,1,1,7.173925197299173,7.173925197299173,0.0,7.173925197299173,0.0,0.0,7.173925197299173,0.0,False
CCC(C)(C)C(=O)Nc1cc(S(=O)(=O)N2CCOCC2)c(C)c(C)c1C,1,1,1,1,6.3872161432802645,6.3872161432802645,0.0,6.3872161432802645,0.0,0.0,6.3872161432802645,0.0,False
CCC(C)(C)C(=O)Nc1cc(S(=O)(=O)N2CCOCC2)c(C)cc1C,1,1,1,1,6.119186407719209,6.119186407719209,0.0,6.119186407719209,0.0,0.0,6.119186407719209,0.0,False
CCC(C)(C)C(=O)Nc1cc2c(c(S(=O)(=O)N3CCOCC3)c1)CCC2,1,1,1,1,7.920818753952375,7.920818753952375,0.0,7.920818753952375,0.0,0.0,7.920818753952375,0.0,False
CCC(C)(C)C(=O)Nc1cc2c(c(S(=O)(=O)N3CCOCC3)c1)CCCC2,1,1,1,1,7.853871964321762,7.853871964321762,0.0,7.853871964321762,0.0,0.0,7.853871964321762,0.0,False
CCC(C)(C)C(=O)Nc1ccc(C)c(CN2CCOCC2)c1,1,1,1,1,6.920818753952375,6.920818753952375,0.0,6.920818753952375,0.0,0.0,6.920818753952375,0.0,False
CCC(C)(C)C(=O)Nc1ccc(C)c(CN2CCOCC2)n1,1,1,1,1,5.7447274948966935,5.7447274948966935,0.0,5.7447274948966935,0.0,0.0,5.7447274948966935,0.0,False
CCC(C)(C)C(=O)Nc1ccc(C)c(S(=O)(=O)N2CCOCC2)c1,1,1,1,1,6.537602002101044,6.537602002101044,0.0,6.537602002101044,0.0,0.0,6.537602002101044,0.0,False
CCC(C)(C)NC(=O)c1nn(-c2ccc(Cl)cc2Cl)c(-n2c(C)ccc2C)c1C,1,1,1,1,6.915423722065669,6.915423722065669,0.0,6.915423722065669,0.0,0.0,6.915423722065669,0.0,False
CCC(C)(C)NC(=O)c1nn(-c2ccc(Cl)cc2Cl)c(-n2cccc2)c1C,1,1,1,1,8.244125144327509,8.244125144327509,0.0,8.244125144327509,0.0,0.0,8.244125144327509,0.0,False
CCC(C)(C)c1ccc([C@@H]2CCC[C@@H](O)C2)cc1,1,1,1,1,5.424927674286188,5.424927674286188,0.0,5.424927674286188,0.0,0.0,5.424927674286188,0.0,False
CCC(C)(C)c1ccc([C@@H]2C[C@H](O)CC[C@H]2CCCO)cc1,1,1,1,1,5.865822892423234,5.865822892423234,0.0,5.865822892423234,0.0,0.0,5.865822892423234,0.0,False
CCC(C)(C)c1ccc([C@H]2CCC[C@@H](O)C2)cc1,1,1,1,1,5.400990760176656,5.400990760176656,0.0,5.400990760176656,0.0,0.0,5.400990760176656,0.0,False
CCC(C)(C)c1ccc2c(c1)OC(C)(C)C1CC=C(C)CC21,1,1,1,1,7.853871964321762,7.853871964321762,0.0,7.853871964321762,0.0,0.0,7.853871964321762,0.0,False
CCC(CC)(CC)c1cc(/N=C2\OCC3(CCCCC3)CN2C(=S)SC)on1,1,1,1,1,9.0,9.0,0.0,9.0,0.0,0.0,9.0,0.0,False
CCC(CC)(NC(=O)c1ccc(N2CC(F)(F)C2)c(OCC2CC2)n1)C(=O)NC,1,1,1,1,6.746177561291926,6.746177561291926,0.0,6.746177561291926,0.0,0.0,6.746177561291926,0.0,False
CCC(CC)(NC(=O)c1ccc(N2CC(F)(F)C2)c(OCC2CC2)n1)C(=O)NCCF,1,1,1,1,6.111315153340302,6.111315153340302,0.0,6.111315153340302,0.0,0.0,6.111315153340302,0.0,False
CCC(CC)(NC(=O)c1ccc(N2CC(F)C2)c(OC[C@@H]2C[C@H]2CO)n1)C(=O)N[C@H](CO)CC(C)C,1,1,1,1,5.381638068890122,5.381638068890122,0.0,5.381638068890122,0.0,0.0,5.381638068890122,0.0,False
CCC(CC)(NC(=O)c1ccc(N2CC(F)C2)c(OC[C@@H]2C[C@H]2CO)n1)C(=O)OCCCF,1,1,1,1,7.962573502059376,7.962573502059376,0.0,7.962573502059376,0.0,0.0,7.962573502059376,0.0,False
CCC(CC)(NC(=O)c1ccc(N2CC(F)C2)c(OC[C@H]2C[C@@H]2CO)n1)C(=O)N[C@H](CO)CC(C)C,1,1,1,1,5.4039529924545615,5.4039529924545615,0.0,5.4039529924545615,0.0,0.0,5.4039529924545615,0.0,False
CCC(CC)(NC(=O)c1ccc(N2CC(F)C2)c(OC[C@H]2C[C@@H]2CO)n1)C(=O)OCCCF,1,1,1,1,8.769551078621726,8.769551078621726,0.0,8.769551078621726,0.0,0.0,8.769551078621726,0.0,False
CCC(CC)(NC(=O)c1ccc(N2CC(O)C2)c(OC[C@H]2C[C@@H]2COCc2ccccc2)n1)C(=O)OCCCF,1,1,1,1,6.1220530483708115,6.1220530483708115,0.0,6.1220530483708115,0.0,0.0,6.1220530483708115,0.0,False
CCC(CC)(NC(=O)c1ccc(N2CC(OC)C2)c(OCC2CC2)n1)C(=O)N1CC(F)C1,1,1,1,1,7.73754891026957,7.73754891026957,0.0,7.73754891026957,0.0,0.0,7.73754891026957,0.0,False
CCC(CC)(NC(=O)c1ccc(N2CC(OC)C2)c(OCC2CC2)n1)C(=O)NC,1,1,1,1,6.7700623140920655,6.7700623140920655,0.0,6.7700623140920655,0.0,0.0,6.7700623140920655,0.0,False
CCC(CC)(NC(=O)c1ccc(N2CC(OC)C2)c(OCC2CC2)n1)C(=O)NCCCF,1,1,1,1,5.685122008464187,5.685122008464187,0.0,5.685122008464187,0.0,0.0,5.685122008464187,0.0,False
CCC(CC)(NC(=O)c1ccc(N2CC(OC)C2)c(OCC2CC2)n1)C(=O)NCCF,1,1,1,1,6.04464904263234,6.04464904263234,0.0,6.04464904263234,0.0,0.0,6.04464904263234,0.0,False
CCC(CC)(NC(=O)c1ccc(N2CC(OC)C2)c(OC[C@@H]2C[C@H]2CO)n1)C(=O)OCCCF,1,1,1,1,7.72584215073632,7.72584215073632,0.0,7.72584215073632,0.0,0.0,7.72584215073632,0.0,False
CCC(CC)(NC(=O)c1ccc(N2CC(OC)C2)c(OC[C@@H]2C[C@H]2CO)n1)C(=O)OCCF,1,1,1,1,7.943095148663527,7.943095148663527,0.0,7.943095148663527,0.0,0.0,7.943095148663527,0.0,False
CCC(CC)(NC(=O)c1ccc(N2CC(OC)C2)c(OC[C@@H]2C[C@H]2CO)n1)C(=O)OCF,2,1,1,1,8.013228265733755,9.397940008672037,1.3847117429382827,8.705584137202896,1.3847117429382827,0.0,8.705584137202896,0.0,True
CCC(CC)(NC(=O)c1ccc(N2CC(OC)C2)c(OC[C@H]2C[C@@H]2CO)n1)C(=O)N[C@H](CO)CC(C)C,1,1,1,1,6.886056647693163,6.886056647693163,0.0,6.886056647693163,0.0,0.0,6.886056647693163,0.0,False
CCC(CC)(NC(=O)c1ccc(N2CC(OC)C2)c(OC[C@H]2C[C@@H]2CO)n1)C(=O)OCCCCF,1,1,1,1,8.744727494896694,8.744727494896694,0.0,8.744727494896694,0.0,0.0,8.744727494896694,0.0,False
CCC(CC)(NC(=O)c1ccc(N2CC(OC)C2)c(OC[C@H]2C[C@@H]2CO)n1)C(=O)OCCCF,2,1,1,1,9.096910013008056,9.154901959985743,0.05799194697768684,9.1259059864969,0.05799194697768684,0.0,9.1259059864969,0.0,False
CCC(CC)(NC(=O)c1ccc(N2CC(OC)C2)c(OC[C@H]2C[C@@H]2CO)n1)C(=O)OCCCOS(=O)(=O)c1ccc(C)cc1,2,1,1,1,7.183758700008217,7.665546248849069,0.4817875488408525,7.424652474428643,0.4817875488408525,0.0,7.424652474428643,0.0,False
CCC(CC)(NC(=O)c1ccc(N2CC(OC)C2)c(OC[C@H]2C[C@@H]2CO)n1)C(=O)OCCF,1,1,1,1,9.522878745280337,9.522878745280337,0.0,9.522878745280337,0.0,0.0,9.522878745280337,0.0,False
CCC(CC)(NC(=O)c1ccc(N2CC(OC)C2)c(OC[C@H]2C[C@@H]2COCc2ccccc2)n1)C(=O)OCCCF,1,1,1,1,6.609064892896621,6.609064892896621,0.0,6.609064892896621,0.0,0.0,6.609064892896621,0.0,False
CCC(CC)(NC(=O)c1ccc(N2CC(OS(=O)(=O)c3ccc(C)cc3)C2)c(OC[C@H]2C[C@@H]2CO)n1)C(=O)OCCCF,1,1,1,1,7.931814138253838,7.931814138253838,0.0,7.931814138253838,0.0,0.0,7.931814138253838,0.0,False
CCC(CC)(NC(=O)c1ccc(N2CCCC2)c(OCC2(CO)COC2)n1)C(=O)OCCCF,1,1,1,1,5.857610533881164,5.857610533881164,0.0,5.857610533881164,0.0,0.0,5.857610533881164,0.0,False
CCC(CC)(NC(=O)c1ccc(N2CCCC2)c(OCC2(CO)COC2)n1)C(=O)OCCF,1,1,1,1,6.2168113089247425,6.2168113089247425,0.0,6.2168113089247425,0.0,0.0,6.2168113089247425,0.0,False
CCC(CC)(NC(=O)c1ccc(N2CCCC2)c(OCC2(CO)COC2)n1)C(=O)OCF,1,1,1,1,6.458420756053419,6.458420756053419,0.0,6.458420756053419,0.0,0.0,6.458420756053419,0.0,False
CCC(c1ccc([C@H](C)NS(C)(=O)=O)cc1)c1ccc(Cl)cc1S(=O)(=O)c1ccc(Cl)cc1,1,1,1,1,7.119186407719209,7.119186407719209,0.0,7.119186407719209,0.0,0.0,7.119186407719209,0.0,False
CCC/C=C/C/C=C/CCC/C=C/C=C/C(=O)NCC(C)CC,1,1,1,1,5.917214629683549,5.917214629683549,0.0,5.917214629683549,0.0,0.0,5.917214629683549,0.0,False
CCC/C=C\C#C/C=C\C=C\CC/C=C/C=C/C(=O)NCC(C)C,1,1,1,1,5.037157318798758,5.037157318798758,0.0,5.037157318798758,0.0,0.0,5.037157318798758,0.0,False
CCC1(C(=O)Nc2cc(CN3CCOCC3)c(C)cn2)CC1,1,1,1,1,7.200659450546418,7.200659450546418,0.0,7.200659450546418,0.0,0.0,7.200659450546418,0.0,False
CCC1(C(=O)Nc2cc(CN3CCOCC3)c(C)cn2)CCC1,1,1,1,1,7.346787486224656,7.346787486224656,0.0,7.346787486224656,0.0,0.0,7.346787486224656,0.0,False
CCC1(C(=O)Nc2cc(CN3CCOCC3)c(C)cn2)CCCC1,1,1,1,1,7.886056647693163,7.886056647693163,0.0,7.886056647693163,0.0,0.0,7.886056647693163,0.0,False
CCC1(C(=O)Nc2cc(CN3CCOCC3)c(C)cn2)CCCCC1,1,1,1,1,8.154901959985743,8.154901959985743,0.0,8.154901959985743,0.0,0.0,8.154901959985743,0.0,False
CCC1(CC)CS/C(=N\c2ccccc2C(C)C)N(C(=S)SC)C1,1,1,1,1,8.045757490560675,8.045757490560675,0.0,8.045757490560675,0.0,0.0,8.045757490560675,0.0,False
CCC1(CNS(=O)(=O)C(F)(F)F)CCN(S(=O)(=O)c2ccc(Cl)cc2S(=O)(=O)c2ccccc2F)CC1,1,1,1,1,9.698970004336019,9.698970004336019,0.0,9.698970004336019,0.0,0.0,9.698970004336019,0.0,False
CCC1CCC(C(=O)c2cn(CCN3CCOCC3)c3ccccc23)CC1,1,1,1,1,7.795880017344075,7.795880017344075,0.0,7.795880017344075,0.0,0.0,7.795880017344075,0.0,False
CCC1COc2c(F)c(F)cc3c(=O)c(C(=O)NC45CC6CC(CC(C6)C4)C5)cn1c23,1,1,1,1,7.481486060122112,7.481486060122112,0.0,7.481486060122112,0.0,0.0,7.481486060122112,0.0,False
CCC1COc2c(F)ccc3c(=O)c(C(=O)NC45CC6CC(CC(C6)C4)C5)cn1c23,1,1,1,1,8.13430394008393,8.13430394008393,0.0,8.13430394008393,0.0,0.0,8.13430394008393,0.0,False
CCC1COc2c(N3CCCC3)ccc3c(=O)c(C(=O)NC45CC6CC(CC(C6)C4)C5)cn1c23,1,1,1,1,8.090443970758825,8.090443970758825,0.0,8.090443970758825,0.0,0.0,8.090443970758825,0.0,False
CCC1COc2c(OC)ccc3c(=O)c(C(=O)NC45CC6CC(CC(C6)C4)C5)cn1c23,1,1,1,1,8.168770306132936,8.168770306132936,0.0,8.168770306132936,0.0,0.0,8.168770306132936,0.0,False
CCC1COc2cccc3c(=O)c(C(=O)N(C(C)C)C(C)C)cn1c23,1,1,1,1,7.070581074285707,7.070581074285707,0.0,7.070581074285707,0.0,0.0,7.070581074285707,0.0,False
CCC1COc2cccc3c(=O)c(C(=O)NC(C)CCC(C)C)cn1c23,1,1,1,1,7.801342913045577,7.801342913045577,0.0,7.801342913045577,0.0,0.0,7.801342913045577,0.0,False
CCC1COc2cccc3c(=O)c(C(=O)NC45CC6CC(CC(C6)C4)C5)cn1c23,2,2,2,1,8.106238237942057,8.161150909262744,0.05491267132068778,8.133694573602401,0.0,0.05491267132068778,8.133694573602401,0.0,False
CCC1COc2cccc3c(=O)c(C(=O)NC4C5CC6CC(C5)CC4C6)cn1c23,1,1,1,1,7.87942606879415,7.87942606879415,0.0,7.87942606879415,0.0,0.0,7.87942606879415,0.0,False
CCC1COc2cccc3c(=O)c(C(=O)NC4CCCCC4)cn1c23,1,1,1,1,7.657577319177793,7.657577319177793,0.0,7.657577319177793,0.0,0.0,7.657577319177793,0.0,False
CCC1COc2cccc3c(=O)c(C(=O)NC4CCCCCC4)cn1c23,1,1,1,1,8.034328028779893,8.034328028779893,0.0,8.034328028779893,0.0,0.0,8.034328028779893,0.0,False
CCC1COc2cccc3c(=O)c(C(=O)Nc4ccncc4)cn1c23,1,1,1,1,6.818156412055227,6.818156412055227,0.0,6.818156412055227,0.0,0.0,6.818156412055227,0.0,False
CCC1COc2cccc3c(=O)c(C(=O)Nc4nccs4)cn1c23,1,1,1,1,6.576754126063192,6.576754126063192,0.0,6.576754126063192,0.0,0.0,6.576754126063192,0.0,False
CCCC(C)(C)C(=O)Nc1cc(C)c(C)c(S(=O)(=O)N2CCOCC2)c1,1,1,1,1,8.013228265733755,8.013228265733755,0.0,8.013228265733755,0.0,0.0,8.013228265733755,0.0,False
CCCC(C)(C)C(=O)Nc1cc(CN2CCOCC2)c(C)cn1,1,1,1,1,8.275724130399212,8.275724130399212,0.0,8.275724130399212,0.0,0.0,8.275724130399212,0.0,False
CCCC(C)(C)c1cc(Br)c2c(c1)OC(C)(C)[C@@H]1CC=C(C)C[C@@H]21,1,1,1,1,6.576754126063192,6.576754126063192,0.0,6.576754126063192,0.0,0.0,6.576754126063192,0.0,False
CCCC(C)(C)c1ccc([C@@H]2CCC[C@@H](O)C2)cc1,1,1,1,1,5.822175028135318,5.822175028135318,0.0,5.822175028135318,0.0,0.0,5.822175028135318,0.0,False
CCCC(C)(C)c1ccc([C@@H]2C[C@H](O)CC[C@H]2CCCO)cc1,1,1,1,1,5.749092300299144,5.749092300299144,0.0,5.749092300299144,0.0,0.0,5.749092300299144,0.0,False
CCCC(C)(C)c1ccc([C@H]2CCC[C@@H](O)C2)cc1,1,1,1,1,5.686132779630847,5.686132779630847,0.0,5.686132779630847,0.0,0.0,5.686132779630847,0.0,False
CCCC(C)(C)c1ccc2c(c1)OC(C)(C)C1CC=C(C)CC21,1,1,1,1,8.468521082957745,8.468521082957745,0.0,8.468521082957745,0.0,0.0,8.468521082957745,0.0,False
CCCC(C)(C)c1ccc2c(c1)OC(C)(C)[C@@H]1CC=C(C)C[C@@H]21,7,7,7,1,6.853871964321762,10.638272163982407,3.784400199660645,8.301029995663981,0.0,3.784400199660645,8.301029995663981,0.0,True
CCCC(C)(C)c1ccc2c(c1)OC(C)(C)[C@@H]1CC=C(O)C[C@@H]21,1,1,1,1,7.692503962086787,7.692503962086787,0.0,7.692503962086787,0.0,0.0,7.692503962086787,0.0,False
CCCC(C)O/N=C(/C)c1cc(O)c2c(c1)OC(C)(C)[C@H]1CC=C(C)C[C@H]21,1,1,1,1,8.214670164989233,8.214670164989233,0.0,8.214670164989233,0.0,0.0,8.214670164989233,0.0,False
CCCC(C)O/N=C(\C)c1cc(O)c2c(c1)OC(C)(C)[C@H]1CC=C(C)C[C@H]21,1,1,1,1,7.619788758288394,7.619788758288394,0.0,7.619788758288394,0.0,0.0,7.619788758288394,0.0,False
CCCC/C=C\C1(c2cc(O)c3c(c2)OC(C)(C)[C@@H]2CCC(=O)C[C@@H]32)CCC1,1,1,1,1,7.82102305270683,7.82102305270683,0.0,7.82102305270683,0.0,0.0,7.82102305270683,0.0,False
CCCC/C=C\C1(c2cc(O)c3c(c2)OC(C)(C)[C@@H]2CCC(=O)C[C@@H]32)CCCC1,1,1,1,1,8.153662887870194,8.153662887870194,0.0,8.153662887870194,0.0,0.0,8.153662887870194,0.0,False
CCCC1(CNS(=O)(=O)C(F)(F)F)CCN(S(=O)(=O)c2ccc(Cl)cc2S(=O)(=O)c2ccccc2F)CC1,1,1,1,1,8.267606240177031,8.267606240177031,0.0,8.267606240177031,0.0,0.0,8.267606240177031,0.0,False
CCCC1COc2ccc(C)c3c(=O)c(C(=O)NC45CC6CC(CC(C6)C4)C5)cn1c23,1,1,1,1,7.982966660701219,7.982966660701219,0.0,7.982966660701219,0.0,0.0,7.982966660701219,0.0,False
CCCC1COc2ccc(C)c3c(=O)c(C(=O)NC4CCCCC4)cn1c23,1,1,1,1,7.42021640338319,7.42021640338319,0.0,7.42021640338319,0.0,0.0,7.42021640338319,0.0,False
CCCC1COc2cccc3c(=O)c(C(=O)NC45CC6CC(C)(CC(C)(C6)C4)C5)cn1c23,1,1,1,1,8.441291429466835,8.441291429466835,0.0,8.441291429466835,0.0,0.0,8.441291429466835,0.0,False
CCCC1COc2cccc3c(=O)c(C(=O)NC45CC6CC(CC(C6)C4)C5)cn1c23,1,1,1,1,8.630784142589857,8.630784142589857,0.0,8.630784142589857,0.0,0.0,8.630784142589857,0.0,False
CCCC1COc2cccc3c(=O)c(C(=O)NC4CCCCC4)cn1c23,1,1,1,1,9.494850021680094,9.494850021680094,0.0,9.494850021680094,0.0,0.0,9.494850021680094,0.0,False
CCCCC(=O)N1CCC(NC(=O)c2nn(-c3ccc(Cl)cc3Cl)c(-c3ccc(Cl)cc3)c2C)CC1,1,1,1,1,5.748361779551788,5.748361779551788,0.0,5.748361779551788,0.0,0.0,5.748361779551788,0.0,False
CCCCC(=O)N1CCN(c2ncnc3c2nc(-c2ccccc2Cl)n3-c2ccc(Cl)cc2)CC1,1,1,1,1,6.3979400086720375,6.3979400086720375,0.0,6.3979400086720375,0.0,0.0,6.3979400086720375,0.0,False
CCCCC(=O)NC(NC(=O)CCCC)c1ccc(N(CC)CC)cc1,2,1,1,1,6.739928612014925,6.739928612014925,0.0,6.739928612014925,0.0,0.0,6.739928612014925,0.0,False
CCCCC(=O)NC1CCN(c2ncnc3c2nc(-c2ccccc2Cl)n3-c2ccc(C(F)(F)F)nc2)CC1,1,1,1,1,6.376750709602099,6.376750709602099,0.0,6.376750709602099,0.0,0.0,6.376750709602099,0.0,False
CCCCC(=O)NC1CCN(c2ncnc3c2nc(-c2ccccc2Cl)n3-c2ccc(Cl)cc2)CC1,1,1,1,1,5.980468315468745,5.980468315468745,0.0,5.980468315468745,0.0,0.0,5.980468315468745,0.0,False
CCCCC(=O)OCC(C)(C)c1cc(O)c2c(c1)OC(C)(C)[C@@H]1CC=C(C)C[C@@H]21,1,1,1,1,9.0,9.0,0.0,9.0,0.0,0.0,9.0,0.0,False
CCCCC(C)(C)C(=O)Nc1cc(C)c(C)c(S(=O)(=O)N2CCOCC2)c1,1,1,1,1,8.958607314841775,8.958607314841775,0.0,8.958607314841775,0.0,0.0,8.958607314841775,0.0,False
CCCCC(C)(C)c1cc(Br)c2c(c1)OC(C)(C)[C@@H]1CC=C(C)C[C@@H]21,1,1,1,1,7.1487416512809245,7.1487416512809245,0.0,7.1487416512809245,0.0,0.0,7.1487416512809245,0.0,False
CCCCC(C)(C)c1cc(OC)c(C2C=C(CO)C3CC2C3(C)C)c(OC)c1,1,1,1,1,7.6439741428068775,7.6439741428068775,0.0,7.6439741428068775,0.0,0.0,7.6439741428068775,0.0,False
CCCCC(C)(C)c1cc(OC)c2cc(Cc3ccccc3OC)c(=O)oc2c1,2,1,1,1,6.636388020107855,6.639993867770901,0.003605847663045836,6.638190943939378,0.003605847663045836,0.0,6.638190943939378,0.0,False
CCCCC(C)(C)c1ccc([C@@H]2CCC[C@@H](O)C2)cc1,1,1,1,1,6.262807357295262,6.262807357295262,0.0,6.262807357295262,0.0,0.0,6.262807357295262,0.0,False
CCCCC(C)(C)c1ccc([C@@H]2C[C@H](O)CC[C@H]2CCCO)cc1,1,1,1,1,6.154901959985743,6.154901959985743,0.0,6.154901959985743,0.0,0.0,6.154901959985743,0.0,False
CCCCC(C)(C)c1ccc([C@H]2CCC[C@@H](O)C2)cc1,1,1,1,1,6.1944991418416,6.1944991418416,0.0,6.1944991418416,0.0,0.0,6.1944991418416,0.0,False
CCCCC(NC(=O)Cc1ccccc1)NC(=O)Cc1ccccc1,2,1,1,1,4.444059562181489,4.444060045133642,4.829521529359226e-07,4.444059803657566,4.829521529359226e-07,0.0,4.444059803657566,0.0,False
CCCCC/C=C\C/C=C\C/C=C\C/C=C\CCCC(=O)N(C)c1c(C)n(C)n(-c2ccccc2)c1=O,1,1,1,1,5.522878745280337,5.522878745280337,0.0,5.522878745280337,0.0,0.0,5.522878745280337,0.0,False
CCCCC/C=C\C/C=C\C/C=C\C/C=C\CCCC(=O)N(O)CCO,1,1,1,1,5.721246399047171,5.721246399047171,0.0,5.721246399047171,0.0,0.0,5.721246399047171,0.0,False
CCCCC/C=C\C/C=C\C/C=C\C/C=C\CCCC(=O)N1CCN(c2ccc(C)c(C)c2)CC1,1,1,1,1,5.376750709602099,5.376750709602099,0.0,5.376750709602099,0.0,0.0,5.376750709602099,0.0,False
CCCCC/C=C\C/C=C\C/C=C\C/C=C\CCCC(=O)N1CCN(c2ccc(F)cc2)CC1,1,1,1,1,5.292429823902063,5.292429823902063,0.0,5.292429823902063,0.0,0.0,5.292429823902063,0.0,False
CCCCC/C=C\C/C=C\C/C=C\C/C=C\CCCC(=O)NCCCl,1,1,1,1,7.022276394711152,7.022276394711152,0.0,7.022276394711152,0.0,0.0,7.022276394711152,0.0,False
CCCCC/C=C\C/C=C\C/C=C\C/C=C\CCCC(=O)NCCO,4,4,4,1,6.430626090384954,6.795880017344075,0.36525392695912107,6.759709106585415,0.0,0.36525392695912107,6.759709106585415,0.0,False
CCCCC/C=C\C/C=C\C/C=C\C/C=C\CCCC(=O)NCCc1ccc(OC)cc1OC,1,1,1,1,5.3979400086720375,5.3979400086720375,0.0,5.3979400086720375,0.0,0.0,5.3979400086720375,0.0,False
CCCCC/C=C\C/C=C\C/C=C\C/C=C\CCCC(=O)NCc1cc(OC)ccc1OC,1,1,1,1,5.3872161432802645,5.3872161432802645,0.0,5.3872161432802645,0.0,0.0,5.3872161432802645,0.0,False
CCCCC/C=C\C/C=C\C/C=C\C/C=C\CCCC(=O)NCc1ccc(O)cc1,1,1,1,1,7.0,7.0,0.0,7.0,0.0,0.0,7.0,0.0,False
CCCCC/C=C\C/C=C\C/C=C\C/C=C\CCCC(=O)NCc1ccc(OC)cc1,1,1,1,1,5.346787486224656,5.346787486224656,0.0,5.346787486224656,0.0,0.0,5.346787486224656,0.0,False
CCCCC/C=C\C/C=C\C/C=C\C/C=C\CCCC(=O)NCc1ccc(OC)cc1OC,1,1,1,1,5.3979400086720375,5.3979400086720375,0.0,5.3979400086720375,0.0,0.0,5.3979400086720375,0.0,False
CCCCC/C=C\C/C=C\C/C=C\C/C=C\CCCC(=O)NOCCO,1,1,1,1,7.0915149811213505,7.0915149811213505,0.0,7.0915149811213505,0.0,0.0,7.0915149811213505,0.0,False
CCCCC/C=C\C/C=C\C/C=C\C/C=C\CCCC(=O)N[C@@H]1C[C@@H]1O,2,1,1,1,6.698970004336019,6.823908740944319,0.1249387366082999,6.761439372640169,0.1249387366082999,0.0,6.761439372640169,0.0,False
CCCCC/C=C\C/C=C\C/C=C\C/C=C\CCCC(=O)N[C@@H]1C[C@H]1O,2,1,1,1,6.619788758288394,6.721246399047171,0.1014576407587775,6.670517578667782,0.1014576407587775,0.0,6.670517578667782,0.0,False
CCCCC/C=C\C/C=C\C/C=C\C/C=C\CCCC(=O)N[C@H](C)CO,1,1,1,1,6.657577319177793,6.657577319177793,0.0,6.657577319177793,0.0,0.0,6.657577319177793,0.0,False
CCCCC/C=C\C/C=C\C/C=C\C/C=C\CCCC(=O)N[C@H]1C[C@@H]1O,2,2,2,1,6.537602002101044,6.719991046891813,0.182389044790769,6.628796524496429,0.0,0.182389044790769,6.628796524496429,0.0,False
CCCCC/C=C\C/C=C\C/C=C\C/C=C\CCCC(=O)N[C@H]1C[C@H]1O,1,1,1,1,6.721246399047171,6.721246399047171,0.0,6.721246399047171,0.0,0.0,6.721246399047171,0.0,False
CCCCC/C=C\C/C=C\C/C=C\C/C=C\CCCC(=O)Nc1c(C)n(C)n(-c2ccccc2)c1=O,1,1,1,1,5.267606240177031,5.267606240177031,0.0,5.267606240177031,0.0,0.0,5.267606240177031,0.0,False
CCCCC/C=C\C/C=C\C/C=C\C/C=C\CCCC(=O)Nc1ccc(N2CCOCC2)cc1,1,1,1,1,5.366531544420413,5.366531544420413,0.0,5.366531544420413,0.0,0.0,5.366531544420413,0.0,False
CCCCC/C=C\C/C=C\C/C=C\C/C=C\CCCC(=O)Nc1ccc(O)c(OC)c1,1,1,1,1,6.0,6.0,0.0,6.0,0.0,0.0,6.0,0.0,False
CCCCC/C=C\C/C=C\C/C=C\C/C=C\CCCC(=O)Nc1ccc(O)cc1,1,1,1,1,5.886056647693163,5.886056647693163,0.0,5.886056647693163,0.0,0.0,5.886056647693163,0.0,False
CCCCC/C=C\C/C=C\C/C=C\C/C=C\CCCC(=O)Nc1ccc(OC)cc1,1,1,1,1,5.3979400086720375,5.3979400086720375,0.0,5.3979400086720375,0.0,0.0,5.3979400086720375,0.0,False
CCCCC/C=C\C/C=C\C/C=C\C/C=C\CCCC(=O)Nc1ccc2[nH]ncc2c1,1,1,1,1,6.0,6.0,0.0,6.0,0.0,0.0,6.0,0.0,False
CCCCC/C=C\C/C=C\C/C=C\C/C=C\CCCC(=O)OC(CO)CO,2,2,2,1,5.853871964321762,5.886056647693163,0.032184683371401235,5.869964306007462,0.0,0.032184683371401235,5.869964306007462,0.0,False
CCCCC/C=C\C/C=C\C/C=C\C/C=C\CCCC(=O)OC(CO)COC(=O)CCCCCNC(=O)CCCC[C@@H]1SC[C@@H]2NC(=O)N[C@@H]21,1,1,1,1,6.421360790031928,6.421360790031928,0.0,6.421360790031928,0.0,0.0,6.421360790031928,0.0,False
CCCCC/C=C\C/C=C\C/C=C\C/C=C\CCCC(=O)ONCCO,1,1,1,1,5.619788758288394,5.619788758288394,0.0,5.619788758288394,0.0,0.0,5.619788758288394,0.0,False
CCCCC/C=C\C/C=C\C/C=C\C/C=C\CCCCOC(CO)CO,1,1,1,1,5.522878745280337,5.522878745280337,0.0,5.522878745280337,0.0,0.0,5.522878745280337,0.0,False
CCCCC/C=C\C/C=C\C/C=C\C/C=C\CCCCOC(CO)COC(=O)CCCCCNC(=O)CCCC[C@@H]1SC[C@@H]2NC(=O)N[C@@H]21,1,1,1,1,6.346787486224656,6.346787486224656,0.0,6.346787486224656,0.0,0.0,6.346787486224656,0.0,False
CCCCC/C=C\C/C=C\C/C=C\[C@@H](C)/C=C\CCCC(=O)NCCO,1,1,1,1,6.7258421507363195,6.7258421507363195,0.0,6.7258421507363195,0.0,0.0,6.7258421507363195,0.0,False
CCCCC/C=C\C/C=C\C/C=C\[C@@H](C)/C=C\CCCC(=O)N[C@H](C)CO,1,1,1,1,6.920818753952375,6.920818753952375,0.0,6.920818753952375,0.0,0.0,6.920818753952375,0.0,False
CCCCC/C=C\C/C=C\C/C=C\[C@H](C)/C=C\CCCC(=O)NCCO,1,1,1,1,7.607303046740334,7.607303046740334,0.0,7.607303046740334,0.0,0.0,7.607303046740334,0.0,False
CCCCC/C=C\C/C=C\C/C=C\[C@H](C)/C=C\CCCC(=O)N[C@H](C)CO,1,1,1,1,7.892790030352131,7.892790030352131,0.0,7.892790030352131,0.0,0.0,7.892790030352131,0.0,False
CCCCC/C=C\C/C=C\CCCCCCCC(=O)NCc1ccccc1,1,1,1,1,5.386158178123931,5.386158178123931,0.0,5.386158178123931,0.0,0.0,5.386158178123931,0.0,False
CCCCC/C=C\[C@H](C)/C=C\C/C=C\C/C=C\CCCC(=O)NC1CC1,1,1,1,1,8.366531544420413,8.366531544420413,0.0,8.366531544420413,0.0,0.0,8.366531544420413,0.0,False
CCCCC/C=C\[C@H](C)/C=C\C/C=C\C/C=C\CCCC(=O)NC1CCC1,1,1,1,1,8.167491087293763,8.167491087293763,0.0,8.167491087293763,0.0,0.0,8.167491087293763,0.0,False
CCCCC/C=C\[C@H](C)/C=C\C/C=C\C/C=C\CCCC(=O)NC1CCCC1,1,1,1,1,6.856985199745905,6.856985199745905,0.0,6.856985199745905,0.0,0.0,6.856985199745905,0.0,False
CCCCC/C=C\[C@H](C)/C=C\C/C=C\C/C=C\CCCC(=O)NCCCl,1,1,1,1,7.982966660701219,7.982966660701219,0.0,7.982966660701219,0.0,0.0,7.982966660701219,0.0,False
CCCCC/C=C\[C@H](C)/C=C\C/C=C\C/C=C\CCCC(=O)NCCO,1,1,1,1,7.296708621881338,7.296708621881338,0.0,7.296708621881338,0.0,0.0,7.296708621881338,0.0,False
CCCCC/C=C\[C@H](C)/C=C\C/C=C\C/C=C\CCCC(=O)N[C@H](C)CO,1,1,1,1,6.75448733218585,6.75448733218585,0.0,6.75448733218585,0.0,0.0,6.75448733218585,0.0,False
CCCCC1(c2cc(O)c3cc(C)c(=O)oc3c2)CCCC1,1,1,1,1,6.0,6.0,0.0,6.0,0.0,0.0,6.0,0.0,False
CCCCC1(c2cc(O)c3cc(C)c(=O)oc3c2)CCCCC1,2,1,1,1,6.97469413473523,6.980011840408714,0.005317705673484774,6.977352987571972,0.005317705673484774,0.0,6.977352987571972,0.0,False
CCCCC1(c2cc(O)c3cc(CC)c(=O)oc3c2)CCCC1,2,1,1,1,7.217527375833714,7.219970872662662,0.0024434968289481773,7.218749124248188,0.0024434968289481773,0.0,7.218749124248188,0.0,False
CCCCC1(c2cc(O)c3cc(CC)c(=O)oc3c2)CCCCC1,2,1,1,1,7.407823242604133,7.410050398674292,0.0022271560701589976,7.408936820639212,0.0022271560701589976,0.0,7.408936820639212,0.0,False
CCCCC1(c2cc(O)c3cc(CCC)c(=O)oc3c2)CCCC1,2,1,1,1,7.730020323354676,7.730487055782084,0.0004667324274079121,7.73025368956838,0.0004667324274079121,0.0,7.73025368956838,0.0,False
CCCCC1(c2cc(O)c3cc(CCC)c(=O)oc3c2)CCCCC1,2,1,1,1,8.187086643357144,8.18996921359416,0.002882570237016324,8.188527928475652,0.002882570237016324,0.0,8.188527928475652,0.0,False
CCCCC1(c2cc(O)c3cc(Cc4ccccc4O)c(=O)oc3c2)CCCC1,1,1,1,1,7.167491087293763,7.167491087293763,0.0,7.167491087293763,0.0,0.0,7.167491087293763,0.0,False
CCCCC1(c2cc(O)c3cc(Cc4ccccc4O)c(=O)oc3c2)CCCCC1,1,1,1,1,7.309803919971486,7.309803919971486,0.0,7.309803919971486,0.0,0.0,7.309803919971486,0.0,False
CCCCC1(c2cc(O)c3cc(Cc4ccccn4)c(=O)oc3c2)CCCCC1,2,1,1,1,7.140021558357979,7.1432711096171175,0.0032495512591381726,7.1416463339875484,0.0032495512591381726,0.0,7.1416463339875484,0.0,False
CCCCC1(c2cc(O)c3cc(Cc4cccnc4)c(=O)oc3c2)CCCC1,2,1,1,1,6.508638306165727,6.509999358109048,0.0013610519433209234,6.509318832137387,0.0013610519433209234,0.0,6.509318832137387,0.0,False
CCCCC1(c2cc(OC)c3cc(Cc4ccccc4OC)c(=O)oc3c2)CCCC1,1,1,1,1,5.943095148663527,5.943095148663527,0.0,5.943095148663527,0.0,0.0,5.943095148663527,0.0,False
CCCCC1=NN(C(=O)NC(C)(C)c2ccc(F)cc2)CC1c1cccc(F)c1,1,1,1,1,7.130768280269024,7.130768280269024,0.0,7.130768280269024,0.0,0.0,7.130768280269024,0.0,False
CCCCC1=NN(C(=O)NC(C)(C)c2ccc(F)cc2)CC1c1ccccc1F,1,1,1,1,7.050609993355087,7.050609993355087,0.0,7.050609993355087,0.0,0.0,7.050609993355087,0.0,False
CCCCC1=NN(C(=O)NC(C)(C)c2ccccc2)C(C)(C)C1c1ccccc1,1,1,1,1,7.924453038607469,7.924453038607469,0.0,7.924453038607469,0.0,0.0,7.924453038607469,0.0,False
CCCCC1=NN(C(=O)NC(C)(C)c2ccccc2)CC1c1ccccc1,1,1,1,1,7.448550002027124,7.448550002027124,0.0,7.448550002027124,0.0,0.0,7.448550002027124,0.0,False
CCCCC1=NN(C(=O)NC(C)(C)c2ccccc2)CC1c1ccsc1,1,1,1,1,7.207608310501746,7.207608310501746,0.0,7.207608310501746,0.0,0.0,7.207608310501746,0.0,False
CCCCC1=NN(C(=O)N[C@H]2C[C@H]3CC[C@]2(C)C3(C)C)C(C)(C)C1c1ccccc1,1,1,1,1,8.468521082957745,8.468521082957745,0.0,8.468521082957745,0.0,0.0,8.468521082957745,0.0,False
CCCCCC(=O)NC(NC(=O)CCCCC)c1ccc(N(CC)CC)cc1,2,1,1,1,7.6020599913279625,7.6020599913279625,0.0,7.6020599913279625,0.0,0.0,7.6020599913279625,0.0,False
CCCCCC(C)(C)c1cc(Br)c2c(c1)OC(C)(C)[C@@H]1CC=C(C)C[C@@H]21,1,1,1,1,7.552841968657781,7.552841968657781,0.0,7.552841968657781,0.0,0.0,7.552841968657781,0.0,False
CCCCCC(C)(C)c1cc(OC)c2c(c1)OC(C)(C)[C@@H]1CCC(C)=C[C@@H]21,1,1,1,1,7.7447274948966935,7.7447274948966935,0.0,7.7447274948966935,0.0,0.0,7.7447274948966935,0.0,False
CCCCCC(C)(C)c1ccc([C@@H]2CCC[C@@H](O)C2)cc1,1,1,1,1,6.667561540084394,6.667561540084394,0.0,6.667561540084394,0.0,0.0,6.667561540084394,0.0,False
CCCCCC(C)(C)c1ccc([C@@H]2C[C@H](O)CC[C@H]2CCCO)cc1,1,1,1,1,6.655607726314889,6.655607726314889,0.0,6.655607726314889,0.0,0.0,6.655607726314889,0.0,False
CCCCCC(C)(C)c1ccc([C@H]2CCC[C@@H](O)C2)c(OC)c1,1,1,1,1,6.257274868695301,6.257274868695301,0.0,6.257274868695301,0.0,0.0,6.257274868695301,0.0,False
CCCCCC(C)(C)c1ccc([C@H]2CCC[C@@H](O)C2)cc1,1,1,1,1,6.337242168318426,6.337242168318426,0.0,6.337242168318426,0.0,0.0,6.337242168318426,0.0,False
CCCCCC(C)(C)c1ccc([C@H]2CCC[C@H](O)C2)c(OC)c1,1,1,1,1,6.159266765388193,6.159266765388193,0.0,6.159266765388193,0.0,0.0,6.159266765388193,0.0,False
CCCCCC(NC(=O)Cc1ccccc1)NC(=O)Cc1ccccc1,2,1,1,1,4.739928612014925,4.739929089261871,4.772469459624062e-07,4.739928850638398,4.772469459624062e-07,0.0,4.739928850638398,0.0,False
CCCCCC1(c2cc(O)c3c(c2)OC(C)(C)[C@@H]2CC=C(C)C[C@@H]32)CC(=O)O1,1,1,1,1,7.255707016877324,7.255707016877324,0.0,7.255707016877324,0.0,0.0,7.255707016877324,0.0,False
CCCCCC1=CC(=O)C2=C(OC(C)(C)[C@@H]3CC[C@](C)(OCC)C=C23)C1=O,1,1,1,1,5.6916490514132745,5.6916490514132745,0.0,5.6916490514132745,0.0,0.0,5.6916490514132745,0.0,False
CCCCCC1=NN(C(=O)NC(C)(C)c2ccccc2)CC1c1ccccc1,1,1,1,1,7.75448733218585,7.75448733218585,0.0,7.75448733218585,0.0,0.0,7.75448733218585,0.0,False
CCCCCC1=NN(C(=O)NC23CC4CC(CC(C4)C2)C3)CC1c1ccccc1,1,1,1,1,7.826813731587726,7.826813731587726,0.0,7.826813731587726,0.0,0.0,7.826813731587726,0.0,False
CCCCCC1=NN(C(=O)NC2C3CC4CC(C3)CC2C4)CC1c1ccccc1,1,1,1,1,8.200659450546418,8.200659450546418,0.0,8.200659450546418,0.0,0.0,8.200659450546418,0.0,False
CCCCCC1=NN(C(=O)NC2CCCCC2)CC1c1ccccc1,1,1,1,1,7.102372908709558,7.102372908709558,0.0,7.102372908709558,0.0,0.0,7.102372908709558,0.0,False
CCCCCC1=NN(C(=O)NC2CCCCCC2)CC1c1ccccc1,1,1,1,1,7.703334809738469,7.703334809738469,0.0,7.703334809738469,0.0,0.0,7.703334809738469,0.0,False
CCCCCC1=NN(C(=O)NC2CCCCCCC2)CC1c1ccccc1,1,1,1,1,7.575118363368933,7.575118363368933,0.0,7.575118363368933,0.0,0.0,7.575118363368933,0.0,False
CCCCCC1=NN(C(=O)NC2CCCc3ccccc32)CC1c1ccccc1,1,1,1,1,7.647817481888637,7.647817481888637,0.0,7.647817481888637,0.0,0.0,7.647817481888637,0.0,False
CCCCCC1=NN(C(=O)NCC23CC4CC(CC(C4)C2)C3)CC1c1ccccc1,1,1,1,1,8.096910013008056,8.096910013008056,0.0,8.096910013008056,0.0,0.0,8.096910013008056,0.0,False
CCCCCC1=NN(C(=O)NCC2CCCCC2)CC1c1ccccc1,1,1,1,1,7.275724130399211,7.275724130399211,0.0,7.275724130399211,0.0,0.0,7.275724130399211,0.0,False
CCCCCC1=NN(C(=O)NC[C@@H]2CC[C@H]3C[C@@H]2C3(C)C)CC1c1ccccc1,1,1,1,1,7.876148359032914,7.876148359032914,0.0,7.876148359032914,0.0,0.0,7.876148359032914,0.0,False
CCCCCC1=NN(C(=O)NCc2ccccc2)CC1c1ccccc1,1,1,1,1,6.585026652029182,6.585026652029182,0.0,6.585026652029182,0.0,0.0,6.585026652029182,0.0,False
CCCCCC1=NN(C(=O)N[C@H]2C[C@H]3CC[C@]2(C)C3(C)C)CC1c1ccccc1,3,1,1,1,7.443697499232712,8.275724130399212,0.8320266311664994,8.130768280269024,0.8320266311664994,0.0,8.130768280269024,0.0,False
CCCCCC1=NN(C(=O)Nc2cccc3ccccc23)CC1c1ccccc1,1,1,1,1,7.436518914605589,7.436518914605589,0.0,7.436518914605589,0.0,0.0,7.436518914605589,0.0,False
CCCCCC1=NN(C(=O)Nc2ccccc2C(F)(F)F)CC1c1ccccc1,1,1,1,1,7.823908740944319,7.823908740944319,0.0,7.823908740944319,0.0,0.0,7.823908740944319,0.0,False
CCCCCC1=NN(C(=O)c2cccc3ccccc23)CC1c1ccccc1,1,1,1,1,6.987162775294828,6.987162775294828,0.0,6.987162775294828,0.0,0.0,6.987162775294828,0.0,False
CCCCCCC(C)(C)C1=CC(=O)C2=C(OC(C)(C)c3c[nH]nc32)C1=O,1,1,1,1,6.872895201635192,6.872895201635192,0.0,6.872895201635192,0.0,0.0,6.872895201635192,0.0,False
CCCCCCC(C)(C)C1=CC(=O)C2=C(OC(C)(C)c3cn(C)nc32)C1=O,1,1,1,1,6.172630726946174,6.172630726946174,0.0,6.172630726946174,0.0,0.0,6.172630726946174,0.0,False
CCCCCCC(C)(C)C1=CC(=O)C2=C(OC(C)(C)c3cn(CC)nc32)C1=O,1,1,1,1,5.435926021022853,5.435926021022853,0.0,5.435926021022853,0.0,0.0,5.435926021022853,0.0,False
CCCCCCC(C)(C)C1=CC2=C(C(=O)C1=O)c1[nH]ncc1C(C)(C)O2,1,1,1,1,6.400116927926312,6.400116927926312,0.0,6.400116927926312,0.0,0.0,6.400116927926312,0.0,False
CCCCCCC(C)(C)C1=CC2=C(C(=O)C1=O)c1c(cnn1CC)C(C)(C)O2,1,1,1,1,6.276544327964814,6.276544327964814,0.0,6.276544327964814,0.0,0.0,6.276544327964814,0.0,False
CCCCCCC(C)(C)C1=CC2=C(C(=O)C1=O)c1nn(C)cc1C(C)(C)O2,1,1,1,1,6.224025668870631,6.224025668870631,0.0,6.224025668870631,0.0,0.0,6.224025668870631,0.0,False
CCCCCCC(C)(C)c1cc(Br)c2c(c1)OC(C)(C)[C@@H]1CC=C(C)C[C@@H]21,1,1,1,1,7.468521082957745,7.468521082957745,0.0,7.468521082957745,0.0,0.0,7.468521082957745,0.0,False
CCCCCCC(C)(C)c1cc(O)c(-c2c(CO)cccc2C(C)C)c(OC)c1,2,1,1,1,9.193820026016112,9.55284196865778,0.3590219426416681,9.373330997336947,0.3590219426416681,0.0,9.373330997336947,0.0,False
CCCCCCC(C)(C)c1cc(O)c([C@H]2CC(=O)[C@H]3C[C@@H]2C3(C)C)c(OC(=O)/C=C/C(=O)O)c1,1,1,1,1,8.045757490560675,8.045757490560675,0.0,8.045757490560675,0.0,0.0,8.045757490560675,0.0,False
CCCCCCC(C)(C)c1cc(O)c2c(c1)OC(C)(C)C1CCC(=O)CC21,2,2,2,1,7.75448733218585,8.199970640755865,0.44548330857001517,7.977228986470857,0.0,0.44548330857001517,7.977228986470857,0.0,False
CCCCCCC(C)(C)c1cc(O)c2c(c1)OC(C)(C)[C@@H]1CC=C(C(=O)O)C[C@@H]21,1,1,1,1,6.768275616671484,6.768275616671484,0.0,6.768275616671484,0.0,0.0,6.768275616671484,0.0,False
CCCCCCC(C)(C)c1cc(O)c2c(c1)OC(C)(C)[C@@H]1CC=C(CO)C[C@@H]21,7,7,7,1,7.7447274948966935,9.823908740944319,2.079181246047625,8.575118363368933,0.0,2.079181246047625,8.575118363368933,0.0,True
CCCCCCC(C)(C)c1cc(O)c2c(c1)OC(C)(C)[C@@H]1CC=C(OO)C[C@@H]21,1,1,1,1,10.494850021680094,10.494850021680094,0.0,10.494850021680094,0.0,0.0,10.494850021680094,0.0,False
CCCCCCC(C)(C)c1cc(O)c2c(c1)OC(C)(C)[C@@H]1CCC(=O)OC[C@@H]21,1,1,1,1,7.2839966563652006,7.2839966563652006,0.0,7.2839966563652006,0.0,0.0,7.2839966563652006,0.0,False
CCCCCCC(C)(C)c1cc(O)c2c(c1)OC(C)(C)[C@@H]1CCOC(=O)C[C@@H]21,1,1,1,1,7.026872146400302,7.026872146400302,0.0,7.026872146400302,0.0,0.0,7.026872146400302,0.0,False
CCCCCCC(C)(C)c1cc(O)c2c(c1)OC(C)(C)[C@@H]1CC[C@@H](CO)C[C@@H]21,1,1,1,1,8.67778070526608,8.67778070526608,0.0,8.67778070526608,0.0,0.0,8.67778070526608,0.0,False
CCCCCCC(C)(C)c1cc(O)c2c(c1)OC(C)(C)[C@H]1CC=C(C)C[C@H]21,1,1,1,1,8.045757490560675,8.045757490560675,0.0,8.045757490560675,0.0,0.0,8.045757490560675,0.0,False
CCCCCCC(C)(C)c1cc(O)c2c(c1)OC(C)(C)[C@H]1CC=C(CO)C[C@H]21,1,1,1,1,6.823908740944319,6.823908740944319,0.0,6.823908740944319,0.0,0.0,6.823908740944319,0.0,False
CCCCCCC(C)(C)c1cc(O)c2c(c1)OC(C)(C)c1ccc(C)c(CO)c1-2,1,1,1,1,7.017728766960431,7.017728766960431,0.0,7.017728766960431,0.0,0.0,7.017728766960431,0.0,False
CCCCCCC(C)(C)c1cc(O)c2c(c1)OC(C)(C)c1cn(CCO)nc1-2,1,1,1,1,7.402304814074488,7.402304814074488,0.0,7.402304814074488,0.0,0.0,7.402304814074488,0.0,False
CCCCCCC(C)(C)c1cc(O)c2c(c1)OC(C)(C)c1cn(CO)nc1-2,1,1,1,1,7.2262135550188065,7.2262135550188065,0.0,7.2262135550188065,0.0,0.0,7.2262135550188065,0.0,False
CCCCCCC(C)(C)c1cc(O)c2c(c1)OC(C)(C)c1cnn(-c3ccc(Cl)c(Cl)c3)c1-2,1,1,1,1,6.568636235841012,6.568636235841012,0.0,6.568636235841012,0.0,0.0,6.568636235841012,0.0,False
CCCCCCC(C)(C)c1cc(O)c2c(c1)OC(C)(C)c1cnn(-c3cccc(OC)c3)c1-2,1,1,1,1,6.250263684430939,6.250263684430939,0.0,6.250263684430939,0.0,0.0,6.250263684430939,0.0,False
CCCCCCC(C)(C)c1cc(O)c2c(c1)OC(C)(C)c1cnn(C3CCCCC3)c1-2,1,1,1,1,7.270025714300444,7.270025714300444,0.0,7.270025714300444,0.0,0.0,7.270025714300444,0.0,False
CCCCCCC(C)(C)c1cc(O)c2c(c1)OC(C)(C)c1cnn(CCO)c1-2,1,1,1,1,6.436518914605589,6.436518914605589,0.0,6.436518914605589,0.0,0.0,6.436518914605589,0.0,False
CCCCCCC(C)(C)c1cc(O)c2c(c1)OC(C)(C)c1cnoc1-2,1,1,1,1,8.275724130399212,8.275724130399212,0.0,8.275724130399212,0.0,0.0,8.275724130399212,0.0,False
CCCCCCC(C)(C)c1cc(O)c2c(c1)oc(=O)c1ccc(C)cc12,1,1,1,1,8.508638306165727,8.508638306165727,0.0,8.508638306165727,0.0,0.0,8.508638306165727,0.0,False
CCCCCCC(C)(C)c1cc(O)c2c(c1)oc(=O)c1ccc(O)cc12,1,1,1,1,9.086186147616283,9.086186147616283,0.0,9.086186147616283,0.0,0.0,9.086186147616283,0.0,False
CCCCCCC(C)(C)c1cc(O)c2c(c1)oc(=O)c1ccc(OC)cc12,1,1,1,1,8.173925197299173,8.173925197299173,0.0,8.173925197299173,0.0,0.0,8.173925197299173,0.0,False
CCCCCCC(C)(C)c1cc(O)c2cc(Cc3ccccc3)c(=O)oc2c1,1,1,1,1,6.332547047110046,6.332547047110046,0.0,6.332547047110046,0.0,0.0,6.332547047110046,0.0,False
CCCCCCC(C)(C)c1cc(O)c2cc(Cc3ccccc3C)c(=O)oc2c1,2,1,1,1,6.650004100737144,6.653647025549361,0.0036429248122171742,6.651825563143253,0.0036429248122171742,0.0,6.651825563143253,0.0,False
CCCCCCC(C)(C)c1cc(O)c2cc(Cc3ccccc3O)c(=O)oc2c1,1,1,1,1,6.6777807052660805,6.6777807052660805,0.0,6.6777807052660805,0.0,0.0,6.6777807052660805,0.0,False
CCCCCCC(C)(C)c1cc(O)cc(OCCCCCCCC(=O)NC(CO)CO)c1,1,1,1,1,6.088948979671874,6.088948979671874,0.0,6.088948979671874,0.0,0.0,6.088948979671874,0.0,False
CCCCCCC(C)(C)c1cc(O)cc(OCCCCCCCC(=O)NC2CC2)c1,2,1,1,1,8.100015437450608,8.102372908709558,0.002357471258950028,8.101194173080083,0.002357471258950028,0.0,8.101194173080083,0.0,False
CCCCCCC(C)(C)c1cc(O)cc(OCCCCCCCC(=O)NCC(F)(F)F)c1,1,1,1,1,7.554395796726403,7.554395796726403,0.0,7.554395796726403,0.0,0.0,7.554395796726403,0.0,False
CCCCCCC(C)(C)c1cc(O)cc(OCCCCCCCC(=O)NCC2CC2)c1,2,1,1,1,7.468521082957745,7.50003813440381,0.0315170514460652,7.484279608680778,0.0315170514460652,0.0,7.484279608680778,0.0,False
CCCCCCC(C)(C)c1cc(O)cc(OCCCCCCCC(=O)NCCO)c1,2,1,1,1,6.795880017344075,6.799998134593398,0.0041181172493232054,6.797939075968737,0.0041181172493232054,0.0,6.797939075968737,0.0,False
CCCCCCC(C)(C)c1cc(O)cc(OCCCCCCCC(=O)N[C@H](C)CO)c1,1,1,1,1,7.29929628285498,7.29929628285498,0.0,7.29929628285498,0.0,0.0,7.29929628285498,0.0,False
CCCCCCC(C)(C)c1cc(O)cc(OCCCCCCCC(=O)OC(CO)CO)c1,1,1,1,1,6.102372908709558,6.102372908709558,0.0,6.102372908709558,0.0,0.0,6.102372908709558,0.0,False
CCCCCCC(C)(C)c1cc(O)cc(OCCCCCCCCCCC(=O)NC(CO)CO)c1,1,1,1,1,6.638272163982407,6.638272163982407,0.0,6.638272163982407,0.0,0.0,6.638272163982407,0.0,False
CCCCCCC(C)(C)c1cc(O)cc(OCCCCCCCCCCC(=O)NC2CC2)c1,2,1,1,1,8.100015437450608,8.102372908709558,0.002357471258950028,8.101194173080083,0.002357471258950028,0.0,8.101194173080083,0.0,False
CCCCCCC(C)(C)c1cc(O)cc(OCCCCCCCCCCC(=O)NCC2CC2)c1,2,1,1,1,7.455931955649724,7.50003813440381,0.04410617875408551,7.477985045026767,0.04410617875408551,0.0,7.477985045026767,0.0,False
CCCCCCC(C)(C)c1cc(O)cc(OCCCCCCCCCCC(=O)NCCO)c1,2,1,1,1,7.50003813440381,7.522878745280337,0.022840610876527556,7.511458439842073,0.022840610876527556,0.0,7.511458439842073,0.0,False
CCCCCCC(C)(C)c1cc(O)cc(OCCCCCCCCCCC(=O)NCCc2ccc(O)c(O)c2)c1,1,1,1,1,5.301029995663981,5.301029995663981,0.0,5.301029995663981,0.0,0.0,5.301029995663981,0.0,False
CCCCCCC(C)(C)c1cc(O)cc(OCCCCCCCCCCC(=O)NCc2ccc(O)c(OC)c2)c1,1,1,1,1,6.292429823902063,6.292429823902063,0.0,6.292429823902063,0.0,0.0,6.292429823902063,0.0,False
CCCCCCC(C)(C)c1cc(O)cc(OCCCCCCCCCCC(=O)N[C@H](C)CO)c1,1,1,1,1,7.673664139071248,7.673664139071248,0.0,7.673664139071248,0.0,0.0,7.673664139071248,0.0,False
CCCCCCC(C)(C)c1cc(O)cc(OCCCCCCCCCCC(=O)OC(CO)CO)c1,1,1,1,1,6.102372908709558,6.102372908709558,0.0,6.102372908709558,0.0,0.0,6.102372908709558,0.0,False
CCCCCCC(C)(C)c1cc(O)cc(OCCCCCCCCCCC(=O)OCC(O)CO)c1,1,1,1,1,6.508638306165727,6.508638306165727,0.0,6.508638306165727,0.0,0.0,6.508638306165727,0.0,False
CCCCCCC(C)(C)c1cc(O)cc(OCCCCCCCCCCCC(=O)NC2CC2)c1,2,1,1,1,7.698970004336019,7.700057099977233,0.0010870956412141197,7.699513552156626,0.0010870956412141197,0.0,7.699513552156626,0.0,False
CCCCCCC(C)(C)c1cc(O)cc(OCCCCCCCCCCCC(=O)NCC2CC2)c1,2,1,1,1,6.199998172182031,6.221848749616356,0.021850577434324947,6.210923460899194,0.021850577434324947,0.0,6.210923460899194,0.0,False
CCCCCCC(C)(C)c1cc(O)cc(OCCCCCCCCCCCC(=O)NCCO)c1,2,1,1,1,7.096910013008056,7.100015437450609,0.0031054244425527955,7.098462725229332,0.0031054244425527955,0.0,7.098462725229332,0.0,False
CCCCCCC(C)(C)c1cc(O)cc(OCCCCCCCCCCCC(=O)OC(CO)CO)c1,1,1,1,1,6.096910013008056,6.096910013008056,0.0,6.096910013008056,0.0,0.0,6.096910013008056,0.0,False
CCCCCCC(C)(C)c1cc(O)cc(OCCCCCCCCCCCCOC(CO)CO)c1,1,1,1,1,5.777283528852417,5.777283528852417,0.0,5.777283528852417,0.0,0.0,5.777283528852417,0.0,False
CCCCCCC(C)(C)c1cc(O)cc(OCCCCCCCCCCCNC(=O)C2CC2)c1,1,1,1,1,6.187086643357144,6.187086643357144,0.0,6.187086643357144,0.0,0.0,6.187086643357144,0.0,False
CCCCCCC(C)(C)c1cc(O)cc(OCCCCCCCCCCOC(CO)CO)c1,1,1,1,1,6.42021640338319,6.42021640338319,0.0,6.42021640338319,0.0,0.0,6.42021640338319,0.0,False
CCCCCCC(C)(C)c1cc(O)cc(OCCCCCCCCOC(CO)CO)c1,1,1,1,1,6.958607314841775,6.958607314841775,0.0,6.958607314841775,0.0,0.0,6.958607314841775,0.0,False
CCCCCCC(C)(C)c1cc(O)cc(OCCCCCCOC(CO)CO)c1,1,1,1,1,6.721246399047171,6.721246399047171,0.0,6.721246399047171,0.0,0.0,6.721246399047171,0.0,False
CCCCCCC(C)(C)c1cc(OC(C)=O)c2c(c1)OC(C)(C)[C@@H]1CC=C(C(=O)O)C[C@@H]21,1,1,1,1,7.292429823902063,7.292429823902063,0.0,7.292429823902063,0.0,0.0,7.292429823902063,0.0,False
CCCCCCC(C)(C)c1cc(OC)c(C2(O)CCOCC2)c(OC)c1,1,1,1,1,6.465973893943865,6.465973893943865,0.0,6.465973893943865,0.0,0.0,6.465973893943865,0.0,False
CCCCCCC(C)(C)c1cc(OC)c([C@@H]2C=C(CO)[C@@H]3C[C@H]2C3(C)C)c(OC)c1,1,1,1,1,7.950781977329818,7.950781977329818,0.0,7.950781977329818,0.0,0.0,7.950781977329818,0.0,False
CCCCCCC(C)(C)c1cc(OC)c([C@@]2(O)CCC[C@@H](C)C2)c(OC)c1,1,1,1,1,7.638272163982407,7.638272163982407,0.0,7.638272163982407,0.0,0.0,7.638272163982407,0.0,False
CCCCCCC(C)(C)c1cc(OC)c([C@H]2C=C(CO)[C@H]3C[C@@H]2C3(C)C)c(OC)c1,3,3,3,1,7.360015751958412,7.950781977329818,0.5907662253714063,7.6439741428068775,0.0,0.5907662253714063,7.6439741428068775,0.0,False
CCCCCCC(C)(C)c1cc(OC)c([C@]2(O)CCC[C@@H](C)C2)c(OC)c1,1,1,1,1,7.636388020107855,7.636388020107855,0.0,7.636388020107855,0.0,0.0,7.636388020107855,0.0,False
CCCCCCC(C)(C)c1cc(OC)c2c(c1)OC(C)(C)[C@@H]1CC=C(C)C[C@@H]21,1,1,1,1,8.193820026016112,8.193820026016112,0.0,8.193820026016112,0.0,0.0,8.193820026016112,0.0,False
CCCCCCC(C)(C)c1cc(OC)c2c(c1)OC(C)(C)c1cn(C)nc1-2,1,1,1,1,7.1778319206319825,7.1778319206319825,0.0,7.1778319206319825,0.0,0.0,7.1778319206319825,0.0,False
CCCCCCC(C)(C)c1cc(OC)c2c(c1)OC(C)(C)c1cn(CC)nc1-2,1,1,1,1,7.033389013318065,7.033389013318065,0.0,7.033389013318065,0.0,0.0,7.033389013318065,0.0,False
CCCCCCC(C)(C)c1cc(OC)c2c(c1)OC(C)(C)c1cn[nH]c1-2,1,1,1,1,7.059981844992337,7.059981844992337,0.0,7.059981844992337,0.0,0.0,7.059981844992337,0.0,False
CCCCCCC(C)(C)c1cc(OC)c2c(c1)OC(C)(C)c1cnn(-c3ccc(Cl)c(Cl)c3)c1-2,1,1,1,1,5.646660904688695,5.646660904688695,0.0,5.646660904688695,0.0,0.0,5.646660904688695,0.0,False
CCCCCCC(C)(C)c1cc(OC)c2c(c1)OC(C)(C)c1cnn(-c3ccc(Cl)cc3Cl)c1-2,1,1,1,1,5.825940192274975,5.825940192274975,0.0,5.825940192274975,0.0,0.0,5.825940192274975,0.0,False
CCCCCCC(C)(C)c1cc(OC)c2c(c1)OC(C)(C)c1cnn(CC)c1-2,1,1,1,1,6.7972393126068,6.7972393126068,0.0,6.7972393126068,0.0,0.0,6.7972393126068,0.0,False
CCCCCCC(C)(C)c1cc(OC)c2c(c1)OC(C)(C)c1cnoc1-2,1,1,1,1,7.892790030352131,7.892790030352131,0.0,7.892790030352131,0.0,0.0,7.892790030352131,0.0,False
CCCCCCC(C)(C)c1cc(OC)c2cc(Cc3ccccc3)c(=O)oc2c1,1,1,1,1,5.3851027839668655,5.3851027839668655,0.0,5.3851027839668655,0.0,0.0,5.3851027839668655,0.0,False
CCCCCCC(C)(C)c1cc(OC)c2cc(Cc3ccccc3OC)c(=O)oc2c1,1,1,1,1,5.521433504406156,5.521433504406156,0.0,5.521433504406156,0.0,0.0,5.521433504406156,0.0,False
CCCCCCC(C)(C)c1cc(OC)cc(OCCCCCCCC(=O)NC2CC2)c1,1,1,1,1,8.3767507096021,8.3767507096021,0.0,8.3767507096021,0.0,0.0,8.3767507096021,0.0,False
CCCCCCC(C)(C)c1cc(OC)cc(OCCCCCCCC(=O)NCC(F)(F)F)c1,1,1,1,1,7.032452023781138,7.032452023781138,0.0,7.032452023781138,0.0,0.0,7.032452023781138,0.0,False
CCCCCCC(C)(C)c1cc(OC)cc(OCCCCCCCC(=O)NCCO)c1,1,1,1,1,6.888065723667319,6.888065723667319,0.0,6.888065723667319,0.0,0.0,6.888065723667319,0.0,False
CCCCCCC(C)(C)c1cc(OC)cc(OCCCCCCCCCCC(=O)NC(CO)CO)c1,1,1,1,1,5.8628991954208765,5.8628991954208765,0.0,5.8628991954208765,0.0,0.0,5.8628991954208765,0.0,False
CCCCCCC(C)(C)c1cc(OC)cc(OCCCCCCCCCCC(=O)NC2CC2)c1,1,1,1,1,7.583359492661719,7.583359492661719,0.0,7.583359492661719,0.0,0.0,7.583359492661719,0.0,False
CCCCCCC(C)(C)c1cc(OC)cc(OCCCCCCCCCCC(=O)NCC2CC2)c1,1,1,1,1,6.4917396944876655,6.4917396944876655,0.0,6.4917396944876655,0.0,0.0,6.4917396944876655,0.0,False
CCCCCCC(C)(C)c1cc(OC)cc(OCCCCCCCCCCC(=O)NCCO)c1,1,1,1,1,6.981299501333757,6.981299501333757,0.0,6.981299501333757,0.0,0.0,6.981299501333757,0.0,False
CCCCCCC(C)(C)c1cc(OCC)c2c(c1)OC(C)(C)c1cnn(-c3ccc(Cl)c(Cl)c3)c1-2,1,1,1,1,5.450383760480914,5.450383760480914,0.0,5.450383760480914,0.0,0.0,5.450383760480914,0.0,False
CCCCCCC(C)(C)c1cc(OCCBr)c2c(c1)OC(C)(C)c1cn(CC)nc1-2,1,1,1,1,7.104025267640935,7.104025267640935,0.0,7.104025267640935,0.0,0.0,7.104025267640935,0.0,False
CCCCCCC(C)(C)c1cc(OCCCBr)c2c(c1)OC(C)(C)c1cn(C)nc1-2,1,1,1,1,7.111820506081675,7.111820506081675,0.0,7.111820506081675,0.0,0.0,7.111820506081675,0.0,False
CCCCCCC(C)(C)c1cc(OCCCBr)c2c(c1)OC(C)(C)c1cn(CC)nc1-2,1,1,1,1,7.059981844992337,7.059981844992337,0.0,7.059981844992337,0.0,0.0,7.059981844992337,0.0,False
CCCCCCC(C)(C)c1cc(OCCCO)c2c(c1)OC(C)(C)c1cn(C)nc1-2,1,1,1,1,6.438898616350944,6.438898616350944,0.0,6.438898616350944,0.0,0.0,6.438898616350944,0.0,False
CCCCCCC(C)(C)c1cc(OCCCO)c2c(c1)OC(C)(C)c1cn(CC)nc1-2,1,1,1,1,7.011441043121384,7.011441043121384,0.0,7.011441043121384,0.0,0.0,7.011441043121384,0.0,False
CCCCCCC(C)(C)c1cc(OCCCO)c2c(c1)OC(C)(C)c1cn[nH]c1-2,1,1,1,1,7.585026652029182,7.585026652029182,0.0,7.585026652029182,0.0,0.0,7.585026652029182,0.0,False
CCCCCCC(C)(C)c1cc(OCCCO)c2c(c1)OC(C)(C)c1cnn(CC)c1-2,1,1,1,1,6.356547323513812,6.356547323513812,0.0,6.356547323513812,0.0,0.0,6.356547323513812,0.0,False
CCCCCCC(C)(C)c1cc(OCCCO)c2c(c1)OC(C)(C)c1cnoc1-2,1,1,1,1,7.183758700008217,7.183758700008217,0.0,7.183758700008217,0.0,0.0,7.183758700008217,0.0,False
CCCCCCC(C)(C)c1cc(OCCO)c2c(c1)OC(C)(C)c1cn(C)nc1-2,1,1,1,1,7.400116927926312,7.400116927926312,0.0,7.400116927926312,0.0,0.0,7.400116927926312,0.0,False
CCCCCCC(C)(C)c1cc(OCCO)c2c(c1)OC(C)(C)c1cn(CC)nc1-2,1,1,1,1,6.676541633150532,6.676541633150532,0.0,6.676541633150532,0.0,0.0,6.676541633150532,0.0,False
CCCCCCC(C)(C)c1cc(OCCO)c2c(c1)OC(C)(C)c1cn[nH]c1-2,1,1,1,1,8.443697499232712,8.443697499232712,0.0,8.443697499232712,0.0,0.0,8.443697499232712,0.0,False
CCCCCCC(C)(C)c1cc(OCc2ccccc2)c2c(c1)OC(C)(C)c1cn(C)nc1-2,1,1,1,1,6.680269505669775,6.680269505669775,0.0,6.680269505669775,0.0,0.0,6.680269505669775,0.0,False
CCCCCCC(C)(C)c1cc(OCc2ccccc2)c2c(c1)OC(C)(C)c1cn(CC)nc1-2,1,1,1,1,6.673254620434678,6.673254620434678,0.0,6.673254620434678,0.0,0.0,6.673254620434678,0.0,False
CCCCCCC(C)(C)c1cc(OCc2ccccc2)c2c(c1)OC(C)(C)c1cn[nH]c1-2,1,1,1,1,7.0301183562535,7.0301183562535,0.0,7.0301183562535,0.0,0.0,7.0301183562535,0.0,False
CCCCCCC(C)(C)c1cc(OCc2ccccc2)c2c(c1)OC(C)(C)c1cnn(-c3ccc(Cl)c(Cl)c3)c1-2,1,1,1,1,5.427128397799519,5.427128397799519,0.0,5.427128397799519,0.0,0.0,5.427128397799519,0.0,False
CCCCCCC(C)(C)c1cc(OCc2ccccc2)c2c(c1)OC(C)(C)c1cnn(CC)c1-2,1,1,1,1,6.528855034839367,6.528855034839367,0.0,6.528855034839367,0.0,0.0,6.528855034839367,0.0,False
CCCCCCC(C)(C)c1cc2c(c3c1CCCO3)-c1c(cnn1CC)C(C)(C)O2,1,1,1,1,6.248874928464417,6.248874928464417,0.0,6.248874928464417,0.0,0.0,6.248874928464417,0.0,False
CCCCCCC(C)(C)c1cc2c(c3c1CCCO3)-c1nn(CC)cc1C(C)(C)O2,1,1,1,1,6.915066425063284,6.915066425063284,0.0,6.915066425063284,0.0,0.0,6.915066425063284,0.0,False
CCCCCCC(C)(C)c1ccc(-c2c(C)cccc2C)c(O)c1,1,1,1,1,7.7447274948966935,7.7447274948966935,0.0,7.7447274948966935,0.0,0.0,7.7447274948966935,0.0,False
CCCCCCC(C)(C)c1ccc(-c2cc(C)cc(C)c2)c(C(=O)OC)c1,2,1,1,1,6.958607314841775,8.638272163982407,1.6796648491406323,7.798439739412091,1.6796648491406323,0.0,7.798439739412091,0.0,True
CCCCCCC(C)(C)c1ccc(-c2cc(C)cc(C)c2)c(C(N)=O)c1,1,1,1,1,6.494850021680094,6.494850021680094,0.0,6.494850021680094,0.0,0.0,6.494850021680094,0.0,False
CCCCCCC(C)(C)c1ccc(-c2cc(C)cc(C)c2)c(CN)c1,1,1,1,1,6.42021640338319,6.42021640338319,0.0,6.42021640338319,0.0,0.0,6.42021640338319,0.0,False
CCCCCCC(C)(C)c1ccc(-c2cc(C)cc(C)c2)c(CN2CCOCC2)c1,1,1,1,1,6.180456064458131,6.180456064458131,0.0,6.180456064458131,0.0,0.0,6.180456064458131,0.0,False
CCCCCCC(C)(C)c1ccc(-c2cc(C)cc(C)c2)c(CO)c1,1,1,1,1,6.318758762624412,6.318758762624412,0.0,6.318758762624412,0.0,0.0,6.318758762624412,0.0,False
CCCCCCC(C)(C)c1ccc(-c2cc(C)cc(C)c2)c(COC(=O)CN2CCOCC2)c1,1,1,1,1,9.09151498112135,9.09151498112135,0.0,9.09151498112135,0.0,0.0,9.09151498112135,0.0,False
CCCCCCC(C)(C)c1ccc(-c2cc(C)cc(C)c2)c(N)c1,1,1,1,1,7.292429823902063,7.292429823902063,0.0,7.292429823902063,0.0,0.0,7.292429823902063,0.0,False
CCCCCCC(C)(C)c1ccc(-c2cc(C)cc(C)c2)c(O)c1,1,1,1,1,8.638272163982407,8.638272163982407,0.0,8.638272163982407,0.0,0.0,8.638272163982407,0.0,False
CCCCCCC(C)(C)c1ccc(-c2cc(C)cc(C)c2)c(OC)c1,1,1,1,1,7.468521082957745,7.468521082957745,0.0,7.468521082957745,0.0,0.0,7.468521082957745,0.0,False
CCCCCCC(C)(C)c1ccc(-c2cc(C)ccc2C)c(O)c1,1,1,1,1,8.18045606445813,8.18045606445813,0.0,8.18045606445813,0.0,0.0,8.18045606445813,0.0,False
CCCCCCC(C)(C)c1ccc(-c2ccc(C)c(C)c2)c(O)c1,1,1,1,1,6.080921907623926,6.080921907623926,0.0,6.080921907623926,0.0,0.0,6.080921907623926,0.0,False
CCCCCCC(C)(C)c1ccc(-c2ccc(N)cc2)c(O)c1,1,1,1,1,6.0,6.0,0.0,6.0,0.0,0.0,6.0,0.0,False
CCCCCCC(C)(C)c1ccc(-c2ccc(OC)c(OC)c2)c(O)c1,1,1,1,1,5.769551078621726,5.769551078621726,0.0,5.769551078621726,0.0,0.0,5.769551078621726,0.0,False
CCCCCCC(C)(C)c1ccc(-c2cccc(C#N)c2)c(O)c1,1,1,1,1,7.346787486224656,7.346787486224656,0.0,7.346787486224656,0.0,0.0,7.346787486224656,0.0,False
CCCCCCC(C)(C)c1ccc(-c2cccc(C)c2C)c(O)c1,1,1,1,1,7.698970004336019,7.698970004336019,0.0,7.698970004336019,0.0,0.0,7.698970004336019,0.0,False
CCCCCCC(C)(C)c1ccc(-c2cccc(N)c2)c(O)c1,1,1,1,1,7.356547323513812,7.356547323513812,0.0,7.356547323513812,0.0,0.0,7.356547323513812,0.0,False
CCCCCCC(C)(C)c1ccc(-c2cccc(OC)c2)c(O)c1,1,1,1,1,6.236572006437063,6.236572006437063,0.0,6.236572006437063,0.0,0.0,6.236572006437063,0.0,False
CCCCCCC(C)(C)c1ccc(-c2cccc(OC)c2OC)c(O)c1,1,1,1,1,8.10790539730952,8.10790539730952,0.0,8.10790539730952,0.0,0.0,8.10790539730952,0.0,False
CCCCCCC(C)(C)c1ccc(-c2ccccc2N)c(O)c1,1,1,1,1,7.769551078621726,7.769551078621726,0.0,7.769551078621726,0.0,0.0,7.769551078621726,0.0,False
CCCCCCC(C)(C)c1ccc(-c2ccccc2OC)c(O)c1,1,1,1,1,9.0,9.0,0.0,9.0,0.0,0.0,9.0,0.0,False
CCCCCCC(C)(C)c1ccc(-c2cccnc2)c(O)c1,1,1,1,1,7.698970004336019,7.698970004336019,0.0,7.698970004336019,0.0,0.0,7.698970004336019,0.0,False
CCCCCCC(C)(C)c1ccc(OCC/C=C\C/C=C\CCCC(=O)N[C@H](C)CO)cc1,1,1,1,1,7.106682188383888,7.106682188383888,0.0,7.106682188383888,0.0,0.0,7.106682188383888,0.0,False
CCCCCCC(C)(C)c1ccc([C@@H]2CCC[C@@H](O)C2)cc1,1,1,1,1,6.7495799976911055,6.7495799976911055,0.0,6.7495799976911055,0.0,0.0,6.7495799976911055,0.0,False
CCCCCCC(C)(C)c1ccc([C@@H]2C[C@H](O)CC[C@H]2CCCO)c(O)c1,17,16,16,1,7.468521082957745,9.500038134403809,2.0315170514460643,8.744727494896694,0.0010898236130607586,2.0315170514460643,8.796219575256819,0.051492080360125314,True
CCCCCCC(C)(C)c1ccc([C@@H]2C[C@H](O)CC[C@H]2CCCO)cc1,1,1,1,1,6.623423042943488,6.623423042943488,0.0,6.623423042943488,0.0,0.0,6.623423042943488,0.0,False
CCCCCCC(C)(C)c1ccc([C@H]2CCC[C@@H](O)C2)c(OC)c1,1,1,1,1,6.092588639225414,6.092588639225414,0.0,6.092588639225414,0.0,0.0,6.092588639225414,0.0,False
CCCCCCC(C)(C)c1ccc([C@H]2CCC[C@@H](O)C2)cc1,1,1,1,1,6.636388020107855,6.636388020107855,0.0,6.636388020107855,0.0,0.0,6.636388020107855,0.0,False
CCCCCCC(C)(C)c1ccc([C@H]2CCC[C@H](O)C2)cc1,1,1,1,1,6.7495799976911055,6.7495799976911055,0.0,6.7495799976911055,0.0,0.0,6.7495799976911055,0.0,False
CCCCCCC(C)(C)c1cccc(OCC/C=C\C/C=C\C/C=C\CCCC(=O)N[C@H](C)CO)c1,1,1,1,1,6.723538195826755,6.723538195826755,0.0,6.723538195826755,0.0,0.0,6.723538195826755,0.0,False
CCCCCCC(C)(C)c1cccc(OCC/C=C\C/C=C\CCCC(=O)N[C@H](C)CO)c1,1,1,1,1,7.6679657229724825,7.6679657229724825,0.0,7.6679657229724825,0.0,0.0,7.6679657229724825,0.0,False
CCCCCCC(C)(C)c1ccccc1/C=C\C/C=C\C/C=C\CCCC(=O)N[C@H](C)CO,1,1,1,1,6.589509579996552,6.589509579996552,0.0,6.589509579996552,0.0,0.0,6.589509579996552,0.0,False
CCCCCCC(C)NC(=O)c1nn(-c2ccc(Cl)cc2Cl)c(-n2c(C)ccc2C)c1C,1,1,1,1,6.868060704789576,6.868060704789576,0.0,6.868060704789576,0.0,0.0,6.868060704789576,0.0,False
CCCCCCC(C)NC(=O)c1nn(-c2ccc(Cl)cc2Cl)c(-n2cccc2)c1C,1,1,1,1,6.6247022617826605,6.6247022617826605,0.0,6.6247022617826605,0.0,0.0,6.6247022617826605,0.0,False
CCCCCCC(O)(CC(=O)O)c1cc(O)c2c(c1)OC(C)(C)[C@@H]1CC=C(C)C[C@@H]21,1,1,1,1,6.0,6.0,0.0,6.0,0.0,0.0,6.0,0.0,False
CCCCCCC/C=C/C=C/C(=O)NCC(C)C,2,2,2,1,7.221848749616356,7.2839966563652006,0.062147906748844406,7.252922702990778,0.0,0.062147906748844406,7.252922702990778,0.0,False
CCCCCCC1(c2cc(O)c3c(c2)OC(C)(C)[C@@H]2CC=C(C)C[C@@H]32)CC1,1,1,1,1,9.045757490560675,9.045757490560675,0.0,9.045757490560675,0.0,0.0,9.045757490560675,0.0,False
CCCCCCC1(c2cc(O)c3c(c2)OC(C)(C)[C@@H]2CC=C(C)C[C@@H]32)CC1(Cl)Cl,1,1,1,1,8.886056647693163,8.886056647693163,0.0,8.886056647693163,0.0,0.0,8.886056647693163,0.0,False
CCCCCCC1(c2cc(O)c3c(c2)OC(C)(C)[C@@H]2CC=C(C)C[C@@H]32)OCCO1,1,1,1,1,9.698970004336019,9.698970004336019,0.0,9.698970004336019,0.0,0.0,9.698970004336019,0.0,False
CCCCCCC1(c2cc(O)c3c(c2)OC(C)(C)[C@@H]2CCC(=O)C[C@@H]32)CCC1,1,1,1,1,7.924453038607469,7.924453038607469,0.0,7.924453038607469,0.0,0.0,7.924453038607469,0.0,False
CCCCCCC1(c2cc(O)c3c(c2)OC(C)(C)[C@@H]2CCC(=O)C[C@@H]32)CCCC1,1,1,1,1,8.476253533188435,8.476253533188435,0.0,8.476253533188435,0.0,0.0,8.476253533188435,0.0,False
CCCCCCC1(c2cc(O)c3c(c2)OC(C)(C)[C@@H]2CCC(=O)C[C@@H]32)SCCS1,1,1,1,1,7.486782399932061,7.486782399932061,0.0,7.486782399932061,0.0,0.0,7.486782399932061,0.0,False
CCCCCCC1(c2cc(O)c3c(c2)OC(C)(C)[C@@H]2CC[C@@H](O)C[C@@H]32)CCC1,1,1,1,1,8.289882634888183,8.289882634888183,0.0,8.289882634888183,0.0,0.0,8.289882634888183,0.0,False
CCCCCCC1(c2ccc(-c3cc(C)cc(C)c3)c(O)c2)CC1,1,1,1,1,7.259637310505756,7.259637310505756,0.0,7.259637310505756,0.0,0.0,7.259637310505756,0.0,False
CCCCCCC1(c2ccc(-c3cc(C)cc(C)c3)c(O)c2)CCCC1,1,1,1,1,8.259637310505756,8.259637310505756,0.0,8.259637310505756,0.0,0.0,8.259637310505756,0.0,False
CCCCCCC1(c2ccc(-c3cc(C)cc(C)c3)c(O)c2)CCCCC1,1,1,1,1,8.769551078621726,8.769551078621726,0.0,8.769551078621726,0.0,0.0,8.769551078621726,0.0,False
CCCCCCC1CCCc2c1cc1c(c2O)[C@@H]2CC(C)=CC[C@H]2C(C)(C)O1,1,1,1,1,8.267606240177031,8.267606240177031,0.0,8.267606240177031,0.0,0.0,8.267606240177031,0.0,False
CCCCCCCC(=O)N(Cc1ccc(N(CC)CC)cc1)[C@]12C[C@H]3C[C@H](C[C@H](C3)C1)C2,2,1,1,1,6.1950023721197995,6.195179321278838,0.00017694915903820885,6.195090846699319,0.00017694915903820885,0.0,6.195090846699319,0.0,False
CCCCCCCC(=O)NC(NC(=O)CCCCCCC)c1ccc(N(CC)CC)cc1,2,1,1,1,6.835647144215563,6.835647144215563,0.0,6.835647144215563,0.0,0.0,6.835647144215563,0.0,False
CCCCCCCC(C)(C)c1cc(O)c2cc(Cc3ccccc3O)c(=O)oc2c1,1,1,1,1,6.534617148551582,6.534617148551582,0.0,6.534617148551582,0.0,0.0,6.534617148551582,0.0,False
CCCCCCCC(C)(C)c1cc(OC)c2cc(Cc3ccccc3OC)c(=O)oc2c1,1,1,1,1,5.0,5.0,0.0,5.0,0.0,0.0,5.0,0.0,False
CCCCCCCC(C)(C)c1ccc([C@@H]2CCC[C@@H](O)C2)cc1,1,1,1,1,6.8124792791635365,6.8124792791635365,0.0,6.8124792791635365,0.0,0.0,6.8124792791635365,0.0,False
CCCCCCCC(C)(C)c1ccc([C@@H]2C[C@H](O)CC[C@H]2CCCO)cc1,1,1,1,1,6.761953896871205,6.761953896871205,0.0,6.761953896871205,0.0,0.0,6.761953896871205,0.0,False
CCCCCCCC(C)(C)c1ccc([C@H]2CCC[C@@H](O)C2)cc1,1,1,1,1,6.172630726946174,6.172630726946174,0.0,6.172630726946174,0.0,0.0,6.172630726946174,0.0,False
CCCCCCCC/C=C/C(=O)NCCc1cc(OC)cc(OC)c1,1,1,1,1,5.2839966563652006,5.2839966563652006,0.0,5.2839966563652006,0.0,0.0,5.2839966563652006,0.0,False
CCCCCCCC/C=C/C(=O)NCCc1ccc(OC)cc1,1,1,1,1,5.292429823902063,5.292429823902063,0.0,5.292429823902063,0.0,0.0,5.292429823902063,0.0,False
CCCCCCCC/C=C/C(=O)Nc1ccc(OC)cc1,1,1,1,1,5.6020599913279625,5.6020599913279625,0.0,5.6020599913279625,0.0,0.0,5.6020599913279625,0.0,False
CCCCCCCC/C=C\CCCCCCCC(=O)N(O)CCO,1,1,1,1,5.267606240177031,5.267606240177031,0.0,5.267606240177031,0.0,0.0,5.267606240177031,0.0,False
CCCCCCCC/C=C\CCCCCCCC(=O)NOCCO,1,1,1,1,5.42021640338319,5.42021640338319,0.0,5.42021640338319,0.0,0.0,5.42021640338319,0.0,False
CCCCCCCC/C=C\CCCCCCCC(=O)N[C@@H]1C[C@@H]1O,2,1,1,1,5.690369832574101,6.468521082957745,0.7781512503836439,6.079445457765923,0.7781512503836439,0.0,6.079445457765923,0.0,False
CCCCCCCC/C=C\CCCCCCCC(=O)N[C@@H]1C[C@H]1O,2,1,1,1,5.355561410532161,6.42021640338319,1.064654992851029,5.887888906957675,1.064654992851029,0.0,5.887888906957675,0.0,True
CCCCCCCC/C=C\CCCCCCCC(=O)ONCCO,1,1,1,1,5.065501548756432,5.065501548756432,0.0,5.065501548756432,0.0,0.0,5.065501548756432,0.0,False
CCCCCCCCC(C)(C)c1ccc([C@@H]2CCC[C@@H](O)C2)cc1,1,1,1,1,5.9677842967020185,5.9677842967020185,0.0,5.9677842967020185,0.0,0.0,5.9677842967020185,0.0,False
CCCCCCCCC(C)(C)c1ccc([C@@H]2C[C@H](O)CC[C@H]2CCCO)cc1,1,1,1,1,6.375717904164332,6.375717904164332,0.0,6.375717904164332,0.0,0.0,6.375717904164332,0.0,False
CCCCCCCCC(C)(C)c1ccc([C@H]2CCC[C@@H](O)C2)cc1,1,1,1,1,5.950781977329818,5.950781977329818,0.0,5.950781977329818,0.0,0.0,5.950781977329818,0.0,False
CCCCCCCCCC(=O)NC(NC(=O)CCCCCCCCC)c1ccc(N(CC)CC)cc1,2,1,1,1,6.795880017344075,6.795880017344075,0.0,6.795880017344075,0.0,0.0,6.795880017344075,0.0,False
CCCCCCCCCCCCCCCC(=O)N[C@H]1C[C@@H]1O,1,1,1,1,5.616184634019569,5.616184634019569,0.0,5.616184634019569,0.0,0.0,5.616184634019569,0.0,False
CCCCCCCCCCCCCCCC(=O)N[C@H]1C[C@H]1O,1,1,1,1,5.787812395596042,5.787812395596042,0.0,5.787812395596042,0.0,0.0,5.787812395596042,0.0,False
CCCCCCCCCCC[C@@H](C[C@@H]1OC(=O)[C@H]1CCCCCC)OC(=O)CCNC=O,1,1,1,1,5.1938200260161125,5.1938200260161125,0.0,5.1938200260161125,0.0,0.0,5.1938200260161125,0.0,False
CCCCCCCCCCC[C@@H](C[C@@H]1OC(=O)[C@H]1CCCCCC)OC(=O)[C@@H]1CCCN1C=O,1,1,1,1,5.130768280269024,5.130768280269024,0.0,5.130768280269024,0.0,0.0,5.130768280269024,0.0,False
CCCCCCCCN1C(=O)C2C3c4ccccc4C(c4ccccc43)C2C1=O,1,1,1,1,5.653647025549361,5.653647025549361,0.0,5.653647025549361,0.0,0.0,5.653647025549361,0.0,False
CCCCCCCN(Cc1ccc(N(CC)CC)cc1)C(=O)C1CCCCC1,2,1,1,1,6.673664139071248,6.673992032240394,0.0003278931691452769,6.6738280856558205,0.0003278931691452769,0.0,6.6738280856558205,0.0,False
CCCCCCCN(Cc1ccc(N(CC)CC)cc1)C(=O)Cc1ccc(Cl)cc1,2,1,1,1,6.156997826814456,6.157390760389438,0.00039293357498237924,6.157194293601947,0.00039293357498237924,0.0,6.157194293601947,0.0,False
CCCCCCCN(Cc1ccc(N(CC)CC)cc1)C(=O)Cc1ccccc1,2,1,1,1,5.88199996657872,5.882066164960358,6.619838163857139e-05,5.882033065769539,6.619838163857139e-05,0.0,5.882033065769539,0.0,False
CCCCCCCN(Cc1ccc(N(CC)CC)cc1)C(=O)c1ccc(N(C)C)cc1,2,1,1,1,5.892790030352131,5.89300044270516,0.0002104123530290991,5.892895236528646,0.0002104123530290991,0.0,5.892895236528646,0.0,False
CCCCCCCN(Cc1ccc(N(CC)CC)cc1)S(=O)(=O)CCCC,2,1,1,1,6.156997826814456,6.167491087293763,0.010493260479307764,6.1622444570541095,0.010493260479307764,0.0,6.1622444570541095,0.0,False
CCCCCCCN(Cc1ccc(N(CC)CC)cc1)S(=O)(=O)Cc1ccccc1,2,1,1,1,6.5638373529592435,6.563996464330104,0.00015911137086010996,6.563916908644673,0.00015911137086010996,0.0,6.563916908644673,0.0,False
CCCCCCCN(Cc1ccc(N(CC)CC)cc1)S(=O)(=O)c1ccc(C(C)C)cc1,2,1,1,1,4.88599985905086,4.886056647693163,5.6788642303295944e-05,4.886028253372011,5.6788642303295944e-05,0.0,4.886028253372011,0.0,False
CCCCCCCN(Cc1ccc(N(CC)CC)cc1)S(=O)(=O)c1ccc(C)cc1,2,1,1,1,5.56100065638293,5.561457651213889,0.0004569948309587346,5.5612291537984095,0.0004569948309587346,0.0,5.5612291537984095,0.0,False
CCCCCCCN(Cc1ccc(N(CC)CC)cc1)S(=O)(=O)c1ccc(Cl)cc1,2,1,1,1,5.1710000178332916,5.17134010346468,0.00034008563138865355,5.171170060648986,0.00034008563138865355,0.0,5.171170060648986,0.0,False
CCCCCCCN(Cc1ccc(N(CC)CC)cc1)S(=O)(=O)c1ccc(F)cc1,2,1,1,1,5.957999727778885,5.9582126810282485,0.0002129532493633235,5.958106204403567,0.0002129532493633235,0.0,5.958106204403567,0.0,False
CCCCCCCN(Cc1ccc(N(CC)CC)cc1)S(=O)(=O)c1ccc(OC)cc1,2,1,1,1,5.284581677404944,5.285000032587957,0.00041835518301347463,5.284790854996451,0.00041835518301347463,0.0,5.284790854996451,0.0,False
CCCCCCCN(Cc1ccc(N(CC)CC)cc1)S(=O)(=O)c1cccc(C)c1,2,1,1,1,5.637706062035769,5.638000342954921,0.0002942809191521789,5.637853202495345,0.0002942809191521789,0.0,5.637853202495345,0.0,False
CCCCCCCN1C(=O)C2C3c4ccccc4C(C)(c4ccccc43)C2C1=O,1,1,1,1,6.008773924307505,6.008773924307505,0.0,6.008773924307505,0.0,0.0,6.008773924307505,0.0,False
CCCCCCCN1C(=O)C2C3c4ccccc4C(Cl)(c4ccccc43)C2C1=O,1,1,1,1,5.600326278518962,5.600326278518962,0.0,5.600326278518962,0.0,0.0,5.600326278518962,0.0,False
CCCCCCCN1C(=O)C2C3c4ccccc4C(c4cc(Cl)ccc43)C2C1=O,1,1,1,1,5.7594507517174005,5.7594507517174005,0.0,5.7594507517174005,0.0,0.0,5.7594507517174005,0.0,False
CCCCCCCN1C(=O)C2C3c4ccccc4C(c4ccccc43)C2C1=O,1,1,1,1,5.696803942579511,5.696803942579511,0.0,5.696803942579511,0.0,0.0,5.696803942579511,0.0,False
CCCCCCCNC(=O)c1nn(-c2ccc(Cl)cc2Cl)c(-n2c(C)ccc2C)c1C,1,1,1,1,6.688670047696206,6.688670047696206,0.0,6.688670047696206,0.0,0.0,6.688670047696206,0.0,False
CCCCCCCNC(=O)c1nn(-c2ccc(Cl)cc2Cl)c(-n2cccc2)c1C,1,1,1,1,6.5932895413902095,6.5932895413902095,0.0,6.5932895413902095,0.0,0.0,6.5932895413902095,0.0,False
CCCCCCCNC(=O)c1nn(-c2ccc(F)cc2F)c(-n2c(C)ccc2C)c1C,1,1,1,1,6.437112618706121,6.437112618706121,0.0,6.437112618706121,0.0,0.0,6.437112618706121,0.0,False
CCCCCCCNCC12c3ccccc3C(c3ccccc31)C1C(=O)NC(=O)C12,1,1,1,1,5.995678626217357,5.995678626217357,0.0,5.995678626217357,0.0,0.0,5.995678626217357,0.0,False
CCCCCCCNc1ccc(-c2ccccc2)cc1C(=O)NC12CC3CC(CC(C3)C1)C2,1,1,1,1,5.928117992693874,5.928117992693874,0.0,5.928117992693874,0.0,0.0,5.928117992693874,0.0,False
CCCCCCCNc1ccc(-c2cccs2)cc1C(=O)NC12CC3CC(CC(C3)C1)C2,1,1,1,1,6.795880017344075,6.795880017344075,0.0,6.795880017344075,0.0,0.0,6.795880017344075,0.0,False
CCCCCCCNc1ccc(C(=O)c2c(-c3ccc(OC)cc3)oc3ccccc23)cc1,1,1,1,1,6.3872161432802645,6.3872161432802645,0.0,6.3872161432802645,0.0,0.0,6.3872161432802645,0.0,False
CCCCCCCNc1ccccc1C(=O)NC12CC3CC(CC(C3)C1)C2,1,1,1,1,6.035033625168902,6.035033625168902,0.0,6.035033625168902,0.0,0.0,6.035033625168902,0.0,False
CCCCCCCOCC12c3ccccc3C(c3ccccc31)C1C(=O)NC(=O)C12,1,1,1,1,6.638272163982407,6.638272163982407,0.0,6.638272163982407,0.0,0.0,6.638272163982407,0.0,False
CCCCCCCOc1cc(O)cc(OCCCCCCCCCCC(=O)NC2CC2)c1,2,1,1,1,6.6777807052660805,6.699991797446187,0.02221109218010664,6.688886251356134,0.02221109218010664,0.0,6.688886251356134,0.0,False
CCCCCCCOc1cc(O)cc(OCCCCCCCCCCC(=O)NCCO)c1,2,1,1,1,5.59999938302362,5.616184634019569,0.016185250995948586,5.608092008521595,0.016185250995948586,0.0,5.608092008521595,0.0,False
CCCCCCCc1cc(O)c2c(c1)OC(C)(C)[C@@H]1CCC(C)=C[C@@H]21,1,1,1,1,8.161150909262744,8.161150909262744,0.0,8.161150909262744,0.0,0.0,8.161150909262744,0.0,False
CCCCCCCn1c2ccccc2c2cc(C(=O)N3CCCCC3)ccc21,1,1,1,1,6.082494490447454,6.082494490447454,0.0,6.082494490447454,0.0,0.0,6.082494490447454,0.0,False
CCCCCCCn1cc(C(=O)c2cccc3ccccc23)cc1-c1ccccc1,1,1,1,1,7.207608310501746,7.207608310501746,0.0,7.207608310501746,0.0,0.0,7.207608310501746,0.0,False
CCCCCCN1C(=O)/C(=N\NC(=O)OC(C)(C)C)c2ccccc21,1,1,1,1,7.856985199745905,7.856985199745905,0.0,7.856985199745905,0.0,0.0,7.856985199745905,0.0,False
CCCCCCN1C(=O)/C(=N\NC(=O)c2ccccc2)c2ccc(OC)cc21,1,1,1,1,7.046240308266771,7.046240308266771,0.0,7.046240308266771,0.0,0.0,7.046240308266771,0.0,False
CCCCCCN1C(=O)/C(=N\NC(=O)c2ccccc2)c2ccccc21,1,1,1,1,7.3535962737769305,7.3535962737769305,0.0,7.3535962737769305,0.0,0.0,7.3535962737769305,0.0,False
CCCCCCN1C(=O)C2C3c4ccccc4C(C)(c4ccccc43)C2C1=O,1,1,1,1,5.995678626217357,5.995678626217357,0.0,5.995678626217357,0.0,0.0,5.995678626217357,0.0,False
CCCCCCN1C(=O)C2C3c4ccccc4C(c4ccccc43)C2C1=O,1,1,1,1,5.686132779630847,5.686132779630847,0.0,5.686132779630847,0.0,0.0,5.686132779630847,0.0,False
CCCCCCNC(=O)c1ccc2c(c1)nc(Cc1ccc(OCC)cc1)n2CCC(C)C,1,1,1,1,5.721246399047171,5.721246399047171,0.0,5.721246399047171,0.0,0.0,5.721246399047171,0.0,False
CCCCCCNC(=O)c1cn(CCCCC)c2ccc(Br)cc2c1=O,1,1,1,1,6.050000457140078,6.050000457140078,0.0,6.050000457140078,0.0,0.0,6.050000457140078,0.0,False
CCCCCCNC(=O)c1nn(-c2ccc(Cl)cc2Cl)c(-n2cccc2)c1C,1,1,1,1,6.416461180745648,6.416461180745648,0.0,6.416461180745648,0.0,0.0,6.416461180745648,0.0,False
CCCCCCNC(=O)c1nn(-c2ccc(F)cc2F)c(-n2c(C)ccc2C)c1C,1,1,1,1,6.312203588618706,6.312203588618706,0.0,6.312203588618706,0.0,0.0,6.312203588618706,0.0,False
CCCCCCNc1ccc(-c2ccccc2)cc1C(=O)NC12CC3CC(CC(C3)C1)C2,1,1,1,1,6.6790233226571765,6.6790233226571765,0.0,6.6790233226571765,0.0,0.0,6.6790233226571765,0.0,False
CCCCCCNc1ccc(-c2cccnc2)cc1C(=O)NC12CC3CC(CC(C3)C1)C2,1,1,1,1,5.187086643357144,5.187086643357144,0.0,5.187086643357144,0.0,0.0,5.187086643357144,0.0,False
CCCCCCNc1ccc(-c2cccs2)cc1C(=O)NC12CC3CC(CC(C3)C1)C2,1,1,1,1,6.332547047110046,6.332547047110046,0.0,6.332547047110046,0.0,0.0,6.332547047110046,0.0,False
CCCCCCNc1ccccc1C(=O)NC12CC3CC(CC(C3)C1)C2,1,1,1,1,6.314079207805465,6.314079207805465,0.0,6.314079207805465,0.0,0.0,6.314079207805465,0.0,False
CCCCCCOc1ccccc1-c1cc(C(=O)NC23CC4CC(CC(C4)C2)C3)no1,1,1,1,1,7.515700160653214,7.515700160653214,0.0,7.515700160653214,0.0,0.0,7.515700160653214,0.0,False
CCCCCC[Si](C)(C)c1cc(O)c(C2CCCC2)c(O)c1,1,1,1,1,7.374070507283705,7.374070507283705,0.0,7.374070507283705,0.0,0.0,7.374070507283705,0.0,False
CCCCCC[Si](C)(C)c1cc(O)c(C2CCCC2)c(OC)c1,1,1,1,1,6.777751883141068,6.777751883141068,0.0,6.777751883141068,0.0,0.0,6.777751883141068,0.0,False
CCCCCC[Si](C)(C)c1cc(O)c(C2CCCCC2)c(O)c1,1,1,1,1,8.041914151478915,8.041914151478915,0.0,8.041914151478915,0.0,0.0,8.041914151478915,0.0,False
CCCCCC[Si](C)(C)c1cc(O)c(C2CCCCC2)c(OC)c1,1,1,1,1,6.782858362061719,6.782858362061719,0.0,6.782858362061719,0.0,0.0,6.782858362061719,0.0,False
CCCCCC[Si](C)(C)c1cc(O)c(C2CCCCCC2)c(O)c1,1,1,1,1,8.185086818724926,8.185086818724926,0.0,8.185086818724926,0.0,0.0,8.185086818724926,0.0,False
CCCCCC[Si](C)(C)c1cc(O)c(C2CCCCCC2)c(OC)c1,1,1,1,1,7.172630726946174,7.172630726946174,0.0,7.172630726946174,0.0,0.0,7.172630726946174,0.0,False
CCCCCC[Si](C)(C)c1cc(O)c([C@H]2C=C(CO)[C@H]3C[C@@H]2C3(C)C)c(O)c1,1,1,1,1,7.941953769604718,7.941953769604718,0.0,7.941953769604718,0.0,0.0,7.941953769604718,0.0,False
CCCCCC[Si](C)(C)c1cc(O)c2c(c1)OC(C)(C)[C@@H]1CC=C(CO)C[C@@H]21,1,1,1,1,9.013228265733755,9.013228265733755,0.0,9.013228265733755,0.0,0.0,9.013228265733755,0.0,False
CCCCCC[Si](C)(C)c1cc(O)c2c(c1)OC(C)(C)[C@@H]1CCC(C)=C[C@@H]21,1,1,1,1,8.130181792020672,8.130181792020672,0.0,8.130181792020672,0.0,0.0,8.130181792020672,0.0,False
CCCCCC[Si](C)(C)c1cc(O)c2c(c1)OC(C)(C)c1ccc(C)cc1-2,1,1,1,1,8.655607726314889,8.655607726314889,0.0,8.655607726314889,0.0,0.0,8.655607726314889,0.0,False
CCCCCC[Si](C)(C)c1cc(O)c2c(c1)OC(C)(C)c1ccc(CO)cc1-2,1,1,1,1,8.903089986991944,8.903089986991944,0.0,8.903089986991944,0.0,0.0,8.903089986991944,0.0,False
CCCCCC[Si](C)(C)c1cc(OC)c([C@H]2C=C(CO)[C@H]3C[C@@H]2C3(C)C)c(OC)c1,1,1,1,1,5.306800854846283,5.306800854846283,0.0,5.306800854846283,0.0,0.0,5.306800854846283,0.0,False
CCCCCCc1c(O)cccc1OCCCCCCCC(=O)NC1CC1,1,1,1,1,5.7447274948966935,5.7447274948966935,0.0,5.7447274948966935,0.0,0.0,5.7447274948966935,0.0,False
CCCCCCc1c(O)cccc1OCCCCCCCC(=O)NCCO,1,1,1,1,5.404503778174426,5.404503778174426,0.0,5.404503778174426,0.0,0.0,5.404503778174426,0.0,False
CCCCCCc1c(O)cccc1OCCCCCCCCCCC(=O)NCC1CC1,1,1,1,1,6.327902142064282,6.327902142064282,0.0,6.327902142064282,0.0,0.0,6.327902142064282,0.0,False
CCCCCCc1c(O)cccc1OCCCCCCCCCCC(=O)NCCc1ccc(O)c(O)c1,1,1,1,1,5.102372908709558,5.102372908709558,0.0,5.102372908709558,0.0,0.0,5.102372908709558,0.0,False
CCCCCCc1c(O)cccc1OCCCCCCCCCCC(=O)NCc1ccc(OC)c(O)c1,1,1,1,1,5.6777807052660805,5.6777807052660805,0.0,5.6777807052660805,0.0,0.0,5.6777807052660805,0.0,False
CCCCCCc1c(O)cccc1OCCCCCCCCCCCC(=O)NC1CC1,1,1,1,1,7.4089353929735005,7.4089353929735005,0.0,7.4089353929735005,0.0,0.0,7.4089353929735005,0.0,False
CCCCCCc1c(O)cccc1OCCCCCCCCCCCC(=O)NCCO,1,1,1,1,5.847711655616943,5.847711655616943,0.0,5.847711655616943,0.0,0.0,5.847711655616943,0.0,False
CCCCCCc1cc(O)c2c(c1)OC(C)(C)C1=C2CCN(C)C1,1,1,1,1,8.749579997691106,8.749579997691106,0.0,8.749579997691106,0.0,0.0,8.749579997691106,0.0,False
CCCCCCc1ccc(O)cc1OCCCCCC(=O)NC1CC1,1,1,1,1,5.447331783887806,5.447331783887806,0.0,5.447331783887806,0.0,0.0,5.447331783887806,0.0,False
CCCCCCc1ccc(O)cc1OCCCCCCCC(=O)OC(CO)CO,1,1,1,1,5.7447274948966935,5.7447274948966935,0.0,5.7447274948966935,0.0,0.0,5.7447274948966935,0.0,False
CCCCCCc1ccc(O)cc1OCCCCCCCCCCC(=O)NC(CO)CO,1,1,1,1,5.625251653989896,5.625251653989896,0.0,5.625251653989896,0.0,0.0,5.625251653989896,0.0,False
CCCCCCc1ccc(O)cc1OCCCCCCCCCCC(=O)NC1CC1,1,1,1,1,7.522878745280337,7.522878745280337,0.0,7.522878745280337,0.0,0.0,7.522878745280337,0.0,False
CCCCCCc1ccc(O)cc1OCCCCCCCCCCC(=O)NCCO,1,1,1,1,6.376750709602099,6.376750709602099,0.0,6.376750709602099,0.0,0.0,6.376750709602099,0.0,False
CCCCCCc1ccc(O)cc1OCCCCCCCCCCC(=O)Nc1ccc(O)cc1,1,1,1,1,5.675717544702307,5.675717544702307,0.0,5.675717544702307,0.0,0.0,5.675717544702307,0.0,False
CCCCCCc1ccc(O)cc1OCCCCCCCCCCC(=O)OC(CO)CO,1,1,1,1,5.7447274948966935,5.7447274948966935,0.0,5.7447274948966935,0.0,0.0,5.7447274948966935,0.0,False
CCCCCCc1ccc(O)cc1OCCCCCCCCCCC(=O)OCC(O)CO,1,1,1,1,5.31695296176115,5.31695296176115,0.0,5.31695296176115,0.0,0.0,5.31695296176115,0.0,False
CCCCCCc1ccc(O)cc1OCCCCCCCCCCCCCCCC(=O)NC1CC1,1,1,1,1,5.603800652904264,5.603800652904264,0.0,5.603800652904264,0.0,0.0,5.603800652904264,0.0,False
CCCCCCc1ccc(O)cc1OCCCCCCCCCCCNC(=O)C1CC1,1,1,1,1,6.6020599913279625,6.6020599913279625,0.0,6.6020599913279625,0.0,0.0,6.6020599913279625,0.0,False
CCCCCCc1ccc(OC)cc1OCCCCCCCCCCC(=O)NCC1CC1,1,1,1,1,7.20342566678957,7.20342566678957,0.0,7.20342566678957,0.0,0.0,7.20342566678957,0.0,False
CCCCCCc1ccc(OCCCCCC(=O)NC2CC2)cc1O,1,1,1,1,6.267606240177031,6.267606240177031,0.0,6.267606240177031,0.0,0.0,6.267606240177031,0.0,False
CCCCCCc1ccc(OCCCCCC(=O)NCCO)cc1O,1,1,1,1,5.191789027075778,5.191789027075778,0.0,5.191789027075778,0.0,0.0,5.191789027075778,0.0,False
CCCCCCc1ccc(OCCCCCCCC(=O)NC2CC2)cc1O,1,1,1,1,6.552841968657781,6.552841968657781,0.0,6.552841968657781,0.0,0.0,6.552841968657781,0.0,False
CCCCCCc1ccc(OCCCCCCCC(=O)NCCO)cc1O,1,1,1,1,5.619788758288394,5.619788758288394,0.0,5.619788758288394,0.0,0.0,5.619788758288394,0.0,False
CCCCCCc1ccc(OCCCCCCCC(=O)OC(CO)CO)cc1O,1,1,1,1,5.104025267640935,5.104025267640935,0.0,5.104025267640935,0.0,0.0,5.104025267640935,0.0,False
CCCCCCc1ccc(OCCCCCCCCCCC(=O)NC2CC2)cc1O,1,1,1,1,6.455931955649724,6.455931955649724,0.0,6.455931955649724,0.0,0.0,6.455931955649724,0.0,False
CCCCCCc1ccc(OCCCCCCCCCCC(=O)NCC2CC2)cc1O,1,1,1,1,5.537602002101044,5.537602002101044,0.0,5.537602002101044,0.0,0.0,5.537602002101044,0.0,False
CCCCCCc1ccc(OCCCCCCCCCCC(=O)NCC2CC2)cc1OC,1,1,1,1,7.311580177997289,7.311580177997289,0.0,7.311580177997289,0.0,0.0,7.311580177997289,0.0,False
CCCCCCc1ccc(OCCCCCCCCCCC(=O)NCCO)cc1O,1,1,1,1,5.568636235841012,5.568636235841012,0.0,5.568636235841012,0.0,0.0,5.568636235841012,0.0,False
CCCCCCc1ccc(OCCCCCCCCCCC(=O)OC(CO)CO)cc1O,1,1,1,1,5.104025267640935,5.104025267640935,0.0,5.104025267640935,0.0,0.0,5.104025267640935,0.0,False
CCCCCCc1ccc(OCCCCCCCCCCC(=O)OCC(O)CO)cc1O,1,1,1,1,4.981299501333757,4.981299501333757,0.0,4.981299501333757,0.0,0.0,4.981299501333757,0.0,False
CCCCCCc1ccc(OCCCCCCCCCCCC(=O)NC2CC2)cc1O,1,1,1,1,5.404503778174426,5.404503778174426,0.0,5.404503778174426,0.0,0.0,5.404503778174426,0.0,False
CCCCCCc1ccc(OCCCCCCCCCCOC(CO)CO)cc1O,1,1,1,1,5.621602099051863,5.621602099051863,0.0,5.621602099051863,0.0,0.0,5.621602099051863,0.0,False
CCCCCCc1ccc(OCCCCCCOC(CO)CO)cc1O,1,1,1,1,5.94692155651658,5.94692155651658,0.0,5.94692155651658,0.0,0.0,5.94692155651658,0.0,False
CCCCCCc1nc(-c2ccc(Cl)cc2)n(-c2ccc(Cl)cc2Cl)n1,1,1,1,1,5.5111673656176,5.5111673656176,0.0,5.5111673656176,0.0,0.0,5.5111673656176,0.0,False
CCCCCCn1c(=O)sc2cc(C(=O)C34CC5CC(CC(C5)C3)C4)ccc21,1,1,1,1,7.4089353929735005,7.4089353929735005,0.0,7.4089353929735005,0.0,0.0,7.4089353929735005,0.0,False
CCCCCCn1c(C)c(C)cc(Oc2nc3ccccc3o2)c1=S,1,1,1,1,6.215382707367125,6.215382707367125,0.0,6.215382707367125,0.0,0.0,6.215382707367125,0.0,False
CCCCCCn1c2ccccc2c2cc(C(=O)N3CCCCC3)ccc21,1,1,1,1,7.017728766960431,7.017728766960431,0.0,7.017728766960431,0.0,0.0,7.017728766960431,0.0,False
CCCCCCn1cc(C(=O)NC23CC4CC(CC(C4)C2)C3)c(=O)cc1-c1ccccc1,1,1,1,1,7.8696662315049934,7.8696662315049934,0.0,7.8696662315049934,0.0,0.0,7.8696662315049934,0.0,False
CCCCCCn1cc(C(=O)NC2CCCCC2)c(=O)c2c(C)nn(C)c21,1,1,1,1,6.488116639021126,6.488116639021126,0.0,6.488116639021126,0.0,0.0,6.488116639021126,0.0,False
CCCCCCn1cc(C(=O)NC2CCCCC2)c(=O)c2ccc(C)nc21,1,1,1,1,8.096910013008056,8.096910013008056,0.0,8.096910013008056,0.0,0.0,8.096910013008056,0.0,False
CCCCCCn1cc(C(=O)Nc2cccc3ccccc23)c(=O)c2ccccc21,1,1,1,1,6.073657553374344,6.073657553374344,0.0,6.073657553374344,0.0,0.0,6.073657553374344,0.0,False
CCCCCCn1cc(C(=O)c2cccc3ccccc23)c(=O)c2ccccc21,1,1,1,1,6.235077015350111,6.235077015350111,0.0,6.235077015350111,0.0,0.0,6.235077015350111,0.0,False
CCCCCCn1cc(C(=O)c2cccc3ccccc23)cc1-c1ccccc1,1,1,1,1,8.148741651280925,8.148741651280925,0.0,8.148741651280925,0.0,0.0,8.148741651280925,0.0,False
CCCCCCn1nc2c3ccccc3n(CCCCC)cc-2c1=O,1,1,1,1,8.113509274827518,8.113509274827518,0.0,8.113509274827518,0.0,0.0,8.113509274827518,0.0,False
CCCCCN1C(=O)/C(=N\NC(=O)CN(C)c2ccc([N+](=O)[O-])c3nonc23)c2ccc(OC)cc21,1,1,1,1,6.412289034981089,6.412289034981089,0.0,6.412289034981089,0.0,0.0,6.412289034981089,0.0,False
CCCCCN1C(=O)C(C(=O)NC23CC4CC(CC(C4)C2)C3)=C(O)C2C1C=NN2C,1,1,1,1,9.045757490560675,9.045757490560675,0.0,9.045757490560675,0.0,0.0,9.045757490560675,0.0,False
CCCCCN1N=C(C(=O)NC(C)(C)c2ccc(F)cc2)CC1c1ccccc1,1,1,1,1,6.91721462968355,6.91721462968355,0.0,6.91721462968355,0.0,0.0,6.91721462968355,0.0,False
CCCCCN1N=C(C(=O)NC2C3CC4CC(C3)CC2C4)CC1c1ccccc1,1,1,1,1,8.148741651280925,8.148741651280925,0.0,8.148741651280925,0.0,0.0,8.148741651280925,0.0,False
CCCCCN1N=C(C(=O)N[C@H]2C[C@H]3CC[C@]2(C)C3(C)C)CC1c1ccccc1,1,1,1,1,7.696803942579511,7.696803942579511,0.0,7.696803942579511,0.0,0.0,7.696803942579511,0.0,False
CCCCCN1N=C(C(=O)N[C@H]2C[C@H]3CC[C@]2(C)C3(C)C)CC1c1ccccc1F,1,1,1,1,8.040958607678906,8.040958607678906,0.0,8.040958607678906,0.0,0.0,8.040958607678906,0.0,False
CCCCCNC(=O)C(C)(C)c1cc(O)c2c(c1)OC(C)(C)[C@@H]1CC=C(C)C[C@@H]21,1,1,1,1,8.55284196865778,8.55284196865778,0.0,8.55284196865778,0.0,0.0,8.55284196865778,0.0,False
CCCCCNC(=O)c1nn(-c2ccc(Cl)cc2Cl)c(-n2c(C)ccc2C)c1C,1,1,1,1,6.305131672017544,6.305131672017544,0.0,6.305131672017544,0.0,0.0,6.305131672017544,0.0,False
CCCCCNC(=O)c1nn(-c2ccc(Cl)cc2Cl)c(-n2cccc2)c1C,1,1,1,1,6.686343653381968,6.686343653381968,0.0,6.686343653381968,0.0,0.0,6.686343653381968,0.0,False
CCCCCNc1c(OC)ccc2c1CN(CCc1ccc(O)cc1)C2=O,2,1,1,1,10.05551732784983,10.056011124926227,0.0004937970763965183,10.055764226388028,0.0004937970763965183,0.0,10.055764226388028,0.0,False
CCCCCNc1ccc(-c2ccc(C)cc2)cc1C(=O)NC12CC3CC(CC(C3)C1)C2,1,1,1,1,6.890759031411797,6.890759031411797,0.0,6.890759031411797,0.0,0.0,6.890759031411797,0.0,False
CCCCCNc1ccc(-c2ccc(F)cc2)cc1C(=O)NC12CC3CC(CC(C3)C1)C2,1,1,1,1,7.048176964684088,7.048176964684088,0.0,7.048176964684088,0.0,0.0,7.048176964684088,0.0,False
CCCCCNc1ccc(-c2ccc(OC)cc2)cc1C(=O)NC12CC3CC(CC(C3)C1)C2,1,1,1,1,6.829444941478791,6.829444941478791,0.0,6.829444941478791,0.0,0.0,6.829444941478791,0.0,False
CCCCCNc1ccc(-c2cccc(F)c2)cc1C(=O)NC12CC3CC(CC(C3)C1)C2,1,1,1,1,7.1487416512809245,7.1487416512809245,0.0,7.1487416512809245,0.0,0.0,7.1487416512809245,0.0,False
CCCCCNc1ccc(-c2ccccc2)cc1C(=O)NC12CC3CC(CC(C3)C1)C2,1,1,1,1,7.320572103387882,7.320572103387882,0.0,7.320572103387882,0.0,0.0,7.320572103387882,0.0,False
CCCCCNc1ccc(-c2cccnc2)cc1C(=O)NC12CC3CC(CC(C3)C1)C2,1,1,1,1,6.481486060122112,6.481486060122112,0.0,6.481486060122112,0.0,0.0,6.481486060122112,0.0,False
CCCCCNc1ccc(-c2cccs2)cc1C(=O)NC12CC3CC(CC(C3)C1)C2,1,1,1,1,5.585026652029182,5.585026652029182,0.0,5.585026652029182,0.0,0.0,5.585026652029182,0.0,False
CCCCCNc1ccc(Br)cc1C(=O)NC12CC3CC(CC(C3)C1)C2,1,1,1,1,6.341320971417551,6.341320971417551,0.0,6.341320971417551,0.0,0.0,6.341320971417551,0.0,False
CCCCCNc1ccc(C(=O)c2c(-c3ccc(OC)cc3)oc3ccccc23)cc1,1,1,1,1,7.154901959985743,7.154901959985743,0.0,7.154901959985743,0.0,0.0,7.154901959985743,0.0,False
CCCCCNc1ccccc1C(=O)NC12CC3CC(CC(C3)C1)C2,1,1,1,1,7.2541448048262716,7.2541448048262716,0.0,7.2541448048262716,0.0,0.0,7.2541448048262716,0.0,False
CCCCCOC(=O)c1cc(O)c(-c2cc(C)cc(C)c2)c(O)c1,1,1,1,1,5.958607314841775,5.958607314841775,0.0,5.958607314841775,0.0,0.0,5.958607314841775,0.0,False
CCCCCOC(=O)c1cc(O)c(-c2cc(C)cc(C)c2)c(OC)c1,1,1,1,1,6.568636235841012,6.568636235841012,0.0,6.568636235841012,0.0,0.0,6.568636235841012,0.0,False
CCCCCOC(=O)c1cc(O)c(-c2ccccc2)c(O)c1,1,1,1,1,5.3979400086720375,5.3979400086720375,0.0,5.3979400086720375,0.0,0.0,5.3979400086720375,0.0,False
CCCCCOc1c(OC)ccc2c(=O)n(CCc3ccc(O)cc3)ccc12,2,1,1,1,8.431798275933005,8.432033093176846,0.0002348172438413343,8.431915684554927,0.0002348172438413343,0.0,8.431915684554927,0.0,False
CCCCCOc1c(OC)ccc2c(=O)n(CCc3ccncc3)ccc12,2,1,1,1,8.075720713938118,8.075979299525933,0.0002585855878152188,8.075850006732026,0.0002585855878152188,0.0,8.075850006732026,0.0,False
CCCCCOc1c(OC)ccc2c1C(=O)N(CCc1ccc(O)cc1)C2=O,2,1,1,1,8.136677139879545,8.13697470377053,0.00029756389098523073,8.136825921825038,0.00029756389098523073,0.0,8.136825921825038,0.0,False
CCCCCOc1c(OC)ccc2c1CCN(CCc1ccc(O)cc1)C2=O,2,1,1,1,8.744727494896694,8.744968836654449,0.00024134175775536448,8.744848165775572,0.00024134175775536448,0.0,8.744848165775572,0.0,False
CCCCCOc1c(OC)ccc2c1CN(CCc1ccc(N)cc1)C2=O,2,1,1,1,7.853871964321762,7.853871964321762,0.0,7.853871964321762,0.0,0.0,7.853871964321762,0.0,False
CCCCCOc1c(OC)ccc2c1CN(CCc1ccc(O)cc1)C2=O,2,1,1,1,7.958607314841775,7.95900230757651,0.00039499273473531105,7.958804811209142,0.00039499273473531105,0.0,7.958804811209142,0.0,False
CCCCCOc1c(OC)ccc2cc(C(=O)N3CCCC(C(=O)OCC)C3)c(=O)[nH]c12,2,1,1,1,7.0,7.0,0.0,7.0,0.0,0.0,7.0,0.0,False
CCCCCOc1c(OC)ccc2cc(C(=O)N3CCCc4ccccc4C3)c(=O)[nH]c12,2,1,1,1,6.927015255372069,6.927015255372069,0.0,6.927015255372069,0.0,0.0,6.927015255372069,0.0,False
CCCCCOc1c(OC)ccc2cc(C(=O)NCCc3ccc(F)cc3)c(=O)[nH]c12,2,1,1,1,10.721017883134557,10.721246399047171,0.00022851591261385806,10.721132141090864,0.00022851591261385806,0.0,10.721132141090864,0.0,False
CCCCCOc1c(OC)ccc2cc(C(=O)NCCc3ccc(F)cc3)c(=O)n(C)c12,2,1,1,1,10.67778070526608,10.677987561417599,0.00020685615151805337,10.67788413334184,0.00020685615151805337,0.0,10.67788413334184,0.0,False
CCCCCOc1c(OC)ccc2cc(C(=O)NCCc3ccc(O)c(OC)c3)c(=O)[nH]c12,2,1,1,1,9.013004460275619,9.013228265733755,0.00022380545813582842,9.013116363004688,0.00022380545813582842,0.0,9.013116363004688,0.0,False
CCCCCOc1c(OC)ccc2cc(C(=O)NCCc3ccc(O)cc3)c(O)nc12,2,1,1,1,9.318758762624412,9.319030281534102,0.00027151890969001613,9.318894522079258,0.00027151890969001613,0.0,9.318894522079258,0.0,False
CCCCCOc1c(OC)ccc2cc(C(=O)NCCc3ccccc3F)c(=O)[nH]c12,2,1,1,1,9.744727494896694,9.744968836654449,0.00024134175775536448,9.744848165775572,0.00024134175775536448,0.0,9.744848165775572,0.0,False
CCCCCOc1c(OC)ccc2cc(C(=O)NCCc3ccncc3)c(=O)[nH]c12,2,1,1,1,9.886056647693163,9.886056647693163,0.0,9.886056647693163,0.0,0.0,9.886056647693163,0.0,False
CCCCCOc1c(OC)ccc2cc(C(=O)NCCc3ccncc3)c(=O)n(C)c12,2,1,1,1,9.1249387366083,9.124996646399959,5.790979165887222e-05,9.124967691504128,5.790979165887222e-05,0.0,9.124967691504128,0.0,False
CCCCCOc1c(OC)ccc2cc(C(=O)NCc3ccc4c(c3)OCO4)c(=O)[nH]c12,4,2,2,1,6.886056647693163,9.42021640338319,2.534159755690027,8.127286926625695,1.9753108519615088,1.9236116541365451,7.847862474761436,-0.27942445186425946,True
CCCCCOc1c(OC)ccc2cc(C(=O)NCc3ccc4c(c3)OCO4)c(=O)n(C)c12,2,1,1,1,9.657577319177793,9.657972311912529,0.00039499273473531105,9.65777481554516,0.00039499273473531105,0.0,9.65777481554516,0.0,False
CCCCCOc1c(OC)ccc2cc(C(=O)NCc3ccc4c(c3)OCO4)c(=O)oc12,2,1,1,1,10.060480747381382,10.060980223551333,0.0004994761699510519,10.060730485466358,0.0004994761699510519,0.0,10.060730485466358,0.0,False
CCCCCOc1cc(/C=C/C(=O)NCCc2ccc(O)cc2)ccc1OC,2,1,1,1,8.318758762624412,8.319030281534102,0.00027151890969001613,8.318894522079258,0.00027151890969001613,0.0,8.318894522079258,0.0,False
CCCCCOc1cc(/C=C/C(=O)NCCc2ccncc2)ccc1OC,2,1,1,1,7.356547323513812,7.3570411205902095,0.0004937970763974064,7.356794222052011,0.0004937970763974064,0.0,7.356794222052011,0.0,False
CCCCCOc1cc(C(=O)NC2CCc3cc(O)c(O)cc3C2)ccc1OC,2,1,1,1,7.7447274948966935,7.744968836654449,0.00024134175775536448,7.744848165775571,0.00024134175775536448,0.0,7.744848165775571,0.0,False
CCCCCOc1cc(C(=O)NCCc2ccc(O)cc2)ccc1OC,2,1,1,1,8.602059991327963,8.602059991327963,0.0,8.602059991327963,0.0,0.0,8.602059991327963,0.0,False
CCCCCOc1cc(C(=O)NCCc2ccncc2)ccc1OC,2,1,1,1,7.136677139879544,7.136974703770529,0.00029756389098523073,7.136825921825037,0.00029756389098523073,0.0,7.136825921825037,0.0,False
CCCCCOc1ccc(C(=O)NCCc2ccc(N)cc2)cc1SCCCCC,2,1,1,1,8.721017883134557,8.721246399047171,0.00022851591261385806,8.721132141090864,0.00022851591261385806,0.0,8.721132141090864,0.0,False
CCCCCOc1ccc(C(=O)NCCc2ccc(O)cc2)cc1OCCCCC,2,1,1,1,9.356547323513812,9.357041120590209,0.0004937970763965183,9.35679422205201,0.0004937970763965183,0.0,9.35679422205201,0.0,False
CCCCCOc1ccc(C(=O)c2cccc3ccccc23)c2ccccc12,1,1,1,1,7.721246399047171,7.721246399047171,0.0,7.721246399047171,0.0,0.0,7.721246399047171,0.0,False
CCCCCOc1ccc2c(c1OCCCCC)CN(CCc1ccc(N)cc1)C2=O,2,1,1,1,9.958607314841775,9.95900230757651,0.00039499273473531105,9.958804811209141,0.00039499273473531105,0.0,9.958804811209141,0.0,False
CCCCCOc1ccc2cc(C(=O)NCCc3ccc(F)cc3)c(=O)[nH]c2c1OCCCCC,2,1,1,1,10.585026652029182,10.585026652029182,0.0,10.585026652029182,0.0,0.0,10.585026652029182,0.0,False
CCCCCOc1cccc2c(=O)c(C(=O)NC34CC5CC(CC(C5)C3)C4)c[nH]c12,1,1,1,1,7.221848749616356,7.221848749616356,0.0,7.221848749616356,0.0,0.0,7.221848749616356,0.0,False
CCCCCOc1ccccc1-c1cc(C(=O)N(CC(C)C)CC(C)C)no1,2,2,1,1,7.481486060122112,7.655607726314889,0.1741216661927769,7.5685468932185005,0.0,0.1741216661927769,7.5685468932185005,0.0,False
CCCCCOc1ccccc1-c1cc(C(=O)NC23CC4CC(CC(C4)C2)C3)no1,1,1,1,1,7.443697499232712,7.443697499232712,0.0,7.443697499232712,0.0,0.0,7.443697499232712,0.0,False
CCCCCOc1ccccc1-c1cc(C(=O)NC23CC4CC(CC2C4)C3)no1,1,1,1,1,8.045757490560675,8.045757490560675,0.0,8.045757490560675,0.0,0.0,8.045757490560675,0.0,False
CCCCCOc1ccccc1-c1cc(C(=O)NC2C3CC4CC(C3)CC2C4)no1,1,1,1,1,7.221125527997261,7.221125527997261,0.0,7.221125527997261,0.0,0.0,7.221125527997261,0.0,False
CCCCCOc1ccccc1-c1cc(C(=O)NC2CCC2)no1,1,1,1,1,6.3851027839668655,6.3851027839668655,0.0,6.3851027839668655,0.0,0.0,6.3851027839668655,0.0,False
CCCCCOc1ccccc1-c1cc(C(=O)NC2CCCC2)no1,1,1,1,1,7.215382707367125,7.215382707367125,0.0,7.215382707367125,0.0,0.0,7.215382707367125,0.0,False
CCCCCOc1ccccc1-c1cc(C(=O)NC2CCCCC2)no1,1,1,1,1,7.642065152999546,7.642065152999546,0.0,7.642065152999546,0.0,0.0,7.642065152999546,0.0,False
CCCCCOc1ccccc1-c1cc(C(=O)NC2CCCCCC2)no1,1,1,1,1,7.216096420727265,7.216096420727265,0.0,7.216096420727265,0.0,0.0,7.216096420727265,0.0,False
CCCCCOc1ccccc1-c1cc(C(=O)NC2CCCCCCC2)no1,1,1,1,1,7.133712660915805,7.133712660915805,0.0,7.133712660915805,0.0,0.0,7.133712660915805,0.0,False
CCCCCOc1ccccc1-c1cc(C(=O)NN2CCCCC2)no1,1,1,1,1,6.221848749616356,6.221848749616356,0.0,6.221848749616356,0.0,0.0,6.221848749616356,0.0,False
CCCCCOc1ccccc1C(=O)NC12CC3CC(CC(C3)C1)C2,1,1,1,1,7.966576244513051,7.966576244513051,0.0,7.966576244513051,0.0,0.0,7.966576244513051,0.0,False
CCCCCOc1nn(CCCCC)c2ccc([N+](=O)[O-])cc12,1,1,1,1,6.167491087293763,6.167491087293763,0.0,6.167491087293763,0.0,0.0,6.167491087293763,0.0,False
CCCCCS(=O)(=O)NC1CCN(c2ncnc3c2nc(-c2ccccc2Cl)n3-c2ccc(Cl)cc2)CC1,1,1,1,1,6.2441251443275085,6.2441251443275085,0.0,6.2441251443275085,0.0,0.0,6.2441251443275085,0.0,False
CCCCCSc1cc(/C=C/C(=O)NCCc2ccc(O)cc2)ccc1OC,2,1,1,1,8.958607314841775,8.95900230757651,0.00039499273473531105,8.958804811209141,0.00039499273473531105,0.0,8.958804811209141,0.0,False
CCCCCc1cc(-c2ccc(Cl)cc2)n(-c2ccc(Cl)cc2Cl)n1,1,1,1,1,6.338944915146621,6.338944915146621,0.0,6.338944915146621,0.0,0.0,6.338944915146621,0.0,False
CCCCCc1cc(-c2ccccc2)n(-c2ccccc2)n1,1,1,1,1,5.531209737900389,5.531209737900389,0.0,5.531209737900389,0.0,0.0,5.531209737900389,0.0,False
CCCCCc1cc(Br)c2c(c1)OC(C)(C)[C@@H]1CC=C(C)C[C@@H]21,1,1,1,1,6.255707016877324,6.255707016877324,0.0,6.255707016877324,0.0,0.0,6.255707016877324,0.0,False
CCCCCc1cc(O)c(C/C=C(\C)CC/C=C(\C)CCC=C(C)C)c(O)c1,1,1,1,1,6.7447274948966935,6.7447274948966935,0.0,6.7447274948966935,0.0,0.0,6.7447274948966935,0.0,False
CCCCCc1cc(O)c(C/C=C(\C)CCC=C(C)C)c(O)c1,5,5,4,1,5.568636235841012,7.0,1.4313637641589878,6.055517327849831,0.0,1.4313637641589878,6.055517327849831,0.0,True
CCCCCc1cc(O)c([C@H]2C=C(CO)CC[C@@H]2C(C)C)c(O)c1,1,1,1,1,7.91721462968355,7.91721462968355,0.0,7.91721462968355,0.0,0.0,7.91721462968355,0.0,False
CCCCCc1cc(O)c2c(c1)CC(C)(C)[C@@H]1CCC(C)=C[C@@H]21,1,1,1,1,6.853871964321762,6.853871964321762,0.0,6.853871964321762,0.0,0.0,6.853871964321762,0.0,False
CCCCCc1cc(O)c2c(c1)OC(C)(C)C1=C2C(O)C(C)(OC)CC1,1,1,1,1,6.522878745280337,6.522878745280337,0.0,6.522878745280337,0.0,0.0,6.522878745280337,0.0,False
CCCCCc1cc(O)c2c(c1)OC(C)(C)C1=C2C(OC(C)=O)C(C)(OC)CC1,1,1,1,1,6.00436480540245,6.00436480540245,0.0,6.00436480540245,0.0,0.0,6.00436480540245,0.0,False
CCCCCc1cc(O)c2c(c1)OC(C)(C)C1=C2C[C@@H](C)CC1,1,1,1,1,7.769551078621726,7.769551078621726,0.0,7.769551078621726,0.0,0.0,7.769551078621726,0.0,False
CCCCCc1cc(O)c2c(c1)OC(C)(C)C1=C2C[C@H](C)CC1,1,1,1,1,7.7447274948966935,7.7447274948966935,0.0,7.7447274948966935,0.0,0.0,7.7447274948966935,0.0,False
CCCCCc1cc(O)c2c(c1)OC(C)(C)[C@@H]1C=C[C@@](C)(O)C[C@@H]21,1,1,1,1,8.022276394711152,8.022276394711152,0.0,8.022276394711152,0.0,0.0,8.022276394711152,0.0,False
CCCCCc1cc(O)c2c(c1)OC(C)(C)[C@@H]1CC=C(C)C[C@@H]21,2,2,2,1,7.6020599913279625,7.920818753952375,0.3187587626244124,7.761439372640169,0.0,0.3187587626244124,7.761439372640169,0.0,False
CCCCCc1cc(O)c2c(c1)OC(C)(C)[C@@H]1CC=C(C)[C@@H](O)[C@@H]21,1,1,1,1,5.484921324924077,5.484921324924077,0.0,5.484921324924077,0.0,0.0,5.484921324924077,0.0,False
CCCCCc1cc(O)c2c(c1)OC(C)(C)[C@@H]1CC=C(C)[C@H](O)[C@@H]21,1,1,1,1,7.522878745280337,7.522878745280337,0.0,7.522878745280337,0.0,0.0,7.522878745280337,0.0,False
CCCCCc1cc(O)c2c(c1)OC(C)(C)[C@@H]1CCC(C)=C[C@@H]21,5,5,5,1,7.145086977692144,8.481486060122112,1.3363990824299679,7.3872161432802645,0.0,1.3363990824299679,7.3872161432802645,0.0,True
CCCCCc1cc(O)c2c(c1)OC(C)(C)[C@@H]1CCC(C)=C[C@H]21,1,1,1,1,5.323306390375134,5.323306390375134,0.0,5.323306390375134,0.0,0.0,5.323306390375134,0.0,False
CCCCCc1cc(O)c2c(c1)OC(C)(C)[C@@H]1CC[C@@]3(C)O[C@H]3[C@@H]21,1,1,1,1,6.474955192963154,6.474955192963154,0.0,6.474955192963154,0.0,0.0,6.474955192963154,0.0,False
CCCCCc1cc(O)c2c(c1)OC(C)(C)[C@@H]1CC[C@](C)(O)[C@@H](O)[C@@H]21,1,1,1,1,5.668977828958171,5.668977828958171,0.0,5.668977828958171,0.0,0.0,5.668977828958171,0.0,False
CCCCCc1cc(O)c2c(c1)OC(C)(C)[C@@H]1C[C@@H](O)C(C)=C[C@@H]21,1,1,1,1,7.055517327849831,7.055517327849831,0.0,7.055517327849831,0.0,0.0,7.055517327849831,0.0,False
CCCCCc1cc(O)c2c(c1)OC(C)(C)[C@@H]1C[C@H](O)C(C)=C[C@@H]21,1,1,1,1,5.492279023314387,5.492279023314387,0.0,5.492279023314387,0.0,0.0,5.492279023314387,0.0,False
CCCCCc1cc(O)c2c(c1)OC(C)(C)[C@H]1CC=C(C)C[C@H]21,1,1,1,1,7.288192770958809,7.288192770958809,0.0,7.288192770958809,0.0,0.0,7.288192770958809,0.0,False
CCCCCc1cc(O)c2c(c1)OC(C)(C)[C@H]1CCC(C)=C[C@@H]21,1,1,1,1,7.00436480540245,7.00436480540245,0.0,7.00436480540245,0.0,0.0,7.00436480540245,0.0,False
CCCCCc1cc(O)c2c(c1)OC(C)(C)c1ccc(C)cc1-2,3,3,2,1,6.522878745280337,7.795880017344075,1.2730012720637376,7.154901959985743,0.0,1.2730012720637376,7.154901959985743,0.0,True
CCCCCc1cc(O)c2c(c1)OC(C)(CCC=C(C)C)C=C2,2,2,2,1,6.590066876668706,6.698970004336019,0.10890312766731292,6.644518440502362,0.0,0.10890312766731292,6.644518440502362,0.0,False
CCCCCc1cc(O)c2c(c1)OC1=C(CC[C@@H](C)C1)C2(C)C,1,1,1,1,6.327902142064282,6.327902142064282,0.0,6.327902142064282,0.0,0.0,6.327902142064282,0.0,False
CCCCCc1cc(O)c2c(c1)OC1=C(CC[C@H](C)C1)C2(C)C,1,1,1,1,6.7447274948966935,6.7447274948966935,0.0,6.7447274948966935,0.0,0.0,6.7447274948966935,0.0,False
CCCCCc1cc(O)c2cc(Cc3cccc(C)c3)c(=O)oc2c1,1,1,1,1,5.75448733218585,5.75448733218585,0.0,5.75448733218585,0.0,0.0,5.75448733218585,0.0,False
CCCCCc1cc(O)c2cc(Cc3cccc(Cl)c3)c(=O)oc2c1,1,1,1,1,5.657577319177793,5.657577319177793,0.0,5.657577319177793,0.0,0.0,5.657577319177793,0.0,False
CCCCCc1cc(O)c2cc(Cc3cccc(O)c3)c(=O)oc2c1,1,1,1,1,5.288192770958808,5.288192770958808,0.0,5.288192770958808,0.0,0.0,5.288192770958808,0.0,False
CCCCCc1cc(O)c2cc(Cc3ccccc3)c(=O)oc2c1,1,1,1,1,5.774690718274137,5.774690718274137,0.0,5.774690718274137,0.0,0.0,5.774690718274137,0.0,False
CCCCCc1cc(O)c2cc(Cc3ccccc3C)c(=O)oc2c1,1,1,1,1,5.447331783887806,5.447331783887806,0.0,5.447331783887806,0.0,0.0,5.447331783887806,0.0,False
CCCCCc1cc(O)c2cc(Cc3ccccc3Cl)c(=O)oc2c1,1,1,1,1,5.7121982700697735,5.7121982700697735,0.0,5.7121982700697735,0.0,0.0,5.7121982700697735,0.0,False
CCCCCc1cc(O)c2cc(Cc3ccccc3O)c(=O)oc2c1,1,1,1,1,5.318758762624412,5.318758762624412,0.0,5.318758762624412,0.0,0.0,5.318758762624412,0.0,False
CCCCCc1cc(O)cc(OCCCCCC(=O)NC2CC2)c1,1,1,1,1,6.017728766960431,6.017728766960431,0.0,6.017728766960431,0.0,0.0,6.017728766960431,0.0,False
CCCCCc1cc(O)cc(OCCCCCCCC(=O)NC2CC2)c1,1,1,1,1,7.4089353929735005,7.4089353929735005,0.0,7.4089353929735005,0.0,0.0,7.4089353929735005,0.0,False
CCCCCc1cc(O)cc(OCCCCCCCC(=O)NCCO)c1,1,1,1,1,6.4089353929735005,6.4089353929735005,0.0,6.4089353929735005,0.0,0.0,6.4089353929735005,0.0,False
CCCCCc1cc(O)cc(OCCCCCCCC(=O)N[C@H](C)CO)c1,1,1,1,1,6.9233595563296575,6.9233595563296575,0.0,6.9233595563296575,0.0,0.0,6.9233595563296575,0.0,False
CCCCCc1cc(O)cc(OCCCCCCCC(=O)OC(CO)CO)c1,1,1,1,1,5.104025267640935,5.104025267640935,0.0,5.104025267640935,0.0,0.0,5.104025267640935,0.0,False
CCCCCc1cc(O)cc(OCCCCCCCCCCC(=O)NC(CO)CO)c1,1,1,1,1,6.267606240177031,6.267606240177031,0.0,6.267606240177031,0.0,0.0,6.267606240177031,0.0,False
CCCCCc1cc(O)cc(OCCCCCCCCCCC(=O)NC2CC2)c1,1,1,1,1,7.886056647693163,7.886056647693163,0.0,7.886056647693163,0.0,0.0,7.886056647693163,0.0,False
CCCCCc1cc(O)cc(OCCCCCCCCCCC(=O)NCC(F)(F)F)c1,1,1,1,1,7.016373712875465,7.016373712875465,0.0,7.016373712875465,0.0,0.0,7.016373712875465,0.0,False
CCCCCc1cc(O)cc(OCCCCCCCCCCC(=O)NCC2CC2)c1,1,1,1,1,7.096910013008056,7.096910013008056,0.0,7.096910013008056,0.0,0.0,7.096910013008056,0.0,False
CCCCCc1cc(O)cc(OCCCCCCCCCCC(=O)NCCO)c1,1,1,1,1,6.795880017344075,6.795880017344075,0.0,6.795880017344075,0.0,0.0,6.795880017344075,0.0,False
CCCCCc1cc(O)cc(OCCCCCCCCCCC(=O)NCc2ccc(OC)c(O)c2)c1,1,1,1,1,5.782516055786093,5.782516055786093,0.0,5.782516055786093,0.0,0.0,5.782516055786093,0.0,False
CCCCCc1cc(O)cc(OCCCCCCCCCCC(=O)NCc2ccccc2)c1,1,1,1,1,6.694004117229195,6.694004117229195,0.0,6.694004117229195,0.0,0.0,6.694004117229195,0.0,False
CCCCCc1cc(O)cc(OCCCCCCCCCCC(=O)NN(C)C)c1,1,1,1,1,6.73849922680172,6.73849922680172,0.0,6.73849922680172,0.0,0.0,6.73849922680172,0.0,False
CCCCCc1cc(O)cc(OCCCCCCCCCCC(=O)NN2CCCCC2)c1,1,1,1,1,6.16889843549864,6.16889843549864,0.0,6.16889843549864,0.0,0.0,6.16889843549864,0.0,False
CCCCCc1cc(O)cc(OCCCCCCCCCCC(=O)N[C@H](C)CO)c1,1,1,1,1,7.012333735073725,7.012333735073725,0.0,7.012333735073725,0.0,0.0,7.012333735073725,0.0,False
CCCCCc1cc(O)cc(OCCCCCCCCCCC(=O)Nc2ccc(O)cc2)c1,1,1,1,1,5.853871964321762,5.853871964321762,0.0,5.853871964321762,0.0,0.0,5.853871964321762,0.0,False
CCCCCc1cc(O)cc(OCCCCCCCCCCC(=O)Nc2ccccc2)c1,1,1,1,1,6.893469146177619,6.893469146177619,0.0,6.893469146177619,0.0,0.0,6.893469146177619,0.0,False
CCCCCc1cc(O)cc(OCCCCCCCCCCC(=O)OC(CO)CO)c1,1,1,1,1,6.060480747381382,6.060480747381382,0.0,6.060480747381382,0.0,0.0,6.060480747381382,0.0,False
CCCCCc1cc(O)cc(OCCCCCCCCCCC(=O)OCC(O)CO)c1,1,1,1,1,5.101823516502323,5.101823516502323,0.0,5.101823516502323,0.0,0.0,5.101823516502323,0.0,False
CCCCCc1cc(O)cc(OCCCCCCCCCCCC(=O)NC2CC2)c1,1,1,1,1,6.508638306165727,6.508638306165727,0.0,6.508638306165727,0.0,0.0,6.508638306165727,0.0,False
CCCCCc1cc(O)cc(OCCCCCCCCCCCC(=O)NCCO)c1,1,1,1,1,7.4089353929735005,7.4089353929735005,0.0,7.4089353929735005,0.0,0.0,7.4089353929735005,0.0,False
CCCCCc1cc(O)cc(OCCCCCCCCCCCNC(=O)C2CC2)c1,1,1,1,1,6.337242168318426,6.337242168318426,0.0,6.337242168318426,0.0,0.0,6.337242168318426,0.0,False
CCCCCc1cc(O)cc(OCCCCCCCCCCCNC2CC2)c1,1,1,1,1,5.723538195826755,5.723538195826755,0.0,5.723538195826755,0.0,0.0,5.723538195826755,0.0,False
CCCCCc1cc(O)cc(OCCCCCCCCCCCNCc2ccccc2)c1,1,1,1,1,6.080921907623926,6.080921907623926,0.0,6.080921907623926,0.0,0.0,6.080921907623926,0.0,False
CCCCCc1cc(O)cc(OCCCCCCCCCN[C@H](C)CO)c1,1,1,1,1,5.818156412055227,5.818156412055227,0.0,5.818156412055227,0.0,0.0,5.818156412055227,0.0,False
CCCCCc1cc(O)cc(OCCCCCCCCOC(CO)CO)c1,1,1,1,1,5.935542010773082,5.935542010773082,0.0,5.935542010773082,0.0,0.0,5.935542010773082,0.0,False
CCCCCc1cc(O)cc(OCCCCCCOC(CO)CO)c1,1,1,1,1,6.040958607678906,6.040958607678906,0.0,6.040958607678906,0.0,0.0,6.040958607678906,0.0,False
CCCCCc1cc(OC(C)=O)c2c(c1)OC(C)(C)C1=C2C2OC2(C)CC1,1,1,1,1,6.333482019445119,6.333482019445119,0.0,6.333482019445119,0.0,0.0,6.333482019445119,0.0,False
CCCCCc1cc(OC(C)=O)c2c(c1)OC(C)(C)[C@@H]1CC=C(C)C[C@@H]21,1,1,1,1,6.801342913045577,6.801342913045577,0.0,6.801342913045577,0.0,0.0,6.801342913045577,0.0,False
CCCCCc1cc(OC)c2cc(Cc3ccc(Br)cc3)c(=O)oc2c1,1,1,1,1,6.2380721615794705,6.2380721615794705,0.0,6.2380721615794705,0.0,0.0,6.2380721615794705,0.0,False
CCCCCc1cc(OC)c2cc(Cc3ccc(Cl)cc3)c(=O)oc2c1,1,1,1,1,6.2380721615794705,6.2380721615794705,0.0,6.2380721615794705,0.0,0.0,6.2380721615794705,0.0,False
CCCCCc1cc(OC)c2cc(Cc3cccc(C)c3)c(=O)oc2c1,1,1,1,1,6.406713932979542,6.406713932979542,0.0,6.406713932979542,0.0,0.0,6.406713932979542,0.0,False
CCCCCc1cc(OC)c2cc(Cc3cccc(Cl)c3)c(=O)oc2c1,1,1,1,1,6.455931955649724,6.455931955649724,0.0,6.455931955649724,0.0,0.0,6.455931955649724,0.0,False
CCCCCc1cc(OC)c2cc(Cc3cccc(OC)c3)c(=O)oc2c1,1,1,1,1,6.844663962534938,6.844663962534938,0.0,6.844663962534938,0.0,0.0,6.844663962534938,0.0,False
CCCCCc1cc(OC)c2cc(Cc3ccccc3)c(=O)oc2c1,1,1,1,1,6.573488738635424,6.573488738635424,0.0,6.573488738635424,0.0,0.0,6.573488738635424,0.0,False
CCCCCc1cc(OC)c2cc(Cc3ccccc3C)c(=O)oc2c1,1,1,1,1,6.392544976785331,6.392544976785331,0.0,6.392544976785331,0.0,0.0,6.392544976785331,0.0,False
CCCCCc1cc(OC)c2cc(Cc3ccccc3Cl)c(=O)oc2c1,1,1,1,1,6.732828271596986,6.732828271596986,0.0,6.732828271596986,0.0,0.0,6.732828271596986,0.0,False
CCCCCc1cc(OC)c2cc(Cc3ccccc3OC)c(=O)oc2c1,1,1,1,1,7.309803919971486,7.309803919971486,0.0,7.309803919971486,0.0,0.0,7.309803919971486,0.0,False
CCCCCc1cc(OC)c2cc(Cc3ccccn3)c(=O)oc2c1,2,1,1,1,7.079981083971085,7.084072788302884,0.004091704331798951,7.082026936136985,0.004091704331798951,0.0,7.082026936136985,0.0,False
CCCCCc1cc(OC)c2cc(Cc3cccnc3)c(=O)oc2c1,2,1,1,1,7.247951552180561,7.250031916490597,0.002080364310035776,7.248991734335579,0.002080364310035776,0.0,7.248991734335579,0.0,False
CCCCCc1cc(OC)cc(OCCCCCCCC(=O)NCCO)c1,1,1,1,1,7.377785977033705,7.377785977033705,0.0,7.377785977033705,0.0,0.0,7.377785977033705,0.0,False
CCCCCc1cc(OC)cc(OCCCCCCCCCCC(=O)NC(CO)CO)c1,1,1,1,1,6.223589411192657,6.223589411192657,0.0,6.223589411192657,0.0,0.0,6.223589411192657,0.0,False
CCCCCc1cc(OC)cc(OCCCCCCCCCCC(=O)NC2CC2)c1,1,1,1,1,8.920818753952375,8.920818753952375,0.0,8.920818753952375,0.0,0.0,8.920818753952375,0.0,False
CCCCCc1cc(OC)cc(OCCCCCCCCCCC(=O)NCC(F)(F)F)c1,1,1,1,1,7.6401645176601125,7.6401645176601125,0.0,7.6401645176601125,0.0,0.0,7.6401645176601125,0.0,False
CCCCCc1cc(OC)cc(OCCCCCCCCCCC(=O)NCC2CC2)c1,1,1,1,1,7.987162775294828,7.987162775294828,0.0,7.987162775294828,0.0,0.0,7.987162775294828,0.0,False
CCCCCc1cc(OC)cc(OCCCCCCCCCCC(=O)NCCO)c1,1,1,1,1,7.478861916295964,7.478861916295964,0.0,7.478861916295964,0.0,0.0,7.478861916295964,0.0,False
CCCCCc1cc(OC)cc(OCCCCCCCCCCC(=O)Nc2ccccc2)c1,1,1,1,1,6.5101820916985496,6.5101820916985496,0.0,6.5101820916985496,0.0,0.0,6.5101820916985496,0.0,False
CCCCCc1cc(OCC)cc(OCCCCCCCCCCC(=O)NC2CC2)c1,1,1,1,1,8.173925197299173,8.173925197299173,0.0,8.173925197299173,0.0,0.0,8.173925197299173,0.0,False
CCCCCc1cc(OCCCC)cc(OCCCCCCCCCCC(=O)NC2CC2)c1,1,1,1,1,7.667561540084394,7.667561540084394,0.0,7.667561540084394,0.0,0.0,7.667561540084394,0.0,False
CCCCCc1cc(OCCCCCCCCCCC(=O)NC2CC2)cc(OC(C)C)c1,1,1,1,1,8.568636235841012,8.568636235841012,0.0,8.568636235841012,0.0,0.0,8.568636235841012,0.0,False
CCCCCc1cc2c(c(O)c1C(=O)O)[C@@H]1C=C(C)CC[C@H]1C(C)(C)O2,1,1,1,1,7.251811972993799,7.251811972993799,0.0,7.251811972993799,0.0,0.0,7.251811972993799,0.0,False
CCCCCc1cc2c(c(O)c1C(=O)O)[C@@H]1C=C(COC(C)=O)CC[C@H]1C(C)(C)O2,1,1,1,1,6.0400051616715835,6.0400051616715835,0.0,6.0400051616715835,0.0,0.0,6.0400051616715835,0.0,False
CCCCCc1cc2c(c(OS(=O)(=O)c3ccc(C)cc3)c1)[C@@H]1CC(C)(OO)C=C[C@H]1C(C)(C)O2,1,1,1,1,6.675717544702307,6.675717544702307,0.0,6.675717544702307,0.0,0.0,6.675717544702307,0.0,False
CCCCCc1cc2c(c(OS(=O)(=O)c3ccc(C)cc3)c1)[C@@H]1[C@H](O)C(C)=CC[C@H]1C(C)(C)O2,1,1,1,1,6.258060922270801,6.258060922270801,0.0,6.258060922270801,0.0,0.0,6.258060922270801,0.0,False
CCCCCc1cc2c(c(OS(=O)(=O)c3ccc(C)cc3)c1)[C@H]1[C@@H](CC=C(C)[C@@H]1OO)C(C)(C)O2,1,1,1,1,6.370590400897282,6.370590400897282,0.0,6.370590400897282,0.0,0.0,6.370590400897282,0.0,False
CCCCCc1ccc(OCCCCCCCCCCC(=O)NC2CC2)cc1O,1,1,1,1,7.886056647693163,7.886056647693163,0.0,7.886056647693163,0.0,0.0,7.886056647693163,0.0,False
CCCCCc1ccc2c(c1)OC(C)(C)[C@@H]1CC=C(C)C[C@@H]21,1,1,1,1,7.494850021680094,7.494850021680094,0.0,7.494850021680094,0.0,0.0,7.494850021680094,0.0,False
CCCCCc1cccc(OCCCCCCCCCCC(=O)NC2CC2)c1,1,1,1,1,8.455931955649724,8.455931955649724,0.0,8.455931955649724,0.0,0.0,8.455931955649724,0.0,False
CCCCCc1sc(NC(=O)C23CC4CC(CC(C4)C2)C3)c(C(=O)OC)c1-c1ccccc1,1,1,1,1,8.09528445472132,8.09528445472132,0.0,8.09528445472132,0.0,0.0,8.09528445472132,0.0,False
CCCCCc1sc2ccccc2c1C(=O)c1ccc(OC)cc1,1,1,1,1,6.522878745280337,6.522878745280337,0.0,6.522878745280337,0.0,0.0,6.522878745280337,0.0,False
CCCCCc1sc2ccccc2c1C(=O)c1cccc2ccccc12,1,1,1,1,6.522878745280337,6.522878745280337,0.0,6.522878745280337,0.0,0.0,6.522878745280337,0.0,False
CCCCCn1/c(=N/C(=O)c2cccc(C(F)(F)F)c2)sc2ccccc21,1,1,1,1,6.337242168318426,6.337242168318426,0.0,6.337242168318426,0.0,0.0,6.337242168318426,0.0,False
CCCCCn1/c(=N/C(=O)c2cccc3ccccc23)sc2ccccc21,1,1,1,1,8.698970004336019,8.698970004336019,0.0,8.698970004336019,0.0,0.0,8.698970004336019,0.0,False
CCCCCn1/c(=N\C(=O)C23CC4CC(CC(C4)C2)C3)sc2ccccc21,1,1,1,1,7.920818753952375,7.920818753952375,0.0,7.920818753952375,0.0,0.0,7.920818753952375,0.0,False
CCCCCn1c(-c2ccccc2)c(C(=O)NC23CC4CC(C)(CC(C)(C4)C2)C3)c(=O)c2ccccc21,1,1,1,1,6.924453038607469,6.924453038607469,0.0,6.924453038607469,0.0,0.0,6.924453038607469,0.0,False
CCCCCn1c(-c2ccccc2)c(C(=O)NC23CC4CC(CC(C4)C2)C3)c(=O)c2ccccc21,1,1,1,1,6.471083299722345,6.471083299722345,0.0,6.471083299722345,0.0,0.0,6.471083299722345,0.0,False
CCCCCn1c(=O)c(C(=O)NC23CC4CC(CC(C4)C2)C3)c(O)c2cc(-c3ccco3)ccc21,1,1,1,1,7.823908740944319,7.823908740944319,0.0,7.823908740944319,0.0,0.0,7.823908740944319,0.0,False
CCCCCn1c(=O)c(C(=O)NC23CC4CC(CC(C4)C2)C3)c(O)c2cc(Br)ccc21,1,1,1,1,7.531652669587842,7.531652669587842,0.0,7.531652669587842,0.0,0.0,7.531652669587842,0.0,False
CCCCCn1c(=O)c(C(=O)NC23CC4CC(CC(C4)C2)C3)c(O)c2ccc(F)cc21,1,1,1,1,9.096910013008056,9.096910013008056,0.0,9.096910013008056,0.0,0.0,9.096910013008056,0.0,False
CCCCCn1c(=O)c(C(=O)NC23CC4CC(CC(C4)C2)C3)c(O)c2nn(C)cc21,1,1,1,1,9.744727494896694,9.744727494896694,0.0,9.744727494896694,0.0,0.0,9.744727494896694,0.0,False
CCCCCn1c(=O)c(C(=O)NC23CC4CC(CC(C4)C2)C3)c(O)c2nn(CCO)cc21,1,1,1,1,8.318758762624412,8.318758762624412,0.0,8.318758762624412,0.0,0.0,8.318758762624412,0.0,False
CCCCCn1c(=O)c(C(=O)NC23CC4CC(CC(C4)C2)C3)cc2ccccc21,1,1,1,1,9.698970004336019,9.698970004336019,0.0,9.698970004336019,0.0,0.0,9.698970004336019,0.0,False
CCCCCn1c(=O)c(C(=O)NC23CC4CC(CC(O)(C4)C2)C3)c(O)c2nn(CCO)cc21,1,1,1,1,7.243363891754152,7.243363891754152,0.0,7.243363891754152,0.0,0.0,7.243363891754152,0.0,False
CCCCCn1c(=O)c(C(=O)NC2CCC(C)CC2)cc2ccccc21,1,1,1,1,8.823908740944319,8.823908740944319,0.0,8.823908740944319,0.0,0.0,8.823908740944319,0.0,False
CCCCCn1c(=O)c(C(=O)NC2CCC(C)CC2)cc2cccnc21,1,1,1,1,8.549750891680638,8.549750891680638,0.0,8.549750891680638,0.0,0.0,8.549750891680638,0.0,False
CCCCCn1c(=O)sc2cc(/C(=N\O)C34CC5CC(CC(C5)C3)C4)ccc21,1,1,1,1,6.600326278518962,6.600326278518962,0.0,6.600326278518962,0.0,0.0,6.600326278518962,0.0,False
CCCCCn1c(=O)sc2cc(/C(=N\OC)C34CC5CC(CC(C5)C3)C4)ccc21,1,1,1,1,6.358525889495901,6.358525889495901,0.0,6.358525889495901,0.0,0.0,6.358525889495901,0.0,False
CCCCCn1c(=O)sc2cc(C(=O)C34CC5CC(CC(C5)C3)C4)ccc21,1,1,1,1,7.8696662315049934,7.8696662315049934,0.0,7.8696662315049934,0.0,0.0,7.8696662315049934,0.0,False
CCCCCn1c(=O)sc2cc(C(=O)C3CCCC3)ccc21,1,1,1,1,6.6777807052660805,6.6777807052660805,0.0,6.6777807052660805,0.0,0.0,6.6777807052660805,0.0,False
CCCCCn1c(=O)sc2cc(C(=O)C3CCCCC3)ccc21,1,1,1,1,7.305394801066432,7.305394801066432,0.0,7.305394801066432,0.0,0.0,7.305394801066432,0.0,False
CCCCCn1c(=O)sc2cc(C(O)C34CC5CC(CC(C5)C3)C4)ccc21,1,1,1,1,6.565431095965801,6.565431095965801,0.0,6.565431095965801,0.0,0.0,6.565431095965801,0.0,False
CCCCCn1c(=O)sc2cc(C(OC)C34CC5CC(CC(C5)C3)C4)ccc21,1,1,1,1,6.46344155742847,6.46344155742847,0.0,6.46344155742847,0.0,0.0,6.46344155742847,0.0,False
CCCCCn1c(=O)sc2cc(CC34CC5CC(CC(C5)C3)C4)ccc21,1,1,1,1,6.84163750790475,6.84163750790475,0.0,6.84163750790475,0.0,0.0,6.84163750790475,0.0,False
CCCCCn1c(=O)sc2ccc(C(=O)C34CC5CC(CC(C5)C3)C4)cc21,1,1,1,1,6.279179418229656,6.279179418229656,0.0,6.279179418229656,0.0,0.0,6.279179418229656,0.0,False
CCCCCn1c(C)c(C(=O)Cc2ccc(Br)cc2)c2ccccc21,1,1,1,1,5.572027286391791,5.572027286391791,0.0,5.572027286391791,0.0,0.0,5.572027286391791,0.0,False
CCCCCn1c(C)c(C(=O)Cc2ccc(C)cc2)c2ccccc21,1,1,1,1,5.868702203402377,5.868702203402377,0.0,5.868702203402377,0.0,0.0,5.868702203402377,0.0,False
CCCCCn1c(C)c(C(=O)Cc2ccc(Cl)cc2)c2ccccc21,1,1,1,1,5.429106963781608,5.429106963781608,0.0,5.429106963781608,0.0,0.0,5.429106963781608,0.0,False
CCCCCn1c(C)c(C(=O)Cc2ccc(F)cc2)c2ccccc21,1,1,1,1,6.1073489661227,6.1073489661227,0.0,6.1073489661227,0.0,0.0,6.1073489661227,0.0,False
CCCCCn1c(C)c(C(=O)Cc2ccc(OC)cc2)c2ccccc21,1,1,1,1,6.1904402853647325,6.1904402853647325,0.0,6.1904402853647325,0.0,0.0,6.1904402853647325,0.0,False
CCCCCn1c(C)c(C(=O)Cc2cccc(Cl)c2)c2ccccc21,1,1,1,1,6.860120913598763,6.860120913598763,0.0,6.860120913598763,0.0,0.0,6.860120913598763,0.0,False
CCCCCn1c(C)c(C(=O)Cc2cccc(F)c2)c2ccccc21,1,1,1,1,6.739928612014925,6.739928612014925,0.0,6.739928612014925,0.0,0.0,6.739928612014925,0.0,False
CCCCCn1c(C)c(C(=O)Cc2cccc(OC)c2)c2ccccc21,1,1,1,1,7.075720713938118,7.075720713938118,0.0,7.075720713938118,0.0,0.0,7.075720713938118,0.0,False
CCCCCn1c(C)c(C(=O)Cc2ccccc2)c2ccccc21,1,1,1,1,6.7447274948966935,6.7447274948966935,0.0,6.7447274948966935,0.0,0.0,6.7447274948966935,0.0,False
CCCCCn1c(C)c(C(=O)Cc2ccccc2Br)c2ccccc21,1,1,1,1,7.537602002101044,7.537602002101044,0.0,7.537602002101044,0.0,0.0,7.537602002101044,0.0,False
CCCCCn1c(C)c(C(=O)Cc2ccccc2C)c2ccccc21,1,1,1,1,7.721246399047171,7.721246399047171,0.0,7.721246399047171,0.0,0.0,7.721246399047171,0.0,False
CCCCCn1c(C)c(C(=O)Cc2ccccc2Cl)c2ccccc21,1,1,1,1,7.6020599913279625,7.6020599913279625,0.0,7.6020599913279625,0.0,0.0,7.6020599913279625,0.0,False
CCCCCn1c(C)c(C(=O)Cc2ccccc2F)c2ccccc21,1,1,1,1,7.119186407719209,7.119186407719209,0.0,7.119186407719209,0.0,0.0,7.119186407719209,0.0,False
CCCCCn1c(C)c(C(=O)Cc2ccccc2OC)c2ccccc21,1,1,1,1,7.086186147616283,7.086186147616283,0.0,7.086186147616283,0.0,0.0,7.086186147616283,0.0,False
CCCCCn1c(C)c(C(=O)NC(C)c2ccccc2)c(=O)c2ccccc21,1,1,1,1,6.178486471595226,6.178486471595226,0.0,6.178486471595226,0.0,0.0,6.178486471595226,0.0,False
CCCCCn1c(C)c(C(=O)NC23CC4CC(C)(CC(C)(C4)C2)C3)c(=O)c2ccccc21,1,1,1,1,6.698970004336019,6.698970004336019,0.0,6.698970004336019,0.0,0.0,6.698970004336019,0.0,False
CCCCCn1c(C)c(C(=O)c2c(OC)ccc3ccccc23)c2ccccc21,1,1,1,1,7.3979400086720375,7.3979400086720375,0.0,7.3979400086720375,0.0,0.0,7.3979400086720375,0.0,False
CCCCCn1c(C)c(C(=O)c2ccc(Br)c3ccccc23)c2ccccc21,1,1,1,1,8.55284196865778,8.55284196865778,0.0,8.55284196865778,0.0,0.0,8.55284196865778,0.0,False
CCCCCn1c(C)c(C(=O)c2ccc(C)c3ccccc23)c2ccccc21,1,1,1,1,9.13697470377053,9.13697470377053,0.0,9.13697470377053,0.0,0.0,9.13697470377053,0.0,False
CCCCCn1c(C)c(C(=O)c2ccc(CC)c3ccccc23)c2ccccc21,1,1,1,1,9.376957565753619,9.376957565753619,0.0,9.376957565753619,0.0,0.0,9.376957565753619,0.0,False
CCCCCn1c(C)c(C(=O)c2ccc(CCC)c3ccccc23)c2ccccc21,1,1,1,1,9.208028798979232,9.208028798979232,0.0,9.208028798979232,0.0,0.0,9.208028798979232,0.0,False
CCCCCn1c(C)c(C(=O)c2ccc(CCCC)c3ccc(C)cc23)c2ccccc21,1,1,1,1,8.187086643357144,8.187086643357144,0.0,8.187086643357144,0.0,0.0,8.187086643357144,0.0,False
CCCCCn1c(C)c(C(=O)c2ccc(CCCC)c3ccccc23)c2ccccc21,1,1,1,1,8.18701983396052,8.18701983396052,0.0,8.18701983396052,0.0,0.0,8.18701983396052,0.0,False
CCCCCn1c(C)c(C(=O)c2ccc(Cl)c3ccccc23)c2ccccc21,1,1,1,1,8.638272163982407,8.638272163982407,0.0,8.638272163982407,0.0,0.0,8.638272163982407,0.0,False
CCCCCn1c(C)c(C(=O)c2ccc(F)c3ccccc23)c2ccccc21,1,1,1,1,8.657577319177793,8.657577319177793,0.0,8.657577319177793,0.0,0.0,8.657577319177793,0.0,False
CCCCCn1c(C)c(C(=O)c2ccc(I)c3ccccc23)c2ccccc21,1,1,1,1,8.67778070526608,8.67778070526608,0.0,8.67778070526608,0.0,0.0,8.67778070526608,0.0,False
CCCCCn1c(C)c(C(=O)c2ccc(OC)c3ccccc23)c2ccccc21,1,1,1,1,8.721017883134557,8.721017883134557,0.0,8.721017883134557,0.0,0.0,8.721017883134557,0.0,False
CCCCCn1c(C)c(C(=O)c2ccc(OCC)c3ccccc23)c2ccccc21,1,1,1,1,7.6020599913279625,7.6020599913279625,0.0,7.6020599913279625,0.0,0.0,7.6020599913279625,0.0,False
CCCCCn1c(C)c(C(=O)c2cccc3cc(OC)ccc23)c2ccccc21,1,1,1,1,7.95900230757651,7.95900230757651,0.0,7.95900230757651,0.0,0.0,7.95900230757651,0.0,False
CCCCCn1c(C)c(C(=O)c2cccc3ccc(C)cc23)c2ccccc21,1,1,1,1,9.309981219211304,9.309981219211304,0.0,9.309981219211304,0.0,0.0,9.309981219211304,0.0,False
CCCCCn1c(C)c(C(=O)c2cccc3ccc(CC)cc23)c2ccccc21,1,1,1,1,8.251967105869856,8.251967105869856,0.0,8.251967105869856,0.0,0.0,8.251967105869856,0.0,False
CCCCCn1c(C)c(C(=O)c2cccc3ccc(OC)cc23)c2ccccc21,1,1,1,1,7.982966660701219,7.982966660701219,0.0,7.982966660701219,0.0,0.0,7.982966660701219,0.0,False
CCCCCn1c(C)c(C(=O)c2cccc3cccc(Br)c23)c2ccccc21,1,1,1,1,8.0,8.0,0.0,8.0,0.0,0.0,8.0,0.0,False
CCCCCn1c(C)c(C(=O)c2cccc3cccc(Cl)c23)c2ccccc21,1,1,1,1,7.721246399047171,7.721246399047171,0.0,7.721246399047171,0.0,0.0,7.721246399047171,0.0,False
CCCCCn1c(C)c(C(=O)c2cccc3cccc(I)c23)c2ccccc21,1,1,1,1,7.886056647693163,7.886056647693163,0.0,7.886056647693163,0.0,0.0,7.886056647693163,0.0,False
CCCCCn1c(C)c(C(=O)c2cccc3ccccc23)c2ccccc21,1,1,1,1,8.538051504796238,8.538051504796238,0.0,8.538051504796238,0.0,0.0,8.538051504796238,0.0,False
CCCCCn1c(C)c(C)cc(Oc2nc3ccccc3o2)c1=S,1,1,1,1,6.669586226650809,6.669586226650809,0.0,6.669586226650809,0.0,0.0,6.669586226650809,0.0,False
CCCCCn1c2ccc(C(=O)N3CCCCC3)cc2c2ccc(OC)cc21,1,1,1,1,8.1249387366083,8.1249387366083,0.0,8.1249387366083,0.0,0.0,8.1249387366083,0.0,False
CCCCCn1c2ccccc2c2cc(C(=O)CN3CCCCC3)ccc21,1,1,1,1,5.961379838050297,5.961379838050297,0.0,5.961379838050297,0.0,0.0,5.961379838050297,0.0,False
CCCCCn1c2ccccc2c2cc(C(=O)CN3CCN(C)CC3)ccc21,1,1,1,1,6.400116927926312,6.400116927926312,0.0,6.400116927926312,0.0,0.0,6.400116927926312,0.0,False
CCCCCn1c2ccccc2c2cc(C(=O)CN3CCS(=O)(=O)CC3)ccc21,1,1,1,1,6.29929628285498,6.29929628285498,0.0,6.29929628285498,0.0,0.0,6.29929628285498,0.0,False
CCCCCn1c2ccccc2c2cc(C(=O)N(CC)CC)ccc21,1,1,1,1,7.285670240254767,7.285670240254767,0.0,7.285670240254767,0.0,0.0,7.285670240254767,0.0,False
CCCCCn1c2ccccc2c2cc(C(=O)N3CCCCC3)ccc21,1,1,1,1,7.136677139879544,7.136677139879544,0.0,7.136677139879544,0.0,0.0,7.136677139879544,0.0,False
CCCCCn1c2ccccc2c2cc(C(=O)N3CCCCC3)ncc21,1,1,1,1,7.452225294612178,7.452225294612178,0.0,7.452225294612178,0.0,0.0,7.452225294612178,0.0,False
CCCCCn1c2ccccc2c2cc(C(=O)N3CCN(C(=O)OC(C)(C)C)CC3)ccc21,1,1,1,1,5.529148675473882,5.529148675473882,0.0,5.529148675473882,0.0,0.0,5.529148675473882,0.0,False
CCCCCn1c2ccccc2c2cc(C(=O)N3CCN(C)CC3)ccc21,1,1,1,1,7.450996737974212,7.450996737974212,0.0,7.450996737974212,0.0,0.0,7.450996737974212,0.0,False
CCCCCn1c2ccccc2c2cc(C(=O)N3CCN(CC(=O)NC(C)(C)C)CC3)ccc21,1,1,1,1,5.705974905904677,5.705974905904677,0.0,5.705974905904677,0.0,0.0,5.705974905904677,0.0,False
CCCCCn1c2ccccc2c2cc(C(=O)N3CCNCC3)ccc21,1,1,1,1,5.547753425479563,5.547753425479563,0.0,5.547753425479563,0.0,0.0,5.547753425479563,0.0,False
CCCCCn1c2ccccc2c2cc(C(=O)N3CCOCC3)ccc21,1,1,1,1,7.073143291050307,7.073143291050307,0.0,7.073143291050307,0.0,0.0,7.073143291050307,0.0,False
CCCCCn1c2ccccc2c2cc(C(=O)N3CCS(=O)(=O)CC3)ccc21,1,1,1,1,6.647817481888637,6.647817481888637,0.0,6.647817481888637,0.0,0.0,6.647817481888637,0.0,False
CCCCCn1c2ccccc2c2cc(C(=O)NC34CC5CC(CC(C5)C3)C4)ccc21,1,1,1,1,6.53985418250825,6.53985418250825,0.0,6.53985418250825,0.0,0.0,6.53985418250825,0.0,False
CCCCCn1c2ccccc2c2cc(C(=O)NCC(C)(C)C)ncc21,1,1,1,1,7.576754126063192,7.576754126063192,0.0,7.576754126063192,0.0,0.0,7.576754126063192,0.0,False
CCCCCn1c2ccccc2c2cc(C(=O)NCCc3ccc(Cl)cc3)ccc21,1,1,1,1,5.4444219272270455,5.4444219272270455,0.0,5.4444219272270455,0.0,0.0,5.4444219272270455,0.0,False
CCCCCn1c2ccccc2c2cc(C(=O)NN3CCCCC3)ccc21,1,1,1,1,5.793443955900971,5.793443955900971,0.0,5.793443955900971,0.0,0.0,5.793443955900971,0.0,False
CCCCCn1c2ccccc2c2cc(C(=O)NN3CCCCC3)ncc21,1,1,1,1,6.7667499904589,6.7667499904589,0.0,6.7667499904589,0.0,0.0,6.7667499904589,0.0,False
CCCCCn1c2ccccc2c2cc(C(=O)OCC)ncc21,1,1,1,1,5.864231485432178,5.864231485432178,0.0,5.864231485432178,0.0,0.0,5.864231485432178,0.0,False
CCCCCn1c2ccccc2c2cc(C(=O)OCc3ccccn3)ccc21,1,1,1,1,5.715118285344547,5.715118285344547,0.0,5.715118285344547,0.0,0.0,5.715118285344547,0.0,False
CCCCCn1c2ccccc2c2cc(C(=O)OCc3ccncc3)ccc21,1,1,1,1,5.856360764725457,5.856360764725457,0.0,5.856360764725457,0.0,0.0,5.856360764725457,0.0,False
CCCCCn1c2ccccc2c2cc(C(=O)c3ccccc3)ccc21,1,1,1,1,6.995678626217357,6.995678626217357,0.0,6.995678626217357,0.0,0.0,6.995678626217357,0.0,False
CCCCCn1c2ccccc2c2cc(C(=S)N3CCCCC3)ccc21,1,1,1,1,7.304518323509803,7.304518323509803,0.0,7.304518323509803,0.0,0.0,7.304518323509803,0.0,False
CCCCCn1c2ccccc2c2cc(CN3CCCCC3)ccc21,1,1,1,1,6.431798275933005,6.431798275933005,0.0,6.431798275933005,0.0,0.0,6.431798275933005,0.0,False
CCCCCn1c2ccccc2c2cc(CN3CCN(C)CC3)ccc21,1,1,1,1,6.130768280269024,6.130768280269024,0.0,6.130768280269024,0.0,0.0,6.130768280269024,0.0,False
CCCCCn1cc(-c2cn(C34CC5CC(CC(C5)C3)C4)nn2)c(=O)c2cc(-c3ccco3)ccc21,1,1,1,1,8.920818753952375,8.920818753952375,0.0,8.920818753952375,0.0,0.0,8.920818753952375,0.0,False
CCCCCn1cc(-c2nc(C34CC5CC(CC(C5)C3)C4)no2)c(=O)c2cc(-c3ccco3)ccc21,1,1,1,1,9.397940008672037,9.397940008672037,0.0,9.397940008672037,0.0,0.0,9.397940008672037,0.0,False
CCCCCn1cc(-c2nnc(C34CC5CC(CC(C5)C3)C4)o2)c(=O)c2cc(-c3ccco3)ccc21,1,1,1,1,8.187086643357144,8.187086643357144,0.0,8.187086643357144,0.0,0.0,8.187086643357144,0.0,False
CCCCCn1cc(C(=O)C(=O)NC23CC4CC(CC(C4)C2)C3)c2cc(-c3ccccc3)ccc21,1,1,1,1,7.896196279044043,7.896196279044043,0.0,7.896196279044043,0.0,0.0,7.896196279044043,0.0,False
CCCCCn1cc(C(=O)C(=O)NC23CC4CC(CC(C4)C2)C3)c2cc(-c3ccco3)ccc21,1,1,1,1,9.431798275933005,9.431798275933005,0.0,9.431798275933005,0.0,0.0,9.431798275933005,0.0,False
CCCCCn1cc(C(=O)C(=O)NC2CCCCC2)c2cc(-c3ccccc3)ccc21,1,1,1,1,7.950781977329818,7.950781977329818,0.0,7.950781977329818,0.0,0.0,7.950781977329818,0.0,False
CCCCCn1cc(C(=O)C2C(C)(C)C2(C)C)c2ccccc21,2,1,1,1,8.739928612014925,8.744727494896694,0.004798882881768662,8.74232805345581,0.004798882881768662,0.0,8.74232805345581,0.0,False
CCCCCn1cc(C(=O)Cc2ccc(Br)cc2)c2ccccc21,1,1,1,1,6.18243463044022,6.18243463044022,0.0,6.18243463044022,0.0,0.0,6.18243463044022,0.0,False
CCCCCn1cc(C(=O)Cc2ccc(C)cc2)c2ccccc21,1,1,1,1,6.2441251443275085,6.2441251443275085,0.0,6.2441251443275085,0.0,0.0,6.2441251443275085,0.0,False
CCCCCn1cc(C(=O)Cc2ccc(Cl)cc2)c2ccccc21,1,1,1,1,6.302770657240282,6.302770657240282,0.0,6.302770657240282,0.0,0.0,6.302770657240282,0.0,False
CCCCCn1cc(C(=O)Cc2ccc(F)cc2)c2ccccc21,1,1,1,1,6.437707135543525,6.437707135543525,0.0,6.437707135543525,0.0,0.0,6.437707135543525,0.0,False
CCCCCn1cc(C(=O)Cc2ccc(OC)cc2)c2ccccc21,1,1,1,1,6.35261702988538,6.35261702988538,0.0,6.35261702988538,0.0,0.0,6.35261702988538,0.0,False
CCCCCn1cc(C(=O)Cc2cccc(Cl)c2)c2ccccc21,1,1,1,1,6.97469413473523,6.97469413473523,0.0,6.97469413473523,0.0,0.0,6.97469413473523,0.0,False
CCCCCn1cc(C(=O)Cc2cccc(F)c2)c2ccccc21,1,1,1,1,7.040958607678906,7.040958607678906,0.0,7.040958607678906,0.0,0.0,7.040958607678906,0.0,False
CCCCCn1cc(C(=O)Cc2cccc(OC)c2)c2ccccc21,1,1,1,1,7.050609993355087,7.050609993355087,0.0,7.050609993355087,0.0,0.0,7.050609993355087,0.0,False
CCCCCn1cc(C(=O)Cc2ccccc2)c2ccccc21,1,1,1,1,6.798602875679549,6.798602875679549,0.0,6.798602875679549,0.0,0.0,6.798602875679549,0.0,False
CCCCCn1cc(C(=O)Cc2ccccc2Br)c2ccccc21,1,1,1,1,7.698970004336019,7.698970004336019,0.0,7.698970004336019,0.0,0.0,7.698970004336019,0.0,False
CCCCCn1cc(C(=O)Cc2ccccc2C)c2ccccc21,1,1,1,1,6.835647144215563,6.835647144215563,0.0,6.835647144215563,0.0,0.0,6.835647144215563,0.0,False
CCCCCn1cc(C(=O)Cc2ccccc2Cl)c2ccccc21,1,1,1,1,8.154901959985743,8.154901959985743,0.0,8.154901959985743,0.0,0.0,8.154901959985743,0.0,False
CCCCCn1cc(C(=O)Cc2ccccc2F)c2ccccc21,1,1,1,1,7.4089353929735005,7.4089353929735005,0.0,7.4089353929735005,0.0,0.0,7.4089353929735005,0.0,False
CCCCCn1cc(C(=O)Cc2ccccc2OC)c2ccccc21,1,1,1,1,7.481486060122112,7.481486060122112,0.0,7.481486060122112,0.0,0.0,7.481486060122112,0.0,False
CCCCCn1cc(C(=O)N2CCC[C@H]2C(N)=O)c(=O)c2ccc(Sc3ccccc3)cc21,1,1,1,1,6.638272163982407,6.638272163982407,0.0,6.638272163982407,0.0,0.0,6.638272163982407,0.0,False
CCCCCn1cc(C(=O)NC(C)C)c(=O)c2ccc(Sc3ccccc3)cc21,1,1,1,1,7.8297382846050425,7.8297382846050425,0.0,7.8297382846050425,0.0,0.0,7.8297382846050425,0.0,False
CCCCCn1cc(C(=O)NC(C)C23CC4CC(CC(C4)C2)C3)c(=O)c2cc(Cl)ccc21,3,1,1,1,6.628932137728263,6.84163750790475,0.2127053701764865,6.653647025549361,0.2127053701764865,0.0,6.653647025549361,0.0,False
CCCCCn1cc(C(=O)NC(C)C23CC4CC(CC(C4)C2)C3)c(=O)c2ccc(Cl)cc21,3,1,1,1,6.576754126063192,7.583359492661719,1.006605366598527,7.386158178123931,1.006605366598527,0.0,7.386158178123931,0.0,True
CCCCCn1cc(C(=O)NC(C)C23CC4CC(CC(C4)C2)C3)c(=O)c2ccccc21,3,1,1,1,6.694648630553376,7.853871964321762,1.1592233337683862,7.54515513999149,1.1592233337683862,0.0,7.54515513999149,0.0,True
CCCCCn1cc(C(=O)NC(C)C23CC4CC(CC(C4)C2)C3)c(=O)cc1-c1ccccc1,1,1,1,1,7.844663962534938,7.844663962534938,0.0,7.844663962534938,0.0,0.0,7.844663962534938,0.0,False
CCCCCn1cc(C(=O)NC(C)C23CC4CC(CC(C4)C2)C3)c(=O)cc1C,1,1,1,1,8.193820026016112,8.193820026016112,0.0,8.193820026016112,0.0,0.0,8.193820026016112,0.0,False
CCCCCn1cc(C(=O)NC(C)C23CC4CC(CC(C4)C2)C3)c(=O)cc1C(C)(C)C,1,1,1,1,8.045757490560675,8.045757490560675,0.0,8.045757490560675,0.0,0.0,8.045757490560675,0.0,False
CCCCCn1cc(C(=O)NC(C)CCC(C)C)c(=O)c2c(C)nn(C)c21,1,1,1,1,6.673664139071248,6.673664139071248,0.0,6.673664139071248,0.0,0.0,6.673664139071248,0.0,False
CCCCCn1cc(C(=O)NC(C)c2cccc3ccccc23)c(=O)c2ccccc21,1,1,1,1,6.7594507517174005,6.7594507517174005,0.0,6.7594507517174005,0.0,0.0,6.7594507517174005,0.0,False
CCCCCn1cc(C(=O)NC(C)c2ccccc2)c(=O)c2ccccc21,1,1,1,1,7.149966742310231,7.149966742310231,0.0,7.149966742310231,0.0,0.0,7.149966742310231,0.0,False
CCCCCn1cc(C(=O)NC(CC)CO)c(=O)c2ccc(Sc3ccccc3)cc21,1,1,1,1,7.701146923590294,7.701146923590294,0.0,7.701146923590294,0.0,0.0,7.701146923590294,0.0,False
CCCCCn1cc(C(=O)NC23CC4CC(C)(CC(C)(C4)C2)C3)c(=O)c2c(C)nn(C)c21,1,1,1,1,8.007446482167865,8.007446482167865,0.0,8.007446482167865,0.0,0.0,8.007446482167865,0.0,False
CCCCCn1cc(C(=O)NC23CC4CC(C)(CC(C)(C4)C2)C3)c(=O)c2cc(Cl)ccc21,1,1,1,1,7.262807357295262,7.262807357295262,0.0,7.262807357295262,0.0,0.0,7.262807357295262,0.0,False
CCCCCn1cc(C(=O)NC23CC4CC(C)(CC(C)(C4)C2)C3)c(=O)c2ccc(Cl)cc21,1,1,1,1,8.275724130399212,8.275724130399212,0.0,8.275724130399212,0.0,0.0,8.275724130399212,0.0,False
CCCCCn1cc(C(=O)NC23CC4CC(C)(CC(C)(C4)C2)C3)c(=O)c2cccc(Cl)c21,1,1,1,1,7.562249437179612,7.562249437179612,0.0,7.562249437179612,0.0,0.0,7.562249437179612,0.0,False
CCCCCn1cc(C(=O)NC23CC4CC(C)(CC(C)(C4)C2)C3)c(=O)c2ccccc21,1,1,1,1,7.801342913045577,7.801342913045577,0.0,7.801342913045577,0.0,0.0,7.801342913045577,0.0,False
CCCCCn1cc(C(=O)NC23CC4CC(C)(CC(C)(C4)C2)C3)c(=O)c2cccnc21,1,1,1,1,7.628932137728263,7.628932137728263,0.0,7.628932137728263,0.0,0.0,7.628932137728263,0.0,False
CCCCCn1cc(C(=O)NC23CC4CC(C)(CC(C)(C4)C2)C3)c(=O)c2cnccc21,1,1,1,1,7.510041520575165,7.510041520575165,0.0,7.510041520575165,0.0,0.0,7.510041520575165,0.0,False
CCCCCn1cc(C(=O)NC23CC4CC(C)(CC(C)(C4)C2)C3)c(=O)c2ncccc21,1,1,1,1,6.586700235918748,6.586700235918748,0.0,6.586700235918748,0.0,0.0,6.586700235918748,0.0,False
CCCCCn1cc(C(=O)NC23CC4CC(C)(CC(C)(C4)C2)C3)c(=O)n2nc(-c3ccccc3)nc12,1,1,1,1,8.075720713938118,8.075720713938118,0.0,8.075720713938118,0.0,0.0,8.075720713938118,0.0,False
CCCCCn1cc(C(=O)NC23CC4CC(C)(CC(C)(C4)C2)C3)c(=O)n2ncnc12,1,1,1,1,7.6020599913279625,7.6020599913279625,0.0,7.6020599913279625,0.0,0.0,7.6020599913279625,0.0,False
CCCCCn1cc(C(=O)NC23CC4CC(C)(CC(C)(C4)C2)C3)c(=S)c2ccccc21,1,1,1,1,7.739928612014925,7.739928612014925,0.0,7.739928612014925,0.0,0.0,7.739928612014925,0.0,False
CCCCCn1cc(C(=O)NC23CC4CC(CC(C4)C2)C3)c(=O)c(-c2ccc(CC)cc2)c1C,1,1,1,1,7.265200170411153,7.265200170411153,0.0,7.265200170411153,0.0,0.0,7.265200170411153,0.0,False
CCCCCn1cc(C(=O)NC23CC4CC(CC(C4)C2)C3)c(=O)c(-c2ccccc2)c1C,1,1,1,1,6.722620025332745,6.722620025332745,0.0,6.722620025332745,0.0,0.0,6.722620025332745,0.0,False
CCCCCn1cc(C(=O)NC23CC4CC(CC(C4)C2)C3)c(=O)c(-c2ccncc2)c1C,1,1,1,1,7.437707135543525,7.437707135543525,0.0,7.437707135543525,0.0,0.0,7.437707135543525,0.0,False
CCCCCn1cc(C(=O)NC23CC4CC(CC(C4)C2)C3)c(=O)c(C2CC2)c1C,1,1,1,1,7.872895201635192,7.872895201635192,0.0,7.872895201635192,0.0,0.0,7.872895201635192,0.0,False
CCCCCn1cc(C(=O)NC23CC4CC(CC(C4)C2)C3)c(=O)c(I)c1C,1,1,1,1,7.681936665037238,7.681936665037238,0.0,7.681936665037238,0.0,0.0,7.681936665037238,0.0,False
CCCCCn1cc(C(=O)NC23CC4CC(CC(C4)C2)C3)c(=O)c2c(C(C)(C)C)nn(C)c21,1,1,1,1,6.440093374963888,6.440093374963888,0.0,6.440093374963888,0.0,0.0,6.440093374963888,0.0,False
CCCCCn1cc(C(=O)NC23CC4CC(CC(C4)C2)C3)c(=O)c2c(C)c(C)sc21,1,1,1,1,8.485452247339714,8.485452247339714,0.0,8.485452247339714,0.0,0.0,8.485452247339714,0.0,False
CCCCCn1cc(C(=O)NC23CC4CC(CC(C4)C2)C3)c(=O)c2c(C)csc21,1,1,1,1,8.950781977329818,8.950781977329818,0.0,8.950781977329818,0.0,0.0,8.950781977329818,0.0,False
CCCCCn1cc(C(=O)NC23CC4CC(CC(C4)C2)C3)c(=O)c2c(C)nn(C)c21,1,1,1,1,8.021819483062586,8.021819483062586,0.0,8.021819483062586,0.0,0.0,8.021819483062586,0.0,False
CCCCCn1cc(C(=O)NC23CC4CC(CC(C4)C2)C3)c(=O)c2c(C)noc21,1,1,1,1,7.6777807052660805,7.6777807052660805,0.0,7.6777807052660805,0.0,0.0,7.6777807052660805,0.0,False
CCCCCn1cc(C(=O)NC23CC4CC(CC(C4)C2)C3)c(=O)c2c(CC)nn(C)c21,1,1,1,1,7.431798275933005,7.431798275933005,0.0,7.431798275933005,0.0,0.0,7.431798275933005,0.0,False
CCCCCn1cc(C(=O)NC23CC4CC(CC(C4)C2)C3)c(=O)c2c(OC)ccc(OC)c21,1,1,1,1,7.279014255846261,7.279014255846261,0.0,7.279014255846261,0.0,0.0,7.279014255846261,0.0,False
CCCCCn1cc(C(=O)NC23CC4CC(CC(C4)C2)C3)c(=O)c2cc(-c3c(C)noc3C)ccc21,2,2,2,1,6.900664722314042,6.98999702587294,0.08933230355889776,6.945330874093491,0.0,0.08933230355889776,6.945330874093491,0.0,False
CCCCCn1cc(C(=O)NC23CC4CC(CC(C4)C2)C3)c(=O)c2cc(-c3cc(C)c(OC)c(C)c3)ccc21,1,1,1,1,7.667561540084394,7.667561540084394,0.0,7.667561540084394,0.0,0.0,7.667561540084394,0.0,False
CCCCCn1cc(C(=O)NC23CC4CC(CC(C4)C2)C3)c(=O)c2cc(-c3ccc(-c4ccccc4)cc3)ccc21,1,1,1,1,6.7423214251308154,6.7423214251308154,0.0,6.7423214251308154,0.0,0.0,6.7423214251308154,0.0,False
CCCCCn1cc(C(=O)NC23CC4CC(CC(C4)C2)C3)c(=O)c2cc(-c3ccc(C#N)cc3)ccc21,1,1,1,1,7.377785977033705,7.377785977033705,0.0,7.377785977033705,0.0,0.0,7.377785977033705,0.0,False
CCCCCn1cc(C(=O)NC23CC4CC(CC(C4)C2)C3)c(=O)c2cc(-c3ccc(Cl)cc3)ccc21,1,1,1,1,7.958607314841775,7.958607314841775,0.0,7.958607314841775,0.0,0.0,7.958607314841775,0.0,False
CCCCCn1cc(C(=O)NC23CC4CC(CC(C4)C2)C3)c(=O)c2cc(-c3ccc(Cl)s3)ccc21,1,1,1,1,7.3487219860018556,7.3487219860018556,0.0,7.3487219860018556,0.0,0.0,7.3487219860018556,0.0,False
CCCCCn1cc(C(=O)NC23CC4CC(CC(C4)C2)C3)c(=O)c2cc(-c3ccc(F)cc3F)ccc21,1,1,1,1,7.795880017344075,7.795880017344075,0.0,7.795880017344075,0.0,0.0,7.795880017344075,0.0,False
CCCCCn1cc(C(=O)NC23CC4CC(CC(C4)C2)C3)c(=O)c2cc(-c3ccc(O)cc3)ccc21,1,1,1,1,8.3767507096021,8.3767507096021,0.0,8.3767507096021,0.0,0.0,8.3767507096021,0.0,False
CCCCCn1cc(C(=O)NC23CC4CC(CC(C4)C2)C3)c(=O)c2cc(-c3ccc(OC)nc3)ccc21,1,1,1,1,7.226945306635738,7.226945306635738,0.0,7.226945306635738,0.0,0.0,7.226945306635738,0.0,False
CCCCCn1cc(C(=O)NC23CC4CC(CC(C4)C2)C3)c(=O)c2cc(-c3ccc4cc(OC)ccc4c3)ccc21,1,1,1,1,7.279014255846261,7.279014255846261,0.0,7.279014255846261,0.0,0.0,7.279014255846261,0.0,False
CCCCCn1cc(C(=O)NC23CC4CC(CC(C4)C2)C3)c(=O)c2cc(-c3ccccc3)cc(OC)c21,1,1,1,1,6.366531544420413,6.366531544420413,0.0,6.366531544420413,0.0,0.0,6.366531544420413,0.0,False
CCCCCn1cc(C(=O)NC23CC4CC(CC(C4)C2)C3)c(=O)c2cc(-c3ccccc3)ccc21,1,1,1,1,8.42021640338319,8.42021640338319,0.0,8.42021640338319,0.0,0.0,8.42021640338319,0.0,False
CCCCCn1cc(C(=O)NC23CC4CC(CC(C4)C2)C3)c(=O)c2cc(-c3ccco3)cc(OC)c21,1,1,1,1,8.070581074285707,8.070581074285707,0.0,8.070581074285707,0.0,0.0,8.070581074285707,0.0,False
CCCCCn1cc(C(=O)NC23CC4CC(CC(C4)C2)C3)c(=O)c2cc(-c3ccco3)ccc21,1,1,1,1,9.154901959985743,9.154901959985743,0.0,9.154901959985743,0.0,0.0,9.154901959985743,0.0,False
CCCCCn1cc(C(=O)NC23CC4CC(CC(C4)C2)C3)c(=O)c2cc(-c3cccs3)ccc21,1,1,1,1,8.638272163982407,8.638272163982407,0.0,8.638272163982407,0.0,0.0,8.638272163982407,0.0,False
CCCCCn1cc(C(=O)NC23CC4CC(CC(C4)C2)C3)c(=O)c2cc(-c3cnn(CC(C)C)c3)ccc21,1,1,1,1,7.292429823902063,7.292429823902063,0.0,7.292429823902063,0.0,0.0,7.292429823902063,0.0,False
CCCCCn1cc(C(=O)NC23CC4CC(CC(C4)C2)C3)c(=O)c2cc(-n3cccc3)ccc21,1,1,1,1,9.154901959985743,9.154901959985743,0.0,9.154901959985743,0.0,0.0,9.154901959985743,0.0,False
CCCCCn1cc(C(=O)NC23CC4CC(CC(C4)C2)C3)c(=O)c2cc(-n3ccnc3)ccc21,1,1,1,1,8.096910013008056,8.096910013008056,0.0,8.096910013008056,0.0,0.0,8.096910013008056,0.0,False
CCCCCn1cc(C(=O)NC23CC4CC(CC(C4)C2)C3)c(=O)c2cc(/C=C/C(C)(C)C)ccc21,1,1,1,1,7.145086977692144,7.145086977692144,0.0,7.145086977692144,0.0,0.0,7.145086977692144,0.0,False
CCCCCn1cc(C(=O)NC23CC4CC(CC(C4)C2)C3)c(=O)c2cc(/C=C/c3ccc(OC)cc3)ccc21,1,1,1,1,7.252588192113577,7.252588192113577,0.0,7.252588192113577,0.0,0.0,7.252588192113577,0.0,False
CCCCCn1cc(C(=O)NC23CC4CC(CC(C4)C2)C3)c(=O)c2cc(/C=C/c3ccccc3)ccc21,1,1,1,1,7.184422251675732,7.184422251675732,0.0,7.184422251675732,0.0,0.0,7.184422251675732,0.0,False
CCCCCn1cc(C(=O)NC23CC4CC(CC(C4)C2)C3)c(=O)c2cc(Br)cc(OC)c21,1,1,1,1,7.6401645176601125,7.6401645176601125,0.0,7.6401645176601125,0.0,0.0,7.6401645176601125,0.0,False
CCCCCn1cc(C(=O)NC23CC4CC(CC(C4)C2)C3)c(=O)c2cc(Br)ccc21,1,1,1,1,7.844663962534938,7.844663962534938,0.0,7.844663962534938,0.0,0.0,7.844663962534938,0.0,False
CCCCCn1cc(C(=O)NC23CC4CC(CC(C4)C2)C3)c(=O)c2cc(C#Cc3ccccc3)ccc21,1,1,1,1,6.464705879957229,6.464705879957229,0.0,6.464705879957229,0.0,0.0,6.464705879957229,0.0,False
CCCCCn1cc(C(=O)NC23CC4CC(CC(C4)C2)C3)c(=O)c2cc(C(C)C)ccc21,1,1,1,1,8.200659450546418,8.200659450546418,0.0,8.200659450546418,0.0,0.0,8.200659450546418,0.0,False
CCCCCn1cc(C(=O)NC23CC4CC(CC(C4)C2)C3)c(=O)c2cc(C(F)(F)F)ccc21,1,1,1,1,7.935542010773082,7.935542010773082,0.0,7.935542010773082,0.0,0.0,7.935542010773082,0.0,False
CCCCCn1cc(C(=O)NC23CC4CC(CC(C4)C2)C3)c(=O)c2cc(C3=CCCCC3)ccc21,1,1,1,1,8.080921907623926,8.080921907623926,0.0,8.080921907623926,0.0,0.0,8.080921907623926,0.0,False
CCCCCn1cc(C(=O)NC23CC4CC(CC(C4)C2)C3)c(=O)c2cc(C3CCCCC3)ccc21,1,1,1,1,8.136677139879545,8.136677139879545,0.0,8.136677139879545,0.0,0.0,8.136677139879545,0.0,False
CCCCCn1cc(C(=O)NC23CC4CC(CC(C4)C2)C3)c(=O)c2cc(CC)ccc21,1,1,1,1,7.772113295386326,7.772113295386326,0.0,7.772113295386326,0.0,0.0,7.772113295386326,0.0,False
CCCCCn1cc(C(=O)NC23CC4CC(CC(C4)C2)C3)c(=O)c2cc(CCc3ccccc3)ccc21,1,1,1,1,7.247183568811728,7.247183568811728,0.0,7.247183568811728,0.0,0.0,7.247183568811728,0.0,False
CCCCCn1cc(C(=O)NC23CC4CC(CC(C4)C2)C3)c(=O)c2cc(Cc3ccc(Cl)cc3Cl)ccc21,1,1,1,1,5.4110563572599855,5.4110563572599855,0.0,5.4110563572599855,0.0,0.0,5.4110563572599855,0.0,False
CCCCCn1cc(C(=O)NC23CC4CC(CC(C4)C2)C3)c(=O)c2cc(F)c(-n3cccc3)cc21,1,1,1,1,8.443697499232712,8.443697499232712,0.0,8.443697499232712,0.0,0.0,8.443697499232712,0.0,False
CCCCCn1cc(C(=O)NC23CC4CC(CC(C4)C2)C3)c(=O)c2cc(I)ccc21,1,1,1,1,7.686132779630847,7.686132779630847,0.0,7.686132779630847,0.0,0.0,7.686132779630847,0.0,False
CCCCCn1cc(C(=O)NC23CC4CC(CC(C4)C2)C3)c(=O)c2cc(Oc3ccc(F)c(Cl)c3)ccc21,1,1,1,1,7.79317412396815,7.79317412396815,0.0,7.79317412396815,0.0,0.0,7.79317412396815,0.0,False
CCCCCn1cc(C(=O)NC23CC4CC(CC(C4)C2)C3)c(=O)c2cc(S(=O)(=O)c3ccccc3)ccc21,1,1,1,1,7.18111458540599,7.18111458540599,0.0,7.18111458540599,0.0,0.0,7.18111458540599,0.0,False
CCCCCn1cc(C(=O)NC23CC4CC(CC(C4)C2)C3)c(=O)c2cc(Sc3ccccc3)ccc21,1,1,1,1,8.468521082957745,8.468521082957745,0.0,8.468521082957745,0.0,0.0,8.468521082957745,0.0,False
CCCCCn1cc(C(=O)NC23CC4CC(CC(C4)C2)C3)c(=O)c2cc([S+]([O-])c3ccccc3)ccc21,1,1,1,1,7.135488918941608,7.135488918941608,0.0,7.135488918941608,0.0,0.0,7.135488918941608,0.0,False
CCCCCn1cc(C(=O)NC23CC4CC(CC(C4)C2)C3)c(=O)c2ccc(Cl)c(C)c21,1,1,1,1,7.5934598195660445,7.5934598195660445,0.0,7.5934598195660445,0.0,0.0,7.5934598195660445,0.0,False
CCCCCn1cc(C(=O)NC23CC4CC(CC(C4)C2)C3)c(=O)c2ccc(F)cc21,1,1,1,1,9.096910013008056,9.096910013008056,0.0,9.096910013008056,0.0,0.0,9.096910013008056,0.0,False
CCCCCn1cc(C(=O)NC23CC4CC(CC(C4)C2)C3)c(=O)c2ccc(S(=O)(=O)c3ccccc3)cc21,1,1,1,1,9.045757490560675,9.045757490560675,0.0,9.045757490560675,0.0,0.0,9.045757490560675,0.0,False
CCCCCn1cc(C(=O)NC23CC4CC(CC(C4)C2)C3)c(=O)c2ccc(Sc3ccccc3)cc21,1,1,1,1,8.795880017344075,8.795880017344075,0.0,8.795880017344075,0.0,0.0,8.795880017344075,0.0,False
CCCCCn1cc(C(=O)NC23CC4CC(CC(C4)C2)C3)c(=O)c2ccc([S+]([O-])c3ccccc3)cc21,1,1,1,1,8.455931955649724,8.455931955649724,0.0,8.455931955649724,0.0,0.0,8.455931955649724,0.0,False
CCCCCn1cc(C(=O)NC23CC4CC(CC(C4)C2)C3)c(=O)c2cccc(C)c21,2,2,2,1,8.309803919971486,9.154901959985743,0.8450980400142569,8.732352939978615,0.0,0.8450980400142569,8.732352939978615,0.0,False
CCCCCn1cc(C(=O)NC23CC4CC(CC(C4)C2)C3)c(=O)c2cccc(OC)c21,2,2,2,1,8.769551078621726,9.221848749616356,0.45229767099463025,8.99569991411904,0.0,0.45229767099463025,8.99569991411904,0.0,False
CCCCCn1cc(C(=O)NC23CC4CC(CC(C4)C2)C3)c(=O)c2cccc([N+](=O)[O-])c21,1,1,1,1,9.0,9.0,0.0,9.0,0.0,0.0,9.0,0.0,False
CCCCCn1cc(C(=O)NC23CC4CC(CC(C4)C2)C3)c(=O)c2ccccc21,2,2,2,1,7.785156151952302,8.327902142064282,0.54274599011198,8.056529147008291,0.0,0.54274599011198,8.056529147008291,0.0,False
CCCCCn1cc(C(=O)NC23CC4CC(CC(C4)C2)C3)c(=O)c2cnn(C)c21,1,1,1,1,7.935542010773082,7.935542010773082,0.0,7.935542010773082,0.0,0.0,7.935542010773082,0.0,False
CCCCCn1cc(C(=O)NC23CC4CC(CC(C4)C2)C3)c(=O)cc1-c1ccc(C)cc1,1,1,1,1,7.87942606879415,7.87942606879415,0.0,7.87942606879415,0.0,0.0,7.87942606879415,0.0,False
CCCCCn1cc(C(=O)NC23CC4CC(CC(C4)C2)C3)c(=O)cc1-c1ccc(Cl)cc1,1,1,1,1,7.102372908709558,7.102372908709558,0.0,7.102372908709558,0.0,0.0,7.102372908709558,0.0,False
CCCCCn1cc(C(=O)NC23CC4CC(CC(C4)C2)C3)c(=O)cc1-c1ccc(OC)cc1,1,1,1,1,7.040481623027002,7.040481623027002,0.0,7.040481623027002,0.0,0.0,7.040481623027002,0.0,False
CCCCCn1cc(C(=O)NC23CC4CC(CC(C4)C2)C3)c(=O)cc1-c1cccc(Cl)c1,1,1,1,1,8.744727494896694,8.744727494896694,0.0,8.744727494896694,0.0,0.0,8.744727494896694,0.0,False
CCCCCn1cc(C(=O)NC23CC4CC(CC(C4)C2)C3)c(=O)cc1-c1ccccc1,1,1,1,1,8.397940008672037,8.397940008672037,0.0,8.397940008672037,0.0,0.0,8.397940008672037,0.0,False
CCCCCn1cc(C(=O)NC23CC4CC(CC(C4)C2)C3)c(=O)cc1-c1ccccc1Cl,1,1,1,1,9.154901959985743,9.154901959985743,0.0,9.154901959985743,0.0,0.0,9.154901959985743,0.0,False
CCCCCn1cc(C(=O)NC23CC4CC(CC(C4)C2)C3)c(=O)cc1C,1,1,1,1,7.698970004336019,7.698970004336019,0.0,7.698970004336019,0.0,0.0,7.698970004336019,0.0,False
CCCCCn1cc(C(=O)NC23CC4CC(CC(C4)C2)C3)c(=O)cc1C(C)(C)C,1,1,1,1,7.537602002101044,7.537602002101044,0.0,7.537602002101044,0.0,0.0,7.537602002101044,0.0,False
CCCCCn1cc(C(=O)NC23CC4CC(CC(C4)C2)C3)c(=O)n2nc(-c3c(Cl)cccc3Cl)cc12,1,1,1,1,7.008773924307505,7.008773924307505,0.0,7.008773924307505,0.0,0.0,7.008773924307505,0.0,False
CCCCCn1cc(C(=O)NC23CC4CC(CC(C4)C2)C3)c(=O)n2nc(-c3cc(C)cs3)cc12,1,1,1,1,7.823908740944319,7.823908740944319,0.0,7.823908740944319,0.0,0.0,7.823908740944319,0.0,False
CCCCCn1cc(C(=O)NC23CC4CC(CC(C4)C2)C3)c(=O)n2nc(-c3ccc(C)cc3)cc12,1,1,1,1,8.467245621007502,8.467245621007502,0.0,8.467245621007502,0.0,0.0,8.467245621007502,0.0,False
CCCCCn1cc(C(=O)NC23CC4CC(CC(C4)C2)C3)c(=O)n2nc(-c3ccc(C)cc3)nc12,1,1,1,1,8.167491087293763,8.167491087293763,0.0,8.167491087293763,0.0,0.0,8.167491087293763,0.0,False
CCCCCn1cc(C(=O)NC23CC4CC(CC(C4)C2)C3)c(=O)n2nc(-c3ccc(C)s3)cc12,1,1,1,1,7.935542010773082,7.935542010773082,0.0,7.935542010773082,0.0,0.0,7.935542010773082,0.0,False
CCCCCn1cc(C(=O)NC23CC4CC(CC(C4)C2)C3)c(=O)n2nc(-c3ccc(Cl)cc3)cc12,1,1,1,1,8.411168274405792,8.411168274405792,0.0,8.411168274405792,0.0,0.0,8.411168274405792,0.0,False
CCCCCn1cc(C(=O)NC23CC4CC(CC(C4)C2)C3)c(=O)n2nc(-c3ccc(Cl)cc3)nc12,1,1,1,1,7.94692155651658,7.94692155651658,0.0,7.94692155651658,0.0,0.0,7.94692155651658,0.0,False
CCCCCn1cc(C(=O)NC23CC4CC(CC(C4)C2)C3)c(=O)n2nc(-c3ccc(Cl)cc3Cl)cc12,1,1,1,1,7.522878745280337,7.522878745280337,0.0,7.522878745280337,0.0,0.0,7.522878745280337,0.0,False
CCCCCn1cc(C(=O)NC23CC4CC(CC(C4)C2)C3)c(=O)n2nc(-c3ccc(OC)cc3)nc12,1,1,1,1,7.327902142064282,7.327902142064282,0.0,7.327902142064282,0.0,0.0,7.327902142064282,0.0,False
CCCCCn1cc(C(=O)NC23CC4CC(CC(C4)C2)C3)c(=O)n2nc(-c3ccccc3)cc12,1,1,1,1,8.59176003468815,8.59176003468815,0.0,8.59176003468815,0.0,0.0,8.59176003468815,0.0,False
CCCCCn1cc(C(=O)NC23CC4CC(CC(C4)C2)C3)c(=O)n2nc(-c3ccccc3)nc12,1,1,1,1,8.446116973356126,8.446116973356126,0.0,8.446116973356126,0.0,0.0,8.446116973356126,0.0,False
CCCCCn1cc(C(=O)NC23CC4CC(CC(C4)C2)C3)c(=O)n2nc(-c3ccccc3C)cc12,1,1,1,1,8.543633966870956,8.543633966870956,0.0,8.543633966870956,0.0,0.0,8.543633966870956,0.0,False
CCCCCn1cc(C(=O)NC23CC4CC(CC(C4)C2)C3)c(=O)n2nc(-c3ccccc3Cl)cc12,1,1,1,1,8.20690839982342,8.20690839982342,0.0,8.20690839982342,0.0,0.0,8.20690839982342,0.0,False
CCCCCn1cc(C(=O)NC23CC4CC(CC(C4)C2)C3)c(=O)n2nc(-c3cccnc3)nc12,1,1,1,1,6.642065152999546,6.642065152999546,0.0,6.642065152999546,0.0,0.0,6.642065152999546,0.0,False
CCCCCn1cc(C(=O)NC23CC4CC(CC(C4)C2)C3)c(=O)n2nc(-c3ccco3)cc12,1,1,1,1,8.30803489723264,8.30803489723264,0.0,8.30803489723264,0.0,0.0,8.30803489723264,0.0,False
CCCCCn1cc(C(=O)NC23CC4CC(CC(C4)C2)C3)c(=O)n2nc(-c3ccco3)nc12,1,1,1,1,7.346787486224656,7.346787486224656,0.0,7.346787486224656,0.0,0.0,7.346787486224656,0.0,False
CCCCCn1cc(C(=O)NC23CC4CC(CC(C4)C2)C3)c(=O)n2nc(-c3cccs3)cc12,1,1,1,1,8.204815410317575,8.204815410317575,0.0,8.204815410317575,0.0,0.0,8.204815410317575,0.0,False
CCCCCn1cc(C(=O)NC23CC4CC(CC(C4)C2)C3)c(=O)n2nc(-c3ccoc3)cc12,1,1,1,1,7.995678626217357,7.995678626217357,0.0,7.995678626217357,0.0,0.0,7.995678626217357,0.0,False
CCCCCn1cc(C(=O)NC23CC4CC(CC(C4)C2)C3)c(=O)n2nc(C(C)(C)C)cc12,1,1,1,1,8.30539480106643,8.30539480106643,0.0,8.30539480106643,0.0,0.0,8.30539480106643,0.0,False
CCCCCn1cc(C(=O)NC23CC4CC(CC(C4)C2)C3)c(=O)n2nc(C)c(-c3ccc(OC)cc3)c12,1,1,1,1,6.455931955649724,6.455931955649724,0.0,6.455931955649724,0.0,0.0,6.455931955649724,0.0,False
CCCCCn1cc(C(=O)NC23CC4CC(CC(C4)C2)C3)c(=O)n2nc(C)c(-c3ccccc3)c12,1,1,1,1,6.7423214251308154,6.7423214251308154,0.0,6.7423214251308154,0.0,0.0,6.7423214251308154,0.0,False
CCCCCn1cc(C(=O)NC23CC4CC(CC(C4)C2)C3)c(=O)n2nc(C)c(Br)c12,1,1,1,1,6.657577319177793,6.657577319177793,0.0,6.657577319177793,0.0,0.0,6.657577319177793,0.0,False
CCCCCn1cc(C(=O)NC23CC4CC(CC(C4)C2)C3)c(=O)n2nc(C)cc12,1,1,1,1,7.896196279044043,7.896196279044043,0.0,7.896196279044043,0.0,0.0,7.896196279044043,0.0,False
CCCCCn1cc(C(=O)NC23CC4CC(CC(C4)C2)C3)c(=O)n2nc(C)nc12,1,1,1,1,6.416801226031377,6.416801226031377,0.0,6.416801226031377,0.0,0.0,6.416801226031377,0.0,False
CCCCCn1cc(C(=O)NC23CC4CC(CC(C4)C2)C3)c(=O)n2nc(CC)cc12,1,1,1,1,9.075720713938118,9.075720713938118,0.0,9.075720713938118,0.0,0.0,9.075720713938118,0.0,False
CCCCCn1cc(C(=O)NC23CC4CC(CC(C4)C2)C3)c(=O)n2nc(N(C)Cc3ccccc3)nc12,1,1,1,1,7.6777807052660805,7.6777807052660805,0.0,7.6777807052660805,0.0,0.0,7.6777807052660805,0.0,False
CCCCCn1cc(C(=O)NC23CC4CC(CC(C4)C2)C3)c(=O)n2nc(N3CCOCC3)nc12,1,1,1,1,7.275724130399211,7.275724130399211,0.0,7.275724130399211,0.0,0.0,7.275724130399211,0.0,False
CCCCCn1cc(C(=O)NC23CC4CC(CC(C4)C2)C3)c(=O)n2nc(SC)nc12,1,1,1,1,7.327902142064282,7.327902142064282,0.0,7.327902142064282,0.0,0.0,7.327902142064282,0.0,False
CCCCCn1cc(C(=O)NC23CC4CC(CC(C4)C2)C3)c(=O)n2ncnc12,1,1,1,1,7.698970004336019,7.698970004336019,0.0,7.698970004336019,0.0,0.0,7.698970004336019,0.0,False
CCCCCn1cc(C(=O)NC23CC4CC(CC(C4)C2)C3)c(=S)cc1-c1ccccc1,1,1,1,1,7.72584215073632,7.72584215073632,0.0,7.72584215073632,0.0,0.0,7.72584215073632,0.0,False
CCCCCn1cc(C(=O)NC23CC4CC(CC(C4)C2)C3)c2cc(-c3ccccc3)ccc21,1,1,1,1,7.935542010773082,7.935542010773082,0.0,7.935542010773082,0.0,0.0,7.935542010773082,0.0,False
CCCCCn1cc(C(=O)NC23CC4CC(CC(C4)C2)C3)c2cc(-c3ccco3)ccc21,1,1,1,1,8.605548319173783,8.605548319173783,0.0,8.605548319173783,0.0,0.0,8.605548319173783,0.0,False
CCCCCn1cc(C(=O)NC23CC4CC(CC(C4)C2)C3)c2cc(-c3cccs3)ccc21,1,1,1,1,8.19586056766465,8.19586056766465,0.0,8.19586056766465,0.0,0.0,8.19586056766465,0.0,False
CCCCCn1cc(C(=O)NC23CC4CC(CC(C4)C2)C3)c2ccc(-c3ccccc3)cc21,1,1,1,1,8.453457336521868,8.453457336521868,0.0,8.453457336521868,0.0,0.0,8.453457336521868,0.0,False
CCCCCn1cc(C(=O)NC2C(C)(C)[C@@H]3CC[C@@]2(C)C3)c(=O)c2cc(-c3ccco3)ccc21,1,1,1,1,8.619788758288394,8.619788758288394,0.0,8.619788758288394,0.0,0.0,8.619788758288394,0.0,False
CCCCCn1cc(C(=O)NC2C3CC4CC(C3)CC2C4)c(=O)c2ccccc21,1,1,1,1,7.872895201635192,7.872895201635192,0.0,7.872895201635192,0.0,0.0,7.872895201635192,0.0,False
CCCCCn1cc(C(=O)NC2C3CC4CC(C3)CC2C4)c(=O)cc1C,1,1,1,1,9.585026652029182,9.585026652029182,0.0,9.585026652029182,0.0,0.0,9.585026652029182,0.0,False
CCCCCn1cc(C(=O)NC2C3CC4CC(C3)CC2C4)c(=O)cc1C(C)(C)C,1,1,1,1,8.017728766960431,8.017728766960431,0.0,8.017728766960431,0.0,0.0,8.017728766960431,0.0,False
CCCCCn1cc(C(=O)NC2CCC(C)CC2)c(=O)n2nc(C)cc12,1,1,1,1,6.97469413473523,6.97469413473523,0.0,6.97469413473523,0.0,0.0,6.97469413473523,0.0,False
CCCCCn1cc(C(=O)NC2CCCCC2)c(=O)c2c(-c3ccc(Cl)cc3)nn(C)c21,1,1,1,1,5.441291429466834,5.441291429466834,0.0,5.441291429466834,0.0,0.0,5.441291429466834,0.0,False
CCCCCn1cc(C(=O)NC2CCCCC2)c(=O)c2c(C(C)(C)C)nn(C)c21,1,1,1,1,5.452717692036696,5.452717692036696,0.0,5.452717692036696,0.0,0.0,5.452717692036696,0.0,False
CCCCCn1cc(C(=O)NC2CCCCC2)c(=O)c2c(C)csc21,1,1,1,1,7.910094888560602,7.910094888560602,0.0,7.910094888560602,0.0,0.0,7.910094888560602,0.0,False
CCCCCn1cc(C(=O)NC2CCCCC2)c(=O)c2c(C)nn(C)c21,1,1,1,1,7.070581074285707,7.070581074285707,0.0,7.070581074285707,0.0,0.0,7.070581074285707,0.0,False
CCCCCn1cc(C(=O)NC2CCCCC2)c(=O)c2c(C)noc21,1,1,1,1,8.058488567365597,8.058488567365597,0.0,8.058488567365597,0.0,0.0,8.058488567365597,0.0,False
CCCCCn1cc(C(=O)NC2CCCCC2)c(=O)c2c(CC)nn(C)c21,1,1,1,1,6.328827157284916,6.328827157284916,0.0,6.328827157284916,0.0,0.0,6.328827157284916,0.0,False
CCCCCn1cc(C(=O)NC2CCCCC2)c(=O)c2cc(Br)ccc21,1,1,1,1,6.045757490560675,6.045757490560675,0.0,6.045757490560675,0.0,0.0,6.045757490560675,0.0,False
CCCCCn1cc(C(=O)NC2CCCCC2)c(=O)c2cnn(C)c21,1,1,1,1,6.625251653989896,6.625251653989896,0.0,6.625251653989896,0.0,0.0,6.625251653989896,0.0,False
CCCCCn1cc(C(=O)NC2CCCCC2)c(=O)cc1-c1ccc(Cl)cc1,1,1,1,1,7.107905397309519,7.107905397309519,0.0,7.107905397309519,0.0,0.0,7.107905397309519,0.0,False
CCCCCn1cc(C(=O)NC2CCCCC2)c(=O)cc1-c1ccccc1,1,1,1,1,7.97469413473523,7.97469413473523,0.0,7.97469413473523,0.0,0.0,7.97469413473523,0.0,False
CCCCCn1cc(C(=O)NC2CCCCC2)c(=O)cc1C,1,1,1,1,7.61261017366127,7.61261017366127,0.0,7.61261017366127,0.0,0.0,7.61261017366127,0.0,False
CCCCCn1cc(C(=O)NC2CCCCC2)c(=O)cc1C(C)(C)C,1,1,1,1,7.537602002101044,7.537602002101044,0.0,7.537602002101044,0.0,0.0,7.537602002101044,0.0,False
CCCCCn1cc(C(=O)NC2CCCCC2)c(=O)n2nc(-c3ccc(C)cc3)cc12,1,1,1,1,7.2441251443275085,7.2441251443275085,0.0,7.2441251443275085,0.0,0.0,7.2441251443275085,0.0,False
CCCCCn1cc(C(=O)NC2CCCCC2)c(=O)n2nc(-c3ccc(C)cc3)nc12,1,1,1,1,7.508638306165727,7.508638306165727,0.0,7.508638306165727,0.0,0.0,7.508638306165727,0.0,False
CCCCCn1cc(C(=O)NC2CCCCC2)c(=O)n2nc(-c3ccc(Cl)cc3)cc12,1,1,1,1,7.259637310505756,7.259637310505756,0.0,7.259637310505756,0.0,0.0,7.259637310505756,0.0,False
CCCCCn1cc(C(=O)NC2CCCCC2)c(=O)n2nc(-c3ccc(Cl)cc3)nc12,1,1,1,1,6.931814138253838,6.931814138253838,0.0,6.931814138253838,0.0,0.0,6.931814138253838,0.0,False
CCCCCn1cc(C(=O)NC2CCCCC2)c(=O)n2nc(-c3ccc(Cl)cc3Cl)cc12,1,1,1,1,7.2839966563652006,7.2839966563652006,0.0,7.2839966563652006,0.0,0.0,7.2839966563652006,0.0,False
CCCCCn1cc(C(=O)NC2CCCCC2)c(=O)n2nc(-c3ccc(OC)cc3)nc12,1,1,1,1,7.017728766960431,7.017728766960431,0.0,7.017728766960431,0.0,0.0,7.017728766960431,0.0,False
CCCCCn1cc(C(=O)NC2CCCCC2)c(=O)n2nc(-c3ccccc3)cc12,1,1,1,1,7.376750709602099,7.376750709602099,0.0,7.376750709602099,0.0,0.0,7.376750709602099,0.0,False
CCCCCn1cc(C(=O)NC2CCCCC2)c(=O)n2nc(-c3ccccc3)nc12,1,1,1,1,7.366531544420413,7.366531544420413,0.0,7.366531544420413,0.0,0.0,7.366531544420413,0.0,False
CCCCCn1cc(C(=O)NC2CCCCC2)c(=O)n2nc(-c3ccccc3C)cc12,1,1,1,1,7.3979400086720375,7.3979400086720375,0.0,7.3979400086720375,0.0,0.0,7.3979400086720375,0.0,False
CCCCCn1cc(C(=O)NC2CCCCC2)c(=O)n2nc(-c3ccccc3Cl)cc12,1,1,1,1,7.327902142064282,7.327902142064282,0.0,7.327902142064282,0.0,0.0,7.327902142064282,0.0,False
CCCCCn1cc(C(=O)NC2CCCCC2)c(=O)n2nc(-c3ccco3)cc12,1,1,1,1,8.021363051615525,8.021363051615525,0.0,8.021363051615525,0.0,0.0,8.021363051615525,0.0,False
CCCCCn1cc(C(=O)NC2CCCCC2)c(=O)n2nc(C(C)(C)C)cc12,1,1,1,1,7.910094888560602,7.910094888560602,0.0,7.910094888560602,0.0,0.0,7.910094888560602,0.0,False
CCCCCn1cc(C(=O)NC2CCCCC2)c(=O)n2nc(C)cc12,1,1,1,1,7.657577319177793,7.657577319177793,0.0,7.657577319177793,0.0,0.0,7.657577319177793,0.0,False
CCCCCn1cc(C(=O)NC2CCCCC2)c(=O)n2nc(C)nc12,1,1,1,1,6.17134010346468,6.17134010346468,0.0,6.17134010346468,0.0,0.0,6.17134010346468,0.0,False
CCCCCn1cc(C(=O)NC2CCCCC2)c(=O)n2nc(CC)cc12,1,1,1,1,7.982966660701219,7.982966660701219,0.0,7.982966660701219,0.0,0.0,7.982966660701219,0.0,False
CCCCCn1cc(C(=O)NC2CCCCC2)c(=O)n2nc(N(C)Cc3ccccc3)nc12,1,1,1,1,5.875495775165717,5.875495775165717,0.0,5.875495775165717,0.0,0.0,5.875495775165717,0.0,False
CCCCCn1cc(C(=O)NC2CCCCC2)c(=O)n2nc(SC)nc12,1,1,1,1,6.145086977692145,6.145086977692145,0.0,6.145086977692145,0.0,0.0,6.145086977692145,0.0,False
CCCCCn1cc(C(=O)NC2CCCCC2)c(=S)cc1-c1ccccc1,1,1,1,1,7.318758762624412,7.318758762624412,0.0,7.318758762624412,0.0,0.0,7.318758762624412,0.0,False
CCCCCn1cc(C(=O)NC2CCCCCC2)c(=O)c2c(-c3ccc(Cl)cc3)nn(C)c21,1,1,1,1,5.548213564475709,5.548213564475709,0.0,5.548213564475709,0.0,0.0,5.548213564475709,0.0,False
CCCCCn1cc(C(=O)NC2CCCCCC2)c(=O)c2c(C)csc21,1,1,1,1,8.158015195409886,8.158015195409886,0.0,8.158015195409886,0.0,0.0,8.158015195409886,0.0,False
CCCCCn1cc(C(=O)NC2CCCCCC2)c(=O)c2c(C)nn(C)c21,1,1,1,1,7.950781977329818,7.950781977329818,0.0,7.950781977329818,0.0,0.0,7.950781977329818,0.0,False
CCCCCn1cc(C(=O)NC2CCCCCC2)c(=O)c2c(C)noc21,1,1,1,1,7.732828271596986,7.732828271596986,0.0,7.732828271596986,0.0,0.0,7.732828271596986,0.0,False
CCCCCn1cc(C(=O)NC2CCCCCC2)c(=O)c2cnn(C)c21,1,1,1,1,6.987162775294828,6.987162775294828,0.0,6.987162775294828,0.0,0.0,6.987162775294828,0.0,False
CCCCCn1cc(C(=O)NC2CCCCCC2)c(=O)n2nc(-c3ccc(C)cc3)cc12,1,1,1,1,7.987162775294828,7.987162775294828,0.0,7.987162775294828,0.0,0.0,7.987162775294828,0.0,False
CCCCCn1cc(C(=O)NC2CCCCCC2)c(=O)n2nc(-c3ccc(C)cc3)nc12,1,1,1,1,7.657577319177793,7.657577319177793,0.0,7.657577319177793,0.0,0.0,7.657577319177793,0.0,False
CCCCCn1cc(C(=O)NC2CCCCCC2)c(=O)n2nc(-c3ccc(Cl)cc3)cc12,1,1,1,1,8.199970640755865,8.199970640755865,0.0,8.199970640755865,0.0,0.0,8.199970640755865,0.0,False
CCCCCn1cc(C(=O)NC2CCCCCC2)c(=O)n2nc(-c3ccc(Cl)cc3Cl)cc12,1,1,1,1,7.431798275933005,7.431798275933005,0.0,7.431798275933005,0.0,0.0,7.431798275933005,0.0,False
CCCCCn1cc(C(=O)NC2CCCCCC2)c(=O)n2nc(-c3ccccc3)cc12,1,1,1,1,7.508638306165727,7.508638306165727,0.0,7.508638306165727,0.0,0.0,7.508638306165727,0.0,False
CCCCCn1cc(C(=O)NC2CCCCCC2)c(=O)n2nc(-c3ccccc3)nc12,1,1,1,1,7.318758762624412,7.318758762624412,0.0,7.318758762624412,0.0,0.0,7.318758762624412,0.0,False
CCCCCn1cc(C(=O)NC2CCCCCC2)c(=O)n2nc(-c3ccccc3C)cc12,1,1,1,1,8.049148541111453,8.049148541111453,0.0,8.049148541111453,0.0,0.0,8.049148541111453,0.0,False
CCCCCn1cc(C(=O)NC2CCCCCC2)c(=O)n2nc(-c3ccccc3Cl)cc12,1,1,1,1,7.987162775294828,7.987162775294828,0.0,7.987162775294828,0.0,0.0,7.987162775294828,0.0,False
CCCCCn1cc(C(=O)NC2CCCCCC2)c(=O)n2nc(-c3ccco3)cc12,1,1,1,1,8.18243463044022,8.18243463044022,0.0,8.18243463044022,0.0,0.0,8.18243463044022,0.0,False
CCCCCn1cc(C(=O)NC2CCCCCC2)c(=O)n2nc(C(C)(C)C)cc12,1,1,1,1,8.141462802430361,8.141462802430361,0.0,8.141462802430361,0.0,0.0,8.141462802430361,0.0,False
CCCCCn1cc(C(=O)NC2CCCCCC2)c(=O)n2nc(C)cc12,1,1,1,1,7.987162775294828,7.987162775294828,0.0,7.987162775294828,0.0,0.0,7.987162775294828,0.0,False
CCCCCn1cc(C(=O)NC2CCCCCC2)c(=O)n2nc(CC)cc12,1,1,1,1,8.282329496997738,8.282329496997738,0.0,8.282329496997738,0.0,0.0,8.282329496997738,0.0,False
CCCCCn1cc(C(=O)NC2CCCCCC2)c(=O)n2nc(N3CCN(C)CC3)nc12,1,1,1,1,6.00788851221305,6.00788851221305,0.0,6.00788851221305,0.0,0.0,6.00788851221305,0.0,False
CCCCCn1cc(C(=O)NC2CCCCCC2)c(=O)n2nc(N3CCOCC3)nc12,1,1,1,1,6.247183568811728,6.247183568811728,0.0,6.247183568811728,0.0,0.0,6.247183568811728,0.0,False
CCCCCn1cc(C(=O)NC2CCCCCC2)c(=O)n2ncnc12,1,1,1,1,6.289036881004725,6.289036881004725,0.0,6.289036881004725,0.0,0.0,6.289036881004725,0.0,False
CCCCCn1cc(C(=O)NC2CCCc3ccccc32)c(=O)c2cc(Cl)ccc21,2,1,1,1,6.2958494831602,6.91721462968355,0.6213651465233498,6.606532056421875,0.6213651465233498,0.0,6.606532056421875,0.0,False
CCCCCn1cc(C(=O)NC2CCCc3ccccc32)c(=O)c2ccccc21,3,2,2,1,5.995678626217357,7.379863945026242,1.3841853188088855,7.220403508742176,1.3841853188088855,0.532632223120376,6.954087397181988,-0.26631611156018753,True
CCCCCn1cc(C(=O)NC2CN3CCC2CC3)c(=O)c2ccc(Sc3ccccc3)cc21,1,1,1,1,7.050122295963125,7.050122295963125,0.0,7.050122295963125,0.0,0.0,7.050122295963125,0.0,False
CCCCCn1cc(C(=O)NCC23CC4CC(C)(CC(C)(C4)C2)C3)c(=O)cc1-c1ccccc1,1,1,1,1,8.18045606445813,8.18045606445813,0.0,8.18045606445813,0.0,0.0,8.18045606445813,0.0,False
CCCCCn1cc(C(=O)NCC23CC4CC(CC(C4)C2)C3)c(=O)c2ccccc21,2,2,2,1,7.2958494831602,7.665546248849069,0.369696765688869,7.480697866004634,0.0,0.369696765688869,7.480697866004634,0.0,False
CCCCCn1cc(C(=O)NCC23CC4CC(CC(C4)C2)C3)c(=O)cc1-c1ccccc1,1,1,1,1,7.632644078973981,7.632644078973981,0.0,7.632644078973981,0.0,0.0,7.632644078973981,0.0,False
CCCCCn1cc(C(=O)NCC23CC4CC(CC(C4)C2)C3)c(=O)cc1C,1,1,1,1,7.818156412055227,7.818156412055227,0.0,7.818156412055227,0.0,0.0,7.818156412055227,0.0,False
CCCCCn1cc(C(=O)NCC23CC4CC(CC(C4)C2)C3)c(=O)cc1C(C)(C)C,1,1,1,1,7.991399828238082,7.991399828238082,0.0,7.991399828238082,0.0,0.0,7.991399828238082,0.0,False
CCCCCn1cc(C(=O)NCC2CC2)c(=O)cc1C(C)(C)C,1,1,1,1,7.85078088734462,7.85078088734462,0.0,7.85078088734462,0.0,0.0,7.85078088734462,0.0,False
CCCCCn1cc(C(=O)NCC2CCCCC2)c(=O)c2c(C)nn(C)c21,1,1,1,1,6.429457060118103,6.429457060118103,0.0,6.429457060118103,0.0,0.0,6.429457060118103,0.0,False
CCCCCn1cc(C(=O)NCCN2CCOCC2)c(=O)c2ccc(Sc3ccccc3)cc21,1,1,1,1,6.925549281045409,6.925549281045409,0.0,6.925549281045409,0.0,0.0,6.925549281045409,0.0,False
CCCCCn1cc(C(=O)NCCc2ccc3c(c2)OCO3)c(=O)c2ccccc21,1,1,1,1,6.370590400897282,6.370590400897282,0.0,6.370590400897282,0.0,0.0,6.370590400897282,0.0,False
CCCCCn1cc(C(=O)NCCc2ccccc2)c(=O)c2ccccc21,1,1,1,1,6.6968039425795105,6.6968039425795105,0.0,6.6968039425795105,0.0,0.0,6.6968039425795105,0.0,False
CCCCCn1cc(C(=O)NCc2ccc(Cl)c(Cl)c2)c(=O)c2ccc(Br)cc21,1,1,1,1,6.886056647693163,6.886056647693163,0.0,6.886056647693163,0.0,0.0,6.886056647693163,0.0,False
CCCCCn1cc(C(=O)NCc2ccccc2)c(=O)c2c(C)nn(C)c21,1,1,1,1,5.437469231137738,5.437469231137738,0.0,5.437469231137738,0.0,0.0,5.437469231137738,0.0,False
CCCCCn1cc(C(=O)NCc2ccccc2)c(=O)n2nc(C)cc12,1,1,1,1,6.446116973356125,6.446116973356125,0.0,6.446116973356125,0.0,0.0,6.446116973356125,0.0,False
CCCCCn1cc(C(=O)NN(C)C)c(=O)c2ccc(Sc3ccccc3)cc21,1,1,1,1,7.110698297493689,7.110698297493689,0.0,7.110698297493689,0.0,0.0,7.110698297493689,0.0,False
CCCCCn1cc(C(=O)NN2CCCCC2)c(=O)c2cc(Br)ccc21,1,1,1,1,6.3979400086720375,6.3979400086720375,0.0,6.3979400086720375,0.0,0.0,6.3979400086720375,0.0,False
CCCCCn1cc(C(=O)NN2CCCCC2)c(=O)c2ccc(Sc3ccccc3)cc21,1,1,1,1,7.876148359032914,7.876148359032914,0.0,7.876148359032914,0.0,0.0,7.876148359032914,0.0,False
CCCCCn1cc(C(=O)NN2CCCCC2)c(=O)cc1-c1ccccc1,1,1,1,1,7.036212172654444,7.036212172654444,0.0,7.036212172654444,0.0,0.0,7.036212172654444,0.0,False
CCCCCn1cc(C(=O)NOC)c(=O)c2ccc(Sc3ccccc3)cc21,1,1,1,1,6.468521082957745,6.468521082957745,0.0,6.468521082957745,0.0,0.0,6.468521082957745,0.0,False
CCCCCn1cc(C(=O)NOCc2ccccc2)c(=O)c2ccc(Sc3ccccc3)cc21,1,1,1,1,7.714442690992226,7.714442690992226,0.0,7.714442690992226,0.0,0.0,7.714442690992226,0.0,False
CCCCCn1cc(C(=O)N[C@@H](C)c2ccccc2)c(=O)c2ccccc21,1,1,1,1,6.105683937315561,6.105683937315561,0.0,6.105683937315561,0.0,0.0,6.105683937315561,0.0,False
CCCCCn1cc(C(=O)N[C@@H](Cc2ccccc2)C(N)=O)c2cccnc21,2,1,1,1,6.0999990348465305,6.100179497572904,0.00018046272637306515,6.100089266209717,0.00018046272637306515,0.0,6.100089266209717,0.0,False
CCCCCn1cc(C(=O)N[C@@H]2C(C)(C)C3CC[C@]2(C)C3)c(=O)c2ccc(F)cc21,1,1,1,1,9.522878745280337,9.522878745280337,0.0,9.522878745280337,0.0,0.0,9.522878745280337,0.0,False
CCCCCn1cc(C(=O)N[C@@H]2C(C)(C)C3CC[C@]2(C)C3)c(=O)c2ccc(Sc3ccccc3)cc21,1,1,1,1,10.045757490560675,10.045757490560675,0.0,10.045757490560675,0.0,0.0,10.045757490560675,0.0,False
CCCCCn1cc(C(=O)N[C@@H]2CCCc3ccccc32)c(=O)cc1-c1ccccc1,1,1,1,1,7.995678626217357,7.995678626217357,0.0,7.995678626217357,0.0,0.0,7.995678626217357,0.0,False
CCCCCn1cc(C(=O)N[C@H](C(N)=O)C(C)(C)C)c2cccnc21,2,1,1,1,7.689944262249108,7.690369832574101,0.0004255703249924636,7.6901570474116046,0.0004255703249924636,0.0,7.6901570474116046,0.0,False
CCCCCn1cc(C(=O)N[C@H](C(N)=O)C(C)C)c2cccnc21,2,1,1,1,6.599997654072045,6.600326278518962,0.0003286244469169475,6.600161966295503,0.0003286244469169475,0.0,6.600161966295503,0.0,False
CCCCCn1cc(C(=O)N[C@H](C)c2ccc3ccccc3c2)c(=O)c2ccccc21,1,1,1,1,6.2335871528876,6.2335871528876,0.0,6.2335871528876,0.0,0.0,6.2335871528876,0.0,False
CCCCCn1cc(C(=O)N[C@H](C)c2cccc3ccccc23)c(=O)c2ccccc21,1,1,1,1,6.903089986991944,6.903089986991944,0.0,6.903089986991944,0.0,0.0,6.903089986991944,0.0,False
CCCCCn1cc(C(=O)N[C@H](C)c2ccccc2)c(=O)c2ccc(F)cc21,1,1,1,1,7.97061622231479,7.97061622231479,0.0,7.97061622231479,0.0,0.0,7.97061622231479,0.0,False
CCCCCn1cc(C(=O)N[C@H](C)c2ccccc2)c(=O)c2ccc(N3CCCC3)cc21,1,1,1,1,7.767003889607846,7.767003889607846,0.0,7.767003889607846,0.0,0.0,7.767003889607846,0.0,False
CCCCCn1cc(C(=O)N[C@H](C)c2ccccc2)c(=O)c2ccc(OCC)cc21,1,1,1,1,7.616184634019569,7.616184634019569,0.0,7.616184634019569,0.0,0.0,7.616184634019569,0.0,False
CCCCCn1cc(C(=O)N[C@H](C)c2ccccc2)c(=O)c2ccccc21,1,1,1,1,7.430626090384954,7.430626090384954,0.0,7.430626090384954,0.0,0.0,7.430626090384954,0.0,False
CCCCCn1cc(C(=O)N[C@H]2C(C)(C)[C@H]3CC[C@]2(C)C3)c(=O)c2cc(-c3ccco3)ccc21,1,1,1,1,8.619788758288394,8.619788758288394,0.0,8.619788758288394,0.0,0.0,8.619788758288394,0.0,False
CCCCCn1cc(C(=O)N[C@H]2C(C)(C)[C@H]3CC[C@]2(C)C3)c(=O)c2cc(Br)ccc21,1,1,1,1,8.301029995663981,8.301029995663981,0.0,8.301029995663981,0.0,0.0,8.301029995663981,0.0,False
CCCCCn1cc(C(=O)N[C@H]2CCCc3ccccc32)c(=O)cc1-c1ccccc1,1,1,1,1,6.432973633840939,6.432973633840939,0.0,6.432973633840939,0.0,0.0,6.432973633840939,0.0,False
CCCCCn1cc(C(=O)N[C@H]2CC[C@@H](C)CC2)c(=O)c2c(C)nn(C)c21,1,1,1,1,7.97469413473523,7.97469413473523,0.0,7.97469413473523,0.0,0.0,7.97469413473523,0.0,False
CCCCCn1cc(C(=O)N[C@H]2CC[C@H](C)CC2)c(=O)c2c(C)nn(C)c21,1,1,1,1,7.943095148663527,7.943095148663527,0.0,7.943095148663527,0.0,0.0,7.943095148663527,0.0,False
CCCCCn1cc(C(=O)Nc2ccc(C#N)cc2)c(=O)c2ccccc21,1,1,1,1,6.1123826996642645,6.1123826996642645,0.0,6.1123826996642645,0.0,0.0,6.1123826996642645,0.0,False
CCCCCn1cc(C(=O)Nc2ccc3ccccc3c2)c2ccccc21,1,1,1,1,6.199998172182031,6.199998172182031,0.0,6.199998172182031,0.0,0.0,6.199998172182031,0.0,False
CCCCCn1cc(C(=O)Nc2cccc(C(F)(F)F)c2)c(=O)cc1-c1ccccc1,1,1,1,1,7.58838029403677,7.58838029403677,0.0,7.58838029403677,0.0,0.0,7.58838029403677,0.0,False
CCCCCn1cc(C(=O)Nc2cccc3ccccc23)c(=O)c2ccccc21,1,1,1,1,6.430626090384954,6.430626090384954,0.0,6.430626090384954,0.0,0.0,6.430626090384954,0.0,False
CCCCCn1cc(C(=O)Nc2cccc3ccccc23)c2ccccc21,1,1,1,1,7.0,7.0,0.0,7.0,0.0,0.0,7.0,0.0,False
CCCCCn1cc(C(=O)Nc2ccccc2)c(=O)c2c(C)nn(C)c21,1,1,1,1,6.280668713016274,6.280668713016274,0.0,6.280668713016274,0.0,0.0,6.280668713016274,0.0,False
CCCCCn1cc(C(=O)Nc2ccccc2)c(=O)cc1C(C)(C)C,1,1,1,1,8.036212172654444,8.036212172654444,0.0,8.036212172654444,0.0,0.0,8.036212172654444,0.0,False
CCCCCn1cc(C(=O)c2c(OC)ccc3ccccc23)c2ccccc21,1,1,1,1,8.143029566517507,8.143029566517507,0.0,8.143029566517507,0.0,0.0,8.143029566517507,0.0,False
CCCCCn1cc(C(=O)c2c3ccccc3cc3ccccc23)c(=O)c2ccccc21,1,1,1,1,5.823908740944319,5.823908740944319,0.0,5.823908740944319,0.0,0.0,5.823908740944319,0.0,False
CCCCCn1cc(C(=O)c2ccc(-c3ccccc3)cc2)c2ccccc21,1,1,1,1,7.400007822415902,7.400007822415902,0.0,7.400007822415902,0.0,0.0,7.400007822415902,0.0,False
CCCCCn1cc(C(=O)c2ccc(Br)c3ccccc23)c2ccccc21,1,1,1,1,8.958607314841775,8.958607314841775,0.0,8.958607314841775,0.0,0.0,8.958607314841775,0.0,False
CCCCCn1cc(C(=O)c2ccc(C)c3ccccc23)c2ccccc21,1,1,1,1,8.92118081690115,8.92118081690115,0.0,8.92118081690115,0.0,0.0,8.92118081690115,0.0,False
CCCCCn1cc(C(=O)c2ccc(CC)c3ccccc23)c2ccccc21,1,1,1,1,9.161025045044532,9.161025045044532,0.0,9.161025045044532,0.0,0.0,9.161025045044532,0.0,False
CCCCCn1cc(C(=O)c2ccc(CCC)c3ccccc23)c2ccccc21,1,1,1,1,8.95900230757651,8.95900230757651,0.0,8.95900230757651,0.0,0.0,8.95900230757651,0.0,False
CCCCCn1cc(C(=O)c2ccc(CCCC)c3ccccc23)c2ccccc21,1,1,1,1,8.143029566517507,8.143029566517507,0.0,8.143029566517507,0.0,0.0,8.143029566517507,0.0,False
CCCCCn1cc(C(=O)c2ccc(Cl)c3ccccc23)c2ccccc21,1,1,1,1,8.55284196865778,8.55284196865778,0.0,8.55284196865778,0.0,0.0,8.55284196865778,0.0,False
CCCCCn1cc(C(=O)c2ccc(F)c3ccccc23)c2ccccc21,1,1,1,1,8.494850021680094,8.494850021680094,0.0,8.494850021680094,0.0,0.0,8.494850021680094,0.0,False
CCCCCn1cc(C(=O)c2ccc(I)c3ccccc23)c2ccccc21,1,1,1,1,8.886056647693163,8.886056647693163,0.0,8.886056647693163,0.0,0.0,8.886056647693163,0.0,False
CCCCCn1cc(C(=O)c2ccc(OC)c3ccccc23)c2ccccc21,1,1,1,1,7.906928693623937,7.906928693623937,0.0,7.906928693623937,0.0,0.0,7.906928693623937,0.0,False
CCCCCn1cc(C(=O)c2ccc(OCC)c3ccccc23)c2ccccc21,1,1,1,1,7.978810700930062,7.978810700930062,0.0,7.978810700930062,0.0,0.0,7.978810700930062,0.0,False
CCCCCn1cc(C(=O)c2ccc3c(c2)CC(C)(C)C3)c2ccccc21,1,1,1,1,8.309803919971486,8.309803919971486,0.0,8.309803919971486,0.0,0.0,8.309803919971486,0.0,False
CCCCCn1cc(C(=O)c2ccc3ccccc3c2)c(=O)c2ccccc21,1,1,1,1,5.890084136976206,5.890084136976206,0.0,5.890084136976206,0.0,0.0,5.890084136976206,0.0,False
CCCCCn1cc(C(=O)c2cccc(-c3ccccc3)c2)c2ccccc21,1,1,1,1,7.199970640755866,7.199970640755866,0.0,7.199970640755866,0.0,0.0,7.199970640755866,0.0,False
CCCCCn1cc(C(=O)c2cccc3c2CC(C)(C)C3)c2ccccc21,1,1,1,1,8.866461091629782,8.866461091629782,0.0,8.866461091629782,0.0,0.0,8.866461091629782,0.0,False
CCCCCn1cc(C(=O)c2cccc3cc(OC)ccc23)c2ccccc21,1,1,1,1,8.721017883134557,8.721017883134557,0.0,8.721017883134557,0.0,0.0,8.721017883134557,0.0,False
CCCCCn1cc(C(=O)c2cccc3ccc(CC)cc23)c2ccccc21,1,1,1,1,8.419987887470576,8.419987887470576,0.0,8.419987887470576,0.0,0.0,8.419987887470576,0.0,False
CCCCCn1cc(C(=O)c2cccc3ccc(OC)cc23)c2ccccc21,1,1,1,1,8.161025045044532,8.161025045044532,0.0,8.161025045044532,0.0,0.0,8.161025045044532,0.0,False
CCCCCn1cc(C(=O)c2cccc3cccc(Br)c23)c2ccccc21,1,1,1,1,8.267606240177031,8.267606240177031,0.0,8.267606240177031,0.0,0.0,8.267606240177031,0.0,False
CCCCCn1cc(C(=O)c2cccc3cccc(Cl)c23)c2ccccc21,1,1,1,1,8.0,8.0,0.0,8.0,0.0,0.0,8.0,0.0,False
CCCCCn1cc(C(=O)c2cccc3cccc(I)c23)c2ccccc21,1,1,1,1,8.481486060122112,8.481486060122112,0.0,8.481486060122112,0.0,0.0,8.481486060122112,0.0,False
CCCCCn1cc(C(=O)c2cccc3ccccc23)c(=O)c2ccccc21,1,1,1,1,6.8124792791635365,6.8124792791635365,0.0,6.8124792791635365,0.0,0.0,6.8124792791635365,0.0,False
CCCCCn1cc(C(=O)c2cccc3ccccc23)c2c(F)cccc21,1,1,1,1,7.448550002027124,7.448550002027124,0.0,7.448550002027124,0.0,0.0,7.448550002027124,0.0,False
CCCCCn1cc(C(=O)c2cccc3ccccc23)c2cc(F)ccc21,1,1,1,1,7.187086643357144,7.187086643357144,0.0,7.187086643357144,0.0,0.0,7.187086643357144,0.0,False
CCCCCn1cc(C(=O)c2cccc3ccccc23)c2ccc(F)cc21,1,1,1,1,7.785156151952302,7.785156151952302,0.0,7.785156151952302,0.0,0.0,7.785156151952302,0.0,False
CCCCCn1cc(C(=O)c2cccc3ccccc23)c2cccc(F)c21,1,1,1,1,8.568636235841012,8.568636235841012,0.0,8.568636235841012,0.0,0.0,8.568636235841012,0.0,False
CCCCCn1cc(C(=O)c2cccc3ccccc23)c2ccccc21,4,3,3,1,8.019996628416253,8.538051504796238,0.5180548763799848,8.109983634586058,0.0,0.5180548763799848,8.199970640755865,0.0899870061698067,False
CCCCCn1cc(C(=O)c2cccc3ccccc23)c2cccnc21,1,1,1,1,7.299988937677888,7.299988937677888,0.0,7.299988937677888,0.0,0.0,7.299988937677888,0.0,False
CCCCCn1cc(C(=O)c2cccc3ccccc23)c2ccncc21,1,1,1,1,6.299997602857746,6.299997602857746,0.0,6.299997602857746,0.0,0.0,6.299997602857746,0.0,False
CCCCCn1cc(C(=O)c2cccc3ccccc23)c2cnccc21,1,1,1,1,7.299988937677888,7.299988937677888,0.0,7.299988937677888,0.0,0.0,7.299988937677888,0.0,False
CCCCCn1cc(C(=O)c2cccc3ccccc23)cc1-c1ccc(C(F)(F)F)cc1,1,1,1,1,7.275724130399211,7.275724130399211,0.0,7.275724130399211,0.0,0.0,7.275724130399211,0.0,False
CCCCCn1cc(C(=O)c2cccc3ccccc23)cc1-c1ccc(C)cc1,1,1,1,1,7.7447274948966935,7.7447274948966935,0.0,7.7447274948966935,0.0,0.0,7.7447274948966935,0.0,False
CCCCCn1cc(C(=O)c2cccc3ccccc23)cc1-c1ccc(CC)cc1,1,1,1,1,7.537602002101044,7.537602002101044,0.0,7.537602002101044,0.0,0.0,7.537602002101044,0.0,False
CCCCCn1cc(C(=O)c2cccc3ccccc23)cc1-c1ccc(CCCC)cc1,1,1,1,1,7.1938200260161125,7.1938200260161125,0.0,7.1938200260161125,0.0,0.0,7.1938200260161125,0.0,False
CCCCCn1cc(C(=O)c2cccc3ccccc23)cc1-c1ccc(Cl)cc1,1,1,1,1,7.6020599913279625,7.6020599913279625,0.0,7.6020599913279625,0.0,0.0,7.6020599913279625,0.0,False
CCCCCn1cc(C(=O)c2cccc3ccccc23)cc1-c1ccc(F)cc1,1,1,1,1,7.481486060122112,7.481486060122112,0.0,7.481486060122112,0.0,0.0,7.481486060122112,0.0,False
CCCCCn1cc(C(=O)c2cccc3ccccc23)cc1-c1ccc(OC)cc1,1,1,1,1,7.3872161432802645,7.3872161432802645,0.0,7.3872161432802645,0.0,0.0,7.3872161432802645,0.0,False
CCCCCn1cc(C(=O)c2cccc3ccccc23)cc1-c1ccc2ccccc2c1,1,1,1,1,6.772113295386326,6.772113295386326,0.0,6.772113295386326,0.0,0.0,6.772113295386326,0.0,False
CCCCCn1cc(C(=O)c2cccc3ccccc23)cc1-c1cccc(C(F)(F)F)c1,1,1,1,1,7.1487416512809245,7.1487416512809245,0.0,7.1487416512809245,0.0,0.0,7.1487416512809245,0.0,False
CCCCCn1cc(C(=O)c2cccc3ccccc23)cc1-c1cccc(C)c1,1,1,1,1,7.4089353929735005,7.4089353929735005,0.0,7.4089353929735005,0.0,0.0,7.4089353929735005,0.0,False
CCCCCn1cc(C(=O)c2cccc3ccccc23)cc1-c1cccc(Cl)c1,1,1,1,1,7.795880017344075,7.795880017344075,0.0,7.795880017344075,0.0,0.0,7.795880017344075,0.0,False
CCCCCn1cc(C(=O)c2cccc3ccccc23)cc1-c1cccc(F)c1,1,1,1,1,8.040958607678906,8.040958607678906,0.0,8.040958607678906,0.0,0.0,8.040958607678906,0.0,False
CCCCCn1cc(C(=O)c2cccc3ccccc23)cc1-c1cccc(OC)c1,1,1,1,1,7.638272163982407,7.638272163982407,0.0,7.638272163982407,0.0,0.0,7.638272163982407,0.0,False
CCCCCn1cc(C(=O)c2cccc3ccccc23)cc1-c1cccc([N+](=O)[O-])c1,1,1,1,1,7.3872161432802645,7.3872161432802645,0.0,7.3872161432802645,0.0,0.0,7.3872161432802645,0.0,False
CCCCCn1cc(C(=O)c2cccc3ccccc23)cc1-c1cccc2ccccc12,1,1,1,1,7.309803919971486,7.309803919971486,0.0,7.309803919971486,0.0,0.0,7.309803919971486,0.0,False
CCCCCn1cc(C(=O)c2cccc3ccccc23)cc1-c1ccccc1,1,1,1,1,8.193820026016112,8.193820026016112,0.0,8.193820026016112,0.0,0.0,8.193820026016112,0.0,False
CCCCCn1cc(C(=O)c2cccc3ccccc23)cc1-c1ccccc1C,1,1,1,1,8.397940008672037,8.397940008672037,0.0,8.397940008672037,0.0,0.0,8.397940008672037,0.0,False
CCCCCn1cc(C(=O)c2cccc3ccccc23)cc1-c1ccccc1C(F)(F)F,1,1,1,1,8.086186147616283,8.086186147616283,0.0,8.086186147616283,0.0,0.0,8.086186147616283,0.0,False
CCCCCn1cc(C(=O)c2cccc3ccccc23)cc1-c1ccccc1CC,1,1,1,1,8.468521082957745,8.468521082957745,0.0,8.468521082957745,0.0,0.0,8.468521082957745,0.0,False
CCCCCn1cc(C(=O)c2cccc3ccccc23)cc1-c1ccccc1CCCC,1,1,1,1,7.161150909262744,7.161150909262744,0.0,7.161150909262744,0.0,0.0,7.161150909262744,0.0,False
CCCCCn1cc(C(=O)c2cccc3ccccc23)cc1-c1ccccc1Cl,1,1,1,1,8.2839966563652,8.2839966563652,0.0,8.2839966563652,0.0,0.0,8.2839966563652,0.0,False
CCCCCn1cc(C(=O)c2cccc3ccccc23)cc1-c1ccccc1F,1,1,1,1,8.481486060122112,8.481486060122112,0.0,8.481486060122112,0.0,0.0,8.481486060122112,0.0,False
CCCCCn1cc(C(=O)c2cccc3ccccc23)cc1-c1ccccc1OC,1,1,1,1,7.698970004336019,7.698970004336019,0.0,7.698970004336019,0.0,0.0,7.698970004336019,0.0,False
CCCCCn1cc(C(=O)c2cccc3ccccc23)cc1-c1cccnc1,1,1,1,1,7.619788758288394,7.619788758288394,0.0,7.619788758288394,0.0,0.0,7.619788758288394,0.0,False
CCCCCn1cc(C(=O)c2ccccc2)c(=O)c2ccccc21,1,1,1,1,6.350665141287858,6.350665141287858,0.0,6.350665141287858,0.0,0.0,6.350665141287858,0.0,False
CCCCCn1cc(C(=O)c2ccccc2-c2ccccc2)c2ccccc21,1,1,1,1,8.100015437450608,8.100015437450608,0.0,8.100015437450608,0.0,0.0,8.100015437450608,0.0,False
CCCCCn1cc(CC(=O)NC23CC4CC(CC(C4)C2)C3)c2cc(-c3ccccc3)ccc21,1,1,1,1,7.154901959985743,7.154901959985743,0.0,7.154901959985743,0.0,0.0,7.154901959985743,0.0,False
CCCCCn1cc(CC(=O)NC23CC4CC(CC(C4)C2)C3)c2cc(-c3ccco3)ccc21,1,1,1,1,6.958607314841775,6.958607314841775,0.0,6.958607314841775,0.0,0.0,6.958607314841775,0.0,False
CCCCCn1cc(CC(=O)NC23CC4CC(CC(C4)C2)C3)c2cc(Br)ccc21,1,1,1,1,6.769551078621726,6.769551078621726,0.0,6.769551078621726,0.0,0.0,6.769551078621726,0.0,False
CCCCCn1cc(CNC23CC4CC(CC(C4)C2)C3)c(=O)c2ccccc21,1,1,1,1,5.777283528852417,5.777283528852417,0.0,5.777283528852417,0.0,0.0,5.777283528852417,0.0,False
CCCCCn1cc(NC(=O)C23CC4CC(CC(C4)C2)C3)c(=O)c2ccccc21,1,1,1,1,7.5934598195660445,7.5934598195660445,0.0,7.5934598195660445,0.0,0.0,7.5934598195660445,0.0,False
CCCCCn1cc(NC(=O)C2CCCCC2)c(=O)cc1-c1ccccc1,1,1,1,1,7.292429823902063,7.292429823902063,0.0,7.292429823902063,0.0,0.0,7.292429823902063,0.0,False
CCCCCn1cc(NC(=O)CCc2ccccc2)c(=O)c2ccccc21,1,1,1,1,5.94692155651658,5.94692155651658,0.0,5.94692155651658,0.0,0.0,5.94692155651658,0.0,False
CCCCCn1cc(NC(=O)OC(C)(C)C)c(=O)cc1-c1ccccc1,1,1,1,1,6.679853713888946,6.679853713888946,0.0,6.679853713888946,0.0,0.0,6.679853713888946,0.0,False
CCCCCn1cc(NC(=O)c2cccc3ccccc23)c(=O)c2ccccc21,1,1,1,1,6.576754126063192,6.576754126063192,0.0,6.576754126063192,0.0,0.0,6.576754126063192,0.0,False
CCCCCn1cc2c(=O)n(-c3cccc(C(F)(F)F)c3)nc-2c2ccccc21,1,1,1,1,7.534617148551582,7.534617148551582,0.0,7.534617148551582,0.0,0.0,7.534617148551582,0.0,False
CCCCCn1cc2c(=O)n(-c3ccccc3)nc-2c2ccccc21,1,1,1,1,5.864867348623225,5.864867348623225,0.0,5.864867348623225,0.0,0.0,5.864867348623225,0.0,False
CCCCCn1cc2c(=O)n(C3CCCCC3)nc-2c2ccccc21,1,1,1,1,7.72584215073632,7.72584215073632,0.0,7.72584215073632,0.0,0.0,7.72584215073632,0.0,False
CCCCCn1cc2c(=O)n(CC34CC5CC(CC(C5)C3)C4)nc-2c2ccccc21,1,1,1,1,9.4089353929735,9.4089353929735,0.0,9.4089353929735,0.0,0.0,9.4089353929735,0.0,False
CCCCCn1cc2c(=O)n(CC3CC3)nc-2c2ccccc21,1,1,1,1,7.982966660701219,7.982966660701219,0.0,7.982966660701219,0.0,0.0,7.982966660701219,0.0,False
CCCCCn1cc2c(=O)n(CC3CCCCC3)nc-2c2ccccc21,1,1,1,1,9.207608310501746,9.207608310501746,0.0,9.207608310501746,0.0,0.0,9.207608310501746,0.0,False
CCCCCn1cc2c(=O)n(CCC34CC5CC(CC(C5)C3)C4)nc-2c2ccccc21,1,1,1,1,7.583359492661719,7.583359492661719,0.0,7.583359492661719,0.0,0.0,7.583359492661719,0.0,False
CCCCCn1cc2c(=O)n(CCC3CCCCC3)nc-2c2ccccc21,1,1,1,1,8.096910013008056,8.096910013008056,0.0,8.096910013008056,0.0,0.0,8.096910013008056,0.0,False
CCCCCn1nc(C(=O)NC23CC4CC(C)(CC(C)(C4)C2)C3)c(=O)c2ccccc21,1,1,1,1,7.031517051446065,7.031517051446065,0.0,7.031517051446065,0.0,0.0,7.031517051446065,0.0,False
CCCCCn1nc(C(=O)NC23CC4CC(CC(C4)C2)C3)c(C)c1-c1ccccc1,1,1,1,1,9.200659450546418,9.200659450546418,0.0,9.200659450546418,0.0,0.0,9.200659450546418,0.0,False
CCCCCn1nc(OCc2ccc(OC)cc2)c2cc([N+](=O)[O-])ccc21,1,1,1,1,6.309803919971486,6.309803919971486,0.0,6.309803919971486,0.0,0.0,6.309803919971486,0.0,False
CCCCCn1nc(OCc2ccc3ccccc3c2)c2cc([N+](=O)[O-])ccc21,1,1,1,1,5.863279432843593,5.863279432843593,0.0,5.863279432843593,0.0,0.0,5.863279432843593,0.0,False
CCCCCn1nc2c3ccccc3n(CCCCC)cc-2c1=O,1,1,1,1,8.366531544420413,8.366531544420413,0.0,8.366531544420413,0.0,0.0,8.366531544420413,0.0,False
CCCCN(C)C(=O)c1ccc2c(c1)c1c(n2S(=O)(=O)CC)CN(C2CCCC2)C1,1,1,1,1,7.651695136951839,7.651695136951839,0.0,7.651695136951839,0.0,0.0,7.651695136951839,0.0,False
CCCCN(CCCC)c1ccc(C(NC(=O)Cc2ccccc2)NC(=O)Cc2ccccc2)cc1,2,1,1,1,6.655607726314889,6.655607726314889,0.0,6.655607726314889,0.0,0.0,6.655607726314889,0.0,False
CCCCN1C(=O)/C(=N\NC(=O)c2ccccc2)c2ccccc21,1,1,1,1,7.714442690992226,7.714442690992226,0.0,7.714442690992226,0.0,0.0,7.714442690992226,0.0,False
CCCCN1C(=O)C(C(=O)NC23CC4CC(CC(C4)C2)C3)=C(O)C2C1C=NN2C,1,1,1,1,8.744727494896694,8.744727494896694,0.0,8.744727494896694,0.0,0.0,8.744727494896694,0.0,False
CCCCN1C(=O)C(C(=O)NC23CC4CC(CC(O)(C4)C2)C3)=C(O)C2C1C=NN2C,1,1,1,1,7.714442690992226,7.714442690992226,0.0,7.714442690992226,0.0,0.0,7.714442690992226,0.0,False
CCCCN1Cc2c(n(S(=O)(=O)CC)c3ccc(C(=O)N4CCC(C)CC4)cc23)C1,1,1,1,1,7.774690718274137,7.774690718274137,0.0,7.774690718274137,0.0,0.0,7.774690718274137,0.0,False
CCCCNC(=O)N1CCN(C(c2ccccc2)c2ccc(Cl)cc2Cl)CC1,1,1,1,1,6.037157318798758,6.037157318798758,0.0,6.037157318798758,0.0,0.0,6.037157318798758,0.0,False
CCCCNC(=O)N1CCN(C(c2ccccc2)c2ccccc2)CC1,1,1,1,1,5.547753425479563,5.547753425479563,0.0,5.547753425479563,0.0,0.0,5.547753425479563,0.0,False
CCCCNC(=O)NC1CCN(c2ncnc3c2nc(-c2ccccc2Cl)n3-c2ccc(Cl)cc2)CC1,1,1,1,1,5.810229043653126,5.810229043653126,0.0,5.810229043653126,0.0,0.0,5.810229043653126,0.0,False
CCCCNC(=O)c1ccc2c(c1)N=C(c1ccc(F)c(Cl)c1)c1ccccc1S2,1,1,1,1,6.0,6.0,0.0,6.0,0.0,0.0,6.0,0.0,False
CCCCNC(=O)c1ccc2c(c1)N=C(c1ccccc1Cl)c1ccccc1S2,1,1,1,1,5.300000202445418,5.300000202445418,0.0,5.300000202445418,0.0,0.0,5.300000202445418,0.0,False
CCCCNC(=O)c1nn(-c2ccc(Cl)cc2Cl)c(-n2c(C)ccc2C)c1C,1,1,1,1,6.337431033066739,6.337431033066739,0.0,6.337431033066739,0.0,0.0,6.337431033066739,0.0,False
CCCCNC(=O)c1nn(-c2ccc(Cl)cc2Cl)c(-n2cccc2)c1C,1,1,1,1,6.09925064193892,6.09925064193892,0.0,6.09925064193892,0.0,0.0,6.09925064193892,0.0,False
CCCCNC(=O)c1oc2ccc(S(=O)(=O)N3CC(C)CC(C)C3)cc2c1C,1,1,1,1,5.026872146400301,5.026872146400301,0.0,5.026872146400301,0.0,0.0,5.026872146400301,0.0,False
CCCCO/N=C(\C)c1cc(O)c2c(c1)OC(C)(C)[C@H]1CC=C(C)C[C@H]21,1,1,1,1,7.772113295386326,7.772113295386326,0.0,7.772113295386326,0.0,0.0,7.772113295386326,0.0,False
CCCCOC(=O)C(C)(C)c1cc(O)c2c(c1)OC(C)(C)[C@@H]1CC=C(C)C[C@@H]21,1,1,1,1,8.769551078621726,8.769551078621726,0.0,8.769551078621726,0.0,0.0,8.769551078621726,0.0,False
CCCCOC(=O)C(C)(C)c1cc(O)c2c(c1)OC(C)(C)[C@@H]1CC=C(CO)C[C@@H]21,1,1,1,1,9.096910013008056,9.096910013008056,0.0,9.096910013008056,0.0,0.0,9.096910013008056,0.0,False
CCCCOC(=O)C(C)(C)c1cc(O)c2c(c1)OC(C)(C)[C@@H]1CCC(=O)C[C@@H]21,1,1,1,1,8.207608310501746,8.207608310501746,0.0,8.207608310501746,0.0,0.0,8.207608310501746,0.0,False
CCCCOC(=O)C(C)(C)c1cc(O)c2c(c1)OC(C)(C)[C@@H]1CC[C@@H](CO)C[C@@H]21,1,1,1,1,8.508638306165727,8.508638306165727,0.0,8.508638306165727,0.0,0.0,8.508638306165727,0.0,False
CCCCOC(=O)C(C)(C)c1cc(O)c2c(c1)OC(C)(C)[C@@H]1CC[C@@H](CO)C[C@H]21,1,1,1,1,8.187086643357144,8.187086643357144,0.0,8.187086643357144,0.0,0.0,8.187086643357144,0.0,False
CCCCOC(=O)C(C)(C)c1cc(O)c2c(c1)OC(C)(C)[C@@H]1CC[C@@H](O)C[C@@H]21,1,1,1,1,9.698970004336019,9.698970004336019,0.0,9.698970004336019,0.0,0.0,9.698970004336019,0.0,False
CCCCOC(=O)C(C)(C)c1cc(O)c2c(c1)OC(C)(C)[C@@H]1CC[C@H](O)C[C@@H]21,1,1,1,1,8.346787486224656,8.346787486224656,0.0,8.346787486224656,0.0,0.0,8.346787486224656,0.0,False
CCCCOC(=O)C(C)(C)c1cc(O)c2c(c1)OC(C)(C)[C@H]1CC=C(C)C[C@@H]21,1,1,1,1,9.154901959985743,9.154901959985743,0.0,9.154901959985743,0.0,0.0,9.154901959985743,0.0,False
CCCCOC(=O)C(C)c1cc(O)c2c(c1)OC(C)(C)[C@@H]1CC=C(C)C[C@@H]21,1,1,1,1,9.0,9.0,0.0,9.0,0.0,0.0,9.0,0.0,False
CCCCOC(=O)C1(c2cc(O)c3c(c2)OC(C)(C)[C@@H]2CC=C(C)C[C@@H]32)CCC1,2,2,2,1,8.522878745280337,9.397940008672037,0.8750612633917001,8.960409376976187,0.0,0.8750612633917001,8.960409376976187,0.0,False
CCCCOC(=O)Cc1cc(O)c2c(c1)OC(C)(C)[C@@H]1CC=C(C)C[C@@H]21,2,2,2,1,7.288192770958809,8.086186147616283,0.797993376657474,7.687189459287547,0.0,0.797993376657474,7.687189459287547,0.0,False
CCCCOC(=O)Cc1cc(O)c2c(c1)OC(C)(C)[C@@H]1CCC(=O)C[C@@H]21,1,1,1,1,6.0,6.0,0.0,6.0,0.0,0.0,6.0,0.0,False
CCCCOC(=O)Cc1cc(O)c2c(c1)OC(C)(C)[C@@H]1CC[C@@H](O)C[C@@H]21,1,1,1,1,6.364516253185088,6.364516253185088,0.0,6.364516253185088,0.0,0.0,6.364516253185088,0.0,False
CCCCOC(=O)Cc1cc(O)c2c(c1)OC(C)(C)[C@@H]1CC[C@H](O)C[C@@H]21,1,1,1,1,6.134896025358872,6.134896025358872,0.0,6.134896025358872,0.0,0.0,6.134896025358872,0.0,False
CCCCOC(=O)[C@@H](C)c1cc(O)c2c(c1)OC(C)(C)[C@@H]1CC=C(C)C[C@@H]21,2,2,2,1,8.200659450546418,8.823908740944319,0.6232492903979008,8.512284095745368,0.0,0.6232492903979008,8.512284095745368,0.0,False
CCCCOC(=O)[C@H](C)c1cc(O)c2c(c1)OC(C)(C)[C@@H]1CC=C(C)C[C@@H]21,2,2,2,1,8.431798275933005,8.853871964321762,0.4220736883887568,8.642835120127383,0.0,0.4220736883887568,8.642835120127383,0.0,False
CCCCOC(=O)c1cc(O)c(-c2cc(C)cc(C)c2)c(O)c1,1,1,1,1,5.494850021680094,5.494850021680094,0.0,5.494850021680094,0.0,0.0,5.494850021680094,0.0,False
CCCCOc1c(OC)c([N+](=O)[O-])cc2cc(C(=O)NCCc3ccc(F)cc3)c(=O)[nH]c12,1,1,1,1,8.853871964321762,8.853871964321762,0.0,8.853871964321762,0.0,0.0,8.853871964321762,0.0,False
CCCCOc1c(OC)ccc2cc(C(=O)NC3CCCCC3)c(=O)[nH]c12,1,1,1,1,8.017728766960431,8.017728766960431,0.0,8.017728766960431,0.0,0.0,8.017728766960431,0.0,False
CCCCOc1c(OC)ccc2cc(C(=O)NCC(F)c3ccccc3)c(=O)[nH]c12,1,1,1,1,9.096910013008056,9.096910013008056,0.0,9.096910013008056,0.0,0.0,9.096910013008056,0.0,False
CCCCOc1c(OC)ccc2cc(C(=O)NCCCF)c(=O)[nH]c12,1,1,1,1,7.236572006437063,7.236572006437063,0.0,7.236572006437063,0.0,0.0,7.236572006437063,0.0,False
CCCCOc1c(OC)ccc2cc(C(=O)NCCF)c(=O)[nH]c12,1,1,1,1,6.313363730737707,6.313363730737707,0.0,6.313363730737707,0.0,0.0,6.313363730737707,0.0,False
CCCCOc1c(OC)ccc2cc(C(=O)NCCc3ccc(F)cc3)c(=O)[nH]c12,1,1,1,1,8.619788758288394,8.619788758288394,0.0,8.619788758288394,0.0,0.0,8.619788758288394,0.0,False
CCCCOc1c(OC)ccc2cc(C(=O)NCCc3ccccc3)c(=O)[nH]c12,2,1,1,1,9.481486060122112,9.482012796974923,0.000526736852810572,9.481749428548518,0.000526736852810572,0.0,9.481749428548518,0.0,False
CCCCOc1c(OC)ccc2cc(C(=O)NCCc3cn(CCF)nn3)c(=O)[nH]c12,1,1,1,1,5.619788758288394,5.619788758288394,0.0,5.619788758288394,0.0,0.0,5.619788758288394,0.0,False
CCCCOc1c(OC)ccc2cc(C(=O)NCc3ccc(F)cc3)c(=O)[nH]c12,1,1,1,1,8.55284196865778,8.55284196865778,0.0,8.55284196865778,0.0,0.0,8.55284196865778,0.0,False
CCCCOc1c(OC)ccc2cc(C(=O)NCc3ccc([18F])cc3)c(=O)[nH]c12,1,1,1,1,8.55284196865778,8.55284196865778,0.0,8.55284196865778,0.0,0.0,8.55284196865778,0.0,False
CCCCOc1c(OC)ccc2cc(C(=O)NCc3cn(CCF)nn3)c(=O)[nH]c12,1,1,1,1,6.207608310501746,6.207608310501746,0.0,6.207608310501746,0.0,0.0,6.207608310501746,0.0,False
CCCCOc1c(OCC[18F])ccc2cc(C(=O)NC3CCCCC3)c(=O)[nH]c12,1,1,1,1,7.446116973356125,7.446116973356125,0.0,7.446116973356125,0.0,0.0,7.446116973356125,0.0,False
CCCCOc1c(O[11CH3])ccc2cc(C(=O)NC3CCCCC3)c(=O)[nH]c12,1,1,1,1,8.017728766960431,8.017728766960431,0.0,8.017728766960431,0.0,0.0,8.017728766960431,0.0,False
CCCCOc1cc(O)cc(OCCCCCCCCCCC(=O)NC2CC2)c1,2,1,1,1,6.900008766455316,6.920818753952375,0.02080998749705909,6.910413760203845,0.02080998749705909,0.0,6.910413760203845,0.0,False
CCCCOc1cc(O)cc(OCCCCCCCCCCC(=O)NCCO)c1,2,1,1,1,5.790484985457369,5.800000874803203,0.009515889345833806,5.795242930130286,0.009515889345833806,0.0,5.795242930130286,0.0,False
CCCCOc1ccccc1-c1cc(C(=O)NC23CC4CC(CC(C4)C2)C3)no1,1,1,1,1,6.432973633840939,6.432973633840939,0.0,6.432973633840939,0.0,0.0,6.432973633840939,0.0,False
CCCCOc1ncc(Br)cc1C(=O)NC1CCCCCC1,1,1,1,1,6.402304814074488,6.402304814074488,0.0,6.402304814074488,0.0,0.0,6.402304814074488,0.0,False
CCCCS(=O)(=O)N1CCN(c2ncnc3c2nc(-c2ccccc2Cl)n3-c2ccc(Cl)cc2)CC1,1,1,1,1,6.301029995663981,6.301029995663981,0.0,6.301029995663981,0.0,0.0,6.301029995663981,0.0,False
CCCC[Si](C)(C)c1cc(O)c(C2CCCC2)c(O)c1,1,1,1,1,6.433892626332424,6.433892626332424,0.0,6.433892626332424,0.0,0.0,6.433892626332424,0.0,False
CCCC[Si](C)(C)c1cc(O)c(C2CCCC2)c(OC)c1,1,1,1,1,6.044244922427712,6.044244922427712,0.0,6.044244922427712,0.0,0.0,6.044244922427712,0.0,False
CCCC[Si](C)(C)c1cc(O)c(C2CCCCC2)c(O)c1,1,1,1,1,7.503208684299958,7.503208684299958,0.0,7.503208684299958,0.0,0.0,7.503208684299958,0.0,False
CCCC[Si](C)(C)c1cc(O)c(C2CCCCC2)c(OC)c1,1,1,1,1,6.40207456743954,6.40207456743954,0.0,6.40207456743954,0.0,0.0,6.40207456743954,0.0,False
CCCC[Si](C)(C)c1cc(O)c(C2CCCCCC2)c(O)c1,1,1,1,1,7.196952789508871,7.196952789508871,0.0,7.196952789508871,0.0,0.0,7.196952789508871,0.0,False
CCCC[Si](C)(C)c1cc(O)c(C2CCCCCC2)c(OC)c1,1,1,1,1,6.210694334081714,6.210694334081714,0.0,6.210694334081714,0.0,0.0,6.210694334081714,0.0,False
CCCC[Si](C)(C)c1cc(O)c2c(c1)OC(C)(C)[C@@H]1CC=C(CO)C[C@@H]21,1,1,1,1,9.187086643357144,9.187086643357144,0.0,9.187086643357144,0.0,0.0,9.187086643357144,0.0,False
CCCC[Si](C)(C)c1cc(O)c2c(c1)OC(C)(C)[C@@H]1CCC(C)=C[C@@H]21,1,1,1,1,8.829738284605043,8.829738284605043,0.0,8.829738284605043,0.0,0.0,8.829738284605043,0.0,False
CCCC[Si](C)(C)c1cc(O)c2c(c1)OC(C)(C)c1ccc(C)cc1-2,1,1,1,1,8.300162274132754,8.300162274132754,0.0,8.300162274132754,0.0,0.0,8.300162274132754,0.0,False
CCCC[Si](C)(C)c1cc(O)c2c(c1)OC(C)(C)c1ccc(CO)cc1-2,1,1,1,1,8.45717457304082,8.45717457304082,0.0,8.45717457304082,0.0,0.0,8.45717457304082,0.0,False
CCCC[Si](C)(C)c1cc(OC)c([C@H]2C=C(CO)[C@H]3C[C@@H]2C3(C)C)c(OC)c1,1,1,1,1,6.644548479873483,6.644548479873483,0.0,6.644548479873483,0.0,0.0,6.644548479873483,0.0,False
CCCCc1[nH]c2ccc(-c3ccco3)cc2c(=O)c1C(=O)NC12CC3CC(CC(C3)C1)C2,1,1,1,1,6.876148359032914,6.876148359032914,0.0,6.876148359032914,0.0,0.0,6.876148359032914,0.0,False
CCCCc1[nH]c2ccc(Br)cc2c(=O)c1C(=O)NC12CC3CC(CC(C3)C1)C2,1,1,1,1,5.928117992693874,5.928117992693874,0.0,5.928117992693874,0.0,0.0,5.928117992693874,0.0,False
CCCCc1c(C(=O)NC23CC4CC(CC(C4)C2)C3)nc(C)n1-c1ccccc1,1,1,1,1,8.008773924307505,8.008773924307505,0.0,8.008773924307505,0.0,0.0,8.008773924307505,0.0,False
CCCCc1cc(-c2ccc(F)cc2)cc(C(=O)NC2CCCCCC2)c1OC,1,1,1,1,6.779891911959945,6.779891911959945,0.0,6.779891911959945,0.0,0.0,6.779891911959945,0.0,False
CCCCc1cc(-c2ccc(F)cc2)cc(C(=O)N[C@H]2CC[C@@H](C)CC2)c1OC,1,1,1,1,5.849857838151442,5.849857838151442,0.0,5.849857838151442,0.0,0.0,5.849857838151442,0.0,False
CCCCc1cc(-c2ccc(F)cc2)cc(C(=O)N[C@H]2CC[C@H](C)CC2)c1OC,1,1,1,1,5.7537476877006775,5.7537476877006775,0.0,5.7537476877006775,0.0,0.0,5.7537476877006775,0.0,False
CCCCc1cc(-c2ccc(OC)cc2)cc(C(=O)NC2CCCCCC2)c1OC,2,2,2,1,6.603800652904264,7.940058111938045,1.3362574590337815,7.271929382421154,0.0,1.3362574590337815,7.271929382421154,0.0,True
CCCCc1cc(-c2ccc(OC)cc2)cc(C(=O)N[C@H]2CC[C@@H](C)CC2)c1OC,1,1,1,1,7.657577319177793,7.657577319177793,0.0,7.657577319177793,0.0,0.0,7.657577319177793,0.0,False
CCCCc1cc(-c2ccc(OC)cc2)cc(C(=O)N[C@H]2CC[C@H](C)CC2)c1OC,1,1,1,1,6.844663962534938,6.844663962534938,0.0,6.844663962534938,0.0,0.0,6.844663962534938,0.0,False
CCCCc1cc(-c2ccccc2)cc(C(=O)NC2CCCCCC2)c1OC,1,1,1,1,6.453457336521868,6.453457336521868,0.0,6.453457336521868,0.0,0.0,6.453457336521868,0.0,False
CCCCc1cc(-c2ccccc2)cc(C(=O)N[C@H]2CC[C@@H](C)CC2)c1OC,1,1,1,1,5.898940645091884,5.898940645091884,0.0,5.898940645091884,0.0,0.0,5.898940645091884,0.0,False
CCCCc1cc(-c2ccccc2)cc(C(=O)N[C@H]2CC[C@H](C)CC2)c1OC,1,1,1,1,5.621602099051863,5.621602099051863,0.0,5.621602099051863,0.0,0.0,5.621602099051863,0.0,False
CCCCc1cc(O)c2c(c1)OC(C)(C)[C@@H]1CCC(C)=C[C@@H]21,1,1,1,1,7.292429823902063,7.292429823902063,0.0,7.292429823902063,0.0,0.0,7.292429823902063,0.0,False
CCCCc1cc2c(O)cc(C3(CCCC)CCCC3)cc2oc1=O,2,1,1,1,7.860120913598763,7.863279432843593,0.003158519244830238,7.861700173221179,0.003158519244830238,0.0,7.861700173221179,0.0,False
CCCCc1cc2c(O)cc(C3(CCCC)CCCCC3)cc2oc1=O,2,1,1,1,7.899974269892137,7.903089986991944,0.003115717099806403,7.901532128442041,0.003115717099806403,0.0,7.901532128442041,0.0,False
CCCCc1ccc(C(=O)c2c(C)n(CCC)c3ccccc23)c2ccccc12,1,1,1,1,7.309981219211305,7.309981219211305,0.0,7.309981219211305,0.0,0.0,7.309981219211305,0.0,False
CCCCc1ccc(C(=O)c2cc(O)c(-c3cc(Cl)cc(Cl)c3)c(O)c2)cc1,1,1,1,1,6.333107788933464,6.333107788933464,0.0,6.333107788933464,0.0,0.0,6.333107788933464,0.0,False
CCCCc1ccc(C(=O)c2cn(CCC)c3ccccc23)c2ccccc12,1,1,1,1,7.2839966563652006,7.2839966563652006,0.0,7.2839966563652006,0.0,0.0,7.2839966563652006,0.0,False
CCCCc1ccc(CN(Cc2ccccc2)S(=O)(=O)c2ccc(C)cc2)cc1,1,1,1,1,6.552841968657781,6.552841968657781,0.0,6.552841968657781,0.0,0.0,6.552841968657781,0.0,False
CCCCc1nc2ccccc2n1C(=O)c1ccc(OC)cc1,1,1,1,1,5.795880017344075,5.795880017344075,0.0,5.795880017344075,0.0,0.0,5.795880017344075,0.0,False
CCCCc1nc2ccccc2n1C(=O)c1cccc2ccccc12,1,1,1,1,6.3979400086720375,6.3979400086720375,0.0,6.3979400086720375,0.0,0.0,6.3979400086720375,0.0,False
CCCCc1sc(NC(=O)C23CC4CC(CC(C4)C2)C3)c(C(=O)OC)c1C,1,1,1,1,8.76447155309245,8.76447155309245,0.0,8.76447155309245,0.0,0.0,8.76447155309245,0.0,False
CCCCn1/c(=N/C(=O)c2cc(C(F)(F)F)ccc2NNC(=O)C(C)(C)C)cc(C(C)(C)C)n1C,1,1,1,1,9.397940008672037,9.397940008672037,0.0,9.397940008672037,0.0,0.0,9.397940008672037,0.0,False
CCCCn1/c(=N/C(=O)c2cc(C(F)(F)F)ccc2NNC(=O)c2cccnc2)cc(C(C)(C)C)n1C,1,1,1,1,8.602059991327963,8.602059991327963,0.0,8.602059991327963,0.0,0.0,8.602059991327963,0.0,False
CCCCn1/c(=N/C(=O)c2cc(C(F)(F)F)ccc2NNC(=O)c2ccncc2)cc(C(C)(C)C)n1C,1,1,1,1,9.154901959985743,9.154901959985743,0.0,9.154901959985743,0.0,0.0,9.154901959985743,0.0,False
CCCCn1/c(=N/C(=O)c2cc(C(F)(F)F)ccc2O/N=C(\C)C(F)(F)F)cc(C(C)(C)C)n1C,1,1,1,1,7.920818753952375,7.920818753952375,0.0,7.920818753952375,0.0,0.0,7.920818753952375,0.0,False
CCCCn1/c(=N/C(=O)c2cc(C(F)(F)F)ccc2OCC(C)(C)O)sc2ccncc21,1,1,1,1,8.267606240177031,8.267606240177031,0.0,8.267606240177031,0.0,0.0,8.267606240177031,0.0,False
CCCCn1/c(=N/C(=O)c2cc(C(F)(F)F)ccc2OCC(C)(C)O)sc2ncccc21,1,1,1,1,7.823908740944319,7.823908740944319,0.0,7.823908740944319,0.0,0.0,7.823908740944319,0.0,False
CCCCn1/c(=N/C(=O)c2cc(C(F)(F)F)ccc2OCCC(C)(C)O)sc2ccncc21,1,1,1,1,7.455931955649724,7.455931955649724,0.0,7.455931955649724,0.0,0.0,7.455931955649724,0.0,False
CCCCn1/c(=N/C(=O)c2cc(C(F)(F)F)ccc2OCCNC(C)=O)sc2ccncc21,1,1,1,1,8.823908740944319,8.823908740944319,0.0,8.823908740944319,0.0,0.0,8.823908740944319,0.0,False
CCCCn1/c(=N/C(=O)c2cc(C(F)(F)F)ccc2OC[C@@H](C)O)sc2ccncc21,1,1,1,1,7.1249387366083,7.1249387366083,0.0,7.1249387366083,0.0,0.0,7.1249387366083,0.0,False
CCCCn1/c(=N/C(=O)c2cc(C(F)(F)F)ccc2OC[C@@H]2CCCN2C)sc2ccncc21,1,1,1,1,7.468521082957745,7.468521082957745,0.0,7.468521082957745,0.0,0.0,7.468521082957745,0.0,False
CCCCn1/c(=N/C(=O)c2cc(C(F)(F)F)ccc2OC[C@H](C)O)sc2ccncc21,1,1,1,1,8.698970004336019,8.698970004336019,0.0,8.698970004336019,0.0,0.0,8.698970004336019,0.0,False
CCCCn1/c(=N/C(=O)c2cc(C(F)(F)F)ccc2OC[C@H](C)O)sc2ncccc21,1,1,1,1,8.853871964321762,8.853871964321762,0.0,8.853871964321762,0.0,0.0,8.853871964321762,0.0,False
CCCCn1/c(=N/C(=O)c2cc(C(F)(F)F)ccc2ONC(C)(C)C)sc2ccncc21,1,1,1,1,7.207608310501746,7.207608310501746,0.0,7.207608310501746,0.0,0.0,7.207608310501746,0.0,False
CCCCn1/c(=N/C(=O)c2cc(C(F)(F)F)ccc2ONC(C)C)cc(C(C)(C)C)n1C,1,1,1,1,7.795880017344075,7.795880017344075,0.0,7.795880017344075,0.0,0.0,7.795880017344075,0.0,False
CCCCn1/c(=N\C(=O)c2cc(C(F)(F)F)ccc2ONC(C)(C)C)cc(C(C)(C)C)n1C,1,1,1,1,7.113509274827518,7.113509274827518,0.0,7.113509274827518,0.0,0.0,7.113509274827518,0.0,False
CCCCn1c(=O)c(C(=O)NC23CC4CC(CC(C4)C2)C3)c(O)c2c1cnn2CCO,1,1,1,1,7.567030709125595,7.567030709125595,0.0,7.567030709125595,0.0,0.0,7.567030709125595,0.0,False
CCCCn1c(=O)c(C(=O)NC23CC4CC(CC(C4)C2)C3)c(O)c2nn(C)cc21,1,1,1,1,8.602059991327963,8.602059991327963,0.0,8.602059991327963,0.0,0.0,8.602059991327963,0.0,False
CCCCn1c(=O)c(C(=O)NC23CC4CC(CC(C4)C2)C3)c(O)c2nn(CCO)cc21,1,1,1,1,7.735182176990463,7.735182176990463,0.0,7.735182176990463,0.0,0.0,7.735182176990463,0.0,False
CCCCn1c(=O)c(C(=O)NC23CC4CC(CC(O)(C4)C2)C3)c(O)c2nn(C)cc21,1,1,1,1,7.97469413473523,7.97469413473523,0.0,7.97469413473523,0.0,0.0,7.97469413473523,0.0,False
CCCCn1c(=O)c(C(=O)NC2CCC(C)CC2)c(O)c2cccnc21,1,1,1,1,7.950781977329818,7.950781977329818,0.0,7.950781977329818,0.0,0.0,7.950781977329818,0.0,False
CCCCn1c(=O)c(C(=O)NC2CCC(C)CC2)cc2ccccc21,1,1,1,1,7.703334809738469,7.703334809738469,0.0,7.703334809738469,0.0,0.0,7.703334809738469,0.0,False
CCCCn1c(=O)c(C(=O)NC2CCC(C)CC2)cc2cccnc21,1,1,1,1,8.4089353929735,8.4089353929735,0.0,8.4089353929735,0.0,0.0,8.4089353929735,0.0,False
CCCCn1c(=O)c(C(=O)NC2CCCCC2)cc2cccnc21,1,1,1,1,7.154901959985743,7.154901959985743,0.0,7.154901959985743,0.0,0.0,7.154901959985743,0.0,False
CCCCn1c(=O)sc2cc(C(=O)C34CC5CC(CC(C5)C3)C4)ccc21,1,1,1,1,7.585026652029182,7.585026652029182,0.0,7.585026652029182,0.0,0.0,7.585026652029182,0.0,False
CCCCn1c(C(=O)OC)c(C(C)C)s/c1=N\C(=O)c1cc(C(F)(F)F)ccc1NC(C)(C)C,1,1,1,1,6.889410289700751,6.889410289700751,0.0,6.889410289700751,0.0,0.0,6.889410289700751,0.0,False
CCCCn1c(C)c(C)cc(C(=O)NCc2ccccc2)c1=O,1,1,1,1,7.180456064458131,7.180456064458131,0.0,7.180456064458131,0.0,0.0,7.180456064458131,0.0,False
CCCCn1c(C)c(C)cc(NC(=O)Cc2ccccc2)c1=O,1,1,1,1,5.882728704344236,5.882728704344236,0.0,5.882728704344236,0.0,0.0,5.882728704344236,0.0,False
CCCCn1c(C)c(C)cc(NC(=O)c2ccc(C)cc2)c1=O,2,2,1,1,6.068542129310995,7.142667503568731,1.0741253742577364,6.605604816439863,0.0,1.0741253742577364,6.605604816439863,0.0,True
CCCCn1c(C)c(C)cc(NC(=O)c2ccc3ccccc3c2)c1=O,1,1,1,1,6.114638779968487,6.114638779968487,0.0,6.114638779968487,0.0,0.0,6.114638779968487,0.0,False
CCCCn1c(C)c(C)cc(NC(=O)c2cccc(C)c2)c1=O,2,2,1,1,6.464705879957229,7.376750709602099,0.91204482964487,6.920728294779664,0.0,0.91204482964487,6.920728294779664,0.0,False
CCCCn1c(C)c(C)cc(NC(=O)c2cccc3ccccc23)c1=O,2,2,1,1,7.721246399047171,7.920818753952375,0.19957235490520375,7.821032576499773,0.0,0.19957235490520375,7.821032576499773,0.0,False
CCCCn1c(C)c(C)cc(NC(=O)c2ccccc2)c1=O,2,2,1,1,5.8613815661005075,7.050609993355087,1.1892284272545792,6.455995779727797,0.0,1.1892284272545792,6.455995779727797,0.0,True
CCCCn1c(C)c(C)cc(NC(=O)c2ccccc2C)c1=O,2,2,1,1,6.4089353929735005,7.853871964321762,1.4449365713482614,7.131403678647631,0.0,1.4449365713482614,7.131403678647631,0.0,True
CCCCn1c(C)c(C)cc(NC(=O)c2ccccc2Cl)c1=O,2,2,1,1,6.407823242604133,7.795880017344075,1.3880567747399422,7.101851629974104,0.0,1.3880567747399422,7.101851629974104,0.0,True
CCCCn1c(C)c(C)cc(NC(=O)c2ccccc2F)c1=O,2,2,1,1,6.209714835966759,7.055517327849831,0.845802491883072,6.632616081908295,0.0,0.845802491883072,6.632616081908295,0.0,False
CCCCn1c(C)c(C)cc(Oc2nc3ccccc3o2)c1=O,1,1,1,1,6.010550182333308,6.010550182333308,0.0,6.010550182333308,0.0,0.0,6.010550182333308,0.0,False
CCCCn1c(C)c(C)cc(Oc2nc3ccccc3o2)c1=S,1,1,1,1,6.995678626217357,6.995678626217357,0.0,6.995678626217357,0.0,0.0,6.995678626217357,0.0,False
CCCCn1c(CC)c(C)cc(C(=O)NC2(C(=O)O)CCCCC2)c1=O,1,1,1,1,6.458420756053419,6.458420756053419,0.0,6.458420756053419,0.0,0.0,6.458420756053419,0.0,False
CCCCn1c(CC)c(C)cc(C(=O)NCc2ccccc2)c1=O,1,1,1,1,7.698970004336019,7.698970004336019,0.0,7.698970004336019,0.0,0.0,7.698970004336019,0.0,False
CCCCn1c(CCC)c(Br)cc(C(=O)NC2(C(=O)O)CCCCC2)c1=O,1,1,1,1,6.417936637088291,6.417936637088291,0.0,6.417936637088291,0.0,0.0,6.417936637088291,0.0,False
CCCCn1c(Cc2ccc(Cl)c(Cl)c2)nc2cc(C(F)(F)F)ccc21,1,1,1,1,6.431798275933005,6.431798275933005,0.0,6.431798275933005,0.0,0.0,6.431798275933005,0.0,False
CCCCn1c2c(cc(C(=O)NC(C)(C)c3ccccc3)c1=O)CCCCCC2,1,1,1,1,10.0,10.0,0.0,10.0,0.0,0.0,10.0,0.0,False
CCCCn1c2c(cc(C(=O)NC(C)C)c1=O)CCCCCC2,1,1,1,1,8.397940008672037,8.397940008672037,0.0,8.397940008672037,0.0,0.0,8.397940008672037,0.0,False
CCCCn1c2c(cc(C(=O)NC3(C(=O)O)CCCCC3)c1=O)CCCCCC2,1,1,1,1,7.251811972993799,7.251811972993799,0.0,7.251811972993799,0.0,0.0,7.251811972993799,0.0,False
CCCCn1c2c(cc(C(=O)NC3CCCCC3)c1=O)CCCCCC2,1,1,1,1,9.698970004336019,9.698970004336019,0.0,9.698970004336019,0.0,0.0,9.698970004336019,0.0,False
CCCCn1c2c(cc(C(=O)NC3CCN(C)CC3)c1=O)CCCCCC2,1,1,1,1,6.8326826652518236,6.8326826652518236,0.0,6.8326826652518236,0.0,0.0,6.8326826652518236,0.0,False
CCCCn1c2c(cc(C(=O)NCCc3ccccc3)c1=O)CCCCCC2,1,1,1,1,8.795880017344075,8.795880017344075,0.0,8.795880017344075,0.0,0.0,8.795880017344075,0.0,False
CCCCn1c2c(cc(C(=O)NCc3ccccc3)c1=O)CCC2,1,1,1,1,7.795880017344075,7.795880017344075,0.0,7.795880017344075,0.0,0.0,7.795880017344075,0.0,False
CCCCn1c2c(cc(C(=O)NCc3ccccc3)c1=O)CCCC2,1,1,1,1,7.769551078621726,7.769551078621726,0.0,7.769551078621726,0.0,0.0,7.769551078621726,0.0,False
CCCCn1c2c(cc(C(=O)NCc3ccccc3)c1=O)CCCCCC2,1,1,1,1,8.823908740944319,8.823908740944319,0.0,8.823908740944319,0.0,0.0,8.823908740944319,0.0,False
CCCCn1c2c(cc(C(=O)NCc3ccccc3)c1=O)COCC2,1,1,1,1,6.690369832574101,6.690369832574101,0.0,6.690369832574101,0.0,0.0,6.690369832574101,0.0,False
CCCCn1c2c(cc(C(N)=O)c1=O)CCCCCC2,1,1,1,1,7.3979400086720375,7.3979400086720375,0.0,7.3979400086720375,0.0,0.0,7.3979400086720375,0.0,False
CCCCn1c2ccccc2c2cc(C(=O)N3CCCCC3)ccc21,1,1,1,1,6.578396073130168,6.578396073130168,0.0,6.578396073130168,0.0,0.0,6.578396073130168,0.0,False
CCCCn1cc(Br)cc(C(=O)NC2CCCCCC2)c1=O,1,1,1,1,8.292429823902063,8.292429823902063,0.0,8.292429823902063,0.0,0.0,8.292429823902063,0.0,False
CCCCn1cc(C(=O)C2C(C)(C)C2(C)C)c2ccccc21,2,1,1,1,8.698970004336019,8.700057099977233,0.0010870956412141197,8.699513552156626,0.0010870956412141197,0.0,8.699513552156626,0.0,False
CCCCn1cc(C(=O)NC(C)(C)C)c(=O)c2cccc(OC)c21,1,1,1,1,8.086186147616283,8.086186147616283,0.0,8.086186147616283,0.0,0.0,8.086186147616283,0.0,False
CCCCn1cc(C(=O)NC23CC4CC(CC(C4)C2)C3)c(=O)c2cccc(OC)c21,1,1,1,1,8.481486060122112,8.481486060122112,0.0,8.481486060122112,0.0,0.0,8.481486060122112,0.0,False
CCCCn1cc(C(=O)NC23CC4CC(CC(C4)C2)C3)c(=O)cc1-c1ccccc1,1,1,1,1,7.735182176990463,7.735182176990463,0.0,7.735182176990463,0.0,0.0,7.735182176990463,0.0,False
CCCCn1cc(C(=O)NC2CCCC2)c(=O)c2cccc(OC)c21,1,1,1,1,7.7055337738384075,7.7055337738384075,0.0,7.7055337738384075,0.0,0.0,7.7055337738384075,0.0,False
CCCCn1cc(C(=O)NC2CCCCC2)c(=O)c2c(C)nn(C)c21,1,1,1,1,6.860120913598763,6.860120913598763,0.0,6.860120913598763,0.0,0.0,6.860120913598763,0.0,False
CCCCn1cc(C(=O)NCC2CC2)c(=O)c2cccc(OC)c21,1,1,1,1,7.103473782510445,7.103473782510445,0.0,7.103473782510445,0.0,0.0,7.103473782510445,0.0,False
CCCCn1cc(C(=O)N[C@@H](Cc2ccccc2)C(N)=O)c2ccccc21,2,1,1,1,6.8297382846050425,6.83000246293343,0.0002641783283872101,6.829870373769236,0.0002641783283872101,0.0,6.829870373769236,0.0,False
CCCCn1cc(C(=O)N[C@@H](Cc2ccccc2)C(N)=O)c2cccnc21,2,1,1,1,5.6595558851598815,5.660000322371772,0.0004444372118905804,5.659778103765827,0.0004444372118905804,0.0,5.659778103765827,0.0,False
CCCCn1cc(C(=O)N[C@@H]2C(C)(C)C3CC[C@]2(C)C3)c(=O)c2ccc(F)cc21,1,1,1,1,9.096910013008056,9.096910013008056,0.0,9.096910013008056,0.0,0.0,9.096910013008056,0.0,False
CCCCn1cc(C(=O)N[C@@H]2C(C)(C)C3CC[C@]2(C)C3)c(=O)c2ccc(Sc3ccccc3)cc21,1,1,1,1,10.0,10.0,0.0,10.0,0.0,0.0,10.0,0.0,False
CCCCn1cc(C(=O)N[C@H](C(N)=O)C(C)(C)C)c2ccccc21,2,1,1,1,8.87942606879415,8.880084589742008,0.0006585209478586762,8.879755329268079,0.0006585209478586762,0.0,8.879755329268079,0.0,False
CCCCn1cc(C(=O)N[C@H](C(N)=O)C(C)(C)C)c2cccnc21,2,1,1,1,7.389978975335855,7.39040559077478,0.00042661543892474896,7.390192283055317,0.00042661543892474896,0.0,7.390192283055317,0.0,False
CCCCn1cc(C(=O)N[C@H](C(N)=O)C(C)C)c2ccccc21,2,1,1,1,7.110026361596004,7.110138278741811,0.00011191714580682799,7.110082320168908,0.00011191714580682799,0.0,7.110082320168908,0.0,False
CCCCn1cc(C(=O)N[C@H](C(N)=O)C(C)C)c2cccnc21,2,1,1,1,6.050000457140078,6.050122295963125,0.00012183882304750426,6.050061376551602,0.00012183882304750426,0.0,6.050061376551602,0.0,False
CCCCn1cc(C(=O)Nc2cccc3ccccc23)c(=O)c2ccccc21,1,1,1,1,6.341988603342887,6.341988603342887,0.0,6.341988603342887,0.0,0.0,6.341988603342887,0.0,False
CCCCn1cc(C(=O)c2cccc3ccccc23)c(=O)c2ccccc21,1,1,1,1,5.809668301829708,5.809668301829708,0.0,5.809668301829708,0.0,0.0,5.809668301829708,0.0,False
CCCCn1cc(C(=O)c2cccc3ccccc23)cc1-c1ccccc1,1,1,1,1,7.823908740944319,7.823908740944319,0.0,7.823908740944319,0.0,0.0,7.823908740944319,0.0,False
CCCCn1cc(C(C)(C)C)cc/c1=N\C(=O)c1cc(C(F)(F)F)ccc1ONC(C)(C)C,1,1,1,1,7.055517327849831,7.055517327849831,0.0,7.055517327849831,0.0,0.0,7.055517327849831,0.0,False
CCCCn1cc(C(C)(C)C)s/c1=N\C(=O)c1cc(C(F)(F)F)ccc1NNC(=O)c1cccnc1,1,1,1,1,8.795880017344075,8.795880017344075,0.0,8.795880017344075,0.0,0.0,8.795880017344075,0.0,False
CCCCn1cc(C(C)(C)C)s/c1=N\C(=O)c1cc(C(F)(F)F)ccc1NNC(=O)c1ccncc1,1,1,1,1,8.958607314841775,8.958607314841775,0.0,8.958607314841775,0.0,0.0,8.958607314841775,0.0,False
CCCCn1cc(C(C)(C)C)s/c1=N\C(=O)c1cc(C(F)(F)F)ccc1OCC(C)(C)O,1,1,1,1,9.086186147616283,9.086186147616283,0.0,9.086186147616283,0.0,0.0,9.086186147616283,0.0,False
CCCCn1cc(C(C)(C)C)s/c1=N\C(=O)c1cc(C(F)(F)F)ccc1OC[C@@H]1CCCN1C,1,1,1,1,8.036212172654444,8.036212172654444,0.0,8.036212172654444,0.0,0.0,8.036212172654444,0.0,False
CCCCn1cc(C(C)(C)C)s/c1=N\C(=O)c1cc(C(F)(F)F)ccc1ONC(C)(C)C,1,1,1,1,8.173925197299173,8.173925197299173,0.0,8.173925197299173,0.0,0.0,8.173925197299173,0.0,False
CCCCn1cc(C(C)(C)C)s/c1=N\C(=O)c1cc(Cl)ccc1OCC(N)=O,1,1,1,1,8.508638306165727,8.508638306165727,0.0,8.508638306165727,0.0,0.0,8.508638306165727,0.0,False
CCCCn1cc(C)cc(Oc2nc3ccccc3o2)c1=S,1,1,1,1,6.627087997029893,6.627087997029893,0.0,6.627087997029893,0.0,0.0,6.627087997029893,0.0,False
CCCCn1cc(CC(=O)NC23CC4CC(CC(C4)C2)C3)c2cc(-c3ccccc3)ccc21,1,1,1,1,7.688246138944246,7.688246138944246,0.0,7.688246138944246,0.0,0.0,7.688246138944246,0.0,False
CCCCn1ccc(C(C)(C)C)c/c1=N\C(=O)c1cc(C(F)(F)F)ccc1ONC(C)(C)C,1,1,1,1,6.892790030352131,6.892790030352131,0.0,6.892790030352131,0.0,0.0,6.892790030352131,0.0,False
CCCCn1ccc(C)c(Oc2nc3ccccc3o2)c1=S,1,1,1,1,6.628932137728263,6.628932137728263,0.0,6.628932137728263,0.0,0.0,6.628932137728263,0.0,False
CCCCn1cccc(C(=O)NC2CCC(C)CC2)c1=O,1,1,1,1,6.982966660701219,6.982966660701219,0.0,6.982966660701219,0.0,0.0,6.982966660701219,0.0,False
CCCCn1cccc(Oc2nc3ccccc3o2)c1=S,1,1,1,1,6.309803919971486,6.309803919971486,0.0,6.309803919971486,0.0,0.0,6.309803919971486,0.0,False
CCCCn1nc(C(=O)N[C@@H](Cc2ccccc2)C(N)=O)c2ccccc21,2,1,1,1,7.400007822415902,7.400116927926312,0.00010910551041032335,7.400062375171107,0.00010910551041032335,0.0,7.400062375171107,0.0,False
CCCCn1nc(C(=O)N[C@H](C(N)=O)C(C)(C)C)c2ccccc21,2,1,1,1,9.040005161671584,9.040005161671584,0.0,9.040005161671584,0.0,0.0,9.040005161671584,0.0,False
CCCCn1nc(C(=O)N[C@H](C(N)=O)C(C)C)c2ccccc21,2,1,1,1,8.189767482004916,8.18996921359416,0.0002017315892448579,8.189868347799539,0.0002017315892448579,0.0,8.189868347799539,0.0,False
CCCCn1nc(C(C)(C)C)s/c1=N/C(=O)c1cc(C(F)(F)F)ccc1N(/N=C/c1cccc(C)n1)C(=O)OC(C)(C)C,1,1,1,1,7.356547323513812,7.356547323513812,0.0,7.356547323513812,0.0,0.0,7.356547323513812,0.0,False
CCCCn1nc(C(C)(C)C)s/c1=N/C(=O)c1cc(C(F)(F)F)ccc1N(C)N(C)C(=O)OC(C)(C)C,1,1,1,1,6.554395796726403,6.554395796726403,0.0,6.554395796726403,0.0,0.0,6.554395796726403,0.0,False
CCCCn1nc(C(C)(C)C)s/c1=N/C(=O)c1cc(C(F)(F)F)ccc1N/N=C\c1cccc(C)n1,1,1,1,1,6.732828271596986,6.732828271596986,0.0,6.732828271596986,0.0,0.0,6.732828271596986,0.0,False
CCCCn1nc(C(C)(C)C)s/c1=N/C(=O)c1cc(C(F)(F)F)ccc1NNC(=O)OC,1,1,1,1,9.154901959985743,9.154901959985743,0.0,9.154901959985743,0.0,0.0,9.154901959985743,0.0,False
CCCCn1nc(C(C)(C)C)s/c1=N/C(=O)c1cc(C(F)(F)F)ccc1NNC(=O)OC(C)(C)C,1,1,1,1,9.0,9.0,0.0,9.0,0.0,0.0,9.0,0.0,False
CCCCn1nc(C(C)(C)C)s/c1=N/C(=O)c1cc(C(F)(F)F)ccc1O/N=C(\CC)C(=O)ON,1,1,1,1,8.214670164989233,8.214670164989233,0.0,8.214670164989233,0.0,0.0,8.214670164989233,0.0,False
CCCCn1nc(C(C)(C)C)s/c1=N/C(=O)c1cc(C(F)(F)F)ccc1ON(C)C,1,1,1,1,7.6777807052660805,7.6777807052660805,0.0,7.6777807052660805,0.0,0.0,7.6777807052660805,0.0,False
CCCCn1nc(C(C)(C)C)s/c1=N/C(=O)c1cc(C(F)(F)F)ccc1ONC(=O)OC(C)(C)C,1,1,1,1,9.494850021680094,9.494850021680094,0.0,9.494850021680094,0.0,0.0,9.494850021680094,0.0,False
CCCCn1nc(C(C)(C)C)s/c1=N\C(=O)c1cc(C(F)(F)F)ccc1/N=N/C(C)(C)C,1,1,1,1,8.207608310501746,8.207608310501746,0.0,8.207608310501746,0.0,0.0,8.207608310501746,0.0,False
CCCCn1nc(C(C)(C)C)s/c1=N\C(=O)c1cc(C(F)(F)F)ccc1CN1CC(O)C1,1,1,1,1,8.787812395596042,8.787812395596042,0.0,8.787812395596042,0.0,0.0,8.787812395596042,0.0,False
CCCCn1nc(C(C)(C)C)s/c1=N\C(=O)c1cc(C(F)(F)F)ccc1NN=C(C)C,1,1,1,1,6.607303046740334,6.607303046740334,0.0,6.607303046740334,0.0,0.0,6.607303046740334,0.0,False
CCCCn1nc(C(C)(C)C)s/c1=N\C(=O)c1cc(C(F)(F)F)ccc1NNC(=O)C(C)(C)C,1,1,1,1,9.397940008672037,9.397940008672037,0.0,9.397940008672037,0.0,0.0,9.397940008672037,0.0,False
CCCCn1nc(C(C)(C)C)s/c1=N\C(=O)c1cc(C(F)(F)F)ccc1NNC(=O)c1cccnc1,1,1,1,1,8.958607314841775,8.958607314841775,0.0,8.958607314841775,0.0,0.0,8.958607314841775,0.0,False
CCCCn1nc(C(C)(C)C)s/c1=N\C(=O)c1cc(C(F)(F)F)ccc1NNC(=O)c1ccncc1,1,1,1,1,9.096910013008056,9.096910013008056,0.0,9.096910013008056,0.0,0.0,9.096910013008056,0.0,False
CCCCn1nc(C(C)(C)C)s/c1=N\C(=O)c1cc(C(F)(F)F)ccc1NNC(N)=O,1,1,1,1,7.327902142064282,7.327902142064282,0.0,7.327902142064282,0.0,0.0,7.327902142064282,0.0,False
CCCCn1nc(C(C)(C)C)s/c1=N\C(=O)c1cc(C(F)(F)F)ccc1NNCc1ccccc1,1,1,1,1,7.366531544420413,7.366531544420413,0.0,7.366531544420413,0.0,0.0,7.366531544420413,0.0,False
CCCCn1nc(C(C)(C)C)s/c1=N\C(=O)c1cc(C(F)(F)F)ccc1NNc1ccccn1,1,1,1,1,7.494850021680094,7.494850021680094,0.0,7.494850021680094,0.0,0.0,7.494850021680094,0.0,False
CCCCn1nc(C(C)(C)C)s/c1=N\C(=O)c1cc(C(F)(F)F)ccc1O/N=C(\C)C(C)(C)C,1,1,1,1,6.665546248849069,6.665546248849069,0.0,6.665546248849069,0.0,0.0,6.665546248849069,0.0,False
CCCCn1nc(C(C)(C)C)s/c1=N\C(=O)c1cc(C(F)(F)F)ccc1O/N=C(\C)C(C)=O,1,1,1,1,7.7447274948966935,7.7447274948966935,0.0,7.7447274948966935,0.0,0.0,7.7447274948966935,0.0,False
CCCCn1nc(C(C)(C)C)s/c1=N\C(=O)c1cc(C(F)(F)F)ccc1O/N=C(\C)C(F)(F)F,1,1,1,1,7.2839966563652006,7.2839966563652006,0.0,7.2839966563652006,0.0,0.0,7.2839966563652006,0.0,False
CCCCn1nc(C(C)(C)C)s/c1=N\C(=O)c1cc(C(F)(F)F)ccc1O/N=C(\C)N,1,1,1,1,7.795880017344075,7.795880017344075,0.0,7.795880017344075,0.0,0.0,7.795880017344075,0.0,False
CCCCn1nc(C(C)(C)C)s/c1=N\C(=O)c1cc(C(F)(F)F)ccc1O/N=C(\N)C(C)(C)C,1,1,1,1,7.187086643357144,7.187086643357144,0.0,7.187086643357144,0.0,0.0,7.187086643357144,0.0,False
CCCCn1nc(C(C)(C)C)s/c1=N\C(=O)c1cc(C(F)(F)F)ccc1O/N=C(\N)C(C)C,1,1,1,1,8.275724130399212,8.275724130399212,0.0,8.275724130399212,0.0,0.0,8.275724130399212,0.0,False
CCCCn1nc(C(C)(C)C)s/c1=N\C(=O)c1cc(C(F)(F)F)ccc1O/N=C(\N)C1CC1,1,1,1,1,8.602059991327963,8.602059991327963,0.0,8.602059991327963,0.0,0.0,8.602059991327963,0.0,False
CCCCn1nc(C(C)(C)C)s/c1=N\C(=O)c1cc(C(F)(F)F)ccc1O/N=C(\N)CC,1,1,1,1,8.292429823902063,8.292429823902063,0.0,8.292429823902063,0.0,0.0,8.292429823902063,0.0,False
CCCCn1nc(C(C)(C)C)s/c1=N\C(=O)c1cc(C(F)(F)F)ccc1O/N=C(\N)c1ccc(F)cc1,1,1,1,1,7.6777807052660805,7.6777807052660805,0.0,7.6777807052660805,0.0,0.0,7.6777807052660805,0.0,False
CCCCn1nc(C(C)(C)C)s/c1=N\C(=O)c1cc(C(F)(F)F)ccc1O/N=C(\N)c1ccccn1,1,1,1,1,7.7447274948966935,7.7447274948966935,0.0,7.7447274948966935,0.0,0.0,7.7447274948966935,0.0,False
CCCCn1nc(C(C)(C)C)s/c1=N\C(=O)c1cc(C(F)(F)F)ccc1O/N=C(\N)c1cccnc1,1,1,1,1,7.060480747381382,7.060480747381382,0.0,7.060480747381382,0.0,0.0,7.060480747381382,0.0,False
CCCCn1nc(C(C)(C)C)s/c1=N\C(=O)c1cc(C(F)(F)F)ccc1O/N=C(\N)c1ccncc1,1,1,1,1,7.167491087293763,7.167491087293763,0.0,7.167491087293763,0.0,0.0,7.167491087293763,0.0,False
CCCCn1nc(C(C)(C)C)s/c1=N\C(=O)c1cc(C(F)(F)F)ccc1O/N=C1/CCCCCN1,1,1,1,1,8.795880017344075,8.795880017344075,0.0,8.795880017344075,0.0,0.0,8.795880017344075,0.0,False
CCCCn1nc(C(C)(C)C)s/c1=N\C(=O)c1cc(C(F)(F)F)ccc1ON=C(C)C,1,1,1,1,7.920818753952375,7.920818753952375,0.0,7.920818753952375,0.0,0.0,7.920818753952375,0.0,False
CCCCn1nc(C(C)(C)C)s/c1=N\C(=O)c1cc(C(F)(F)F)ccc1ON=C1CCCC1,1,1,1,1,8.769551078621726,8.769551078621726,0.0,8.769551078621726,0.0,0.0,8.769551078621726,0.0,False
CCCCn1nc(C(C)(C)C)s/c1=N\C(=O)c1cc(C(F)(F)F)ccc1ONC(=O)C(C)(C)C,1,1,1,1,9.221848749616356,9.221848749616356,0.0,9.221848749616356,0.0,0.0,9.221848749616356,0.0,False
CCCCn1nc(C(C)(C)C)s/c1=N\C(=O)c1cc(C(F)(F)F)ccc1ONC(C)(C)C,1,1,1,1,7.958607314841775,7.958607314841775,0.0,7.958607314841775,0.0,0.0,7.958607314841775,0.0,False
CCCCn1nc(C(C)(C)C)s/c1=N\C(=O)c1cc(C(F)(F)F)ccc1ONC(C)=O,1,1,1,1,9.0,9.0,0.0,9.0,0.0,0.0,9.0,0.0,False
CCCCn1nc(C(C)(C)C)s/c1=N\C(=O)c1cc(C(F)(F)F)ccc1ONC(C)C,1,1,1,1,9.221848749616356,9.221848749616356,0.0,9.221848749616356,0.0,0.0,9.221848749616356,0.0,False
CCCCn1nc(C(C)(C)C)s/c1=N\C(=O)c1cc(Cl)ccc1ONC(C)(C)C,1,1,1,1,8.070581074285707,8.070581074285707,0.0,8.070581074285707,0.0,0.0,8.070581074285707,0.0,False
CCCCn1nc(C(C)(C)C)s/c1=N\C(=O)c1ccc(C(F)(F)F)cc1ONC(C)(C)C,1,1,1,1,6.896196279044043,6.896196279044043,0.0,6.896196279044043,0.0,0.0,6.896196279044043,0.0,False
CCCCn1nc(C2(C)CC2)s/c1=N\C(=O)c1cc(C(F)(F)F)ccc1ONC(C)(C)C,1,1,1,1,7.795880017344075,7.795880017344075,0.0,7.795880017344075,0.0,0.0,7.795880017344075,0.0,False
CCCN(C)C(=O)c1ccc2c(c1)nc(Cc1ccc(OCC)cc1)n2CC1CC1,1,1,1,1,8.119186407719209,8.119186407719209,0.0,8.119186407719209,0.0,0.0,8.119186407719209,0.0,False
CCCN(CCC)C(=O)c1ccc2c(c1)nc(Cc1ccc(OCC)cc1)n2CC1CC1,1,1,1,1,8.55284196865778,8.55284196865778,0.0,8.55284196865778,0.0,0.0,8.55284196865778,0.0,False
CCCN(CCC)c1ccc(C(NC(=O)Cc2ccccc2)NC(=O)Cc2ccccc2)cc1,2,1,1,1,7.657577319177793,7.657577319177793,0.0,7.657577319177793,0.0,0.0,7.657577319177793,0.0,False
CCCN1CC(C)(C)CS/C1=N\c1ccccc1C(C)C,1,1,1,1,6.0385789059335515,6.0385789059335515,0.0,6.0385789059335515,0.0,0.0,6.0385789059335515,0.0,False
CCCN1Cc2c(n(S(=O)(=O)CC)c3ccc(C(=O)N4CCC(C)CC4)cc23)C1,1,1,1,1,7.954677021213342,7.954677021213342,0.0,7.954677021213342,0.0,0.0,7.954677021213342,0.0,False
CCCNC(=O)NC1(c2ccccc2)CCN(c2ncnc3c2nc(-c2ccccc2Cl)n3-c2ccc(Cl)cc2)CC1,1,1,1,1,5.109076228510986,5.109076228510986,0.0,5.109076228510986,0.0,0.0,5.109076228510986,0.0,False
CCCNC(=O)NC1CCN(c2ncnc3c2nc(-c2ccccc2Cl)n3-c2ccc(Cl)cc2)CC1,1,1,1,1,6.815308569182401,6.815308569182401,0.0,6.815308569182401,0.0,0.0,6.815308569182401,0.0,False
CCCNC(=O)c1c(NC(=O)C23CC4CC(CC(C4)C2)C3)sc2c1CCOC2,1,1,1,1,7.470056598341331,7.470056598341331,0.0,7.470056598341331,0.0,0.0,7.470056598341331,0.0,False
CCCNC(=O)c1c(NC(=O)C23CC4CC(CC(C4)O2)C3)sc2c1CCOC2,1,1,1,1,6.589999287456538,6.589999287456538,0.0,6.589999287456538,0.0,0.0,6.589999287456538,0.0,False
CCCNC(=O)c1c(NC(=O)C23CC4CC(CC2C4)C3)sc2c1CCCC2,1,1,1,1,8.709965388637482,8.709965388637482,0.0,8.709965388637482,0.0,0.0,8.709965388637482,0.0,False
CCCNC(=O)c1c(NC(=O)C23CC4CC(CC2C4)C3)sc2c1CCN(C)C2,1,1,1,1,7.0400051616715835,7.0400051616715835,0.0,7.0400051616715835,0.0,0.0,7.0400051616715835,0.0,False
CCCNC(=O)c1c(NC(=O)C23CC4CC(CC2C4)C3)sc2c1CCOC2,1,1,1,1,7.680061560019691,7.680061560019691,0.0,7.680061560019691,0.0,0.0,7.680061560019691,0.0,False
CCCNC(=O)c1c(NC(=O)C2C(C)(C)C2(C)C)sc2c1CCOC2,1,1,1,1,7.0400051616715835,7.0400051616715835,0.0,7.0400051616715835,0.0,0.0,7.0400051616715835,0.0,False
CCCNC(=O)c1c(NC(=O)C2CC3CCC2C3)sc2c1CCOC2,1,1,1,1,6.980011840408714,6.980011840408714,0.0,6.980011840408714,0.0,0.0,6.980011840408714,0.0,False
CCCNC(=O)c1c(NC(=O)c2c(F)cccc2C(F)(F)F)sc2c1CCOC2,1,1,1,1,6.980011840408714,6.980011840408714,0.0,6.980011840408714,0.0,0.0,6.980011840408714,0.0,False
CCCNC(=O)c1nn(-c2ccc(Cl)cc2Cl)c(-n2c(C)ccc2C)c1C,1,1,1,1,5.709231049933441,5.709231049933441,0.0,5.709231049933441,0.0,0.0,5.709231049933441,0.0,False
CCCNC(=O)c1nn(-c2ccc(Cl)cc2Cl)c(-n2cccc2)c1C,1,1,1,1,5.825010349592666,5.825010349592666,0.0,5.825010349592666,0.0,0.0,5.825010349592666,0.0,False
CCCOC(=O)N1CCC(NC(=O)c2nn(-c3ccc(Cl)cc3Cl)c(-c3ccc(Cl)cc3)c2C)CC1,1,1,1,1,5.811071516239147,5.811071516239147,0.0,5.811071516239147,0.0,0.0,5.811071516239147,0.0,False
CCCOc1c(OC)ccc2cc(C(=O)NCCc3ccccc3)c(=O)[nH]c12,2,1,1,1,10.045757490560675,10.04599883231843,0.00024134175775536448,10.045878161439553,0.00024134175775536448,0.0,10.045878161439553,0.0,False
CCCOc1ccc2c(c1)c(C(=O)c1ccc(OC)cc1)cn2CC1CCOCC1,1,1,1,1,5.8696662315049934,5.8696662315049934,0.0,5.8696662315049934,0.0,0.0,5.8696662315049934,0.0,False
CCCOc1cccc2c(C(=O)c3ccc(OC)cc3)cn(CC3CCOCC3)c12,1,1,1,1,8.244125144327509,8.244125144327509,0.0,8.244125144327509,0.0,0.0,8.244125144327509,0.0,False
CCCOc1ccccc1-c1cc(C(=O)NC23CC4CC(CC(C4)C2)C3)no1,1,1,1,1,7.099086932262331,7.099086932262331,0.0,7.099086932262331,0.0,0.0,7.099086932262331,0.0,False
CCCS(=O)(=O)N1CCN(c2ncnc3c2nc(-c2ccccc2Cl)n3-c2ccc(Cl)cc2)CC1,1,1,1,1,6.070581074285707,6.070581074285707,0.0,6.070581074285707,0.0,0.0,6.070581074285707,0.0,False
CCCS(=O)(=O)n1c2c(c3cc(C(=O)N4CCC(C)CC4)ccc31)CN(C1CCCC1)C2,1,1,1,1,7.651695136951839,7.651695136951839,0.0,7.651695136951839,0.0,0.0,7.651695136951839,0.0,False
CCCSC(=O)C(C)(C)c1cc(O)c2c(c1)OC(C)(C)[C@@H]1CC=C(C)C[C@@H]21,1,1,1,1,9.154901959985743,9.154901959985743,0.0,9.154901959985743,0.0,0.0,9.154901959985743,0.0,False
CCCSC(=S)N1CC(C)(C)CS/C1=N\c1ccccc1C(C)C,1,1,1,1,6.924453038607469,6.924453038607469,0.0,6.924453038607469,0.0,0.0,6.924453038607469,0.0,False
CCCc1c(C(=O)N[C@H]2CCCC[C@@H]2O)nc(-c2ccccc2Cl)n1-c1ccc(Cl)cc1,1,1,1,1,5.568636235841012,5.568636235841012,0.0,5.568636235841012,0.0,0.0,5.568636235841012,0.0,False
CCCc1c(C)sc(NC(=O)C23CC4CC(CC(C4)C2)C3)c1C(=O)OC,1,1,1,1,8.368556230986828,8.368556230986828,0.0,8.368556230986828,0.0,0.0,8.368556230986828,0.0,False
CCCc1c(CC)cc(C(=O)NC2(C(=O)O)CCCCC2)c(=O)n1Cc1ccc(F)cc1,1,1,1,1,6.580044251510242,6.580044251510242,0.0,6.580044251510242,0.0,0.0,6.580044251510242,0.0,False
CCCc1cc(C(=O)OC)c(NC(=O)C23CC4CC(CC(C4)C2)C3)s1,1,1,1,1,8.14206473528057,8.14206473528057,0.0,8.14206473528057,0.0,0.0,8.14206473528057,0.0,False
CCCc1cc(O)c2c(c1)OC(C)(C)[C@@H]1CCC(C(=O)O)=C[C@@H]21,1,1,1,1,6.229368872222194,6.229368872222194,0.0,6.229368872222194,0.0,0.0,6.229368872222194,0.0,False
CCCc1cc(O)c2c(c1)OC(C)(C)[C@@H]1CCC(C)=C[C@@H]21,2,2,2,1,7.200659450546418,8.55284196865778,1.3521825181113627,7.876750709602099,0.0,1.3521825181113627,7.876750709602099,0.0,True
CCCc1cc(O)c2c(c1)OC(C)(C)[C@@H]1CCC(CO)=C[C@@H]21,1,1,1,1,8.327902142064282,8.327902142064282,0.0,8.327902142064282,0.0,0.0,8.327902142064282,0.0,False
CCCc1cc(O)c2c(c1)OC(C)(C)[C@@H]1C[C@H](O)C(C)=C[C@@H]21,1,1,1,1,6.892111974817201,6.892111974817201,0.0,6.892111974817201,0.0,0.0,6.892111974817201,0.0,False
CCCc1ccc(/C=C2\C=C(CCN3CCOCC3)c3ccccc32)c2ccccc12,1,1,1,1,9.0,9.0,0.0,9.0,0.0,0.0,9.0,0.0,False
CCCc1ccc(/N=C2\SCC3(CCCCC3)CN2C(=S)SC)cc1,1,1,1,1,8.154901959985743,8.154901959985743,0.0,8.154901959985743,0.0,0.0,8.154901959985743,0.0,False
CCCc1ccc(C(=O)c2c(C)n(CCC)c3ccccc23)c2ccccc12,1,1,1,1,7.921180816901151,7.921180816901151,0.0,7.921180816901151,0.0,0.0,7.921180816901151,0.0,False
CCCc1ccc(C(=O)c2cc(O)c(-c3cc(Cl)cc(Cl)c3)c(O)c2)cc1,1,1,1,1,7.2225006804096346,7.2225006804096346,0.0,7.2225006804096346,0.0,0.0,7.2225006804096346,0.0,False
CCCc1ccc(C(=O)c2cn(CCC)c3ccccc23)c2ccccc12,1,1,1,1,8.018000285870121,8.018000285870121,0.0,8.018000285870121,0.0,0.0,8.018000285870121,0.0,False
CCCc1ccc(C(C)(C)c2cc(O)c3c(c2)OC(C)(C)[C@@H]2CC=C(C)C[C@@H]32)cc1,1,1,1,1,8.106238237942057,8.106238237942057,0.0,8.106238237942057,0.0,0.0,8.106238237942057,0.0,False
CCCc1ccc(CN(Cc2ccccc2)S(=O)(=O)c2ccc(C)cc2)cc1,1,1,1,1,6.886056647693163,6.886056647693163,0.0,6.886056647693163,0.0,0.0,6.886056647693163,0.0,False
CCCc1ccc(O)c(-c2cc(CCC)ccc2O)c1,1,1,1,1,6.380906669373257,6.380906669373257,0.0,6.380906669373257,0.0,0.0,6.380906669373257,0.0,False
CCCc1ccccc1/N=C1\SCC(C)(C)CN1C(=S)SC,1,1,1,1,7.2441251443275085,7.2441251443275085,0.0,7.2441251443275085,0.0,0.0,7.2441251443275085,0.0,False
CCCc1nc2ccccc2n1C(=O)c1ccc(OC)cc1,1,1,1,1,5.721246399047171,5.721246399047171,0.0,5.721246399047171,0.0,0.0,5.721246399047171,0.0,False
CCCc1sc(NC(=O)C23CC4CC(CC(C4)C2)C3)c(C(=O)O[11CH3])c1C,1,1,1,1,8.366531544420413,8.366531544420413,0.0,8.366531544420413,0.0,0.0,8.366531544420413,0.0,False
CCCc1sc2ccccc2c1C(=O)c1ccc(OC)cc1,1,1,1,1,6.522878745280337,6.522878745280337,0.0,6.522878745280337,0.0,0.0,6.522878745280337,0.0,False
CCCc1sc2ccccc2c1C(=O)c1cccc2ccccc12,1,1,1,1,6.0,6.0,0.0,6.0,0.0,0.0,6.0,0.0,False
CCCn1c(=O)c(C(=O)NC23CC4CC(CC(C4)C2)C3)c(O)c2nn(CCO)cc21,1,1,1,1,6.798602875679549,6.798602875679549,0.0,6.798602875679549,0.0,0.0,6.798602875679549,0.0,False
CCCn1c(=O)c(C(=O)NC23CC4CC(CC(C4)C2)C3)c(O)c2nn(CCOC(C)=O)cc21,1,1,1,1,6.730487055782083,6.730487055782083,0.0,6.730487055782083,0.0,0.0,6.730487055782083,0.0,False
CCCn1c(=O)c(C(=O)NC2CCC(C)CC2)cc2ccccc21,1,1,1,1,7.5951662833800615,7.5951662833800615,0.0,7.5951662833800615,0.0,0.0,7.5951662833800615,0.0,False
CCCn1c(C)c(C(=O)c2cc(N)cc3ccccc23)c2ccccc21,1,1,1,1,6.718966632752272,6.718966632752272,0.0,6.718966632752272,0.0,0.0,6.718966632752272,0.0,False
CCCn1c(C)c(C(=O)c2cc([N+](=O)[O-])cc3ccccc23)c2ccccc21,1,1,1,1,6.844663962534938,6.844663962534938,0.0,6.844663962534938,0.0,0.0,6.844663962534938,0.0,False
CCCn1c(C)c(C(=O)c2ccc(Br)c3ccccc23)c2ccccc21,1,1,1,1,7.508638306165727,7.508638306165727,0.0,7.508638306165727,0.0,0.0,7.508638306165727,0.0,False
CCCn1c(C)c(C(=O)c2ccc(C)c3ccccc23)c2ccccc21,1,1,1,1,7.853871964321762,7.853871964321762,0.0,7.853871964321762,0.0,0.0,7.853871964321762,0.0,False
CCCn1c(C)c(C(=O)c2ccc(CC)c3ccccc23)c2ccccc21,1,1,1,1,7.921180816901151,7.921180816901151,0.0,7.921180816901151,0.0,0.0,7.921180816901151,0.0,False
CCCn1c(C)c(C(=O)c2ccc(Cl)c3ccccc23)c2ccccc21,1,1,1,1,7.657577319177793,7.657577319177793,0.0,7.657577319177793,0.0,0.0,7.657577319177793,0.0,False
CCCn1c(C)c(C(=O)c2ccc(F)c3ccccc23)c2ccccc21,1,1,1,1,7.42021640338319,7.42021640338319,0.0,7.42021640338319,0.0,0.0,7.42021640338319,0.0,False
CCCn1c(C)c(C(=O)c2ccc(I)c3ccccc23)c2ccccc21,1,1,1,1,7.698970004336019,7.698970004336019,0.0,7.698970004336019,0.0,0.0,7.698970004336019,0.0,False
CCCn1c(C)c(C(=O)c2ccc(OC)c3ccccc23)c2ccccc21,1,1,1,1,7.013004460275619,7.013004460275619,0.0,7.013004460275619,0.0,0.0,7.013004460275619,0.0,False
CCCn1c(C)c(C(=O)c2ccc(OCC)c3ccccc23)c2ccccc21,1,1,1,1,6.656000930942838,6.656000930942838,0.0,6.656000930942838,0.0,0.0,6.656000930942838,0.0,False
CCCn1c(C)c(C(=O)c2ccc3ccccc3c2)c2ccccc21,1,1,1,1,7.860120913598763,7.860120913598763,0.0,7.860120913598763,0.0,0.0,7.860120913598763,0.0,False
CCCn1c(C)c(C(=O)c2cccc3cc(OC)ccc23)c2ccccc21,1,1,1,1,7.522878745280337,7.522878745280337,0.0,7.522878745280337,0.0,0.0,7.522878745280337,0.0,False
CCCn1c(C)c(C(=O)c2cccc3ccc(C)cc23)c2ccccc21,1,1,1,1,7.795880017344075,7.795880017344075,0.0,7.795880017344075,0.0,0.0,7.795880017344075,0.0,False
CCCn1c(C)c(C(=O)c2cccc3ccc(CC)cc23)c2ccccc21,1,1,1,1,6.620005959834258,6.620005959834258,0.0,6.620005959834258,0.0,0.0,6.620005959834258,0.0,False
CCCn1c(C)c(C(=O)c2cccc3ccc(OC)cc23)c2ccccc21,1,1,1,1,6.356004794421518,6.356004794421518,0.0,6.356004794421518,0.0,0.0,6.356004794421518,0.0,False
CCCn1c(C)c(C(=O)c2cccc3cccc(Br)c23)c2ccccc21,1,1,1,1,6.555955204081924,6.555955204081924,0.0,6.555955204081924,0.0,0.0,6.555955204081924,0.0,False
CCCn1c(C)c(C(=O)c2cccc3cccc(Cl)c23)c2ccccc21,1,1,1,1,6.7594507517174005,6.7594507517174005,0.0,6.7594507517174005,0.0,0.0,6.7594507517174005,0.0,False
CCCn1c(C)c(C(=O)c2cccc3cccc(I)c23)c2ccccc21,1,1,1,1,6.270835210307229,6.270835210307229,0.0,6.270835210307229,0.0,0.0,6.270835210307229,0.0,False
CCCn1c(C)c(C(=O)c2cccc3ccccc23)c2ccccc21,2,2,2,1,7.443697499232712,7.860120913598763,0.4164234143660508,7.651909206415738,0.0,0.4164234143660508,7.651909206415738,0.0,False
CCCn1c(C)c(C)cc(Oc2nc3ccccc3o2)c1=S,1,1,1,1,6.559090917934782,6.559090917934782,0.0,6.559090917934782,0.0,0.0,6.559090917934782,0.0,False
CCCn1c2ccccc2c2cc(C(=O)N3CCCCC3)ccc21,1,1,1,1,6.283162276700475,6.283162276700475,0.0,6.283162276700475,0.0,0.0,6.283162276700475,0.0,False
CCCn1cc(C(=O)C2C(C)(C)C2(C)C)c2ccccc21,2,1,1,1,8.036212172654444,8.040005161671584,0.0037929890171390923,8.038108667163014,0.0037929890171390923,0.0,8.038108667163014,0.0,False
CCCn1cc(C(=O)NC2CCCCC2)c(=O)c2c(C)nn(C)c21,1,1,1,1,6.3851027839668655,6.3851027839668655,0.0,6.3851027839668655,0.0,0.0,6.3851027839668655,0.0,False
CCCn1cc(C(=O)N[C@@H]2C(C)(C)C3CC[C@]2(C)C3)c(=O)c2ccc(F)cc21,1,1,1,1,8.537602002101044,8.537602002101044,0.0,8.537602002101044,0.0,0.0,8.537602002101044,0.0,False
CCCn1cc(C(=O)N[C@@H]2C(C)(C)C3CC[C@]2(C)C3)c(=O)c2ccc(Sc3ccccc3)cc21,1,1,1,1,9.397940008672037,9.397940008672037,0.0,9.397940008672037,0.0,0.0,9.397940008672037,0.0,False
CCCn1cc(C(=O)c2c(OC)ccc3ccccc23)c2ccccc21,1,1,1,1,7.097018600202497,7.097018600202497,0.0,7.097018600202497,0.0,0.0,7.097018600202497,0.0,False
CCCn1cc(C(=O)c2ccc(Br)c3ccccc23)c2ccccc21,1,1,1,1,7.568636235841012,7.568636235841012,0.0,7.568636235841012,0.0,0.0,7.568636235841012,0.0,False
CCCn1cc(C(=O)c2ccc(C)c3ccccc23)c2ccccc21,1,1,1,1,8.214670164989233,8.214670164989233,0.0,8.214670164989233,0.0,0.0,8.214670164989233,0.0,False
CCCn1cc(C(=O)c2ccc(CC)c3ccccc23)c2ccccc21,1,1,1,1,8.0,8.0,0.0,8.0,0.0,0.0,8.0,0.0,False
CCCn1cc(C(=O)c2ccc(Cl)c3ccccc23)c2ccccc21,1,1,1,1,7.356547323513812,7.356547323513812,0.0,7.356547323513812,0.0,0.0,7.356547323513812,0.0,False
CCCn1cc(C(=O)c2ccc(F)c3ccccc23)c2ccccc21,1,1,1,1,7.481486060122112,7.481486060122112,0.0,7.481486060122112,0.0,0.0,7.481486060122112,0.0,False
CCCn1cc(C(=O)c2ccc(I)c3ccccc23)c2ccccc21,1,1,1,1,8.18045606445813,8.18045606445813,0.0,8.18045606445813,0.0,0.0,8.18045606445813,0.0,False
CCCn1cc(C(=O)c2ccc(OC)c3ccccc23)c2ccccc21,1,1,1,1,7.494985759915893,7.494985759915893,0.0,7.494985759915893,0.0,0.0,7.494985759915893,0.0,False
CCCn1cc(C(=O)c2ccc(OCC)c3ccccc23)c2ccccc21,1,1,1,1,7.131003097512865,7.131003097512865,0.0,7.131003097512865,0.0,0.0,7.131003097512865,0.0,False
CCCn1cc(C(=O)c2ccc3c(c2)CC(C)(C)C3)c2ccccc21,1,1,1,1,6.886056647693163,6.886056647693163,0.0,6.886056647693163,0.0,0.0,6.886056647693163,0.0,False
CCCn1cc(C(=O)c2cccc3cc(OC)ccc23)c2ccccc21,1,1,1,1,6.859995049380551,6.859995049380551,0.0,6.859995049380551,0.0,0.0,6.859995049380551,0.0,False
CCCn1cc(C(=O)c2cccc3ccc(C)cc23)c2ccccc21,1,1,1,1,6.974981027717241,6.974981027717241,0.0,6.974981027717241,0.0,0.0,6.974981027717241,0.0,False
CCCn1cc(C(=O)c2cccc3ccc(CC)cc23)c2ccccc21,1,1,1,1,6.909988975992853,6.909988975992853,0.0,6.909988975992853,0.0,0.0,6.909988975992853,0.0,False
CCCn1cc(C(=O)c2cccc3ccc(OC)cc23)c2ccccc21,1,1,1,1,7.14898639317633,7.14898639317633,0.0,7.14898639317633,0.0,0.0,7.14898639317633,0.0,False
CCCn1cc(C(=O)c2cccc3cccc(Br)c23)c2ccccc21,1,1,1,1,6.71669877129645,6.71669877129645,0.0,6.71669877129645,0.0,0.0,6.71669877129645,0.0,False
CCCn1cc(C(=O)c2cccc3cccc(Cl)c23)c2ccccc21,1,1,1,1,6.872895201635192,6.872895201635192,0.0,6.872895201635192,0.0,0.0,6.872895201635192,0.0,False
CCCn1cc(C(=O)c2cccc3cccc(I)c23)c2ccccc21,1,1,1,1,6.818156412055227,6.818156412055227,0.0,6.818156412055227,0.0,0.0,6.818156412055227,0.0,False
CCCn1cc(C(=O)c2cccc3ccccc23)c2ccccc21,1,1,1,1,6.770011163455189,6.770011163455189,0.0,6.770011163455189,0.0,0.0,6.770011163455189,0.0,False
CCCn1cc(C(=O)c2cccc3ccccc23)cc1-c1ccccc1,1,1,1,1,6.982966660701219,6.982966660701219,0.0,6.982966660701219,0.0,0.0,6.982966660701219,0.0,False
CCCn1cc(CC(=O)NC23CC4CC(CC(C4)C2)C3)c2cc(-c3ccccc3)ccc21,1,1,1,1,7.928117992693874,7.928117992693874,0.0,7.928117992693874,0.0,0.0,7.928117992693874,0.0,False
CCCn1cccc(C(=O)NC2CCC(C)CC2)c1=O,1,1,1,1,6.234331445240986,6.234331445240986,0.0,6.234331445240986,0.0,0.0,6.234331445240986,0.0,False
CCCn1nc(OCc2ccc3ccccc3c2)c2cc(N)ccc21,1,1,1,1,5.537602002101044,5.537602002101044,0.0,5.537602002101044,0.0,0.0,5.537602002101044,0.0,False
CCCn1nc(OCc2ccc3ccccc3c2)c2cc([N+](=O)[O-])ccc21,1,1,1,1,6.327902142064282,6.327902142064282,0.0,6.327902142064282,0.0,0.0,6.327902142064282,0.0,False
CCN(C)S(=O)(=O)N/C(=N\C)N1CC(c2ccccc2)C(c2ccc(Cl)cc2)=N1,1,1,1,1,5.72792621249999,5.72792621249999,0.0,5.72792621249999,0.0,0.0,5.72792621249999,0.0,False
CCN(CC)C(=O)c1ccc2c(c1)nc(Cc1ccc(O)cc1)n2CCC(C)C,1,1,1,1,6.097453220686009,6.097453220686009,0.0,6.097453220686009,0.0,0.0,6.097453220686009,0.0,False
CCN(CC)C(=O)c1ccc2c(c1)nc(Cc1ccc(OC(C)C)cc1)n2CCC(C)C,1,1,1,1,8.346787486224656,8.346787486224656,0.0,8.346787486224656,0.0,0.0,8.346787486224656,0.0,False
CCN(CC)C(=O)c1ccc2c(c1)nc(Cc1ccc(OC(F)(F)F)cc1)n2CCC(C)C,1,1,1,1,7.6020599913279625,7.6020599913279625,0.0,7.6020599913279625,0.0,0.0,7.6020599913279625,0.0,False
CCN(CC)C(=O)c1ccc2c(c1)nc(Cc1ccc(OC)cc1)n2CCC(C)C,1,1,1,1,7.769551078621726,7.769551078621726,0.0,7.769551078621726,0.0,0.0,7.769551078621726,0.0,False
CCN(CC)C(=O)c1ccc2c(c1)nc(Cc1ccc(OC3CCC3)cc1)n2CCC(C)C,1,1,1,1,7.356547323513812,7.356547323513812,0.0,7.356547323513812,0.0,0.0,7.356547323513812,0.0,False
CCN(CC)C(=O)c1ccc2c(c1)nc(Cc1ccc(OC3CCCC3)cc1)n2CCC(C)C,1,1,1,1,7.366531544420413,7.366531544420413,0.0,7.366531544420413,0.0,0.0,7.366531544420413,0.0,False
CCN(CC)C(=O)c1ccc2c(c1)nc(Cc1ccc(OC3CCCCC3)cc1)n2CCC(C)C,1,1,1,1,6.279014255846261,6.279014255846261,0.0,6.279014255846261,0.0,0.0,6.279014255846261,0.0,False
CCN(CC)C(=O)c1ccc2c(c1)nc(Cc1ccc(OCC(F)(F)F)cc1)n2CCC(C)C,1,1,1,1,7.2441251443275085,7.2441251443275085,0.0,7.2441251443275085,0.0,0.0,7.2441251443275085,0.0,False
CCN(CC)C(=O)c1ccc2c(c1)nc(Cc1ccc(OCC3CC3)cc1)n2CCC(C)C,1,1,1,1,7.275724130399211,7.275724130399211,0.0,7.275724130399211,0.0,0.0,7.275724130399211,0.0,False
CCN(CC)C(=O)c1ccc2c(c1)nc(Cc1ccc(Oc3ccccc3)cc1)n2CCC(C)C,1,1,1,1,8.309803919971486,8.309803919971486,0.0,8.309803919971486,0.0,0.0,8.309803919971486,0.0,False
CCN(CC)C(=O)c1ccc2c(c1)nc(Nc1ccc(Oc3ccccc3)cc1)n2CCC(C)C,1,1,1,1,6.370590400897282,6.370590400897282,0.0,6.370590400897282,0.0,0.0,6.370590400897282,0.0,False
CCN(CC)C(=O)c1ccc2c(c1)nc(Nc1ccc(Oc3ccccc3)cc1)n2CCN1CCCCC1,1,1,1,1,5.050609993355087,5.050609993355087,0.0,5.050609993355087,0.0,0.0,5.050609993355087,0.0,False
CCN(CC)C(=O)c1nc(-c2ccc(Cl)cc2Cl)n(-c2ccc(Cl)cc2)c1C,1,1,1,1,5.598599459218455,5.598599459218455,0.0,5.598599459218455,0.0,0.0,5.598599459218455,0.0,False
CCN(CC)C1(c2nc(-c3cc(C(C)(C)C)c(O)c(C(C)(C)C)c3)cs2)CCOCC1,1,1,1,1,7.111259039317107,7.111259039317107,0.0,7.111259039317107,0.0,0.0,7.111259039317107,0.0,False
CCN(CC)CCOc1ccc(C(=O)c2c(-c3ccc(OCCCCCCCN(C)Cc4ccccc4)cc3)oc3ccccc23)cc1,1,1,1,1,5.928117992693874,5.928117992693874,0.0,5.928117992693874,0.0,0.0,5.928117992693874,0.0,False
CCN(CC)CCOc1cccc(C(=O)c2c(-c3ccc(OCCCCCCCN(C)Cc4ccccc4)cc3)oc3ccccc23)c1,1,1,1,1,6.161150909262744,6.161150909262744,0.0,6.161150909262744,0.0,0.0,6.161150909262744,0.0,False
CCN(CC)CCn1c(Cc2ccc(OC)cc2)nc2cc(C(F)(F)F)ccc21,1,1,1,1,5.684029654543082,5.684029654543082,0.0,5.684029654543082,0.0,0.0,5.684029654543082,0.0,False
CCN(CC)CCn1c(Cc2ccccc2)nc2cc(C(F)(F)F)ccc21,1,1,1,1,5.801342913045577,5.801342913045577,0.0,5.801342913045577,0.0,0.0,5.801342913045577,0.0,False
CCN(CC)Cc1ccc(C(=O)c2c(-c3ccc(OCCCCCCCN(C)Cc4ccccc4)cc3)oc3ccccc23)cc1,1,1,1,1,5.950781977329818,5.950781977329818,0.0,5.950781977329818,0.0,0.0,5.950781977329818,0.0,False
CCN(CC)Oc1ccc(C(F)(F)F)cc1C(=O)/N=c1\sc(C(C)(C)C)cn1C[C@H]1CCCO1,1,1,1,1,7.657577319177793,7.657577319177793,0.0,7.657577319177793,0.0,0.0,7.657577319177793,0.0,False
CCN(CC)S(=O)(=O)/N=C(/N=C(/C)N)N1C[C@H](c2ccccc2)C(c2ccc(Cl)cc2)=N1,1,1,1,1,7.180456064458131,7.180456064458131,0.0,7.180456064458131,0.0,0.0,7.180456064458131,0.0,False
CCN(CC)S(=O)(=O)/N=C(/N=C(\N)SC)N1CC(c2ccccc2)C(c2ccc(Cl)cc2)=N1,1,1,1,1,7.154901959985743,7.154901959985743,0.0,7.154901959985743,0.0,0.0,7.154901959985743,0.0,False
CCN(CC)S(=O)(=O)/N=C(/N=C(\N)c1ccc(Cl)cc1)N1CC(c2ccccc2)C(c2ccc(Cl)cc2)=N1,1,1,1,1,7.154901959985743,7.154901959985743,0.0,7.154901959985743,0.0,0.0,7.154901959985743,0.0,False
CCN(CC)S(=O)(=O)N/C(=N\C(C)C)N1CC(c2ccccc2)C(c2ccc(Cl)cc2)=N1,1,1,1,1,5.559878396812197,5.559878396812197,0.0,5.559878396812197,0.0,0.0,5.559878396812197,0.0,False
CCN(CC)S(=O)(=O)N/C(=N\C)N1CC(c2ccccc2)C(c2ccc(Cl)cc2)=N1,1,1,1,1,5.485452247339714,5.485452247339714,0.0,5.485452247339714,0.0,0.0,5.485452247339714,0.0,False
CCN(CC)S(=O)(=O)N/C(=N\C)N1CC(c2cccnc2)C(c2ccc(Cl)cc2)=N1,1,1,1,1,5.042057664554596,5.042057664554596,0.0,5.042057664554596,0.0,0.0,5.042057664554596,0.0,False
CCN(CC)c1ccc(C(NC(=O)/C=C/c2ccccc2)NC(=O)/C=C/c2ccccc2)cc1,2,1,1,1,6.777283528852417,6.777283528852417,0.0,6.777283528852417,0.0,0.0,6.777283528852417,0.0,False
CCN(CC)c1ccc(C(NC(=O)C(C)(C)C)NC(=O)C(C)(C)C)cc1,2,1,1,1,5.449404792510672,5.449404792510672,0.0,5.449404792510672,0.0,0.0,5.449404792510672,0.0,False
CCN(CC)c1ccc(C(NC(=O)C(C)C)NC(=O)C(C)C)cc1,2,1,1,1,5.579054594078028,5.579054594078028,0.0,5.579054594078028,0.0,0.0,5.579054594078028,0.0,False
CCN(CC)c1ccc(C(NC(=O)CCc2ccccc2)NC(=O)CCc2ccccc2)cc1,2,1,1,1,6.671620396561263,6.671620396561263,0.0,6.671620396561263,0.0,0.0,6.671620396561263,0.0,False
CCN(CC)c1ccc(C(NC(=O)Cc2ccccc2)NC(=O)Cc2ccccc2)cc1,2,1,1,1,7.1938200260161125,7.1938200260161125,0.0,7.1938200260161125,0.0,0.0,7.1938200260161125,0.0,False
CCN(CC)c1ccc(C(NC(=O)c2ccccc2)NC(=O)c2ccccc2)cc1,2,1,1,1,6.162411561764489,6.162411561764489,0.0,6.162411561764489,0.0,0.0,6.162411561764489,0.0,False
CCN(CC)c1ccc(CN(C(=O)C2CCCCC2)[C@]23C[C@H]4C[C@H](C[C@H](C4)C2)C3)cc1,2,1,1,1,7.455931955649724,7.4560560575170935,0.00012410186736921958,7.455994006583409,0.00012410186736921958,0.0,7.455994006583409,0.0,False
CCN(CC)c1ccc(CN(C(=O)C2CCCCC2)c2ccc(C)cc2)cc1,2,1,1,1,6.653647025549361,6.6539992990432495,0.0003522734938883332,6.653823162296305,0.0003522734938883332,0.0,6.653823162296305,0.0,False
CCN(CC)c1ccc(CN(C(=O)C2CCCCC2)c2ccc(Cl)cc2)cc1,2,1,1,1,6.784997292785048,6.785156151952302,0.00015885916725366656,6.785076722368675,0.00015885916725366656,0.0,6.785076722368675,0.0,False
CCN(CC)c1ccc(CN(C(=O)Cc2ccc(Cl)cc2)[C@]23C[C@H]4C[C@H](C[C@H](C4)C2)C3)cc1,2,1,1,1,7.419987887470576,7.42021640338319,0.00022851591261385806,7.420102145426883,0.00022851591261385806,0.0,7.420102145426883,0.0,False
CCN(CC)c1ccc(CN(C(=O)Cc2ccc(Cl)cc2)c2ccc(C)cc2)cc1,2,1,1,1,6.97061622231479,6.970981670453519,0.00036544813872829707,6.970798946384154,0.00036544813872829707,0.0,6.970798946384154,0.0,False
CCN(CC)c1ccc(CN(C(=O)Cc2ccc(Cl)cc2)c2ccc(Cl)cc2)cc1,2,1,1,1,6.866014253731421,6.866461091629782,0.00044683789836152954,6.866237672680601,0.00044683789836152954,0.0,6.866237672680601,0.0,False
CCN(CC)c1ccc(CN(C(=O)Cc2ccccc2)[C@]23C[C@H]4C[C@H](C[C@H](C4)C2)C3)cc1,2,1,1,1,7.221848749616356,7.221993538576491,0.00014478896013514486,7.221921144096424,0.00014478896013514486,0.0,7.221921144096424,0.0,False
CCN(CC)c1ccc(CN(C(=O)Cc2ccccc2)c2ccc(C)cc2)cc1,2,1,1,1,7.142667503568731,7.143029566517508,0.0003620629487768312,7.14284853504312,0.0003620629487768312,0.0,7.14284853504312,0.0,False
CCN(CC)c1ccc(CN(C2CCCC2)S(=O)(=O)c2ccc(C)cc2)cc1,1,1,1,1,7.443697499232712,7.443697499232712,0.0,7.443697499232712,0.0,0.0,7.443697499232712,0.0,False
CCN(CC)c1ccc(CN(C2CCCCC2)S(=O)(=O)c2ccc(C(C)C)cc2)cc1,1,1,1,1,7.259637310505756,7.259637310505756,0.0,7.259637310505756,0.0,0.0,7.259637310505756,0.0,False
CCN(CC)c1ccc(CN(C2CCCCC2)S(=O)(=O)c2ccc(C)cc2)cc1,1,1,1,1,7.7447274948966935,7.7447274948966935,0.0,7.7447274948966935,0.0,0.0,7.7447274948966935,0.0,False
CCN(CC)c1ccc(CN(C2CCCCC2)S(=O)(=O)c2ccc(OC)cc2)cc1,1,1,1,1,7.1249387366083,7.1249387366083,0.0,7.1249387366083,0.0,0.0,7.1249387366083,0.0,False
CCN(CC)c1ccc(CN(CC2CCCCC2)S(=O)(=O)c2ccc(C)cc2)cc1,1,1,1,1,7.468521082957745,7.468521082957745,0.0,7.468521082957745,0.0,0.0,7.468521082957745,0.0,False
CCN(CC)c1ccc(CN(CCc2ccccc2)S(=O)(=O)c2ccc(C)cc2)cc1,1,1,1,1,6.920818753952375,6.920818753952375,0.0,6.920818753952375,0.0,0.0,6.920818753952375,0.0,False
CCN(CC)c1ccc(CN(Cc2ccc(Cl)c(Cl)c2)S(=O)(=O)c2ccc(C)cc2)cc1,1,1,1,1,6.4089353929735005,6.4089353929735005,0.0,6.4089353929735005,0.0,0.0,6.4089353929735005,0.0,False
CCN(CC)c1ccc(CN(Cc2ccc(Cl)cc2)S(=O)(=O)c2ccc(C)cc2)cc1,1,1,1,1,6.6777807052660805,6.6777807052660805,0.0,6.6777807052660805,0.0,0.0,6.6777807052660805,0.0,False
CCN(CC)c1ccc(CN(Cc2ccc(F)cc2)S(=O)(=O)c2ccc(C)cc2)cc1,1,1,1,1,6.920818753952375,6.920818753952375,0.0,6.920818753952375,0.0,0.0,6.920818753952375,0.0,False
CCN(CC)c1ccc(CN(Cc2ccc(N(CC)CC)cc2)S(=O)(=O)c2ccc(C)cc2)cc1,1,1,1,1,6.267606240177031,6.267606240177031,0.0,6.267606240177031,0.0,0.0,6.267606240177031,0.0,False
CCN(CC)c1ccc(CN(Cc2ccccc2)Cc2ccccc2)cc1,1,1,1,1,6.823908740944319,6.823908740944319,0.0,6.823908740944319,0.0,0.0,6.823908740944319,0.0,False
CCN(CC)c1ccc(CN(Cc2ccccc2)S(=O)(=O)Cc2ccccc2)cc1,1,1,1,1,6.581698708680255,6.581698708680255,0.0,6.581698708680255,0.0,0.0,6.581698708680255,0.0,False
CCN(CC)c1ccc(CN(Cc2ccccc2)S(=O)(=O)c2ccc(-c3ccccc3)cc2)cc1,1,1,1,1,6.779891911959945,6.779891911959945,0.0,6.779891911959945,0.0,0.0,6.779891911959945,0.0,False
CCN(CC)c1ccc(CN(Cc2ccccc2)S(=O)(=O)c2ccc(C(C)C)cc2)cc1,1,1,1,1,7.1487416512809245,7.1487416512809245,0.0,7.1487416512809245,0.0,0.0,7.1487416512809245,0.0,False
CCN(CC)c1ccc(CN(Cc2ccccc2)S(=O)(=O)c2ccc(C)cc2)cc1,1,1,1,1,7.275724130399211,7.275724130399211,0.0,7.275724130399211,0.0,0.0,7.275724130399211,0.0,False
CCN(CC)c1ccc(CN(Cc2ccccc2)S(=O)(=O)c2ccc(Cl)cc2)cc1,1,1,1,1,7.136677139879544,7.136677139879544,0.0,7.136677139879544,0.0,0.0,7.136677139879544,0.0,False
CCN(CC)c1ccc(CN(Cc2ccccc2)S(=O)(=O)c2ccc(F)cc2)cc1,1,1,1,1,6.991399828238082,6.991399828238082,0.0,6.991399828238082,0.0,0.0,6.991399828238082,0.0,False
CCN(CC)c1ccc(CN(Cc2ccccc2)S(=O)(=O)c2ccc(NC(C)=O)cc2)cc1,1,1,1,1,6.327902142064282,6.327902142064282,0.0,6.327902142064282,0.0,0.0,6.327902142064282,0.0,False
CCN(CC)c1ccc(CN(Cc2ccccc2)S(=O)(=O)c2ccc(OC(C)C)cc2)cc1,1,1,1,1,7.026872146400302,7.026872146400302,0.0,7.026872146400302,0.0,0.0,7.026872146400302,0.0,False
CCN(CC)c1ccc(CN(Cc2ccccc2)S(=O)(=O)c2ccc(OC(F)(F)F)cc2)cc1,1,1,1,1,6.238824186844269,6.238824186844269,0.0,6.238824186844269,0.0,0.0,6.238824186844269,0.0,False
CCN(CC)c1ccc(CN(Cc2ccccc2)S(=O)(=O)c2ccc(OC)cc2)cc1,1,1,1,1,7.337242168318426,7.337242168318426,0.0,7.337242168318426,0.0,0.0,7.337242168318426,0.0,False
CCN(CC)c1ccc(CN(Cc2ccccc2)S(=O)(=O)c2ccc3ccccc3c2)cc1,1,1,1,1,6.721246399047171,6.721246399047171,0.0,6.721246399047171,0.0,0.0,6.721246399047171,0.0,False
CCN(CC)c1ccc(CN(Cc2ccccc2)S(=O)(=O)c2ccccc2)cc1,1,1,1,1,6.769551078621726,6.769551078621726,0.0,6.769551078621726,0.0,0.0,6.769551078621726,0.0,False
CCN(CC)c1ccc(CN(Cc2ccco2)S(=O)(=O)c2ccc(C(C)C)cc2)cc1,1,1,1,1,7.508638306165727,7.508638306165727,0.0,7.508638306165727,0.0,0.0,7.508638306165727,0.0,False
CCN(CC)c1ccc(CN(Cc2ccco2)S(=O)(=O)c2ccc(C)cc2)cc1,1,1,1,1,8.022276394711152,8.022276394711152,0.0,8.022276394711152,0.0,0.0,8.022276394711152,0.0,False
CCN(CC)c1ccc(CN(Cc2ccco2)S(=O)(=O)c2ccc(OC)cc2)cc1,1,1,1,1,7.698970004336019,7.698970004336019,0.0,7.698970004336019,0.0,0.0,7.698970004336019,0.0,False
CCN(CC)c1ccc(CN(Cc2cccs2)S(=O)(=O)c2ccc(C)cc2)cc1,1,1,1,1,7.853871964321762,7.853871964321762,0.0,7.853871964321762,0.0,0.0,7.853871964321762,0.0,False
CCN(CC)c1ccc(CN([C@]23C[C@H]4C[C@H](C[C@H](C4)C2)C3)S(=O)(=O)c2ccc(C(C)C)cc2)cc1,2,1,1,1,6.339998279897117,6.34008379993015,8.552003303297084e-05,6.340041039913633,8.552003303297084e-05,0.0,6.340041039913633,0.0,False
CCN(CC)c1ccc(CN([C@]23C[C@H]4C[C@H](C[C@H](C4)C2)C3)S(=O)(=O)c2ccc(C)cc2)cc1,2,1,1,1,7.327902142064282,7.327994554977048,9.241291276573804e-05,7.327948348520665,9.241291276573804e-05,0.0,7.327948348520665,0.0,False
CCN(CC)c1ccc(CN([C@]23C[C@H]4C[C@H](C[C@H](C4)C2)C3)S(=O)(=O)c2ccc(Cl)cc2)cc1,2,1,1,1,6.761953896871205,6.762004107228149,5.02103569441914e-05,6.761979002049677,5.02103569441914e-05,0.0,6.761979002049677,0.0,False
CCN(CC)c1ccc(CN([C@]23C[C@H]4C[C@H](C[C@H](C4)C2)C3)S(=O)(=O)c2ccc(F)cc2)cc1,2,1,1,1,7.6020599913279625,7.6020599913279625,0.0,7.6020599913279625,0.0,0.0,7.6020599913279625,0.0,False
CCN(CC)c1ccc(CN([C@]23C[C@H]4C[C@H](C[C@H](C4)C2)C3)S(=O)(=O)c2ccc(OC)cc2)cc1,2,1,1,1,6.862994223570901,6.863279432843593,0.00028520927269237717,6.863136828207248,0.00028520927269237717,0.0,6.863136828207248,0.0,False
CCN(CC)c1ccc(CN([C@]23C[C@H]4C[C@H](C[C@H](C4)C2)C3)S(=O)(=O)c2cccc(C)c2)cc1,2,1,1,1,7.721017883134557,7.721246399047171,0.00022851591261385806,7.721132141090864,0.00022851591261385806,0.0,7.721132141090864,0.0,False
CCN(CC)c1ccc(CN([C@]23C[C@H]4C[C@H](C[C@H](C4)C2)C3)S(=O)(=O)c2ccccc2)cc1,2,1,1,1,7.075720713938118,7.075979299525932,0.0002585855878143306,7.075850006732026,0.0002585855878143306,0.0,7.075850006732026,0.0,False
CCN(CC)c1ccc(CN(c2ccc(C)cc2)S(=O)(=O)c2ccc(C(C)C)cc2)cc1,2,1,1,1,8.366531544420413,8.367036831832738,0.0005052874123254725,8.366784188126577,0.0005052874123254725,0.0,8.366784188126577,0.0,False
CCN(CC)c1ccc(CN(c2ccc(C)cc2)S(=O)(=O)c2ccc(C)cc2)cc1,2,1,1,1,8.267606240177031,8.26800855098107,0.0004023108040396295,8.267807395579052,0.0004023108040396295,0.0,8.267807395579052,0.0,False
CCN(CC)c1ccc(CN(c2ccc(C)cc2)S(=O)(=O)c2ccc(Cl)cc2)cc1,2,1,1,1,8.522878745280337,8.523023534240473,0.00014478896013514486,8.522951139760405,0.00014478896013514486,0.0,8.522951139760405,0.0,False
CCN(CC)c1ccc(CN(c2ccc(C)cc2)S(=O)(=O)c2ccc(F)cc2)cc1,2,1,1,1,8.2518119729938,8.251967105869856,0.00015513287605628534,8.251889539431827,0.00015513287605628534,0.0,8.251889539431827,0.0,False
CCN(CC)c1ccc(CN(c2ccc(C)cc2)S(=O)(=O)c2ccc(OC)cc2)cc1,2,1,1,1,9.301029995663981,9.301029995663981,0.0,9.301029995663981,0.0,0.0,9.301029995663981,0.0,False
CCN(CC)c1ccc(CN(c2ccc(C)cc2)S(=O)(=O)c2cccc(C)c2)cc1,2,1,1,1,8.236572006437063,8.237021509132257,0.0004495026951936154,8.23679675778466,0.0004495026951936154,0.0,8.23679675778466,0.0,False
CCN(CC)c1ccc(CN(c2ccc(C)cc2)S(=O)(=O)c2ccccc2)cc1,2,1,1,1,8.468521082957745,8.469032318428084,0.0005112354703395994,8.468776700692914,0.0005112354703395994,0.0,8.468776700692914,0.0,False
CCN(CC)c1ccc(CN(c2ccc(Cl)cc2)S(=O)(=O)c2ccc(C(C)C)cc2)cc1,2,1,1,1,6.653647025549361,6.6539992990432495,0.0003522734938883332,6.653823162296305,0.0003522734938883332,0.0,6.653823162296305,0.0,False
CCN(CC)c1ccc(CN(c2ccc(Cl)cc2)S(=O)(=O)c2ccc(C)cc2)cc1,2,1,1,1,7.431798275933005,7.432033093176846,0.0002348172438413343,7.431915684554926,0.0002348172438413343,0.0,7.431915684554926,0.0,False
CCN(CC)c1ccc(CN(c2ccc(Cl)cc2)S(=O)(=O)c2ccc(Cl)cc2)cc1,2,1,1,1,7.443697499232712,7.444059562181489,0.0003620629487768312,7.443878530707101,0.0003620629487768312,0.0,7.443878530707101,0.0,False
CCN(CC)c1ccc(CN(c2ccc(Cl)cc2)S(=O)(=O)c2ccc(F)cc2)cc1,2,1,1,1,7.136677139879544,7.136974703770529,0.00029756389098523073,7.136825921825037,0.00029756389098523073,0.0,7.136825921825037,0.0,False
CCN(CC)c1ccc(CN(c2ccc(Cl)cc2)S(=O)(=O)c2ccc(OC)cc2)cc1,2,1,1,1,7.853871964321762,7.853871964321762,0.0,7.853871964321762,0.0,0.0,7.853871964321762,0.0,False
CCN(CC)c1ccc(CN(c2ccc(Cl)cc2)S(=O)(=O)c2cccc(C)c2)cc1,2,1,1,1,8.55284196865778,8.552997101533837,0.00015513287605628534,8.552919535095809,0.00015513287605628534,0.0,8.552919535095809,0.0,False
CCN(CC)c1ccc(CN(c2ccc(Cl)cc2)S(=O)(=O)c2ccccc2)cc1,2,1,1,1,7.698970004336019,7.898940645091884,0.19997064075586568,7.798955324713951,0.19997064075586568,0.0,7.798955324713951,0.0,False
CCN(CC)c1ccc(CN(c2ccccc2)S(=O)(=O)c2ccc(C(C)C)cc2)cc1,1,1,1,1,7.522878745280337,7.522878745280337,0.0,7.522878745280337,0.0,0.0,7.522878745280337,0.0,False
CCN(CC)c1ccc(CN(c2ccccc2)S(=O)(=O)c2ccc(C)cc2)cc1,1,1,1,1,8.259637310505756,8.259637310505756,0.0,8.259637310505756,0.0,0.0,8.259637310505756,0.0,False
CCN(CC)c1ccc(CN(c2ccccc2)S(=O)(=O)c2ccc(OC)cc2)cc1,1,1,1,1,8.267606240177031,8.267606240177031,0.0,8.267606240177031,0.0,0.0,8.267606240177031,0.0,False
CCN(CC)c1ccc(CN(c2ncc(C)s2)S(=O)(=O)c2ccc(C)cc2)cc1,1,1,1,1,7.853871964321762,7.853871964321762,0.0,7.853871964321762,0.0,0.0,7.853871964321762,0.0,False
CCN(CC)c1ccc(CN(c2ncc(C)s2)S(=O)(=O)c2ccc(OC)cc2)cc1,1,1,1,1,8.397940008672037,8.397940008672037,0.0,8.397940008672037,0.0,0.0,8.397940008672037,0.0,False
CCN(CC)c1ccc(CNS(=O)(=O)c2ccc(C)cc2)cc1,1,1,1,1,5.443697499232712,5.443697499232712,0.0,5.443697499232712,0.0,0.0,5.443697499232712,0.0,False
CCN(CC)c1ccc(CN[C@]23C[C@H]4C[C@H](C[C@H](C4)C2)C3)cc1,2,1,1,1,4.70000006855703,4.700057099977233,5.7031420203301764e-05,4.700028584267131,5.7031420203301764e-05,0.0,4.700028584267131,0.0,False
CCN(CC)c1ccc(CNc2ccc(Cl)cc2)cc1,2,1,1,1,5.1710000178332916,5.171275672861208,0.00027565502791659924,5.17113784534725,0.00027565502791659924,0.0,5.17113784534725,0.0,False
CCN(Cc1ccccc1)C(=O)c1oc2ccc(S(=O)(=O)N3CC(C)CC(C)C3)cc2c1C,1,1,1,1,5.508638306165727,5.508638306165727,0.0,5.508638306165727,0.0,0.0,5.508638306165727,0.0,False
CCN1C(=O)C(Sc2nc3ccccc3o2)c2ccccc2C1C,1,1,1,1,7.376750709602099,7.376750709602099,0.0,7.376750709602099,0.0,0.0,7.376750709602099,0.0,False
CCN1CC(C)(C)CS/C1=N\c1ccccc1C(C)C,1,1,1,1,5.311580177997289,5.311580177997289,0.0,5.311580177997289,0.0,0.0,5.311580177997289,0.0,False
CCN1CCCC1Cn1c2c(cc(C(=O)NC3(C(=O)O)CCCCC3)c1=O)CCCCCC2,1,1,1,1,5.674895017028593,5.674895017028593,0.0,5.674895017028593,0.0,0.0,5.674895017028593,0.0,False
CCN1CCC[C@H]1COc1ccc(C(F)(F)F)cc1C(=O)/N=c1\sc(C(C)(C)C)cn1C[C@H]1CCCO1,1,1,1,1,8.086186147616283,8.086186147616283,0.0,8.086186147616283,0.0,0.0,8.086186147616283,0.0,False
CCN1CCN(C(=O)c2cn3c4c(cccc24)OC[C@H]3C2CCCCC2)CC1,1,1,1,1,8.400007822415901,8.400007822415901,0.0,8.400007822415901,0.0,0.0,8.400007822415901,0.0,False
CCN1CCN(c2nc(C)nc3[nH]c(-c4ccccc4Cl)nc23)CC1,1,1,1,1,7.292429823902063,7.292429823902063,0.0,7.292429823902063,0.0,0.0,7.292429823902063,0.0,False
CCN1CCN(c2nc(C)nc3oc(-c4ccccc4Cl)nc23)CC1,1,1,1,1,7.638272163982407,7.638272163982407,0.0,7.638272163982407,0.0,0.0,7.638272163982407,0.0,False
CCN1CCN(c2nc(C)nc3sc(-c4ccccc4)cc23)CC1,1,1,1,1,7.086186147616283,7.086186147616283,0.0,7.086186147616283,0.0,0.0,7.086186147616283,0.0,False
CCN1CCN(c2ncnc3oc(-c4ccccc4C(F)(F)F)nc23)CC1,1,1,1,1,7.019996628416253,7.019996628416253,0.0,7.019996628416253,0.0,0.0,7.019996628416253,0.0,False
CCN1CCN(c2ncnc3oc(-c4ccccc4Cl)nc23)CC1,1,1,1,1,6.482804102050025,6.482804102050025,0.0,6.482804102050025,0.0,0.0,6.482804102050025,0.0,False
CCNC(=O)NC1(c2ccccc2)CCN(c2ncnc3c2nc(-c2ccccc2Cl)n3-c2ccc(Cl)cc2)CC1,1,1,1,1,5.333014281670339,5.333014281670339,0.0,5.333014281670339,0.0,0.0,5.333014281670339,0.0,False
CCNC(=O)NC1CCCOc2c1nn(-c1ccccc1Cl)c2-c1ccc(Cl)cc1,1,1,1,1,4.8326826652518236,4.8326826652518236,0.0,4.8326826652518236,0.0,0.0,4.8326826652518236,0.0,False
CCNC(=O)NCCCCCSc1ccc2ccccc2c1,1,1,1,1,6.251811972993799,6.251811972993799,0.0,6.251811972993799,0.0,0.0,6.251811972993799,0.0,False
CCNC(=O)c1c(NC(=O)C23CC4CC(CC2C4)C3)sc2c1CCOC2,1,1,1,1,6.669992299127241,6.669992299127241,0.0,6.669992299127241,0.0,0.0,6.669992299127241,0.0,False
CCNC(=O)c1ccc2c(c1)nc(Cc1ccc(OCC)cc1)n2CC1CC1,1,1,1,1,7.200659450546418,7.200659450546418,0.0,7.200659450546418,0.0,0.0,7.200659450546418,0.0,False
CCNC1(C(N)=O)CCN(c2ncnc3c2nc(-c2ccccc2Cl)n3-c2ccc(Cl)cc2)CC1,1,1,1,1,5.113509274827518,5.113509274827518,0.0,5.113509274827518,0.0,0.0,5.113509274827518,0.0,False
CCOC(=O)/C(=C/c1cn(CCN2CCCCC2)c2ccccc12)C(=O)c1ccccc1,2,1,1,1,5.856985199745905,5.860001341725205,0.003016141979300002,5.858493270735555,0.003016141979300002,0.0,5.858493270735555,0.0,False
CCOC(=O)/C(=C/c1cn(CCN2CCOCC2)c2ccccc12)C(=O)c1ccccc1,2,1,1,1,5.800000874803203,5.801342913045577,0.0013420382423738886,5.80067189392439,0.0013420382423738886,0.0,5.80067189392439,0.0,False
CCOC(=O)/C=C/c1cc(C(=O)NC2CCCCCC2)c(=O)n(Cc2ccc(F)cc2)c1,1,1,1,1,7.863279432843593,7.863279432843593,0.0,7.863279432843593,0.0,0.0,7.863279432843593,0.0,False
CCOC(=O)C(C)(C)c1cc(O)c(-c2cc(C)cc(C)c2)c(O)c1,1,1,1,1,7.311580177997289,7.311580177997289,0.0,7.311580177997289,0.0,0.0,7.311580177997289,0.0,False
CCOC(=O)C(C)(C)c1cc(O)c(-c2cc(C)cc(C)c2)c(OC)c1,1,1,1,1,6.425968732272281,6.425968732272281,0.0,6.425968732272281,0.0,0.0,6.425968732272281,0.0,False
CCOC(=O)C(C)(C)c1cc(O)c(-c2cc(Cl)cc(Cl)c2)c(O)c1,1,1,1,1,6.154901959985743,6.154901959985743,0.0,6.154901959985743,0.0,0.0,6.154901959985743,0.0,False
CCOC(=O)C(C)(C)c1cc(O)c(-c2cc(Cl)cc(Cl)c2)c(OC)c1,1,1,1,1,7.679853713888946,7.679853713888946,0.0,7.679853713888946,0.0,0.0,7.679853713888946,0.0,False
CCOC(=O)C(C)(C)c1cc(O)c(-c2cccc(C#N)c2)c(O)c1,1,1,1,1,7.023191662661934,7.023191662661934,0.0,7.023191662661934,0.0,0.0,7.023191662661934,0.0,False
CCOC(=O)C(C)(C)c1cc(O)c2c(c1)OC(C)(C)[C@@H]1CC=C(C)C[C@@H]21,1,1,1,1,8.823908740944319,8.823908740944319,0.0,8.823908740944319,0.0,0.0,8.823908740944319,0.0,False
CCOC(=O)C(C)(C)c1cc(OC)c(-c2cc(C)cc(C)c2)c(OC)c1,1,1,1,1,6.0,6.0,0.0,6.0,0.0,0.0,6.0,0.0,False
CCOC(=O)C(C)(C)c1cc(OC)c(-c2cc(Cl)cc(Cl)c2)c(OC)c1,1,1,1,1,6.0,6.0,0.0,6.0,0.0,0.0,6.0,0.0,False
CCOC(=O)C(CC)(CC)NC(=O)c1cc(F)c(N2CC(OC)C2)c(OCC2CC2)n1,1,1,1,1,8.602059991327963,8.602059991327963,0.0,8.602059991327963,0.0,0.0,8.602059991327963,0.0,False
CCOC(=O)C(CC)(CC)NC(=O)c1ccc(C2CCCC2)c(OCC2CC2)n1,1,1,1,1,7.790484985457369,7.790484985457369,0.0,7.790484985457369,0.0,0.0,7.790484985457369,0.0,False
CCOC(=O)C(CC)(CC)NC(=O)c1ccc(N2CC(OC)C2)c(OCC(C)(C)COCF)n1,1,1,1,1,6.844663962534938,6.844663962534938,0.0,6.844663962534938,0.0,0.0,6.844663962534938,0.0,False
CCOC(=O)C(CC)(CC)NC(=O)c1ccc(N2CC(OC)C2)c(OCC2CC2)n1,1,1,1,1,8.602059991327963,8.602059991327963,0.0,8.602059991327963,0.0,0.0,8.602059991327963,0.0,False
CCOC(=O)C(CC)(CC)NC(=O)c1ccc(N2CC(OC)C2)c(OC[C@@H]2C[C@@H]2CF)n1,1,1,1,1,9.154901959985743,9.154901959985743,0.0,9.154901959985743,0.0,0.0,9.154901959985743,0.0,False
CCOC(=O)C(CC)(CC)NC(=O)c1ccc(N2CC(OC)C2)c(OC[C@@H]2C[C@@H]2COCCF)n1,1,1,1,1,7.886056647693163,7.886056647693163,0.0,7.886056647693163,0.0,0.0,7.886056647693163,0.0,False
CCOC(=O)C(CC)(CC)NC(=O)c1ccc(N2CC(OC)C2)c(OC[C@@H]2C[C@@H]2COCF)n1,1,1,1,1,8.337242168318426,8.337242168318426,0.0,8.337242168318426,0.0,0.0,8.337242168318426,0.0,False
CCOC(=O)C(CC)(CC)NC(=O)c1ccc(N2CC(OC)C2)c(OC[C@@H]2C[C@H]2COCF)n1,1,1,1,1,8.086186147616283,8.086186147616283,0.0,8.086186147616283,0.0,0.0,8.086186147616283,0.0,False
CCOC(=O)C(CC)(CC)NC(=O)c1ccc(N2CC(OC)C2)c(OC[C@H]2C[C@@H]2CF)n1,1,1,1,1,9.301029995663981,9.301029995663981,0.0,9.301029995663981,0.0,0.0,9.301029995663981,0.0,False
CCOC(=O)C(CC)(CC)NC(=O)c1ccc(N2CC(OC)C2)c(OC[C@H]2C[C@@H]2COCCF)n1,1,1,1,1,8.431798275933005,8.431798275933005,0.0,8.431798275933005,0.0,0.0,8.431798275933005,0.0,False
CCOC(=O)C(CC)(CC)NC(=O)c1ccc(N2CC(OC)C2)c(OC[C@H]2C[C@@H]2COCF)n1,2,1,1,1,8.744727494896694,9.698970004336019,0.9542425094393252,9.221848749616356,0.9542425094393252,0.0,9.221848749616356,0.0,False
CCOC(=O)C(CC)(CC)NC(=O)c1ccc(N2CC(O[11CH3])C2)c(OCC2CC2)n1,1,1,1,1,8.602059991327963,8.602059991327963,0.0,8.602059991327963,0.0,0.0,8.602059991327963,0.0,False
CCOC(=O)CCCn1c(=O)c(C(=O)NC2CCC(C)CC2)cc2cccnc21,1,1,1,1,7.20342566678957,7.20342566678957,0.0,7.20342566678957,0.0,0.0,7.20342566678957,0.0,False
CCOC(=O)CCCn1cccc(C(=O)NC2CCCCCC2)c1=O,1,1,1,1,5.737074530668169,5.737074530668169,0.0,5.737074530668169,0.0,0.0,5.737074530668169,0.0,False
CCOC(=O)CCn1c(=O)c(C(=O)NC2CCC(C)CC2)cc2cccnc21,1,1,1,1,6.75448733218585,6.75448733218585,0.0,6.75448733218585,0.0,0.0,6.75448733218585,0.0,False
CCOC(=O)CCn1c2ccccc2c2cc(C(=O)N3CCCCC3)ccc21,1,1,1,1,5.881735273910521,5.881735273910521,0.0,5.881735273910521,0.0,0.0,5.881735273910521,0.0,False
CCOC(=O)CCn1c2ccccc2c2cc(C(=O)N3CCN(C)CC3)ccc21,1,1,1,1,5.471597562046382,5.471597562046382,0.0,5.471597562046382,0.0,0.0,5.471597562046382,0.0,False
CCOC(=O)CNC(=O)/C=C/C=C/c1ccc2c(c1)OCCO2,1,1,1,1,5.59176003468815,5.59176003468815,0.0,5.59176003468815,0.0,0.0,5.59176003468815,0.0,False
CCOC(=O)CNC(=O)CCC(=O)/C=C/c1ccc2ccccc2c1,1,1,1,1,5.6020599913279625,5.6020599913279625,0.0,5.6020599913279625,0.0,0.0,5.6020599913279625,0.0,False
CCOC(=O)N1CC(C)(C)CS/C1=N\c1ccccc1C(C)C,1,1,1,1,6.368556230986828,6.368556230986828,0.0,6.368556230986828,0.0,0.0,6.368556230986828,0.0,False
CCOC(=O)N1CCC(N[C@H]2CCCOc3c2nn(-c2ccccc2Cl)c3-c2ccc(Cl)cc2)CC1,1,1,1,1,5.81502480930174,5.81502480930174,0.0,5.81502480930174,0.0,0.0,5.81502480930174,0.0,False
CCOC(=O)N1CCN(C(=O)c2cc(-c3ccccc3Cl)nn2-c2ccc(C)cc2C)CC1,1,1,1,1,5.971022294791222,5.971022294791222,0.0,5.971022294791222,0.0,0.0,5.971022294791222,0.0,False
CCOC(=O)NC1CCN(c2ncnc3c2nc(-c2ccccc2Cl)n3-c2ccc(Cl)cc2)CC1,1,1,1,1,6.370590400897282,6.370590400897282,0.0,6.370590400897282,0.0,0.0,6.370590400897282,0.0,False
CCOC(=O)c1c(NC(=O)C23CC4CC(CC(C4)C2)C3)sc2c1CCCC2,1,1,1,1,8.667561540084394,8.667561540084394,0.0,8.667561540084394,0.0,0.0,8.667561540084394,0.0,False
CCOC(=O)c1c(NC(=O)CCc2ccccc2)sc2c1CCCC2,1,1,1,1,6.95128636191903,6.95128636191903,0.0,6.95128636191903,0.0,0.0,6.95128636191903,0.0,False
CCOC(=O)c1c(NC(=O)c2ccc3ccccc3c2)sc2c1CCCC2,1,1,1,1,5.7483082563593015,5.7483082563593015,0.0,5.7483082563593015,0.0,0.0,5.7483082563593015,0.0,False
CCOC(=O)c1c(NC(=O)c2cccc3ccccc23)sc2c1CCCC2,1,1,1,1,7.774690718274137,7.774690718274137,0.0,7.774690718274137,0.0,0.0,7.774690718274137,0.0,False
CCOC(=O)c1c(NS(=O)(=O)c2cccc3ccccc23)sc2c1CCCC2,1,1,1,1,6.096910013008056,6.096910013008056,0.0,6.096910013008056,0.0,0.0,6.096910013008056,0.0,False
CCOC(=O)c1c(NS(=O)(=O)c2ccccc2)sc2c1CCCC2,1,1,1,1,5.70028791425955,5.70028791425955,0.0,5.70028791425955,0.0,0.0,5.70028791425955,0.0,False
CCOC(=O)c1cc(-c2ccccc2)sc1NC(=O)c1cccc2ccccc12,1,1,1,1,7.223226197587893,7.223226197587893,0.0,7.223226197587893,0.0,0.0,7.223226197587893,0.0,False
CCOC(=S)N1CC(C)(C)CS/C1=N\c1ccccc1C(C)C,1,1,1,1,6.638272163982407,6.638272163982407,0.0,6.638272163982407,0.0,0.0,6.638272163982407,0.0,False
CCOC1CCN(C(=O)C23CC4CC(CC(C4)C2)C3)c2ccccc21,1,1,1,1,6.00436480540245,6.00436480540245,0.0,6.00436480540245,0.0,0.0,6.00436480540245,0.0,False
CCOCC(=O)NC1CCCOc2c1nn(-c1ccccc1Cl)c2-c1ccc(Cl)cc1,1,1,1,1,5.184422251675732,5.184422251675732,0.0,5.184422251675732,0.0,0.0,5.184422251675732,0.0,False
CCOCCOCC(C)(C)c1cc(NC(=O)c2ccc(C3CCCC3)c(OCC3CC3)n2)on1,1,1,1,1,6.5785606097799505,6.5785606097799505,0.0,6.5785606097799505,0.0,0.0,6.5785606097799505,0.0,False
CCOCCn1cc(C(=O)NC23CC4CC(CC(C4)C2)C3)c(=O)c2cccc(OC)c21,1,1,1,1,9.154901959985743,9.154901959985743,0.0,9.154901959985743,0.0,0.0,9.154901959985743,0.0,False
CCOCCn1cc(C(=O)NC23CC4CC(CC(C4)C2)C3)c(=O)c2cccc(O[11CH3])c21,1,1,1,1,9.154901959985743,9.154901959985743,0.0,9.154901959985743,0.0,0.0,9.154901959985743,0.0,False
CCOCCn1cc(C(=O)NC23CC4CC(CC(O)(C4)C2)C3)c(=O)c2cccc(OC)c21,1,1,1,1,9.096910013008056,9.096910013008056,0.0,9.096910013008056,0.0,0.0,9.096910013008056,0.0,False
CCOCCn1cc(C(=O)NCCc2ccccc2)c(=O)c2cccc(OC)c21,1,1,1,1,6.443697499232712,6.443697499232712,0.0,6.443697499232712,0.0,0.0,6.443697499232712,0.0,False
CCOc1c(OC)ccc2cc(C(=O)NCc3ccc4c(c3)OCO4)c(=O)[nH]c12,2,1,1,1,10.275724130399212,10.275970027064403,0.0002458966651914807,10.275847078731807,0.0002458966651914807,0.0,10.275847078731807,0.0,False
CCOc1ccc(C(=O)c2nc3cc(C(=O)N(CC)CC)ccc3n2CCC(C)C)cc1,1,1,1,1,7.455931955649724,7.455931955649724,0.0,7.455931955649724,0.0,0.0,7.455931955649724,0.0,False
CCOc1ccc(C(NC(=O)Cc2ccccc2)NC(=O)Cc2ccccc2)cc1,2,1,1,1,5.823908740944319,5.823908740944319,0.0,5.823908740944319,0.0,0.0,5.823908740944319,0.0,False
CCOc1ccc(C(O)c2nc3cc(C(=O)N(CC)CC)ccc3n2CCC(C)C)cc1,1,1,1,1,7.2441251443275085,7.2441251443275085,0.0,7.2441251443275085,0.0,0.0,7.2441251443275085,0.0,False
CCOc1ccc(CN(Cc2ccccc2)S(=O)(=O)c2ccc(C)cc2)cc1,1,1,1,1,6.638272163982407,6.638272163982407,0.0,6.638272163982407,0.0,0.0,6.638272163982407,0.0,False
CCOc1ccc(CNc2nc3cc(C(=O)N(CC)CC)ccc3n2CCC(C)C)cc1,1,1,1,1,6.451733454829254,6.451733454829254,0.0,6.451733454829254,0.0,0.0,6.451733454829254,0.0,False
CCOc1ccc(Cc2nc3cc(C(=O)N(C)C4CCCCC4)ccc3n2CC2CC2)cc1,1,1,1,1,7.958607314841775,7.958607314841775,0.0,7.958607314841775,0.0,0.0,7.958607314841775,0.0,False
CCOc1ccc(Cc2nc3cc(C(=O)N(C)CC)ccc3n2CCC(C)C)cc1,1,1,1,1,8.481486060122112,8.481486060122112,0.0,8.481486060122112,0.0,0.0,8.481486060122112,0.0,False
CCOc1ccc(Cc2nc3cc(C(=O)N(CC(F)(F)F)CC(F)(F)F)ccc3n2CC2CC2)cc1,1,1,1,1,8.2518119729938,8.2518119729938,0.0,8.2518119729938,0.0,0.0,8.2518119729938,0.0,False
CCOc1ccc(Cc2nc3cc(C(=O)N(CC)CC)ccc3n2CC23CC4CC(CC(C4)C2)C3)cc1,1,1,1,1,8.55284196865778,8.55284196865778,0.0,8.55284196865778,0.0,0.0,8.55284196865778,0.0,False
CCOc1ccc(Cc2nc3cc(C(=O)N(CC)CC)ccc3n2CC2CC2)cc1,1,1,1,1,8.387216143280265,8.387216143280265,0.0,8.387216143280265,0.0,0.0,8.387216143280265,0.0,False
CCOc1ccc(Cc2nc3cc(C(=O)N(CC)CC)ccc3n2CC2CC2)cn1,1,1,1,1,6.876148359032914,6.876148359032914,0.0,6.876148359032914,0.0,0.0,6.876148359032914,0.0,False
CCOc1ccc(Cc2nc3cc(C(=O)N(CC)CC)ccc3n2CC2CC2)nc1,1,1,1,1,7.568636235841012,7.568636235841012,0.0,7.568636235841012,0.0,0.0,7.568636235841012,0.0,False
CCOc1ccc(Cc2nc3cc(C(=O)N(CC)CC)ccc3n2CC2CCC2)cc1,1,1,1,1,8.795880017344075,8.795880017344075,0.0,8.795880017344075,0.0,0.0,8.795880017344075,0.0,False
CCOc1ccc(Cc2nc3cc(C(=O)N(CC)CC)ccc3n2CC2CCCC2)cc1,1,1,1,1,9.0,9.0,0.0,9.0,0.0,0.0,9.0,0.0,False
CCOc1ccc(Cc2nc3cc(C(=O)N(CC)CC)ccc3n2CC2CCCCC2)cc1,1,1,1,1,8.431798275933005,8.431798275933005,0.0,8.431798275933005,0.0,0.0,8.431798275933005,0.0,False
CCOc1ccc(Cc2nc3cc(C(=O)N(CC)CC)ccc3n2CC2CCNCC2)cc1,1,1,1,1,5.534617148551582,5.534617148551582,0.0,5.534617148551582,0.0,0.0,5.534617148551582,0.0,False
CCOc1ccc(Cc2nc3cc(C(=O)N(CC)CC)ccc3n2CC2CCOCC2)cc1,1,1,1,1,8.4089353929735,8.4089353929735,0.0,8.4089353929735,0.0,0.0,8.4089353929735,0.0,False
CCOc1ccc(Cc2nc3cc(C(=O)N(CC)CC)ccc3n2CCC(C)C)cc1,2,2,2,1,7.435333935747911,8.346787486224656,0.9114535504767449,7.891060710986284,0.0,0.9114535504767449,7.891060710986284,0.0,False
CCOc1ccc(Cc2nc3cc(C(=O)N(CC)CC)ccc3n2CCCCCCN2CCCCC2)cc1,1,1,1,1,6.0,6.0,0.0,6.0,0.0,0.0,6.0,0.0,False
CCOc1ccc(Cc2nc3cc(C(=O)N(CC)CC)ccc3n2CCCCCCNc2c3c(nc4ccccc24)CCCC3)cc1,1,1,1,1,5.366531544420413,5.366531544420413,0.0,5.366531544420413,0.0,0.0,5.366531544420413,0.0,False
CCOc1ccc(Cc2nc3cc(C(=O)N(CC)CC)ccc3n2CCCCCNc2c3c(nc4ccccc24)CCCC3)cc1,1,1,1,1,5.136677139879544,5.136677139879544,0.0,5.136677139879544,0.0,0.0,5.136677139879544,0.0,False
CCOc1ccc(Cc2nc3cc(C(=O)N(CC)CC)ccc3n2CCCCN2CCCCC2)cc1,1,1,1,1,5.318758762624412,5.318758762624412,0.0,5.318758762624412,0.0,0.0,5.318758762624412,0.0,False
CCOc1ccc(Cc2nc3cc(C(=O)N(CC)CC)ccc3n2CCCCNc2c3c(nc4ccccc24)CCCC3)cc1,1,1,1,1,4.570247719997592,4.570247719997592,0.0,4.570247719997592,0.0,0.0,4.570247719997592,0.0,False
CCOc1ccc(Cc2nc3cc(C(=O)N(CC)CC)ccc3n2CCCNc2c3c(nc4ccccc24)CCCC3)cc1,1,1,1,1,4.512861624522814,4.512861624522814,0.0,4.512861624522814,0.0,0.0,4.512861624522814,0.0,False
CCOc1ccc(Cc2nc3cc(C(=O)N(CC)CC)ccc3n2CCN(C)C)cc1,2,2,2,1,7.42021640338319,7.443697499232712,0.023481095849522404,7.431956951307951,0.0,0.023481095849522404,7.431956951307951,0.0,False
CCOc1ccc(Cc2nc3cc(C(=O)N(CC)CC)ccc3n2CCN2CCCCC2)cc1,1,1,1,1,6.7258421507363195,6.7258421507363195,0.0,6.7258421507363195,0.0,0.0,6.7258421507363195,0.0,False
CCOc1ccc(Cc2nc3cc(C(=O)N(CC)CC)ccc3n2CCNc2c3c(nc4ccccc24)CCCC3)cc1,1,1,1,1,7.414539270491499,7.414539270491499,0.0,7.414539270491499,0.0,0.0,7.414539270491499,0.0,False
CCOc1ccc(Cc2nc3cc(C(=O)N(CC)CC)ccc3n2CCOCCOCCNc2c3c(nc4ccccc24)CCCC3)cc1,1,1,1,1,4.542118103266008,4.542118103266008,0.0,4.542118103266008,0.0,0.0,4.542118103266008,0.0,False
CCOc1ccc(Cc2nc3cc(C(=O)N(CC)CC)ccc3n2C[C@@H]2CCCCN2)cc1,1,1,1,1,7.1249387366083,7.1249387366083,0.0,7.1249387366083,0.0,0.0,7.1249387366083,0.0,False
CCOc1ccc(Cc2nc3cc(C(=O)N(CC)CC)ccc3n2C[C@@H]2CCCN2C)cc1,1,1,1,1,7.920818753952375,7.920818753952375,0.0,7.920818753952375,0.0,0.0,7.920818753952375,0.0,False
CCOc1ccc(Cc2nc3cc(C(=O)N(CC)CC)ccc3n2C[C@@H]2CCCO2)cc1,1,1,1,1,7.823908740944319,7.823908740944319,0.0,7.823908740944319,0.0,0.0,7.823908740944319,0.0,False
CCOc1ccc(Cc2nc3cc(C(=O)N(CC)CC)ccc3n2C[C@H]2CCCCN2)cc1,1,1,1,1,7.455931955649724,7.455931955649724,0.0,7.455931955649724,0.0,0.0,7.455931955649724,0.0,False
CCOc1ccc(Cc2nc3cc(C(=O)N(CC)CC)ccc3n2C[C@H]2CCCCN2C)cc1,1,1,1,1,8.050609993355087,8.050609993355087,0.0,8.050609993355087,0.0,0.0,8.050609993355087,0.0,False
CCOc1ccc(Cc2nc3cc(C(=O)N(CC)CC)ccc3n2C[C@H]2CCCO2)cc1,1,1,1,1,7.638272163982407,7.638272163982407,0.0,7.638272163982407,0.0,0.0,7.638272163982407,0.0,False
CCOc1ccc(Cc2nc3cc(C(=O)N(CC)CC)ccc3n2Cc2cc[n+]([O-])cc2)cc1,1,1,1,1,6.230622673923861,6.230622673923861,0.0,6.230622673923861,0.0,0.0,6.230622673923861,0.0,False
CCOc1ccc(Cc2nc3cc(C(=O)N(CC)CC)ccc3n2Cc2ccccc2)cc1,1,1,1,1,7.920818753952375,7.920818753952375,0.0,7.920818753952375,0.0,0.0,7.920818753952375,0.0,False
CCOc1ccc(Cc2nc3cc(C(=O)N(CC)CC)ccc3n2Cc2ccccn2)cc1,1,1,1,1,7.4089353929735005,7.4089353929735005,0.0,7.4089353929735005,0.0,0.0,7.4089353929735005,0.0,False
CCOc1ccc(Cc2nc3cc(C(=O)N(CC)CC)ccc3n2Cc2ccco2)cc1,1,1,1,1,7.958607314841775,7.958607314841775,0.0,7.958607314841775,0.0,0.0,7.958607314841775,0.0,False
CCOc1ccc(Cc2nc3cc(C(=O)N(CC)CC)ccc3n2Cc2ccncc2)cc1,1,1,1,1,7.795880017344075,7.795880017344075,0.0,7.795880017344075,0.0,0.0,7.795880017344075,0.0,False
CCOc1ccc(Cc2nc3cc(C(=O)N(CC)CCCCNc4c5c(nc6ccccc46)CCCC5)ccc3n2CCC(C)C)cc1,1,1,1,1,5.522878745280337,5.522878745280337,0.0,5.522878745280337,0.0,0.0,5.522878745280337,0.0,False
CCOc1ccc(Cc2nc3cc(C(=O)N4CCCC4)ccc3n2CC2CC2)cc1,1,1,1,1,7.853871964321762,7.853871964321762,0.0,7.853871964321762,0.0,0.0,7.853871964321762,0.0,False
CCOc1ccc(Cc2nc3cc(C(=O)N4CCCCC4)ccc3n2CC2CC2)cc1,1,1,1,1,8.161150909262744,8.161150909262744,0.0,8.161150909262744,0.0,0.0,8.161150909262744,0.0,False
CCOc1ccc(Cc2nc3cc(C(=O)N4CCCCC4)ccc3n2CCC(C)C)cc1,1,1,1,1,6.41510365586255,6.41510365586255,0.0,6.41510365586255,0.0,0.0,6.41510365586255,0.0,False
CCOc1ccc(Cc2nc3cc(C(=O)NC45CC6CC(CC(C6)C4)C5)ccc3n2CCC(C)C)cc1,1,1,1,1,5.327902142064282,5.327902142064282,0.0,5.327902142064282,0.0,0.0,5.327902142064282,0.0,False
CCOc1ccc(Cc2nc3cc(C(=O)NCCC(C)C)ccc3n2CCC(C)C)cc1,1,1,1,1,6.117134080278371,6.117134080278371,0.0,6.117134080278371,0.0,0.0,6.117134080278371,0.0,False
CCOc1ccc(Cc2nc3cc(C(=O)NCCCCCCNc4c5c(nc6ccccc46)CCCC5)ccc3n2CCC(C)C)cc1,1,1,1,1,5.017728766960431,5.017728766960431,0.0,5.017728766960431,0.0,0.0,5.017728766960431,0.0,False
CCOc1ccc(Cc2nc3cc(C(=O)NCCCCCNc4c5c(nc6ccccc46)CCCC5)ccc3n2CCC(C)C)cc1,1,1,1,1,5.3979400086720375,5.3979400086720375,0.0,5.3979400086720375,0.0,0.0,5.3979400086720375,0.0,False
CCOc1ccc(Cc2nc3cc(C(=O)NCCCCNc4c5c(nc6ccccc46)CCCC5)ccc3n2CCC(C)C)cc1,1,1,1,1,5.619788758288394,5.619788758288394,0.0,5.619788758288394,0.0,0.0,5.619788758288394,0.0,False
CCOc1ccc(Cc2nc3cc(C(=O)NCCCNc4c5c(nc6ccccc46)CCCC5)ccc3n2CCC(C)C)cc1,1,1,1,1,5.301029995663981,5.301029995663981,0.0,5.301029995663981,0.0,0.0,5.301029995663981,0.0,False
CCOc1ccc(Cc2nc3cc(C(=O)NCCNc4c5c(nc6ccccc46)CCCC5)ccc3n2CCC(C)C)cc1,1,1,1,1,5.6020599913279625,5.6020599913279625,0.0,5.6020599913279625,0.0,0.0,5.6020599913279625,0.0,False
CCOc1ccc(Cc2nc3cc(C(=O)NCCOCCOCCNc4c5c(nc6ccccc46)CCCC5)ccc3n2CCC(C)C)cc1,1,1,1,1,4.7594507517174005,4.7594507517174005,0.0,4.7594507517174005,0.0,0.0,4.7594507517174005,0.0,False
CCOc1ccc(Cc2nc3cc(C(=O)NCCSSCCNc4c5c(nc6ccccc46)CCCC5)ccc3n2CCC(C)C)cc1,1,1,1,1,5.167491087293763,5.167491087293763,0.0,5.167491087293763,0.0,0.0,5.167491087293763,0.0,False
CCOc1ccc(Cc2nc3cc(C(=O)Nc4ccccc4)ccc3n2CCC(C)C)cc1,1,1,1,1,4.841637507904751,4.841637507904751,0.0,4.841637507904751,0.0,0.0,4.841637507904751,0.0,False
CCOc1ccc(Cc2nc3cc(C(C)=O)ccc3n2CCN(CC)CC)cc1,1,1,1,1,6.017728766960431,6.017728766960431,0.0,6.017728766960431,0.0,0.0,6.017728766960431,0.0,False
CCOc1ccc(Cc2nc3cc(C(F)(F)F)ccc3n2CCN(CC)CC)cc1,1,1,1,1,6.376750709602099,6.376750709602099,0.0,6.376750709602099,0.0,0.0,6.376750709602099,0.0,False
CCOc1ccc(Cc2nc3cc(N(C)C(=O)CC(C)C)ccc3n2CC2CC2)cc1,1,1,1,1,8.397940008672037,8.397940008672037,0.0,8.397940008672037,0.0,0.0,8.397940008672037,0.0,False
CCOc1ccc(Cc2nc3cc(N(C)C(=O)N(C)C)ccc3n2CC2CC2)cc1,1,1,1,1,7.3872161432802645,7.3872161432802645,0.0,7.3872161432802645,0.0,0.0,7.3872161432802645,0.0,False
CCOc1ccc(Cc2nc3cc(N(C)C(=O)N(CC)CC)ccc3n2CC2CC2)cc1,1,1,1,1,8.229147988357855,8.229147988357855,0.0,8.229147988357855,0.0,0.0,8.229147988357855,0.0,False
CCOc1ccc(Cc2nc3cc(N(C)C(=O)N4CCCCC4)ccc3n2CC2CC2)cc1,1,1,1,1,8.397940008672037,8.397940008672037,0.0,8.397940008672037,0.0,0.0,8.397940008672037,0.0,False
CCOc1ccc(Cc2nc3cc(N(C)C(=O)NC(C)C)ccc3n2CC2CC2)cc1,1,1,1,1,8.244125144327509,8.244125144327509,0.0,8.244125144327509,0.0,0.0,8.244125144327509,0.0,False
CCOc1ccc(Cc2nc3cc(N(C)C(=O)c4cccs4)ccc3n2CC2CC2)cc1,1,1,1,1,8.301029995663981,8.301029995663981,0.0,8.301029995663981,0.0,0.0,8.301029995663981,0.0,False
CCOc1ccc(Cc2nc3cc(N(C)C(C)=O)ccc3n2CC2CC2)cc1,1,1,1,1,5.869988050328096,5.869988050328096,0.0,5.869988050328096,0.0,0.0,5.869988050328096,0.0,False
CCOc1ccc(Cc2nc3cc(N(C)S(=O)(=O)c4cccs4)ccc3n2CC2CCCCC2)nc1,1,1,1,1,9.2518119729938,9.2518119729938,0.0,9.2518119729938,0.0,0.0,9.2518119729938,0.0,False
CCOc1ccc(Cc2nc3cc(N)ccc3n2CCC(C)C)cc1,1,1,1,1,4.6777807052660805,4.6777807052660805,0.0,4.6777807052660805,0.0,0.0,4.6777807052660805,0.0,False
CCOc1ccc(Cc2nc3cc(NC(=O)c4ccccc4)ccc3n2CCC(C)C)cc1,1,1,1,1,5.366531544420413,5.366531544420413,0.0,5.366531544420413,0.0,0.0,5.366531544420413,0.0,False
CCOc1ccc(Cc2nc3cc(NC)ccc3n2CC2CC2)cc1,1,1,1,1,5.3623101808815985,5.3623101808815985,0.0,5.3623101808815985,0.0,0.0,5.3623101808815985,0.0,False
CCOc1ccc(Cc2nc3cc([N+](=O)[O-])ccc3n2CCC(C)C)cc1,1,1,1,1,6.016915227262212,6.016915227262212,0.0,6.016915227262212,0.0,0.0,6.016915227262212,0.0,False
CCOc1ccc(Nc2nc3cc(C(=O)N(CC)CC)ccc3n2CCC(C)C)cc1,1,1,1,1,5.721246399047171,5.721246399047171,0.0,5.721246399047171,0.0,0.0,5.721246399047171,0.0,False
CCOc1ccc(Nc2nc3cc(C(=O)N(CC)CC)ccc3n2CCN2CCCCC2)cc1,1,1,1,1,4.982966660701219,4.982966660701219,0.0,4.982966660701219,0.0,0.0,4.982966660701219,0.0,False
CCOc1ccccc1/N=C1\SCC(C)(C)CN1C(=S)SC,1,1,1,1,7.075720713938118,7.075720713938118,0.0,7.075720713938118,0.0,0.0,7.075720713938118,0.0,False
CCOc1ccccc1/N=C1\SCC2(CCCCC2)CN1C(=S)SC,1,1,1,1,8.200659450546418,8.200659450546418,0.0,8.200659450546418,0.0,0.0,8.200659450546418,0.0,False
CCOc1ccccc1CNC(=O)c1oc2ccc(S(=O)(=O)N3CC(C)CC(C)C3)cc2c1C,1,1,1,1,5.00436480540245,5.00436480540245,0.0,5.00436480540245,0.0,0.0,5.00436480540245,0.0,False
CCS(=O)(=O)N1CCC(NC(=O)c2nn(-c3ccc(Cl)cc3Cl)c(-c3ccc(Cl)cc3)c2C)CC1,1,1,1,1,5.3558569494900805,5.3558569494900805,0.0,5.3558569494900805,0.0,0.0,5.3558569494900805,0.0,False
CCS(=O)(=O)N1CCN(c2ncnc3c2nc(-c2ccccc2Cl)n3-c2ccc(Cl)cc2)CC1,1,1,1,1,6.008773924307505,6.008773924307505,0.0,6.008773924307505,0.0,0.0,6.008773924307505,0.0,False
CCS(=O)(=O)NCCCCCSc1ccc2ccccc2c1,1,1,1,1,5.8794260687941495,5.8794260687941495,0.0,5.8794260687941495,0.0,0.0,5.8794260687941495,0.0,False
CCS(=O)(=O)Nc1ccc2c(c1)nc(C(C)(C)C)n2CC1CCC(F)(F)CC1,1,1,1,1,9.060480747381382,9.060480747381382,0.0,9.060480747381382,0.0,0.0,9.060480747381382,0.0,False
CCS(=O)(=O)n1c2c(c3cc(C(=O)N(C)C(C)C)ccc31)CN(C1CCCC1)C2,1,1,1,1,6.97061622231479,6.97061622231479,0.0,6.97061622231479,0.0,0.0,6.97061622231479,0.0,False
CCS(=O)(=O)n1c2c(c3cc(C(=O)N(C)CCC(C)C)ccc31)CN(C1CCCC1)C2,1,1,1,1,7.41907502432438,7.41907502432438,0.0,7.41907502432438,0.0,0.0,7.41907502432438,0.0,False
CCS(=O)(=O)n1c2c(c3cc(C(=O)N4CCC(C)CC4)ccc31)CN(C(C)C)C2,1,1,1,1,8.050609993355087,8.050609993355087,0.0,8.050609993355087,0.0,0.0,8.050609993355087,0.0,False
CCS(=O)(=O)n1c2c(c3cc(C(=O)N4CCC(C)CC4)ccc31)CN(C1CCCC1)C2,1,1,1,1,8.154901959985743,8.154901959985743,0.0,8.154901959985743,0.0,0.0,8.154901959985743,0.0,False
CCS(=O)(=O)n1c2c(c3cc(C(=O)N4CCC(C)CC4)ccc31)CN(C1CCCCO1)C2,1,1,1,1,7.75448733218585,7.75448733218585,0.0,7.75448733218585,0.0,0.0,7.75448733218585,0.0,False
CCS(=O)(=O)n1c2c(c3cc(C(=O)N4CCC(C)CC4)ccc31)CN(C1CCOC1)C2,1,1,1,1,7.555955204081924,7.555955204081924,0.0,7.555955204081924,0.0,0.0,7.555955204081924,0.0,False
CCS(=O)(=O)n1c2c(c3cc(C(=O)N4CCC(C)CC4)ccc31)CN(C1CCOCC1)C2,1,1,1,1,6.665546248849069,6.665546248849069,0.0,6.665546248849069,0.0,0.0,6.665546248849069,0.0,False
CCS(=O)(=O)n1c2c(c3cc(C(=O)N4CCC(C)CC4)ccc31)CN(C1CCOCC1)CC2,1,1,1,1,8.045757490560675,8.045757490560675,0.0,8.045757490560675,0.0,0.0,8.045757490560675,0.0,False
CCS(=O)(=O)n1c2c(c3cc(C(=O)N4CCC(C)CC4)ccc31)CN(CC1CC1)C2,1,1,1,1,8.200659450546418,8.200659450546418,0.0,8.200659450546418,0.0,0.0,8.200659450546418,0.0,False
CCS(=O)(=O)n1c2c(c3cc(C(=O)N4CCC(C)CC4)ccc31)CN(CC1CCCCC1)C2,1,1,1,1,6.029188389127482,6.029188389127482,0.0,6.029188389127482,0.0,0.0,6.029188389127482,0.0,False
CCS(=O)(=O)n1c2c(c3cc(C(=O)N4CCC(C)CC4)ccc31)CN(CCC1CCCCC1)C2,1,1,1,1,5.702896349850743,5.702896349850743,0.0,5.702896349850743,0.0,0.0,5.702896349850743,0.0,False
CCS(=O)(=O)n1c2c(c3cc(C(=O)N4CCC(C)CC4)ccc31)CN(Cc1ccccc1)C2,1,1,1,1,7.431798275933005,7.431798275933005,0.0,7.431798275933005,0.0,0.0,7.431798275933005,0.0,False
CCS(=O)(=O)n1c2c(c3cc(C(=O)N4CCC(F)CC4)ccc31)CN(C1CCCC1)C2,1,1,1,1,7.354577730650908,7.354577730650908,0.0,7.354577730650908,0.0,0.0,7.354577730650908,0.0,False
CCS(=O)(=O)n1c2c(c3cc(C(=O)N4CCC(OC)CC4)ccc31)CN(C1CCCC1)C2,1,1,1,1,7.559090917934782,7.559090917934782,0.0,7.559090917934782,0.0,0.0,7.559090917934782,0.0,False
CCS(=O)(=O)n1c2c(c3cc(C(=O)N4CCCCC4)ccc31)CN(C1CCCC1)C2,1,1,1,1,7.756961951313706,7.756961951313706,0.0,7.756961951313706,0.0,0.0,7.756961951313706,0.0,False
CCS(=O)(=O)n1c2c(c3cc(C(=O)N4CCOCC4)ccc31)CN(C1CCCC1)C2,1,1,1,1,6.511449283499555,6.511449283499555,0.0,6.511449283499555,0.0,0.0,6.511449283499555,0.0,False
CCSC(=O)N1CC(C)(C)CS/C1=N\c1ccccc1C(C)C,1,1,1,1,7.318758762624412,7.318758762624412,0.0,7.318758762624412,0.0,0.0,7.318758762624412,0.0,False
CCSC(=S)N1CC(C)(C)CS/C1=N\c1ccccc1C(C)C,1,1,1,1,7.455931955649724,7.455931955649724,0.0,7.455931955649724,0.0,0.0,7.455931955649724,0.0,False
CC[C@@H]1COc2cccc3c(=O)c(C(=O)NC45CC6CC(CC(C6)C4)C5)cn1c23,1,1,1,1,8.30715308072277,8.30715308072277,0.0,8.30715308072277,0.0,0.0,8.30715308072277,0.0,False
CC[C@@H]1COc2cccc3c(=O)c(C(=O)NC4CCCCCC4)cn1c23,1,1,1,1,8.385102783966865,8.385102783966865,0.0,8.385102783966865,0.0,0.0,8.385102783966865,0.0,False
CC[C@H](C)[C@H](NC(=O)n1c(=O)n(CCN2CCOCC2)c2ccccc21)C(N)=O,1,1,1,1,7.173925197299173,7.173925197299173,0.0,7.173925197299173,0.0,0.0,7.173925197299173,0.0,False
CC[C@H]1CC[C@H](C(=O)c2cn(CCN3CCOCC3)c3ccccc23)CC1,2,1,1,1,7.795880017344075,7.79997073344623,0.004090716102155056,7.7979253753951525,0.004090716102155056,0.0,7.7979253753951525,0.0,False
CC[C@H]1COc2cccc3c(=O)c(C(=O)NC45CC6CC(CC(C6)C4)C5)cn1c23,1,1,1,1,7.055517327849831,7.055517327849831,0.0,7.055517327849831,0.0,0.0,7.055517327849831,0.0,False
CC[C@H]1COc2cccc3c(=O)c(C(=O)NC4CCCCCC4)cn1c23,1,1,1,1,6.7281583934635005,6.7281583934635005,0.0,6.7281583934635005,0.0,0.0,6.7281583934635005,0.0,False
CC[Si](C)(C)c1cc(O)c2c(c1)OC(C)(C)[C@@H]1CCC(C)=C[C@@H]21,1,1,1,1,5.969805214643249,5.969805214643249,0.0,5.969805214643249,0.0,0.0,5.969805214643249,0.0,False
CCc1c(C(=O)NC(C)c2ccccc2)cc(C)n1-c1ccccc1,1,1,1,1,6.267525822718806,6.267525822718806,0.0,6.267525822718806,0.0,0.0,6.267525822718806,0.0,False
CCc1c(C(=O)NC23CC4CC(CC(C4)C2)C3)cc(C)n1-c1ccccc1,1,1,1,1,8.211124884224583,8.211124884224583,0.0,8.211124884224583,0.0,0.0,8.211124884224583,0.0,False
CCc1c(C(=O)NC23CC4CC(CC(C4)C2)C3)nc(C)n1-c1ccccc1,1,1,1,1,8.987162775294827,8.987162775294827,0.0,8.987162775294827,0.0,0.0,8.987162775294827,0.0,False
CCc1c(C(=O)NC2C(C)(C)[C@@H]3CC[C@@]2(C)C3)c2cccc(OC)c2n1CCN1CCOCC1,1,1,1,1,6.958607314841775,6.958607314841775,0.0,6.958607314841775,0.0,0.0,6.958607314841775,0.0,False
CCc1c(C(=O)NC2CCCCC2)cc(C)n1-c1ccccc1,1,1,1,1,6.767486707313942,6.767486707313942,0.0,6.767486707313942,0.0,0.0,6.767486707313942,0.0,False
CCc1c(C(=O)NC2CCCCC2)nn(-c2ccc(Cl)c(Cl)c2)c1-n1c(C)ccc1C,1,1,1,1,8.769551078621726,8.769551078621726,0.0,8.769551078621726,0.0,0.0,8.769551078621726,0.0,False
CCc1c(C(=O)NC2CCCCC2)nn(-c2ccc(Cl)c(Cl)c2)c1-n1cccc1,1,1,1,1,9.292429823902063,9.292429823902063,0.0,9.292429823902063,0.0,0.0,9.292429823902063,0.0,False
CCc1c(C(=O)NC2CCCCC2)nn(-c2ccc(Cl)cc2Cl)c1-n1c(C)ccc1C,1,1,1,1,6.122743866886414,6.122743866886414,0.0,6.122743866886414,0.0,0.0,6.122743866886414,0.0,False
CCc1c(C(=O)NC2CCCCC2)nn(-c2ccc(Cl)cc2Cl)c1-n1cccc1,1,1,1,1,7.801342913045577,7.801342913045577,0.0,7.801342913045577,0.0,0.0,7.801342913045577,0.0,False
CCc1c(C(=O)NCCc2ccccc2)cc(C)n1-c1ccccc1,1,1,1,1,6.143754599209945,6.143754599209945,0.0,6.143754599209945,0.0,0.0,6.143754599209945,0.0,False
CCc1c(C(=O)NCc2ccc(Cl)c(Cl)c2)nn(-c2ccc(Cl)c(Cl)c2)c1-n1c(C)ccc1C,1,1,1,1,6.944239535312265,6.944239535312265,0.0,6.944239535312265,0.0,0.0,6.944239535312265,0.0,False
CCc1c(C(=O)NCc2ccc(Cl)c(Cl)c2)nn(-c2ccc(Cl)c(Cl)c2)c1-n1cccc1,1,1,1,1,7.528708288941061,7.528708288941061,0.0,7.528708288941061,0.0,0.0,7.528708288941061,0.0,False
CCc1c(C(=O)NCc2ccc(Cl)c(Cl)c2)nn(-c2ccc(Cl)cc2Cl)c1-n1c(C)ccc1C,1,1,1,1,7.251037138743839,7.251037138743839,0.0,7.251037138743839,0.0,0.0,7.251037138743839,0.0,False
CCc1c(C(=O)NCc2ccc(Cl)c(Cl)c2)nn(-c2ccc(Cl)cc2Cl)c1-n1cccc1,1,1,1,1,6.342370568611048,6.342370568611048,0.0,6.342370568611048,0.0,0.0,6.342370568611048,0.0,False
CCc1c(C(=O)NN2CCCCC2)nc(-c2ccc(Cl)cc2Cl)n1-c1ccc(Cl)cc1,1,1,1,1,6.366531544420413,6.366531544420413,0.0,6.366531544420413,0.0,0.0,6.366531544420413,0.0,False
CCc1c(C(=O)NN2CCCCC2)nn(-c2ccc(Cl)cc2Cl)c1-c1ccc(Br)cc1,1,1,1,1,6.354577730650908,6.354577730650908,0.0,6.354577730650908,0.0,0.0,6.354577730650908,0.0,False
CCc1c(C(=O)N[C@H]2CCCC[C@@H]2O)nc(-c2ccccc2Cl)n1-c1ccc(Br)cc1,1,1,1,1,5.568636235841012,5.568636235841012,0.0,5.568636235841012,0.0,0.0,5.568636235841012,0.0,False
CCc1c(C(=O)N[C@H]2CCCC[C@@H]2O)nc(-c2ccccc2Cl)n1-c1ccc(Cl)cc1,1,1,1,1,5.638272163982407,5.638272163982407,0.0,5.638272163982407,0.0,0.0,5.638272163982407,0.0,False
CCc1c(C(=O)Nc2ccc3ccccc3c2)cc(C)n1-c1ccccc1,1,1,1,1,7.2441251443275085,7.2441251443275085,0.0,7.2441251443275085,0.0,0.0,7.2441251443275085,0.0,False
CCc1c(C(=O)Nc2cccc3ccccc23)cc(C)n1-c1ccccc1,1,1,1,1,7.6985359268567,7.6985359268567,0.0,7.6985359268567,0.0,0.0,7.6985359268567,0.0,False
CCc1c(C)cc(C(=O)NC2(C(=O)O)CCCCC2)c(=O)n1Cc1ccc(F)cc1,1,1,1,1,7.443697499232712,7.443697499232712,0.0,7.443697499232712,0.0,0.0,7.443697499232712,0.0,False
CCc1c(C)sc(NC(=O)C23CC4CC(CC(C4)C2)C3)c1C(=O)OC,1,1,1,1,8.60906489289662,8.60906489289662,0.0,8.60906489289662,0.0,0.0,8.60906489289662,0.0,False
CCc1c(C)sc(NC(=O)c2ccc(Cl)cc2)c1C(=O)OC,1,1,1,1,6.20690839982342,6.20690839982342,0.0,6.20690839982342,0.0,0.0,6.20690839982342,0.0,False
CCc1c(C)sc(NC(=O)c2ccc(F)cc2)c1C(=O)OC,1,1,1,1,6.3047197567707975,6.3047197567707975,0.0,6.3047197567707975,0.0,0.0,6.3047197567707975,0.0,False
CCc1cc2c(cc1O)OC1=C(CC[C@@H](C)C1)C2(C)C,1,1,1,1,6.292429823902063,6.292429823902063,0.0,6.292429823902063,0.0,0.0,6.292429823902063,0.0,False
CCc1ccc(/C=C2\C=C(CCN3CCOCC3)c3ccccc32)c2ccccc12,1,1,1,1,9.102372908709558,9.102372908709558,0.0,9.102372908709558,0.0,0.0,9.102372908709558,0.0,False
CCc1ccc(/N=C2\SCC3(CCCCC3)CN2C(=S)SC)cc1,1,1,1,1,8.920818753952375,8.920818753952375,0.0,8.920818753952375,0.0,0.0,8.920818753952375,0.0,False
CCc1ccc(C(=O)c2cc(O)c(-c3cc(Cl)cc(Cl)c3)c(O)c2)cc1,1,1,1,1,7.425274416405927,7.425274416405927,0.0,7.425274416405927,0.0,0.0,7.425274416405927,0.0,False
CCc1ccc(C(C)(C)c2cc(O)c3c(c2)OC(C)(C)[C@@H]2CC=C(C)C[C@@H]32)cc1,1,1,1,1,9.173925197299173,9.173925197299173,0.0,9.173925197299173,0.0,0.0,9.173925197299173,0.0,False
CCc1ccc(CC)n1-c1c(C)c(C(=O)NC2CCCCC2)nn1-c1ccc(Cl)c(Cl)c1,1,1,1,1,6.387640052032226,6.387640052032226,0.0,6.387640052032226,0.0,0.0,6.387640052032226,0.0,False
CCc1cccc(C(=O)c2cc(O)c(-c3cc(Cl)cc(Cl)c3)c(O)c2)c1,1,1,1,1,5.765229704839084,5.765229704839084,0.0,5.765229704839084,0.0,0.0,5.765229704839084,0.0,False
CCc1ccccc1/N=C1\SCC(C)(C)CN1C(=S)SC,1,1,1,1,7.267606240177031,7.267606240177031,0.0,7.267606240177031,0.0,0.0,7.267606240177031,0.0,False
CCc1ccccc1NC(=O)CSc1nnc(-c2ccccc2OC)n1-c1ccccc1,1,1,1,1,8.67778070526608,8.67778070526608,0.0,8.67778070526608,0.0,0.0,8.67778070526608,0.0,False
CCc1cnc(NC(=O)C(C)(C)CC)cc1CN1CCOCC1,1,1,1,1,8.102372908709558,8.102372908709558,0.0,8.102372908709558,0.0,0.0,8.102372908709558,0.0,False
CCc1nc(C(=O)NC23CC4CC(CC(C4)C2)C3)c(C)n1-c1ccccc1,1,1,1,1,8.795880017344075,8.795880017344075,0.0,8.795880017344075,0.0,0.0,8.795880017344075,0.0,False
CCc1nc(C(=O)NC23CC4CC(CC(C4)C2)C3)cn1-c1ccccc1,1,1,1,1,7.896196279044043,7.896196279044043,0.0,7.896196279044043,0.0,0.0,7.896196279044043,0.0,False
CCc1sc(NC(=O)C23CC4CC(CC(C4)C2)C3)c(C(=O)OC)c1C,1,1,1,1,8.22767829327708,8.22767829327708,0.0,8.22767829327708,0.0,0.0,8.22767829327708,0.0,False
CCc1sc2ccccc2c1C(=O)c1ccc(OC)cc1,1,1,1,1,5.795880017344075,5.795880017344075,0.0,5.795880017344075,0.0,0.0,5.795880017344075,0.0,False
CCc1sc2ccccc2c1C(=O)c1cccc2ccccc12,1,1,1,1,6.154901959985743,6.154901959985743,0.0,6.154901959985743,0.0,0.0,6.154901959985743,0.0,False
CCn1c(C)c(C)cc(Oc2nc3ccccc3o2)c1=S,1,1,1,1,5.4139756176130245,5.4139756176130245,0.0,5.4139756176130245,0.0,0.0,5.4139756176130245,0.0,False
CCn1c2ccccc2c2cc(NC(=O)CCc3nc(-c4ccc(F)cc4C#N)no3)ccc21,1,1,1,1,8.156144577376839,8.156144577376839,0.0,8.156144577376839,0.0,0.0,8.156144577376839,0.0,False
CCn1cc(C(=O)NC(C)C23CC4CC(CC(C4)C2)C3)c(=O)cc1-c1ccccc1,1,1,1,1,6.3829996588791005,6.3829996588791005,0.0,6.3829996588791005,0.0,0.0,6.3829996588791005,0.0,False
CCn1cc(C(=O)N[C@@H]2C(C)(C)C3CC[C@]2(C)C3)c(=O)c2ccc(F)cc21,1,1,1,1,8.136677139879545,8.136677139879545,0.0,8.136677139879545,0.0,0.0,8.136677139879545,0.0,False
CCn1cc(C(=O)N[C@@H]2C(C)(C)C3CC[C@]2(C)C3)c(=O)c2ccc(Sc3ccccc3)cc21,1,1,1,1,8.356547323513812,8.356547323513812,0.0,8.356547323513812,0.0,0.0,8.356547323513812,0.0,False
CCn1cc(CC(=O)NC23CC4CC(CC(C4)C2)C3)c2cc(-c3ccccc3)ccc21,1,1,1,1,7.173925197299173,7.173925197299173,0.0,7.173925197299173,0.0,0.0,7.173925197299173,0.0,False
CN(C)C(=O)[C@@H](NC(=O)n1c(=O)n(CCN2CCOCC2)c2ccccc21)C(C)(C)C,1,1,1,1,7.6020599913279625,7.6020599913279625,0.0,7.6020599913279625,0.0,0.0,7.6020599913279625,0.0,False
CN(C)C1(c2nc(-c3cc(C(C)(C)C)c(O)c(C(C)(C)C)c3)co2)CCOCC1,1,1,1,1,7.287350298372789,7.287350298372789,0.0,7.287350298372789,0.0,0.0,7.287350298372789,0.0,False
CN(C)C1(c2nc(-c3cc(C(C)(C)C)c(O)c(C(C)(C)C)c3)cs2)CCOCC1,1,1,1,1,7.531652669587842,7.531652669587842,0.0,7.531652669587842,0.0,0.0,7.531652669587842,0.0,False
CN(C)C1(c2nc(-c3cc(C(C)(C)C)c(O)c(C(C)(C)C)c3)cs2)CCSCC1,1,1,1,1,7.087777943467584,7.087777943467584,0.0,7.087777943467584,0.0,0.0,7.087777943467584,0.0,False
CN(C)C1(c2nc(-c3cc(C(C)(C)C)cc(C(C)(C)C)c3)cs2)CCOCC1,1,1,1,1,6.896196279044043,6.896196279044043,0.0,6.896196279044043,0.0,0.0,6.896196279044043,0.0,False
CN(C)CCCn1c2ccccc2c2cc(C(=O)N3CCCCC3)ccc21,1,1,1,1,6.39469495385889,6.39469495385889,0.0,6.39469495385889,0.0,0.0,6.39469495385889,0.0,False
CN(C)CCNC(=O)C(C)(C)NC(=O)c1cc2c(n(CC3CCCCC3)c1=O)CCCCCC2,1,1,1,1,7.0915149811213505,7.0915149811213505,0.0,7.0915149811213505,0.0,0.0,7.0915149811213505,0.0,False
CN(C)CCNc1cnn(C2CC(C)(C)CC(C)(C)C2)c(=O)c1Br,1,1,1,1,7.376750709602099,7.376750709602099,0.0,7.376750709602099,0.0,0.0,7.376750709602099,0.0,False
CN(C)CCn1c(=O)n(C(=O)N[C@H](C(N)=O)C(C)(C)C)c2ccccc21,1,1,1,1,6.471083299722345,6.471083299722345,0.0,6.471083299722345,0.0,0.0,6.471083299722345,0.0,False
CN(C)CCn1c(Cc2ccc(Cl)c(Cl)c2)nc2cc(C(F)(F)F)ccc21,1,1,1,1,6.008773924307505,6.008773924307505,0.0,6.008773924307505,0.0,0.0,6.008773924307505,0.0,False
CN(C)CCn1cc(C(=O)C2C(C)(C)C2(C)C)c2ccccc21,2,1,1,1,8.720105019988361,8.721246399047171,0.0011413790588097328,8.720675709517767,0.0011413790588097328,0.0,8.720675709517767,0.0,False
CN(C)CCn1cc(C(=O)NC23CC4CC(CC(C4)C2)C3)c(=O)c2ccc(F)cc21,1,1,1,1,7.221848749616356,7.221848749616356,0.0,7.221848749616356,0.0,0.0,7.221848749616356,0.0,False
CN(C)CCn1cc(C(=O)N[C@@H]2C(C)(C)C3CC[C@]2(C)C3)c(=O)c2ccc(F)cc21,1,1,1,1,8.102372908709558,8.102372908709558,0.0,8.102372908709558,0.0,0.0,8.102372908709558,0.0,False
CN(C)CCn1cc(C(=O)N[C@@H]2C(C)(C)C3CC[C@]2(C)C3)c(=O)c2ccc(Sc3ccccc3)cc21,1,1,1,1,8.886056647693163,8.886056647693163,0.0,8.886056647693163,0.0,0.0,8.886056647693163,0.0,False
CN(C)Cc1nc(-c2cc(C(C)(C)C)c(O)c(C(C)(C)C)c2)cs1,1,1,1,1,5.205024255948868,5.205024255948868,0.0,5.205024255948868,0.0,0.0,5.205024255948868,0.0,False
CN(C)c1ccc(/C=C2\N=C3SCCCN3C2=O)cc1,1,1,1,1,4.779891911959945,4.779891911959945,0.0,4.779891911959945,0.0,0.0,4.779891911959945,0.0,False
CN(C)c1ccc(C(NC(=O)Cc2ccccc2)NC(=O)Cc2ccccc2)cc1,2,1,1,1,6.1095789811990855,6.1095789811990855,0.0,6.1095789811990855,0.0,0.0,6.1095789811990855,0.0,False
CN(C)c1ccc2c(=O)c(C(=O)NC3CCCCC3)cn(CCN3CCOCC3)c2n1,1,1,1,1,7.026872146400302,7.026872146400302,0.0,7.026872146400302,0.0,0.0,7.026872146400302,0.0,False
CN(CC(=O)NC1CC1)C(=O)c1ccc2c(c1)c1c(n2C)CCC(C2CCOCC2)C1,1,1,1,1,7.580044251510242,7.580044251510242,0.0,7.580044251510242,0.0,0.0,7.580044251510242,0.0,False
CN(CC(=O)NC1CC1)C(=O)c1ccc2c(c1)c1c(n2C)CC[C@@H](C2CCOCC2)C1,1,1,1,1,7.667561540084394,7.667561540084394,0.0,7.667561540084394,0.0,0.0,7.667561540084394,0.0,False
CN(CC(=O)NC1CC1)C(=O)c1ccc2c(c1)c1c(n2C)CC[C@H](C2CCOCC2)C1,1,1,1,1,7.308918507877031,7.308918507877031,0.0,7.308918507877031,0.0,0.0,7.308918507877031,0.0,False
CN(CC(N)=O)Cc1nc(-c2cn(CC3CCOCC3)c3c(Cl)cccc23)no1,1,1,1,1,8.199970640755865,8.199970640755865,0.0,8.199970640755865,0.0,0.0,8.199970640755865,0.0,False
CN(CCCCCCCOc1ccc(-c2oc3ccccc3c2C(=O)c2ccc(-c3ccccc3)cc2)cc1)Cc1ccccc1,1,1,1,1,5.747146969020107,5.747146969020107,0.0,5.747146969020107,0.0,0.0,5.747146969020107,0.0,False
CN(CCCCCCCOc1ccc(-c2oc3ccccc3c2C(=O)c2ccc(OCCN3CCOCC3)cc2)cc1)Cc1ccccc1,1,1,1,1,6.236572006437063,6.236572006437063,0.0,6.236572006437063,0.0,0.0,6.236572006437063,0.0,False
CN(CCO)C(=O)C(C)(C)NC(=O)c1cc2c(n(CC3CCCCC3)c1=O)CCCCCC2,1,1,1,1,9.221848749616356,9.221848749616356,0.0,9.221848749616356,0.0,0.0,9.221848749616356,0.0,False
CN(CCOc1ccc(C(F)(F)F)cc1C(=O)/N=c1\sc(C(C)(C)C)cn1C[C@H]1CCCO1)c1ccccc1,1,1,1,1,7.853871964321762,7.853871964321762,0.0,7.853871964321762,0.0,0.0,7.853871964321762,0.0,False
CN(Cc1ccccc1)C(=O)N1CC(O[C@@H](c2ccc(Cl)cc2)c2cccnc2Cl)C1,1,1,1,1,5.395665926897089,5.395665926897089,0.0,5.395665926897089,0.0,0.0,5.395665926897089,0.0,False
CN(Cc1ccccc1)C(=O)N1CC(O[C@H](c2ccc(Cl)cc2)c2cccnc2Cl)C1,1,1,1,1,6.309803919971486,6.309803919971486,0.0,6.309803919971486,0.0,0.0,6.309803919971486,0.0,False
CN(Cc1ccccc1)C1CCN(c2ncnc3c2nc(-c2ccccc2Cl)n3-c2ccc(Cl)cc2)CC1,1,1,1,1,5.568636235841012,5.568636235841012,0.0,5.568636235841012,0.0,0.0,5.568636235841012,0.0,False
CN(Cc1ccccc1)S(=O)(=O)c1cc(C(=O)NCC(C)(C)C)ccc1Br,1,1,1,1,6.366531544420413,6.366531544420413,0.0,6.366531544420413,0.0,0.0,6.366531544420413,0.0,False
CN(Cc1ccccc1)S(=O)(=O)c1cc(C(=O)N[C@@H]2C(C)(C)[C@H]3CC[C@]2(C)C3)ccc1Br,1,1,1,1,7.958607314841775,7.958607314841775,0.0,7.958607314841775,0.0,0.0,7.958607314841775,0.0,False
CN/C(=N\S(=O)(=O)N1CCC(C(F)(F)F)CC1)C1=NN(c2ccc(Cl)cc2)C(c2ccccc2)C1,1,1,1,1,6.217527375833714,6.217527375833714,0.0,6.217527375833714,0.0,0.0,6.217527375833714,0.0,False
CN/C(=N\S(=O)(=O)N1CCC(C(F)(F)F)CC1)C1=NN(c2ccc(Cl)cc2)[C@@H](c2ccccc2)C1,1,1,1,1,6.2335871528876,6.2335871528876,0.0,6.2335871528876,0.0,0.0,6.2335871528876,0.0,False
CN/C(=N\S(=O)(=O)N1CCC(C(F)(F)F)CC1)N1C[C@H](c2ccccc2)C(c2ccc(Cl)cc2)=N1,1,1,1,1,6.515700160653214,6.515700160653214,0.0,6.515700160653214,0.0,0.0,6.515700160653214,0.0,False
CN/C(=N\S(=O)(=O)N1CCC(F)(F)CC1)N1CC(c2ccccc2)C(c2ccc(Cl)cc2)=N1,1,1,1,1,6.6595558851598815,6.6595558851598815,0.0,6.6595558851598815,0.0,0.0,6.6595558851598815,0.0,False
CN/C(=N\S(=O)(=O)N1CCC(F)(F)CC1)N1CCC(c2ccccc2)C(c2ccc(Cl)cc2)=N1,1,1,1,1,6.607303046740334,6.607303046740334,0.0,6.607303046740334,0.0,0.0,6.607303046740334,0.0,False
CN/C(=N\S(=O)(=O)N1CCCCC1)C1=NN(c2ccc(Cl)cc2)C(c2ccccc2)C1,1,1,1,1,5.9641701747471725,5.9641701747471725,0.0,5.9641701747471725,0.0,0.0,5.9641701747471725,0.0,False
CN/C(=N\S(=O)(=O)N1CCCCC1)N1CC(c2ccccc2)C(c2ccc(Cl)cc2)=N1,1,1,1,1,5.879097182385473,5.879097182385473,0.0,5.879097182385473,0.0,0.0,5.879097182385473,0.0,False
CN/C(=N\S(=O)(=O)N1CCCCC1)N1CCC(c2ccccc2)C(c2ccc(Cl)cc2)=N1,1,1,1,1,6.243363891754152,6.243363891754152,0.0,6.243363891754152,0.0,0.0,6.243363891754152,0.0,False
CN/C(=N\S(=O)(=O)N1CCCCC1)N1C[C@H](c2ccccc2)C(c2ccc(Cl)cc2)=N1,1,1,1,1,5.4565528199183,5.4565528199183,0.0,5.4565528199183,0.0,0.0,5.4565528199183,0.0,False
CN/C(=N\S(=O)(=O)c1ccc(C(F)(F)F)cc1)C1=NN(c2ccc(Cl)cc2Cl)C(c2ccccc2)C1,1,1,1,1,6.747146969020107,6.747146969020107,0.0,6.747146969020107,0.0,0.0,6.747146969020107,0.0,False
CN/C(=N\S(=O)(=O)c1ccc(Cl)cc1)C1=NN(c2ccc(Cl)cc2Cl)C(c2ccccc2)C1,1,1,1,1,6.605548319173783,6.605548319173783,0.0,6.605548319173783,0.0,0.0,6.605548319173783,0.0,False
CN/C(=N\S(=O)(=O)c1ccc(Cl)cc1)N1CC(c2ccccc2)C(c2ccc(Cl)cc2)=N1,1,1,1,1,5.100000128334196,5.100000128334196,0.0,5.100000128334196,0.0,0.0,5.100000128334196,0.0,False
CN/C(=N\S(=O)(=O)c1ccc(Cl)cc1)N1CCC(c2ccccc2)C(c2ccc(Cl)cc2)=N1,1,1,1,1,6.497572880015568,6.497572880015568,0.0,6.497572880015568,0.0,0.0,6.497572880015568,0.0,False
CN/C(=N\S(=O)(=O)c1ccc(Cl)cc1)N1C[C@H](c2ccccc2)C(c2ccc(Cl)cc2)=N1,2,2,2,1,5.125344267401899,5.700000503883016,0.5746562364811174,5.412672385642457,0.0,0.5746562364811174,5.412672385642457,0.0,False
CN/C(=N\S(=O)(=O)c1cccc(Cl)c1)C1=NN(c2ccc(Cl)cc2Cl)C(c2ccccc2)C1,1,1,1,1,6.481486060122112,6.481486060122112,0.0,6.481486060122112,0.0,0.0,6.481486060122112,0.0,False
CN1C(=N)NC(=O)/C1=C/c1cccc(OCc2ccc(Cl)cc2)c1,1,1,1,1,4.642065152999546,4.642065152999546,0.0,4.642065152999546,0.0,0.0,4.642065152999546,0.0,False
CN1C(=O)CC[C@H]1COc1ccc(C(F)(F)F)cc1C(=O)/N=c1\sc(C(C)(C)C)cn1C[C@H]1CCCO1,1,1,1,1,7.207608310501746,7.207608310501746,0.0,7.207608310501746,0.0,0.0,7.207608310501746,0.0,False
CN1CC(COc2ccc(C(F)(F)F)cc2C(=O)/N=c2\sc(C(C)(C)C)cn2C[C@H]2CCCO2)C1,1,1,1,1,6.681936665037238,6.681936665037238,0.0,6.681936665037238,0.0,0.0,6.681936665037238,0.0,False
CN1CCC(COc2ccc(C(F)(F)F)cc2C(=O)/N=c2\sc(C(C)(C)C)cn2C[C@H]2CCCO2)CC1,1,1,1,1,6.0,6.0,0.0,6.0,0.0,0.0,6.0,0.0,False
CN1CCCCC1Cn1cc(C(=O)C2C(C)(C)C2(C)C)c2ccccc21,2,1,1,1,9.318758762624412,9.320027305722581,0.0012685430981687063,9.319393034173498,0.0012685430981687063,0.0,9.319393034173498,0.0,False
CN1CCCCC1Cn1cc(C(=O)c2cc([N+](=O)[O-])ccc2I)c2ccccc21,5,4,4,1,7.661543506395395,8.468521082957745,0.8069775765623497,7.940058111938045,0.000755952291656925,0.8069775765623497,8.04421089353657,0.10415278159852548,False
CN1CCCC[C@@H]1COc1ccc(C(F)(F)F)cc1C(=O)/N=c1\sc(C(C)(C)C)cn1C[C@H]1CCCO1,1,1,1,1,7.481486060122112,7.481486060122112,0.0,7.481486060122112,0.0,0.0,7.481486060122112,0.0,False
CN1CCCC[C@H]1COc1ccc(C(F)(F)F)cc1C(=O)/N=c1\sc(C(C)(C)C)cn1C[C@H]1CCCO1,1,1,1,1,9.154901959985743,9.154901959985743,0.0,9.154901959985743,0.0,0.0,9.154901959985743,0.0,False
CN1CCC[C@@H]1COc1ccc(C(F)(F)F)cc1C(=O)/N=c1\sc(C(C)(C)C)cn1C[C@H]1CCCO1,1,1,1,1,6.686132779630847,6.686132779630847,0.0,6.686132779630847,0.0,0.0,6.686132779630847,0.0,False
CN1CCC[C@H]1CNc1ccc(C(F)(F)F)cc1C(=O)/N=c1\sc(C(C)(C)C)cn1C[C@H]1CCCO1,1,1,1,1,7.443697499232712,7.443697499232712,0.0,7.443697499232712,0.0,0.0,7.443697499232712,0.0,False
CN1CCC[C@H]1COc1ccc(C#N)cc1C(=O)/N=c1\sc(C(C)(C)C)cn1C[C@H]1CCCO1,1,1,1,1,7.366531544420413,7.366531544420413,0.0,7.366531544420413,0.0,0.0,7.366531544420413,0.0,False
CN1CCC[C@H]1COc1ccc(C(F)(F)F)cc1C(=O)/N=c1\sc(C(C)(C)C)cn1CC1(O)CCC1,1,1,1,1,7.022276394711152,7.022276394711152,0.0,7.022276394711152,0.0,0.0,7.022276394711152,0.0,False
CN1CCC[C@H]1COc1ccc(C(F)(F)F)cc1C(=O)/N=c1\sc(C(C)(C)C)cn1C[C@H]1CCCO1,1,1,1,1,8.337242168318426,8.337242168318426,0.0,8.337242168318426,0.0,0.0,8.337242168318426,0.0,False
CN1CCC[C@H]1COc1ccc(C(F)(F)F)cc1C(=O)/N=c1\scc(C(C)(C)C)n1C[C@H]1CCCO1,1,1,1,1,6.539102157243452,6.539102157243452,0.0,6.539102157243452,0.0,0.0,6.539102157243452,0.0,False
CN1CCC[C@H]1COc1ccc(C(F)(F)F)cc1C(=S)/N=c1\sc(C(C)(C)C)cn1C[C@H]1CCCO1,1,1,1,1,8.886056647693163,8.886056647693163,0.0,8.886056647693163,0.0,0.0,8.886056647693163,0.0,False
CN1CCN(C(=O)C23CC4CC(CC(C4)C2)C3)c2ccccc21,1,1,1,1,6.301029995663981,6.301029995663981,0.0,6.301029995663981,0.0,0.0,6.301029995663981,0.0,False
CN1CCN(C)[C@@H](COc2ccc(C(F)(F)F)cc2C(=O)/N=c2\sc(C(C)(C)C)cn2C[C@H]2CCCO2)C1,1,1,1,1,7.6020599913279625,7.6020599913279625,0.0,7.6020599913279625,0.0,0.0,7.6020599913279625,0.0,False
CN1CCN(NC(=O)c2cnn(-c3ccc(Cl)cc3Cl)c2-c2ccc(Br)cc2)CC1,1,1,1,1,4.522878745280337,4.522878745280337,0.0,4.522878745280337,0.0,0.0,4.522878745280337,0.0,False
CN1CCN(c2ncnc3oc(-c4ccccc4C(F)(F)F)nc23)CC1,1,1,1,1,6.809668301829708,6.809668301829708,0.0,6.809668301829708,0.0,0.0,6.809668301829708,0.0,False
CN1CCN(c2ncnc3oc(-c4ccccc4Cl)nc23)CC1,1,1,1,1,6.455931955649724,6.455931955649724,0.0,6.455931955649724,0.0,0.0,6.455931955649724,0.0,False
CN1CC[C@@H](COc2ccc(C(F)(F)F)cc2C(=O)/N=c2\sc(C(C)(C)C)cn2C[C@H]2CCCO2)C1,1,1,1,1,6.85078088734462,6.85078088734462,0.0,6.85078088734462,0.0,0.0,6.85078088734462,0.0,False
CN1CC[C@@H]1COc1ccc(C(F)(F)F)cc1C(=O)/N=c1\sc(C(C)(C)C)cn1C[C@H]1CCCO1,1,1,1,1,7.327902142064282,7.327902142064282,0.0,7.327902142064282,0.0,0.0,7.327902142064282,0.0,False
CN1CC[C@H](COc2ccc(C(F)(F)F)cc2C(=O)/N=c2\sc(C(C)(C)C)cn2C[C@H]2CCCO2)C1,1,1,1,1,7.036212172654444,7.036212172654444,0.0,7.036212172654444,0.0,0.0,7.036212172654444,0.0,False
CN1CC[C@H]1COc1ccc(C(F)(F)F)cc1C(=O)/N=c1\sc(C(C)(C)C)cn1C[C@H]1CCCO1,1,1,1,1,8.130768280269024,8.130768280269024,0.0,8.130768280269024,0.0,0.0,8.130768280269024,0.0,False
CN1C[C@@H](F)C[C@H]1COc1ccc(C(F)(F)F)cc1C(=O)/N=c1\sc(C(C)(C)C)cn1C[C@H]1CCCO1,1,1,1,1,8.522878745280337,8.522878745280337,0.0,8.522878745280337,0.0,0.0,8.522878745280337,0.0,False
CN1C[C@H](F)C[C@H]1COc1ccc(C(F)(F)F)cc1C(=O)/N=c1\sc(C(C)(C)C)cn1C[C@H]1CCCO1,1,1,1,1,8.698970004336019,8.698970004336019,0.0,8.698970004336019,0.0,0.0,8.698970004336019,0.0,False
CN1N=CC2C1C(O)=C(C(=O)NC13CC4CC(CC(C4)C1)C3)C(=O)N2CCCCF,1,1,1,1,8.853871964321762,8.853871964321762,0.0,8.853871964321762,0.0,0.0,8.853871964321762,0.0,False
CN1N=CC2C1C(O)=C(C(=O)NC13CC4CC(CC(O)(C4)C1)C3)C(=O)N2CCCCF,1,1,1,1,7.723538195826756,7.723538195826756,0.0,7.723538195826756,0.0,0.0,7.723538195826756,0.0,False
CNC(=O)CCC(C)(C)c1ccc(-c2cc(C)cc(C)c2)c(O)c1,1,1,1,1,6.853871964321762,6.853871964321762,0.0,6.853871964321762,0.0,0.0,6.853871964321762,0.0,False
CNC(=O)CCCCC(C)(C)c1ccc(-c2cc(C)cc(C)c2)c(O)c1,1,1,1,1,7.4089353929735005,7.4089353929735005,0.0,7.4089353929735005,0.0,0.0,7.4089353929735005,0.0,False
CNC(=O)CCCN(C)C(=O)c1ccc2c(c1)c1c(n2C)CC[C@@H](C2CCOCC2)C1,1,1,1,1,7.809668301829708,7.809668301829708,0.0,7.809668301829708,0.0,0.0,7.809668301829708,0.0,False
CNC(=O)[C@@H](NC(=O)c1nn(-c2c[n+]([O-])ccn2)c2c1C[C@@H]1C[C@H]21)C(C)(C)C,1,1,1,1,8.838631997765026,8.838631997765026,0.0,8.838631997765026,0.0,0.0,8.838631997765026,0.0,False
CNC(=O)[C@@H](NC(=O)n1c(=O)n(CCN2CCOCC2)c2ccccc21)C(C)(C)C,1,1,1,1,7.698970004336019,7.698970004336019,0.0,7.698970004336019,0.0,0.0,7.698970004336019,0.0,False
CNC1(c2nc(-c3cc(C(C)(C)C)c(O)c(C(C)(C)C)c3)cs2)CCOCC1,1,1,1,1,6.84163750790475,6.84163750790475,0.0,6.84163750790475,0.0,0.0,6.84163750790475,0.0,False
CO/C=C\[C@@H]1CC[C@@H]2[C@@H](C1)c1c(O)cc(C34CC5CC(CC(C5)C3)C4)cc1OC2(C)C,1,1,1,1,7.172630726946174,7.172630726946174,0.0,7.172630726946174,0.0,0.0,7.172630726946174,0.0,False
CO/N=C(\c1ccc([C@H](C)NS(C)(=O)=O)cc1)c1ccc(Cl)cc1S(=O)(=O)c1ccc(Cl)cc1,1,1,1,1,6.391473966422806,6.391473966422806,0.0,6.391473966422806,0.0,0.0,6.391473966422806,0.0,False
COC(=O)C(C)(C)NC(=O)c1cc2c(n(CC3CCCCC3)c1=O)CCCCCC2,1,1,1,1,9.522878745280337,9.522878745280337,0.0,9.522878745280337,0.0,0.0,9.522878745280337,0.0,False
COC(=O)C(C)(C)c1cc(O)c2c(c1)OC(C)(C)[C@@H]1CC=C(C)C[C@@H]21,2,2,2,1,7.434152181326482,7.462180904926726,0.028028723600243666,7.448166543126604,0.0,0.028028723600243666,7.448166543126604,0.0,False
COC(=O)C(C)(C)c1ccc(-c2cc(C)cc(C)c2)c(O)c1,1,1,1,1,7.795880017344075,7.795880017344075,0.0,7.795880017344075,0.0,0.0,7.795880017344075,0.0,False
COC(=O)CCC(=O)n1c2ccccc2c2nnc(SCc3ccccc3C#N)nc21,1,1,1,1,6.443697499232712,6.443697499232712,0.0,6.443697499232712,0.0,0.0,6.443697499232712,0.0,False
COC(=O)CCC(C)(C)c1ccc(-c2cc(C)cc(C)c2)c(O)c1,1,1,1,1,8.2518119729938,8.2518119729938,0.0,8.2518119729938,0.0,0.0,8.2518119729938,0.0,False
COC(=O)CCCCC(C)(C)c1ccc(-c2cc(C)cc(C)c2)c(O)c1,1,1,1,1,7.853871964321762,7.853871964321762,0.0,7.853871964321762,0.0,0.0,7.853871964321762,0.0,False
COC(=O)CCCCOc1cccc2c(C(=O)c3ccc(OC)cc3)cn(CC3CCOCC3)c12,1,1,1,1,6.697452627512515,6.697452627512515,0.0,6.697452627512515,0.0,0.0,6.697452627512515,0.0,False
COC(=O)CCCCn1c(=O)c(C(=O)NC2CCC(C)CC2)cc2cccnc21,1,1,1,1,7.567030709125595,7.567030709125595,0.0,7.567030709125595,0.0,0.0,7.567030709125595,0.0,False
COC(=O)CCCn1c2ccccc2c2cc(C(=O)N3CCCCC3)ccc21,1,1,1,1,6.681936665037238,6.681936665037238,0.0,6.681936665037238,0.0,0.0,6.681936665037238,0.0,False
COC(=O)CCn1cc(C(=O)C2C(C)(C)C2(C)C)c2ccccc21,2,1,1,1,8.53003079050004,8.537602002101044,0.007571211601003824,8.533816396300542,0.007571211601003824,0.0,8.533816396300542,0.0,False
COC(=O)Cn1nnc(Cc2ccc(-c3ccccc3)cc2)n1,1,1,1,1,5.0915149811213505,5.0915149811213505,0.0,5.0915149811213505,0.0,0.0,5.0915149811213505,0.0,False
COC(=O)N[C@]12CC3CC(C1)C[C@](c1cc(O)c4c(c1)OC(C)(C)[C@@H]1CC[C@@H](O)C[C@@H]41)(C3)C2,1,1,1,1,8.075720713938118,8.075720713938118,0.0,8.075720713938118,0.0,0.0,8.075720713938118,0.0,False
COC(=O)c1[nH]ccc1NC(=O)C12CC3CC(CC(C3)C1)C2,1,1,1,1,5.669223113481834,5.669223113481834,0.0,5.669223113481834,0.0,0.0,5.669223113481834,0.0,False
COC(=O)c1c(-c2ccccc2)csc1NC(=O)C12CC3CC(CC(C3)C1)C2,1,1,1,1,7.455931955649724,7.455931955649724,0.0,7.455931955649724,0.0,0.0,7.455931955649724,0.0,False
COC(=O)c1c(C)noc1NC(=O)C12CC3CC(CC(C3)C1)C2,1,1,1,1,7.188961491395784,7.188961491395784,0.0,7.188961491395784,0.0,0.0,7.188961491395784,0.0,False
COC(=O)c1c(NC(=O)C23CC4CC(CC(C4)C2)C3)cnn1C,1,1,1,1,5.965820907647182,5.965820907647182,0.0,5.965820907647182,0.0,0.0,5.965820907647182,0.0,False
COC(=O)c1c(NC(=O)C23CC4CC(CC(C4)C2)C3)sc(C)c1C,1,1,1,1,8.034328028779893,8.034328028779893,0.0,8.034328028779893,0.0,0.0,8.034328028779893,0.0,False
COC(=O)c1c(NC(=O)C23CC4CC(CC(C4)C2)C3)sc2c1CCCC2,1,1,1,1,8.29413628771608,8.29413628771608,0.0,8.29413628771608,0.0,0.0,8.29413628771608,0.0,False
COC(=O)c1c(NC(=O)C23CC4CC(CC(C4)C2)C3)sc2c1CCS(=O)(=O)C2,1,1,1,1,5.776312004726936,5.776312004726936,0.0,5.776312004726936,0.0,0.0,5.776312004726936,0.0,False
COC(=O)c1c(NC(=O)C23CC4CC(CC(C4)C2)C3)sc2c1CCSC2,1,1,1,1,7.2949920406666635,7.2949920406666635,0.0,7.2949920406666635,0.0,0.0,7.2949920406666635,0.0,False
COC(=O)c1c(NC(=O)C23CC4CC(CC(O)(C4)C2)C3)sc2c1CCCC2,1,1,1,1,8.481486060122112,8.481486060122112,0.0,8.481486060122112,0.0,0.0,8.481486060122112,0.0,False
COC(=O)c1c(NC(=O)N2CCCCC2)sc2c1CCCC2,1,1,1,1,6.708409174341998,6.708409174341998,0.0,6.708409174341998,0.0,0.0,6.708409174341998,0.0,False
COC(=O)c1c(NC(=O)N2CCOCC2)sc2c1CCCC2,1,1,1,1,5.603089620223423,5.603089620223423,0.0,5.603089620223423,0.0,0.0,5.603089620223423,0.0,False
COC(=O)c1c(NC(=O)NC23CC4CC(CC(C4)C2)C3)sc2c1CCCC2,1,1,1,1,7.678401569534656,7.678401569534656,0.0,7.678401569534656,0.0,0.0,7.678401569534656,0.0,False
COC(=O)c1c(NC(=O)Oc2ccccc2)sc2c1CCCC2,1,1,1,1,6.612503393064436,6.612503393064436,0.0,6.612503393064436,0.0,0.0,6.612503393064436,0.0,False
COC(=O)c1cc(-c2ccccc2)sc1NC(=O)C12CC3CC(CC(C3)C1)C2,1,1,1,1,8.188424994129406,8.188424994129406,0.0,8.188424994129406,0.0,0.0,8.188424994129406,0.0,False
COC(=O)c1cc(C)sc1NC(=O)C12CC3CC(CC(C3)C1)C2,1,1,1,1,7.6365760670828235,7.6365760670828235,0.0,7.6365760670828235,0.0,0.0,7.6365760670828235,0.0,False
COC(=O)c1cc(O)c(-c2cc(C)cc(C)c2)c(O)c1,1,1,1,1,5.346787486224656,5.346787486224656,0.0,5.346787486224656,0.0,0.0,5.346787486224656,0.0,False
COC(=O)c1cc(O)c(-c2cc(C)cc(C)c2)c(OC)c1,1,1,1,1,5.1938200260161125,5.1938200260161125,0.0,5.1938200260161125,0.0,0.0,5.1938200260161125,0.0,False
COC(=O)c1ccc(Cn2cc(/C=C3/C(=O)C4CCN3CC4)c3ccccc32)cc1,1,1,1,1,6.230622673923861,6.230622673923861,0.0,6.230622673923861,0.0,0.0,6.230622673923861,0.0,False
COC(=O)c1ccc2c(/C=C3/C(=O)C4CCN3CC4)cn(Cc3ccccc3)c2c1,1,1,1,1,8.602059991327963,8.602059991327963,0.0,8.602059991327963,0.0,0.0,8.602059991327963,0.0,False
COC(=O)c1ccc2c(C(=O)C3C(C)(C)C3(C)C)cn(CC3CCOCC3)c2c1,2,1,1,1,8.853871964321762,8.860120913598763,0.006248949277001259,8.856996438960262,0.006248949277001259,0.0,8.856996438960262,0.0,False
COC(=O)c1ccc2c(c1)c(C(=O)C1C(C)(C)C1(C)C)cn2CC1CCOCC1,2,1,1,1,6.620005959834258,6.623423042943488,0.0034170831092295018,6.6217145013888725,0.0034170831092295018,0.0,6.6217145013888725,0.0,False
COC(=O)c1cccnc1NC(=O)C12CC3CC(CC(C3)C1)C2,1,1,1,1,5.913572538565575,5.913572538565575,0.0,5.913572538565575,0.0,0.0,5.913572538565575,0.0,False
COC(=O)c1ccsc1NC(=O)C12CC3CC(CC(C3)C1)C2,1,1,1,1,5.878072654642354,5.878072654642354,0.0,5.878072654642354,0.0,0.0,5.878072654642354,0.0,False
COC(=O)c1nn(C)cc1NC(=O)C12CC3CC(CC(C3)C1)C2,1,1,1,1,6.072927482332767,6.072927482332767,0.0,6.072927482332767,0.0,0.0,6.072927482332767,0.0,False
COC1CCN(C(=O)C23CC4CC(CC(C4)C2)C3)c2ccccc21,1,1,1,1,6.113509274827518,6.113509274827518,0.0,6.113509274827518,0.0,0.0,6.113509274827518,0.0,False
COC1CN(C(=O)c2c(NC(=O)c3ccccc3C(F)(F)F)sc3c2CCOC3)C1,1,1,1,1,6.046240308266771,6.046240308266771,0.0,6.046240308266771,0.0,0.0,6.046240308266771,0.0,False
COC1CN(c2ccc(C(=O)NC(C)(C)Cc3nnc(-c4ccc(F)cc4)o3)nc2OCC2CC2)C1,1,1,1,1,6.33170728955178,6.33170728955178,0.0,6.33170728955178,0.0,0.0,6.33170728955178,0.0,False
COC1CN(c2ccc(C(=O)NC3(CC(N)=O)COC3)nc2OCC2CC2)C1,1,1,1,1,5.992550955502251,5.992550955502251,0.0,5.992550955502251,0.0,0.0,5.992550955502251,0.0,False
COC1CN(c2ccc(C(=O)NCC3(O)CCCCC3)nc2OCC2CC2)C1,1,1,1,1,5.542511719095563,5.542511719095563,0.0,5.542511719095563,0.0,0.0,5.542511719095563,0.0,False
COC1CN(c2ccc(C(=O)N[C@H](COCCF)CC(C)C)nc2OCC2COC2)C1,1,1,1,1,6.480172006224281,6.480172006224281,0.0,6.480172006224281,0.0,0.0,6.480172006224281,0.0,False
COCC(=O)NC1CCCOc2c1nn(-c1ccccc1Cl)c2-c1ccc(Cl)cc1,1,1,1,1,4.812479279163537,4.812479279163537,0.0,4.812479279163537,0.0,0.0,4.812479279163537,0.0,False
COCC(C)(NC(=O)c1ccc(N2CCCCC2)c(S(=O)(=O)N2CCCCC2)c1)C1CC1,1,1,1,1,9.045757490560675,9.045757490560675,0.0,9.045757490560675,0.0,0.0,9.045757490560675,0.0,False
COCCC(C)(C)C(=O)Nc1cc(C)c(C)c(S(=O)(=O)N2CCOCC2)c1,1,1,1,1,6.958607314841775,6.958607314841775,0.0,6.958607314841775,0.0,0.0,6.958607314841775,0.0,False
COCCCn1c2ccccc2c2cc(C(=O)N3CCCCC3)ccc21,1,1,1,1,7.080921907623926,7.080921907623926,0.0,7.080921907623926,0.0,0.0,7.080921907623926,0.0,False
COCCCn1cc(C(=O)C2C(C)(C)C2(C)C)c2ccccc21,2,1,1,1,8.869988050328097,8.886056647693163,0.016068597365066495,8.87802234901063,0.016068597365066495,0.0,8.87802234901063,0.0,False
COCCNC(=O)c1c(NC(=O)C23CC4CC(CC2C4)C3)sc2c1CCOC2,1,1,1,1,6.919987152892072,6.919987152892072,0.0,6.919987152892072,0.0,0.0,6.919987152892072,0.0,False
COCCNC(=O)c1c(NC(=O)c2c(F)cccc2C(F)(F)F)sc2c1CCOC2,1,1,1,1,6.043831569524636,6.043831569524636,0.0,6.043831569524636,0.0,0.0,6.043831569524636,0.0,False
COCCNC(=O)c1c(NC(=O)c2ccccc2C(F)(F)F)sc2c1CCOC2,1,1,1,1,6.000434511774017,6.000434511774017,0.0,6.000434511774017,0.0,0.0,6.000434511774017,0.0,False
COCCOC1CCN(C(=O)C23CC4CC(CC(C4)C2)C3)c2ccccc21,1,1,1,1,6.455931955649724,6.455931955649724,0.0,6.455931955649724,0.0,0.0,6.455931955649724,0.0,False
COCCOCC(C)(C)c1cc(NC(=O)c2ccc(C3CCCC3)c(OCC3CC3)n2)on1,1,1,1,1,6.532243948755967,6.532243948755967,0.0,6.532243948755967,0.0,0.0,6.532243948755967,0.0,False
COCCn1c(C)c(C(C)(C)C)s/c1=N\C(=O)c1ccc(C(F)(F)F)cc1,1,1,1,1,8.0,8.0,0.0,8.0,0.0,0.0,8.0,0.0,False
COCCn1c(C)c(C)s/c1=N\C(=O)C1C(C)(C)C1(C)C,1,1,1,1,9.193820026016112,9.193820026016112,0.0,9.193820026016112,0.0,0.0,9.193820026016112,0.0,False
COCCn1c(Cc2ccc(Cl)c(Cl)c2)nc2cc(C(F)(F)F)ccc21,1,1,1,1,5.0,5.0,0.0,5.0,0.0,0.0,5.0,0.0,False
COCCn1c2c(cc(C(=O)NC3(C(=O)O)CCCCC3)c1=O)CCCCCC2,1,1,1,1,6.531652669587842,6.531652669587842,0.0,6.531652669587842,0.0,0.0,6.531652669587842,0.0,False
COCCn1c2c(cc(C(=O)NCc3ccccc3)c1=O)CCCCCC2,1,1,1,1,8.096910013008056,8.096910013008056,0.0,8.096910013008056,0.0,0.0,8.096910013008056,0.0,False
COCCn1cc(C(=O)C2C(C)(C)C2(C)C)c2ccccc21,2,1,1,1,8.500038134403809,8.508638306165727,0.008600171761917963,8.504338220284769,0.008600171761917963,0.0,8.504338220284769,0.0,False
COCCn1cc(C(=O)N[C@@H]2C(C)(C)C3CC[C@]2(C)C3)c(=O)c2ccc(F)cc21,1,1,1,1,8.259637310505756,8.259637310505756,0.0,8.259637310505756,0.0,0.0,8.259637310505756,0.0,False
COCCn1cc(C(=O)N[C@@H]2C(C)(C)C3CC[C@]2(C)C3)c(=O)c2ccc(Sc3ccccc3)cc21,1,1,1,1,8.958607314841775,8.958607314841775,0.0,8.958607314841775,0.0,0.0,8.958607314841775,0.0,False
COCCn1cc(C(=O)Nc2ccc3ccccc3c2)c2ccccc21,1,1,1,1,6.499996931948306,6.499996931948306,0.0,6.499996931948306,0.0,0.0,6.499996931948306,0.0,False
COCCn1cc(C(=O)Nc2cccc3ccccc23)c2ccccc21,1,1,1,1,6.599997654072045,6.599997654072045,0.0,6.599997654072045,0.0,0.0,6.599997654072045,0.0,False
COCCn1cc(C(=O)c2cccc3ccccc23)c2cccnc21,1,1,1,1,6.699991797446187,6.699991797446187,0.0,6.699991797446187,0.0,0.0,6.699991797446187,0.0,False
COCCn1cc(C(=O)c2cccc3ccccc23)c2ccncc21,1,1,1,1,7.599980364934842,7.599980364934842,0.0,7.599980364934842,0.0,0.0,7.599980364934842,0.0,False
COCCn1cc(C(=O)c2ccccc2-c2ccccc2)c2ccccc21,1,1,1,1,6.199998172182031,6.199998172182031,0.0,6.199998172182031,0.0,0.0,6.199998172182031,0.0,False
COCCn1cc(C(C)(C)C)s/c1=N\C(=O)c1cc(C(F)(F)F)ccc1OCc1cnccn1,1,1,1,1,7.346787486224656,7.346787486224656,0.0,7.346787486224656,0.0,0.0,7.346787486224656,0.0,False
COCCn1nc(C(C)(C)C)s/c1=N\C(=O)c1cc(C(F)(F)F)ccc1ONC(C)(C)C,1,1,1,1,7.4089353929735005,7.4089353929735005,0.0,7.4089353929735005,0.0,0.0,7.4089353929735005,0.0,False
COC[C@@H](COC(C)=O)N(C)C(=O)CC/C=C/CCCCC(Cl)CCCCCC(Cl)Cl,1,1,1,1,6.065501548756432,6.065501548756432,0.0,6.065501548756432,0.0,0.0,6.065501548756432,0.0,False
COC[C@@H](COC(C)=O)N(C)C(=O)CC/C=C/CCCCC(Cl)CCCCCCCl,1,1,1,1,5.987162775294828,5.987162775294828,0.0,5.987162775294828,0.0,0.0,5.987162775294828,0.0,False
COCc1ccc2c(c1)c(C(=O)C1C(C)(C)C1(C)C)cn2CC1CCOCC1,2,1,1,1,7.585026652029182,7.590066876668706,0.005040224639524027,7.587546764348944,0.005040224639524027,0.0,7.587546764348944,0.0,False
CONC(=O)[C@@H](NC(=O)c1nn(-c2c[n+]([O-])ccn2)c2c1C[C@H]1C[C@@H]21)C(C)(C)C,1,1,1,1,8.42021640338319,8.42021640338319,0.0,8.42021640338319,0.0,0.0,8.42021640338319,0.0,False
COc1c(C)c(C)c2oc(=O)c(Cc3ccc(F)cc3)cc2c1C,1,1,1,1,5.8297382846050425,5.8297382846050425,0.0,5.8297382846050425,0.0,0.0,5.8297382846050425,0.0,False
COc1c(C)c(C)c2oc(=O)c(Cc3ccccc3)cc2c1C,1,1,1,1,5.752026733638193,5.752026733638193,0.0,5.752026733638193,0.0,0.0,5.752026733638193,0.0,False
COc1c(C)c(C)c2oc(=O)c(Cc3ccccc3C)cc2c1C,1,1,1,1,6.180456064458131,6.180456064458131,0.0,6.180456064458131,0.0,0.0,6.180456064458131,0.0,False
COc1c(C)cc(-c2ccc(F)cc2)cc1C(=O)NC1CCCCCC1,1,1,1,1,7.221848749616356,7.221848749616356,0.0,7.221848749616356,0.0,0.0,7.221848749616356,0.0,False
COc1c(C)cc(-c2ccc(F)cc2)cc1C(=O)N[C@H]1CC[C@@H](C)CC1,1,1,1,1,7.221848749616356,7.221848749616356,0.0,7.221848749616356,0.0,0.0,7.221848749616356,0.0,False
COc1c(C)cc(-c2ccc(F)cc2)cc1C(=O)N[C@H]1CC[C@H](C)CC1,1,1,1,1,7.045757490560675,7.045757490560675,0.0,7.045757490560675,0.0,0.0,7.045757490560675,0.0,False
COc1c(C)cc(-c2ccccc2)cc1C(=O)NC1CCCCCC1,2,2,2,1,6.8297382846050425,7.0,0.1702617153949575,6.914869142302521,0.0,0.1702617153949575,6.914869142302521,0.0,False
COc1c(C)cc(-c2ccccc2)cc1C(=O)N[C@H]1CC[C@@H](C)CC1,1,1,1,1,6.823908740944319,6.823908740944319,0.0,6.823908740944319,0.0,0.0,6.823908740944319,0.0,False
COc1c(C)cc(-c2ccccc2)cc1C(=O)N[C@H]1CC[C@H](C)CC1,1,1,1,1,7.045757490560675,7.045757490560675,0.0,7.045757490560675,0.0,0.0,7.045757490560675,0.0,False
COc1c(Cc2ccc(F)cc2)cc(-c2ccc(F)cc2)cc1C(=O)NC1CCCCCC1,1,1,1,1,6.576754126063192,6.576754126063192,0.0,6.576754126063192,0.0,0.0,6.576754126063192,0.0,False
COc1c(Cc2ccc(F)cc2)cc(-c2ccc(F)cc2)cc1C(=O)N[C@H]1CC[C@@H](C)CC1,1,1,1,1,6.4723700991286615,6.4723700991286615,0.0,6.4723700991286615,0.0,0.0,6.4723700991286615,0.0,False
COc1c(Cc2ccc(F)cc2)cc(-c2ccc(F)cc2)cc1C(=O)N[C@H]1CC[C@H](C)CC1,1,1,1,1,5.9641701747471725,5.9641701747471725,0.0,5.9641701747471725,0.0,0.0,5.9641701747471725,0.0,False
COc1c(Cc2ccc(F)cc2)cc(-c2ccccc2)cc1C(=O)NC1CCCCCC1,1,1,1,1,7.075204004202088,7.075204004202088,0.0,7.075204004202088,0.0,0.0,7.075204004202088,0.0,False
COc1c(Cc2ccc(F)cc2)cc(-c2ccccc2)cc1C(=O)N[C@H]1CC[C@@H](C)CC1,1,1,1,1,5.95624487303132,5.95624487303132,0.0,5.95624487303132,0.0,0.0,5.95624487303132,0.0,False
COc1c(Cc2ccc(F)cc2)cc(-c2ccccc2)cc1C(=O)N[C@H]1CC[C@H](C)CC1,1,1,1,1,5.582196277360119,5.582196277360119,0.0,5.582196277360119,0.0,0.0,5.582196277360119,0.0,False
COc1c(Cc2ccccc2)cc(-c2ccccc2)cc1C(=O)NC1CCCCCC1,1,1,1,1,6.2262135550188065,6.2262135550188065,0.0,6.2262135550188065,0.0,0.0,6.2262135550188065,0.0,False
COc1c(Cc2ccccc2)cc(-c2ccccc2)cc1C(=O)N[C@H]1CC[C@@H](C)CC1,1,1,1,1,5.573976984310123,5.573976984310123,0.0,5.573976984310123,0.0,0.0,5.573976984310123,0.0,False
COc1c(Cc2ccccc2)cc(-c2ccccc2)cc1C(=O)N[C@H]1CC[C@H](C)CC1,1,1,1,1,5.317945222926193,5.317945222926193,0.0,5.317945222926193,0.0,0.0,5.317945222926193,0.0,False
COc1cc(Br)cc(C(=O)NC23CC4CC(CC(C4)C2)C3)c1OC,1,1,1,1,6.855425792390384,6.855425792390384,0.0,6.855425792390384,0.0,0.0,6.855425792390384,0.0,False
COc1cc(Br)cc(C(=O)NC23CC4CC(CC(C4)C2)C3)c1OCc1ccccc1,1,1,1,1,5.494850021680094,5.494850021680094,0.0,5.494850021680094,0.0,0.0,5.494850021680094,0.0,False
COc1cc(C(=O)O)cc(OC)c1-c1cc(C)cc(C)c1,1,1,1,1,5.0,5.0,0.0,5.0,0.0,0.0,5.0,0.0,False
COc1cc(C(=O)c2ccccc2)cc(O)c1-c1cc(Cl)cc(Cl)c1,1,1,1,1,8.321481620959887,8.321481620959887,0.0,8.321481620959887,0.0,0.0,8.321481620959887,0.0,False
COc1cc(C(C)(C)CCCCCCN=C=S)cc(OC)c1[C@@H]1C=C(CO)[C@@H]2C[C@H]1C2(C)C,1,1,1,1,6.91721462968355,6.91721462968355,0.0,6.91721462968355,0.0,0.0,6.91721462968355,0.0,False
COc1cc(C(C)(C)CCCCCCN=C=S)cc(OC)c1[C@H]1C=C(CO)[C@H]2C[C@@H]1C2(C)C,1,1,1,1,7.882728704344236,7.882728704344236,0.0,7.882728704344236,0.0,0.0,7.882728704344236,0.0,False
COc1cc(C(O)c2ccccc2)cc(OC)c1-c1cc(Cl)cc(Cl)c1,1,1,1,1,8.779891911959945,8.779891911959945,0.0,8.779891911959945,0.0,0.0,8.779891911959945,0.0,False
COc1cc(C)cc2oc(=O)c(Cc3ccc(C)cc3)cc12,1,1,1,1,5.3223930472795065,5.3223930472795065,0.0,5.3223930472795065,0.0,0.0,5.3223930472795065,0.0,False
COc1cc(C)cc2oc(=O)c(Cc3ccc(Cl)cc3)cc12,1,1,1,1,5.027334407733889,5.027334407733889,0.0,5.027334407733889,0.0,0.0,5.027334407733889,0.0,False
COc1cc(C)cc2oc(=O)c(Cc3ccccc3C)cc12,1,1,1,1,5.665546248849069,5.665546248849069,0.0,5.665546248849069,0.0,0.0,5.665546248849069,0.0,False
COc1cc(C)cc2oc(=O)c(Cc3ccccc3Cl)cc12,1,1,1,1,5.8124792791635365,5.8124792791635365,0.0,5.8124792791635365,0.0,0.0,5.8124792791635365,0.0,False
COc1cc(C)cc2oc(=O)c(Cc3ccccc3O)cc12,1,1,1,1,5.280668713016274,5.280668713016274,0.0,5.280668713016274,0.0,0.0,5.280668713016274,0.0,False
COc1cc(CNC(=O)c2nn(-c3ccc(Cl)cc3Cl)c(-n3c(C)ccc3C)c2C)c(Br)c(OC)c1OC,1,1,1,1,6.257274868695301,6.257274868695301,0.0,6.257274868695301,0.0,0.0,6.257274868695301,0.0,False
COc1cc(CNC(=O)c2nn(-c3ccc(Cl)cc3Cl)c(-n3cccc3)c2C)c(Br)c(OC)c1OC,1,1,1,1,6.215382707367125,6.215382707367125,0.0,6.215382707367125,0.0,0.0,6.215382707367125,0.0,False
COc1cc(CNC(=O)c2nn(-c3ccc(F)cc3F)c(-n3c(C)ccc3C)c2C)c(Br)c(OC)c1OC,1,1,1,1,6.428291168191312,6.428291168191312,0.0,6.428291168191312,0.0,0.0,6.428291168191312,0.0,False
COc1cc(CNC(=O)c2nn(-c3ccc(F)cc3F)c(-n3cccc3)c2C)c(Br)c(OC)c1OC,1,1,1,1,6.131355561605174,6.131355561605174,0.0,6.131355561605174,0.0,0.0,6.131355561605174,0.0,False
COc1cc2c(cc1O)c(C(=O)C1C(C)(C)C1(C)C)cn2CC1CCOCC1,2,1,1,1,9.154901959985743,9.160019442321657,0.005117482335913692,9.157460701153699,0.005117482335913692,0.0,9.157460701153699,0.0,False
COc1cc2c(cc1OCc1ccccc1)c(C(=O)C1C(C)(C)C1(C)C)cn2CC1CCOCC1,2,1,1,1,8.744727494896694,8.750068243365805,0.005340748469111034,8.747397869131248,0.005340748469111034,0.0,8.747397869131248,0.0,False
COc1ccc(-c2c(C)c3c(n2-c2ccccc2Cl)CCN(N2CCCCC2)C3=O)cc1,1,1,1,1,6.070581074285707,6.070581074285707,0.0,6.070581074285707,0.0,0.0,6.070581074285707,0.0,False
COc1ccc(-c2cc(C(=O)NC3CCCCCC3)c(=O)n(Cc3ccc(F)cc3)c2)cc1,1,1,1,1,9.0,9.0,0.0,9.0,0.0,0.0,9.0,0.0,False
COc1ccc(-c2cc(C(=O)NC3CCCCCC3)c(=O)n(Cc3ccc(F)cc3)c2C)cc1,1,1,1,1,7.581698708680254,7.581698708680254,0.0,7.581698708680254,0.0,0.0,7.581698708680254,0.0,False
COc1ccc(-c2cc(C(=O)NC3CCCCCC3)c(OCc3ccc(F)cc3)nc2C)cc1,1,1,1,1,6.036684488613888,6.036684488613888,0.0,6.036684488613888,0.0,0.0,6.036684488613888,0.0,False
COc1ccc(-c2cc(C)c(OC)c(C(=O)NC3CCCCCC3)c2)cc1,1,1,1,1,5.561932549546507,5.561932549546507,0.0,5.561932549546507,0.0,0.0,5.561932549546507,0.0,False
COc1ccc(-c2cc(Cc3ccc(F)cc3)c(OC)c(C(=O)N[C@H]3CC[C@@H](C)CC3)c2)cc1,1,1,1,1,6.707743928643524,6.707743928643524,0.0,6.707743928643524,0.0,0.0,6.707743928643524,0.0,False
COc1ccc(-c2cc(Cc3ccc(F)cc3)c(OC)c(C(=O)N[C@H]3CC[C@H](C)CC3)c2)cc1,1,1,1,1,6.090979145788844,6.090979145788844,0.0,6.090979145788844,0.0,0.0,6.090979145788844,0.0,False
COc1ccc(-c2cn(Cc3ccc(F)cc3)c(=O)c(C(=O)NC3CCCCCC3)c2C)cc1,1,1,1,1,8.102372908709558,8.102372908709558,0.0,8.102372908709558,0.0,0.0,8.102372908709558,0.0,False
COc1ccc(-c2cnc3c(c2)cc(C(=O)NC2CCC(C)CC2)c(=O)n3CCN2CCOCC2)cc1,1,1,1,1,8.832682665251824,8.832682665251824,0.0,8.832682665251824,0.0,0.0,8.832682665251824,0.0,False
COc1ccc(-c2cnc3c(c2)cc(C(=O)NC2CCC(C)CC2)c(=O)n3Cc2ccc(F)cc2)cc1,1,1,1,1,8.416801226031378,8.416801226031378,0.0,8.416801226031378,0.0,0.0,8.416801226031378,0.0,False
COc1ccc(-c2nc3ccccc3n2C(=O)c2cccc3ccccc23)cc1,1,1,1,1,5.721246399047171,5.721246399047171,0.0,5.721246399047171,0.0,0.0,5.721246399047171,0.0,False
COc1ccc(-c2oc3cc(OC)ccc3c2C(=O)c2ccc(C#N)cc2)cc1,1,1,1,1,4.830000113973616,4.830000113973616,0.0,4.830000113973616,0.0,0.0,4.830000113973616,0.0,False
COc1ccc(-c2oc3ccccc3c2C(=O)c2ccc(N(C)Cc3ccc(F)cc3)cc2)cc1,1,1,1,1,8.568636235841012,8.568636235841012,0.0,8.568636235841012,0.0,0.0,8.568636235841012,0.0,False
COc1ccc(-c2oc3ccccc3c2C(=O)c2ccc(N(Cc3ccc(F)cc3)Cc3ccc(F)cc3)cc2)cc1,1,1,1,1,6.366531544420413,6.366531544420413,0.0,6.366531544420413,0.0,0.0,6.366531544420413,0.0,False
COc1ccc(-c2oc3ccccc3c2C(=O)c2ccc(N(Cc3ccccc3)Cc3ccccc3)cc2)cc1,1,1,1,1,6.036212172654444,6.036212172654444,0.0,6.036212172654444,0.0,0.0,6.036212172654444,0.0,False
COc1ccc(-c2oc3ccccc3c2C(=O)c2ccc(NCC3CC3)cc2)cc1,1,1,1,1,6.958607314841775,6.958607314841775,0.0,6.958607314841775,0.0,0.0,6.958607314841775,0.0,False
COc1ccc(-c2oc3ccccc3c2C(=O)c2ccc(NCc3cc(F)cc(F)c3)cc2)cc1,1,1,1,1,6.522878745280337,6.522878745280337,0.0,6.522878745280337,0.0,0.0,6.522878745280337,0.0,False
COc1ccc(-c2oc3ccccc3c2C(=O)c2ccc(NCc3ccc(C#N)cc3)cc2)cc1,1,1,1,1,7.698970004336019,7.698970004336019,0.0,7.698970004336019,0.0,0.0,7.698970004336019,0.0,False
COc1ccc(-c2oc3ccccc3c2C(=O)c2ccc(NCc3ccc(F)cc3)cc2)cc1,1,1,1,1,7.698970004336019,7.698970004336019,0.0,7.698970004336019,0.0,0.0,7.698970004336019,0.0,False
COc1ccc(-c2oc3ccccc3c2C(=O)c2ccc(NCc3ccccc3)cc2)cc1,1,1,1,1,6.769551078621726,6.769551078621726,0.0,6.769551078621726,0.0,0.0,6.769551078621726,0.0,False
COc1ccc(-c2oc3ccccc3c2C(=O)c2ccc(NCc3ccccn3)cc2)cc1,1,1,1,1,5.872895201635192,5.872895201635192,0.0,5.872895201635192,0.0,0.0,5.872895201635192,0.0,False
COc1ccc(-c2oc3ccccc3c2C(=O)c2ccc(OCCCN(C)Cc3ccccc3)cc2)cc1,1,1,1,1,6.920818753952375,6.920818753952375,0.0,6.920818753952375,0.0,0.0,6.920818753952375,0.0,False
COc1ccc(-c2oc3ccccc3c2C(=O)c2ccc(OCCN(C)Cc3ccccc3)cc2)cc1,1,1,1,1,6.161150909262744,6.161150909262744,0.0,6.161150909262744,0.0,0.0,6.161150909262744,0.0,False
COc1ccc(-c2sc3ccccc3c2C(=O)c2cccc3ccccc23)cc1,1,1,1,1,6.522878745280337,6.522878745280337,0.0,6.522878745280337,0.0,0.0,6.522878745280337,0.0,False
COc1ccc(-n2c(-c3ccc(Cl)cc3Cl)nc(C(=O)NN3CCCCC3)c2C)cc1,1,1,1,1,6.486782399932061,6.486782399932061,0.0,6.486782399932061,0.0,0.0,6.486782399932061,0.0,False
COc1ccc(/C=C2\C=C(CCN3CCOCC3)c3ccccc32)c2ccccc12,1,1,1,1,8.39040559077478,8.39040559077478,0.0,8.39040559077478,0.0,0.0,8.39040559077478,0.0,False
COc1ccc(/C=C2\N=C3SCCCN3C2=O)c(OC)c1,1,1,1,1,5.590066876668706,5.590066876668706,0.0,5.590066876668706,0.0,0.0,5.590066876668706,0.0,False
COc1ccc(/N=C2\SCC3(CCCCC3)CN2C(=S)SC)cc1,1,1,1,1,8.42021640338319,8.42021640338319,0.0,8.42021640338319,0.0,0.0,8.42021640338319,0.0,False
COc1ccc(C(=O)NC23CC4CC(CC(C4)C2)C3)cc1,1,1,1,1,5.610833915635467,5.610833915635467,0.0,5.610833915635467,0.0,0.0,5.610833915635467,0.0,False
COc1ccc(C(=O)NC23CC4CC(CC(C4)C2)C3)cc1OC,1,1,1,1,5.522878745280337,5.522878745280337,0.0,5.522878745280337,0.0,0.0,5.522878745280337,0.0,False
COc1ccc(C(=O)c2c(-c3ccc(OC)cc3)sc3ccccc23)cc1,1,1,1,1,7.0,7.0,0.0,7.0,0.0,0.0,7.0,0.0,False
COc1ccc(C(=O)c2c(C)n(CCN3CCOCC3)c3cc(I)ccc23)cc1,3,3,3,1,7.040958607678906,7.505845405981557,0.46488679830265056,7.443697499232712,0.0,0.46488679830265056,7.443697499232712,0.0,False
COc1ccc(C(=O)c2c(CC(C)C)sc3ccccc23)cc1,1,1,1,1,7.0,7.0,0.0,7.0,0.0,0.0,7.0,0.0,False
COc1ccc(C(=O)c2cn(CC3CCOCC3)c3c(O)cccc23)cc1,1,1,1,1,7.268411234813261,7.268411234813261,0.0,7.268411234813261,0.0,0.0,7.268411234813261,0.0,False
COc1ccc(C(=O)c2cn(CC3CCOCC3)c3c(OCC(=O)O)cccc23)cc1,1,1,1,1,6.235226283088959,6.235226283088959,0.0,6.235226283088959,0.0,0.0,6.235226283088959,0.0,False
COc1ccc(C(=O)c2cn(CC3CCOCC3)c3c(OCCCCC(=O)O)cccc23)cc1,1,1,1,1,5.883724412419456,5.883724412419456,0.0,5.883724412419456,0.0,0.0,5.883724412419456,0.0,False
COc1ccc(C(=O)c2cn(CC3CCOCC3)c3c(OCCCCCCNC(C)=O)cccc23)cc1,1,1,1,1,5.705754283861882,5.705754283861882,0.0,5.705754283861882,0.0,0.0,5.705754283861882,0.0,False
COc1ccc(C(=O)c2cn(CC3CCOCC3)c3ccc(O)cc23)cc1,1,1,1,1,6.920456992597094,6.920456992597094,0.0,6.920456992597094,0.0,0.0,6.920456992597094,0.0,False
COc1ccc(C(=O)c2cn(CC3CCOCC3)c3ccc(OCC(=O)O)cc23)cc1,1,1,1,1,5.779891911959945,5.779891911959945,0.0,5.779891911959945,0.0,0.0,5.779891911959945,0.0,False
COc1ccc(C(=O)c2cn(CCN3CCOCC3)c3ccc(O)cc23)cc1,1,1,1,1,6.126912014409714,6.126912014409714,0.0,6.126912014409714,0.0,0.0,6.126912014409714,0.0,False
COc1ccc(C(=O)n2c(-c3ccc(OC)cc3)nc3ccccc32)cc1,1,1,1,1,5.823908740944319,5.823908740944319,0.0,5.823908740944319,0.0,0.0,5.823908740944319,0.0,False
COc1ccc(C(=O)n2c(C(C)(C)C)nc3ccccc32)cc1,1,1,1,1,6.221848749616356,6.221848749616356,0.0,6.221848749616356,0.0,0.0,6.221848749616356,0.0,False
COc1ccc(C(=O)n2c(C(C)C)nc3ccccc32)cc1,1,1,1,1,6.096910013008056,6.096910013008056,0.0,6.096910013008056,0.0,0.0,6.096910013008056,0.0,False
COc1ccc(C(=O)n2c(C3CCC3)nc3ccccc32)cc1,1,1,1,1,6.045757490560675,6.045757490560675,0.0,6.045757490560675,0.0,0.0,6.045757490560675,0.0,False
COc1ccc(C(=O)n2c(C3CCCC3)nc3ccccc32)cc1,1,1,1,1,6.301029995663981,6.301029995663981,0.0,6.301029995663981,0.0,0.0,6.301029995663981,0.0,False
COc1ccc(C(=O)n2c(C3CCCCC3)nc3ccccc32)cc1,1,1,1,1,6.154901959985743,6.154901959985743,0.0,6.154901959985743,0.0,0.0,6.154901959985743,0.0,False
COc1ccc(C(C(=O)NCCC(c2ccccc2)c2ccccc2)c2ccccc2)cc1,1,1,1,1,6.102372908709558,6.102372908709558,0.0,6.102372908709558,0.0,0.0,6.102372908709558,0.0,False
COc1ccc(C(NC(=O)Cc2ccc(Cl)cc2)NC(=O)Cc2ccc(Cl)cc2)cc1,2,1,1,1,6.508638306165727,6.508638306165727,0.0,6.508638306165727,0.0,0.0,6.508638306165727,0.0,False
COc1ccc(C(NC(=O)Cc2ccccc2)NC(=O)Cc2ccccc2)cc1,2,1,1,1,6.106238237942057,6.106238237942057,0.0,6.106238237942057,0.0,0.0,6.106238237942057,0.0,False
COc1ccc(C(c2ccc(Cl)cc2Cl)N2CCN(C(=O)NC3CCCCC3)CC2)cc1,1,1,1,1,6.537602002101044,6.537602002101044,0.0,6.537602002101044,0.0,0.0,6.537602002101044,0.0,False
COc1ccc(C2C(CCS(=O)(=O)c3ccccc3)C(=O)N2c2ccccc2)cc1,1,1,1,1,5.9055987554170635,5.9055987554170635,0.0,5.9055987554170635,0.0,0.0,5.9055987554170635,0.0,False
COc1ccc(C2c3cccn3-c3ccccc3N2C(=O)CN(C(=O)NC(C)(C)C)C(C)C)cc1,1,1,1,1,5.305131672017544,5.305131672017544,0.0,5.305131672017544,0.0,0.0,5.305131672017544,0.0,False
COc1ccc(CCNC(=O)c2nn(-c3ccc(Cl)cc3Cl)c(-n3c(C)ccc3C)c2C)cc1Cl,1,1,1,1,5.458046525541764,5.458046525541764,0.0,5.458046525541764,0.0,0.0,5.458046525541764,0.0,False
COc1ccc(CCNC(=O)c2nn(-c3ccc(Cl)cc3Cl)c(-n3cccc3)c2C)cc1Cl,1,1,1,1,5.5395532161192795,5.5395532161192795,0.0,5.5395532161192795,0.0,0.0,5.5395532161192795,0.0,False
COc1ccc(CCNC(=O)c2nn(-c3ccc(F)cc3F)c(-n3cccc3)c2C)cc1Cl,1,1,1,1,5.711080394338273,5.711080394338273,0.0,5.711080394338273,0.0,0.0,5.711080394338273,0.0,False
COc1ccc(CNc2ccc(C(=O)c3c(-c4ccc(OC)cc4)oc4ccccc34)cc2)cc1,1,1,1,1,5.991399828238082,5.991399828238082,0.0,5.991399828238082,0.0,0.0,5.991399828238082,0.0,False
COc1ccc(COc2n[nH]c3ccc([N+](=O)[O-])cc23)cc1,1,1,1,1,5.7447274948966935,5.7447274948966935,0.0,5.7447274948966935,0.0,0.0,5.7447274948966935,0.0,False
COc1ccc(COc2n[nH]c3ccccc23)cc1,1,1,1,1,5.346787486224656,5.346787486224656,0.0,5.346787486224656,0.0,0.0,5.346787486224656,0.0,False
COc1ccc(COc2nn(CCN(C(C)C)C(C)C)c3ccc([N+](=O)[O-])cc23)cc1,1,1,1,1,5.045757490560675,5.045757490560675,0.0,5.045757490560675,0.0,0.0,5.045757490560675,0.0,False
COc1ccc(COc2nn(CCN(C(C)C)C(C)C)c3ccccc23)cc1,1,1,1,1,5.113509274827518,5.113509274827518,0.0,5.113509274827518,0.0,0.0,5.113509274827518,0.0,False
COc1ccc(COc2nn(Cc3ccc(OC)cc3)c3ccccc23)cc1,1,1,1,1,6.045757490560675,6.045757490560675,0.0,6.045757490560675,0.0,0.0,6.045757490560675,0.0,False
COc1ccc(Cc2cc3c(OC)cc(C)cc3oc2=O)c(OC)c1,1,1,1,1,5.555955204081924,5.555955204081924,0.0,5.555955204081924,0.0,0.0,5.555955204081924,0.0,False
COc1ccc(Cc2cc3c(OC)cc(C)cc3oc2=O)cc1,1,1,1,1,5.235823867609669,5.235823867609669,0.0,5.235823867609669,0.0,0.0,5.235823867609669,0.0,False
COc1ccc(Cn2c(-c3ccc(OC)cc3)nc3ccccc32)cc1,1,1,1,1,6.154901959985743,6.154901959985743,0.0,6.154901959985743,0.0,0.0,6.154901959985743,0.0,False
COc1ccc(OC)c(N(CC(=O)NCc2ccncc2)S(=O)(=O)c2ccc(C)cc2)c1,1,1,1,1,8.869666231504993,8.869666231504993,0.0,8.869666231504993,0.0,0.0,8.869666231504993,0.0,False
COc1ccc(OC)c2c(=O)c(C(=O)NC34CC5CC(CC(C5)C3)C4)c[nH]c12,1,1,1,1,7.279014255846261,7.279014255846261,0.0,7.279014255846261,0.0,0.0,7.279014255846261,0.0,False
COc1ccc(S(=O)(=O)N(Cc2ccc(N3CCCCC3)cc2)c2ccccc2)cc1,1,1,1,1,7.494850021680094,7.494850021680094,0.0,7.494850021680094,0.0,0.0,7.494850021680094,0.0,False
COc1ccc(S(=O)(=O)c2cc(OC)ccc2C(=O)c2ccc([C@H](C)NS(C)(=O)=O)cc2)cc1,1,1,1,1,7.356547323513812,7.356547323513812,0.0,7.356547323513812,0.0,0.0,7.356547323513812,0.0,False
COc1ccc(S(=O)(=O)c2cc(OC)ccc2Cc2ccc([C@H](C)NS(C)(=O)=O)cc2)cc1,1,1,1,1,9.221848749616356,9.221848749616356,0.0,9.221848749616356,0.0,0.0,9.221848749616356,0.0,False
COc1ccc(S(=O)(=O)c2cc(OC)ccc2S(=O)(=O)c2ccc(C(C)(C)NS(C)(=O)=O)cc2)cc1,1,1,1,1,8.221848749616356,8.221848749616356,0.0,8.221848749616356,0.0,0.0,8.221848749616356,0.0,False
COc1ccc(S(=O)(=O)c2cc(OC)ccc2S(=O)(=O)c2ccc(CNS(C)(=O)=O)cc2)cc1,1,1,1,1,8.886056647693163,8.886056647693163,0.0,8.886056647693163,0.0,0.0,8.886056647693163,0.0,False
COc1ccc(S(=O)(=O)c2cc(OC)ccc2S(=O)(=O)c2ccc([C@@H](C)NS(C)(=O)=O)cc2)cc1,1,1,1,1,7.522878745280337,7.522878745280337,0.0,7.522878745280337,0.0,0.0,7.522878745280337,0.0,False
COc1ccc(S(=O)(=O)c2cc(OC)ccc2S(=O)(=O)c2ccc([C@H](C)NS(C)(=O)=O)cc2)cc1,1,1,1,1,9.397940008672037,9.397940008672037,0.0,9.397940008672037,0.0,0.0,9.397940008672037,0.0,False
COc1ccc(S(=O)(=O)c2ccc(C(C)NS(C)(=O)=O)cc2)c(S(=O)(=O)c2ccc(O[11CH3])cc2)c1,1,1,1,1,8.346787486224656,8.346787486224656,0.0,8.346787486224656,0.0,0.0,8.346787486224656,0.0,False
COc1ccc(S(=O)(=O)c2ccc(Cl)cc2S(=O)(=O)N2CCC3(CC2)CC3NS(=O)(=O)C(F)(F)F)cc1,1,1,1,1,9.187086643357144,9.187086643357144,0.0,9.187086643357144,0.0,0.0,9.187086643357144,0.0,False
COc1ccc(S(=O)(=O)c2ccc([C@H](C)NS(C)(=O)=O)cc2)c(S(=O)(=O)c2ccc(Cl)cc2)c1,1,1,1,1,9.045757490560675,9.045757490560675,0.0,9.045757490560675,0.0,0.0,9.045757490560675,0.0,False
COc1ccc(S(=O)(=O)c2ccc([C@H](C)NS(C)(=O)=O)cc2)c(S(=O)(=O)c2ccc(O[11CH3])cc2)c1,1,1,1,1,8.346787486224656,8.346787486224656,0.0,8.346787486224656,0.0,0.0,8.346787486224656,0.0,False
COc1ccc(S(=O)(=O)c2ccc([C@H](C)NS(C)(=O)=O)cc2)c(S(=O)(=O)c2ccccc2)c1,1,1,1,1,9.221848749616356,9.221848749616356,0.0,9.221848749616356,0.0,0.0,9.221848749616356,0.0,False
COc1ccc([C@@H]2[C@@H](CCCc3cccnc3)C(=O)N2c2ccccc2)cc1,1,1,1,1,5.9623743300852805,5.9623743300852805,0.0,5.9623743300852805,0.0,0.0,5.9623743300852805,0.0,False
COc1ccc([C@@H]2[C@@H](Cc3cc4ccccc4o3)C(=O)N2c2ccccc2)cc1,1,1,1,1,6.711750774428014,6.711750774428014,0.0,6.711750774428014,0.0,0.0,6.711750774428014,0.0,False
COc1ccc2c(=O)c(C(=O)NC3CCCCC3)cn(CCN3CCOCC3)c2c1,1,1,1,1,7.102372908709558,7.102372908709558,0.0,7.102372908709558,0.0,0.0,7.102372908709558,0.0,False
COc1ccc2c(=O)c(C(=O)NC3CCCCC3)cn(Cc3ccccc3)c2c1,1,1,1,1,7.102372908709558,7.102372908709558,0.0,7.102372908709558,0.0,0.0,7.102372908709558,0.0,False
COc1ccc2c(=O)c(C(=O)NC3CCCCC3)cn(Cc3ccccc3)c2n1,1,1,1,1,7.958607314841775,7.958607314841775,0.0,7.958607314841775,0.0,0.0,7.958607314841775,0.0,False
COc1ccc2c(C(=O)C3C(C)(C)C3(C)C)cn(CC3CCOCC3)c2c1,2,1,1,1,9.289967300934247,9.292429823902063,0.0024625229678161276,9.291198562418156,0.0024625229678161276,0.0,9.291198562418156,0.0,False
COc1ccc2c(C(=O)C3C(C)(C)C3(C)C)cn(CCN3CCOCC3)c2c1,2,1,1,1,5.798602875679549,8.79997073344623,3.001367857766681,7.29928680456289,3.001367857766681,0.0,7.29928680456289,0.0,True
COc1ccc2c(c1)-c1c(O)cc(C34CC5CC(CC(C5)C3)C4)cc1OC2(C)C,1,1,1,1,6.471083299722345,6.471083299722345,0.0,6.471083299722345,0.0,0.0,6.471083299722345,0.0,False
COc1ccc2c(c1)N(C)C(C)(C)[C@@H]1CC[C@@H](C)C[C@@H]21,1,1,1,1,7.267606240177031,7.267606240177031,0.0,7.267606240177031,0.0,0.0,7.267606240177031,0.0,False
COc1ccc2c(c1)OC(C)(C)c1cn(CCN3CCN(C(=O)C(C)(C)C)CC3)nc1-2,1,1,1,1,5.194363233694065,5.194363233694065,0.0,5.194363233694065,0.0,0.0,5.194363233694065,0.0,False
COc1ccc2c(c1)OC(C)(C)c1cn(CCN3CCN(C(=O)C4CCCCC4)CC3)nc1-2,1,1,1,1,6.281498311132726,6.281498311132726,0.0,6.281498311132726,0.0,0.0,6.281498311132726,0.0,False
COc1ccc2c(c1)OC(C)(C)c1cn(CCN3CCN(C(=O)C4CCCO4)CC3)nc1-2,1,1,1,1,5.969400278034049,5.969400278034049,0.0,5.969400278034049,0.0,0.0,5.969400278034049,0.0,False
COc1ccc2c(c1)OC(C)(C)c1cn(CCN3CCN(C(=O)c4ccccc4)CC3)nc1-2,1,1,1,1,5.443215217692975,5.443215217692975,0.0,5.443215217692975,0.0,0.0,5.443215217692975,0.0,False
COc1ccc2c(c1)OC(C)(C)c1cn(CCN3CCN(C(=O)c4ccco4)CC3)nc1-2,1,1,1,1,6.156144577376839,6.156144577376839,0.0,6.156144577376839,0.0,0.0,6.156144577376839,0.0,False
COc1ccc2c(c1)OC(C)(C)c1cn(CCN3CCN(C(=O)c4cccs4)CC3)nc1-2,1,1,1,1,7.8124792791635365,7.8124792791635365,0.0,7.8124792791635365,0.0,0.0,7.8124792791635365,0.0,False
COc1ccc2c(c1)OC(C)(C)c1cn(CNC(=O)CN3CCN(c4ccccc4)CC3)nc1-2,1,1,1,1,5.801893001126599,5.801893001126599,0.0,5.801893001126599,0.0,0.0,5.801893001126599,0.0,False
COc1ccc2c(c1)OC(C)(C)c1cnn(CNC(=O)CN3CCN(c4ccccc4)CC3)c1-2,1,1,1,1,5.307770164227245,5.307770164227245,0.0,5.307770164227245,0.0,0.0,5.307770164227245,0.0,False
COc1ccc2c(c1)c(C(=O)C1C(C)(C)C1(C)C)cn2CC1CCOCC1,2,1,1,1,8.337242168318426,8.33998877871067,0.0027466103922435536,8.338615473514547,0.0027466103922435536,0.0,8.338615473514547,0.0,False
COc1ccc2c(c1)c(C(=O)C1C(C)(C)C1(C)C)cn2CCN1CCOCC1,2,1,1,1,6.625251653989896,6.630005338391571,0.004753684401675784,6.6276284961907335,0.004753684401675784,0.0,6.6276284961907335,0.0,False
COc1ccc2c(c1)c(CCN1CCOCC1)c(C)n2C(=O)c1ccc(Cl)cc1Cl,1,1,1,1,8.4089353929735,8.4089353929735,0.0,8.4089353929735,0.0,0.0,8.4089353929735,0.0,False
COc1ccc2c(c1)c(CCN1CCOCC1)c(C)n2C(=O)c1cccc(Cl)c1Cl,3,3,3,1,8.0,8.42021640338319,0.4202164033831899,8.161150909262744,0.0,0.4202164033831899,8.161150909262744,0.0,False
COc1ccc2cc(C(=O)NCC(F)c3ccccc3)c(=O)[nH]c2c1OC,1,1,1,1,7.657577319177793,7.657577319177793,0.0,7.657577319177793,0.0,0.0,7.657577319177793,0.0,False
COc1ccc2cc(C(=O)NCCc3ccc(F)cc3)c(=O)[nH]c2c1OC,1,1,1,1,8.301029995663981,8.301029995663981,0.0,8.301029995663981,0.0,0.0,8.301029995663981,0.0,False
COc1cccc(/N=C2\SCC3(CCCCC3)CN2C(=S)SC)c1,1,1,1,1,9.0,9.0,0.0,9.0,0.0,0.0,9.0,0.0,False
COc1cccc(C(=O)NC23CC4CC(CC(C4)C2)C3)c1,1,1,1,1,6.292429823902063,6.292429823902063,0.0,6.292429823902063,0.0,0.0,6.292429823902063,0.0,False
COc1cccc(C(=O)NC23CC4CC(CC(C4)C2)C3)c1Cc1ccccc1,1,1,1,1,6.464073258604431,6.464073258604431,0.0,6.464073258604431,0.0,0.0,6.464073258604431,0.0,False
COc1cccc(C(=O)NC23CC4CC(CC(C4)C2)C3)c1O,1,1,1,1,6.81502480930174,6.81502480930174,0.0,6.81502480930174,0.0,0.0,6.81502480930174,0.0,False
COc1cccc(C(=O)NC23CC4CC(CC(C4)C2)C3)c1OC,1,1,1,1,7.057495893831919,7.057495893831919,0.0,7.057495893831919,0.0,0.0,7.057495893831919,0.0,False
COc1cccc(CNC(=O)c2ccc(Br)c(S(=O)(=O)N3CCCCC3)c2)c1,1,1,1,1,6.698970004336019,6.698970004336019,0.0,6.698970004336019,0.0,0.0,6.698970004336019,0.0,False
COc1cccc(Cc2cc3c(OC)cc(Br)cc3oc2=O)c1,1,1,1,1,5.610833915635467,5.610833915635467,0.0,5.610833915635467,0.0,0.0,5.610833915635467,0.0,False
COc1cccc(Cc2cc3c(OC)cc(C)cc3oc2=O)c1,1,1,1,1,5.4723700991286615,5.4723700991286615,0.0,5.4723700991286615,0.0,0.0,5.4723700991286615,0.0,False
COc1cccc(Cc2cc3c(OC)cc(CBr)cc3oc2=O)c1,1,1,1,1,4.876148359032914,4.876148359032914,0.0,4.876148359032914,0.0,0.0,4.876148359032914,0.0,False
COc1cccc(N2C(C(C)=O)=NN(c3ccc(Cl)cc3)C2c2ccc(N3CCOCC3)cc2)c1,1,1,1,1,5.406824736521898,5.406824736521898,0.0,5.406824736521898,0.0,0.0,5.406824736521898,0.0,False
COc1cccc2c(-c3nsc(CN4CCN(CC(N)=O)CC4)n3)cn(CC3CCOCC3)c12,1,1,1,1,7.79997073344623,7.79997073344623,0.0,7.79997073344623,0.0,0.0,7.79997073344623,0.0,False
COc1cccc2c(=O)c(C(=O)NC(C)(C)C)cn(CCCF)c12,1,1,1,1,6.1249387366083,6.1249387366083,0.0,6.1249387366083,0.0,0.0,6.1249387366083,0.0,False
COc1cccc2c(=O)c(C(=O)NC34CC5CC(CC(C5)C3)C4)c[nH]c12,1,1,1,1,5.463062977295326,5.463062977295326,0.0,5.463062977295326,0.0,0.0,5.463062977295326,0.0,False
COc1cccc2c(=O)c(C(=O)NC34CC5CC(CC(C5)C3)C4)cn(CCOCCC[18F])c12,1,1,1,1,9.045757490560675,9.045757490560675,0.0,9.045757490560675,0.0,0.0,9.045757490560675,0.0,False
COc1cccc2c(=O)c(C(=O)NC34CC5CC(CC(C5)C3)C4)cn(CCOCC[18F])c12,1,1,1,1,8.920818753952375,8.920818753952375,0.0,8.920818753952375,0.0,0.0,8.920818753952375,0.0,False
COc1cccc2c(C(=O)C3C(C)(C)C3(C)C)cn(CC3CCOCC3)c12,3,2,2,1,9.899974269892137,10.0,0.10002573010786264,9.920818753952375,0.020844484060237534,0.08960348807774388,9.955198255961129,0.03437950200875406,False
COc1cccc2c(C(=O)N(Cc3c(F)cccc3Cl)C(C)C)nn(CCN3CCOCC3)c12,1,1,1,1,7.161150909262744,7.161150909262744,0.0,7.161150909262744,0.0,0.0,7.161150909262744,0.0,False
COc1cccc2c(C(=O)N3CCN4CCCC[C@H]4C3)cn(CC3CCCCC3)c12,1,1,1,1,8.400007822415901,8.400007822415901,0.0,8.400007822415901,0.0,0.0,8.400007822415901,0.0,False
COc1cccc2c(C(=O)N3C[C@@H](C)N(C)[C@@H](C)C3)cn(CC3CCCCC3)c12,1,1,1,1,9.100015437450608,9.100015437450608,0.0,9.100015437450608,0.0,0.0,9.100015437450608,0.0,False
COc1cccc2c(C(=O)NC(c3ccccc3)c3ccccn3)nn(CCN3CCOCC3)c12,1,1,1,1,6.835647144215563,6.835647144215563,0.0,6.835647144215563,0.0,0.0,6.835647144215563,0.0,False
COc1cccc2c(C(=O)NC3C(C)(C)[C@@H]4CC[C@@]3(C)C4)c(C)n(CCN3CCOCC3)c12,1,1,1,1,7.537602002101044,7.537602002101044,0.0,7.537602002101044,0.0,0.0,7.537602002101044,0.0,False
COc1cccc2c(C(=O)NC3C(C)(C)[C@@H]4CC[C@@]3(C)C4)cn(CCN3CCOCC3)c12,1,1,1,1,7.958607314841775,7.958607314841775,0.0,7.958607314841775,0.0,0.0,7.958607314841775,0.0,False
COc1cccc2c(C(=O)NC3C(C)(C)[C@@H]4CC[C@@]3(C)C4)nn(CCN3CCOCC3)c12,1,1,1,1,8.698970004336019,8.698970004336019,0.0,8.698970004336019,0.0,0.0,8.698970004336019,0.0,False
COc1cccc2c(C(=O)N[C@@H]3C(C)(C)[C@@H]4CC[C@@]3(C)C4)cn(CCN3CCOCC3)c12,1,1,1,1,7.958607314841775,7.958607314841775,0.0,7.958607314841775,0.0,0.0,7.958607314841775,0.0,False
COc1cccc2c(C(=O)N[C@@H]3C(C)(C)[C@@H]4CC[C@@]3(C)C4)nn(CCN3CCOCC3)c12,1,1,1,1,8.698970004336019,8.698970004336019,0.0,8.698970004336019,0.0,0.0,8.698970004336019,0.0,False
COc1cccc2c(C(=O)c3ccc(Br)c4ccccc34)c(C)n(CCN3CCOCC3)c12,1,1,1,1,8.744727494896694,8.744727494896694,0.0,8.744727494896694,0.0,0.0,8.744727494896694,0.0,False
COc1cccc2c1c(C(=O)C1C(C)(C)C1(C)C)cn2CC1CCOCC1,2,1,1,1,8.480040819247932,8.481486060122112,0.0014452408741796319,8.480763439685022,0.0014452408741796319,0.0,8.480763439685022,0.0,False
COc1cccc2c3c(=O)n([C@@H]4C(C)(C)[C@@H]5CC[C@@]4(C)C5)ccc3n(CCN3CCOCC3)c12,1,1,1,1,9.0,9.0,0.0,9.0,0.0,0.0,9.0,0.0,False
COc1ccccc1-c1cc(C(=O)NC23CC4CC(CC(C4)C2)C3)no1,1,1,1,1,7.154281982033341,7.154281982033341,0.0,7.154281982033341,0.0,0.0,7.154281982033341,0.0,False
COc1ccccc1/N=C1\OCC2(CCCCC2)CN1C(=S)SC,1,1,1,1,9.045757490560675,9.045757490560675,0.0,9.045757490560675,0.0,0.0,9.045757490560675,0.0,False
COc1ccccc1/N=C1\SCC(C)(C)CN1C(=S)SC,1,1,1,1,7.7447274948966935,7.7447274948966935,0.0,7.7447274948966935,0.0,0.0,7.7447274948966935,0.0,False
COc1ccccc1/N=C1\SCC2(CCCCC2)CN1C(=S)SC,1,1,1,1,8.958607314841775,8.958607314841775,0.0,8.958607314841775,0.0,0.0,8.958607314841775,0.0,False
COc1ccccc1C(=O)NC12CC3CC(CC(C3)C1)C2,1,1,1,1,6.411840383616909,6.411840383616909,0.0,6.411840383616909,0.0,0.0,6.411840383616909,0.0,False
COc1ccccc1CNC(=O)c1nn(CCN2CCOCC2)c2c(OC)cccc12,1,1,1,1,7.113509274827518,7.113509274827518,0.0,7.113509274827518,0.0,0.0,7.113509274827518,0.0,False
COc1ccccc1CNC(=O)c1oc2ccc(S(=O)(=O)N3CC(C)CC(C)C3)cc2c1C,1,1,1,1,4.642065152999546,4.642065152999546,0.0,4.642065152999546,0.0,0.0,4.642065152999546,0.0,False
COc1ccccc1Cc1cc2c(C(C)C)ccc(C)c2oc1=O,1,1,1,1,5.246416941107094,5.246416941107094,0.0,5.246416941107094,0.0,0.0,5.246416941107094,0.0,False
COc1ccccc1Cc1cc2c(C)c(OC)c(C)c(C)c2oc1=O,1,1,1,1,6.471083299722345,6.471083299722345,0.0,6.471083299722345,0.0,0.0,6.471083299722345,0.0,False
COc1ccccc1Cc1cc2c(C)ccc(C(C)C)c2oc1=O,1,1,1,1,6.0996328713435295,6.0996328713435295,0.0,6.0996328713435295,0.0,0.0,6.0996328713435295,0.0,False
COc1ccccc1Cc1cc2c(C)ccc(C)c2oc1=O,1,1,1,1,5.165579296318468,5.165579296318468,0.0,5.165579296318468,0.0,0.0,5.165579296318468,0.0,False
COc1ccccc1Cc1cc2c(OC)cc(C)cc2oc1=O,1,1,1,1,5.987162775294828,5.987162775294828,0.0,5.987162775294828,0.0,0.0,5.987162775294828,0.0,False
COc1ccccc1Cc1cc2c(OC)ccc(C)c2oc1=O,1,1,1,1,5.437707135543525,5.437707135543525,0.0,5.437707135543525,0.0,0.0,5.437707135543525,0.0,False
COc1ccccc1Cc1cc2c(OC)cccc2oc1=O,1,1,1,1,5.45717457304082,5.45717457304082,0.0,5.45717457304082,0.0,0.0,5.45717457304082,0.0,False
COc1ccccc1Cc1cc2c(ccc3ccccc32)oc1=O,1,1,1,1,5.686132779630847,5.686132779630847,0.0,5.686132779630847,0.0,0.0,5.686132779630847,0.0,False
COc1ccccc1Cn1ccc2c(c1=O)c1cccc(OC)c1n2CCN1CCOCC1,1,1,1,1,7.173925197299173,7.173925197299173,0.0,7.173925197299173,0.0,0.0,7.173925197299173,0.0,False
COc1ccccc1N1CCN(c2ncnc3c2nc(-c2ccccc2Cl)n3-c2ccc(Cl)cc2)CC1,1,1,1,1,5.301029995663981,5.301029995663981,0.0,5.301029995663981,0.0,0.0,5.301029995663981,0.0,False
COc1ccccc1NC(=O)C(C)Sc1nc(-c2ccc(C)cc2)nc2c1COC(C)(C)C2,1,1,1,1,5.0,5.0,0.0,5.0,0.0,0.0,5.0,0.0,False
CS(=O)(=O)CC(=O)NC1CCCOc2c1nn(-c1ccccc1Cl)c2-c1ccc(Cl)cc1,1,1,1,1,4.229147988357856,4.229147988357856,0.0,4.229147988357856,0.0,0.0,4.229147988357856,0.0,False
CS(=O)(=O)N1CCC(N[C@H]2CCCOc3c2nn(-c2ccccc2Cl)c3-c2ccc(Cl)cc2)CC1,1,1,1,1,5.1998330097986365,5.1998330097986365,0.0,5.1998330097986365,0.0,0.0,5.1998330097986365,0.0,False
CS(=O)(=O)N1CCN(c2ncnc3c2nc(-c2ccccc2Cl)n3-c2ccc(Cl)cc2)CC1,1,1,1,1,5.769551078621726,5.769551078621726,0.0,5.769551078621726,0.0,0.0,5.769551078621726,0.0,False
CS(=O)(=O)NC1(c2ccccc2)CCN(c2ncnc3c2nc(-c2ccccc2Cl)n3-c2ccc(Cl)cc2)CC1,1,1,1,1,6.023191662661934,6.023191662661934,0.0,6.023191662661934,0.0,0.0,6.023191662661934,0.0,False
CS(=O)(=O)NC1CC12CCN(S(=O)(=O)c1cc(Cl)ccc1S(=O)(=O)c1ccccc1F)CC2,2,1,1,1,6.913640169325252,8.958607314841775,2.044967145516523,7.936123742083513,2.044967145516523,0.0,7.936123742083513,0.0,True
CS(=O)(=O)NC1CCN(c2ncnc3c2nc(-c2ccccc2Cl)n3-c2ccc(Cl)cc2)CC1,1,1,1,1,5.969400278034049,5.969400278034049,0.0,5.969400278034049,0.0,0.0,5.969400278034049,0.0,False
CS(=O)(=O)NCCCn1c2ccccc2c2cc(C(=O)N3CCCCC3)ccc21,1,1,1,1,7.207608310501746,7.207608310501746,0.0,7.207608310501746,0.0,0.0,7.207608310501746,0.0,False
CS/C(N)=N/C(=N/S(=O)(=O)N1CCC(C(F)(F)F)CC1)N1C[C@H](c2ccccc2)C(c2ccc(Cl)cc2)=N1,1,1,1,1,6.476253533188435,6.476253533188435,0.0,6.476253533188435,0.0,0.0,6.476253533188435,0.0,False
CSC(=O)N1CC2(CCCCC2)CN/C1=N\c1cccc2ccccc12,1,1,1,1,6.809668301829708,6.809668301829708,0.0,6.809668301829708,0.0,0.0,6.809668301829708,0.0,False
CSC(=O)N1CC2(CCCCC2)CO/C1=N\c1cccc2ccccc12,1,1,1,1,8.236572006437063,8.236572006437063,0.0,8.236572006437063,0.0,0.0,8.236572006437063,0.0,False
CSC(=O)N1CC2(CCCCC2)CS/C1=N\c1cccc2ccccc12,1,1,1,1,8.823908740944319,8.823908740944319,0.0,8.823908740944319,0.0,0.0,8.823908740944319,0.0,False
CSC(=S)N1CC(C)(C)CS/C1=N\c1ccc(C(C)C)cc1,1,1,1,1,7.657577319177793,7.657577319177793,0.0,7.657577319177793,0.0,0.0,7.657577319177793,0.0,False
CSC(=S)N1CC(C)(C)CS/C1=N\c1cccc(C(C)C)c1,1,1,1,1,7.481486060122112,7.481486060122112,0.0,7.481486060122112,0.0,0.0,7.481486060122112,0.0,False
CSC(=S)N1CC(C)(C)CS/C1=N\c1ccccc1,1,1,1,1,6.500312917381596,6.500312917381596,0.0,6.500312917381596,0.0,0.0,6.500312917381596,0.0,False
CSC(=S)N1CC(C)(C)CS/C1=N\c1ccccc1-c1ccccc1,1,1,1,1,6.004803708402821,6.004803708402821,0.0,6.004803708402821,0.0,0.0,6.004803708402821,0.0,False
CSC(=S)N1CC(C)(C)CS/C1=N\c1ccccc1Br,1,1,1,1,6.430626090384954,6.430626090384954,0.0,6.430626090384954,0.0,0.0,6.430626090384954,0.0,False
CSC(=S)N1CC(C)(C)CS/C1=N\c1ccccc1C,1,1,1,1,6.694648630553376,6.694648630553376,0.0,6.694648630553376,0.0,0.0,6.694648630553376,0.0,False
CSC(=S)N1CC(C)(C)CS/C1=N\c1ccccc1C(C)(C)C,1,1,1,1,6.504455662453552,6.504455662453552,0.0,6.504455662453552,0.0,0.0,6.504455662453552,0.0,False
CSC(=S)N1CC(C)(C)CS/C1=N\c1ccccc1C(C)C,1,1,1,1,8.045757490560675,8.045757490560675,0.0,8.045757490560675,0.0,0.0,8.045757490560675,0.0,False
CSC(=S)N1CC(C)(C)CS/C1=N\c1ccccc1C(F)(F)F,1,1,1,1,6.85078088734462,6.85078088734462,0.0,6.85078088734462,0.0,0.0,6.85078088734462,0.0,False
CSC(=S)N1CC(C)(C)CS/C1=N\c1ccccc1Cl,1,1,1,1,6.141462802430361,6.141462802430361,0.0,6.141462802430361,0.0,0.0,6.141462802430361,0.0,False
CSC(=S)N1CC(C)(C)CS/C1=N\c1ccccc1F,1,1,1,1,6.598599459218455,6.598599459218455,0.0,6.598599459218455,0.0,0.0,6.598599459218455,0.0,False
CSC(=S)N1CC(C)(C)CS/C1=N\c1ccccc1Oc1ccccc1,1,1,1,1,5.534617148551582,5.534617148551582,0.0,5.534617148551582,0.0,0.0,5.534617148551582,0.0,False
CSC(=S)N1CC(C)CS/C1=N\c1ccccc1C(C)C,1,1,1,1,7.008773924307505,7.008773924307505,0.0,7.008773924307505,0.0,0.0,7.008773924307505,0.0,False
CSC(=S)N1CC2(CC2)CS/C1=N\c1ccccc1C(C)C,1,1,1,1,7.187086643357144,7.187086643357144,0.0,7.187086643357144,0.0,0.0,7.187086643357144,0.0,False
CSC(=S)N1CC2(CCCC2)CS/C1=N\c1ccccc1C(C)C,1,1,1,1,9.0,9.0,0.0,9.0,0.0,0.0,9.0,0.0,False
CSC(=S)N1CC2(CCCCC2)CO/C1=N\c1cc(C(C)(C)C)no1,1,1,1,1,9.0,9.0,0.0,9.0,0.0,0.0,9.0,0.0,False
CSC(=S)N1CC2(CCCCC2)CO/C1=N\c1cc(C(C)(C)C)on1,1,1,1,1,8.327902142064282,8.327902142064282,0.0,8.327902142064282,0.0,0.0,8.327902142064282,0.0,False
CSC(=S)N1CC2(CCCCC2)CO/C1=N\c1ccc(C#N)c2c1CCCC2,1,1,1,1,8.721246399047171,8.721246399047171,0.0,8.721246399047171,0.0,0.0,8.721246399047171,0.0,False
CSC(=S)N1CC2(CCCCC2)CO/C1=N\c1ccc(C#N)c2ccccc12,1,1,1,1,8.744727494896694,8.744727494896694,0.0,8.744727494896694,0.0,0.0,8.744727494896694,0.0,False
CSC(=S)N1CC2(CCCCC2)CO/C1=N\c1ccc(Cl)c2c1CCCC2,1,1,1,1,8.236572006437063,8.236572006437063,0.0,8.236572006437063,0.0,0.0,8.236572006437063,0.0,False
CSC(=S)N1CC2(CCCCC2)CO/C1=N\c1ccc(Cl)c2ccccc12,1,1,1,1,9.045757490560675,9.045757490560675,0.0,9.045757490560675,0.0,0.0,9.045757490560675,0.0,False
CSC(=S)N1CC2(CCCCC2)CO/C1=N\c1ccc(F)c2ccccc12,1,1,1,1,9.096910013008056,9.096910013008056,0.0,9.096910013008056,0.0,0.0,9.096910013008056,0.0,False
CSC(=S)N1CC2(CCCCC2)CO/C1=N\c1ccc(N(C)C)c2ccccc12,1,1,1,1,8.18045606445813,8.18045606445813,0.0,8.18045606445813,0.0,0.0,8.18045606445813,0.0,False
CSC(=S)N1CC2(CCCCC2)CO/C1=N\c1ccc([N+](=O)[O-])c2ccccc12,1,1,1,1,8.619788758288394,8.619788758288394,0.0,8.619788758288394,0.0,0.0,8.619788758288394,0.0,False
CSC(=S)N1CC2(CCCCC2)CO/C1=N\c1cccc2c1CCCC2,1,1,1,1,9.0,9.0,0.0,9.0,0.0,0.0,9.0,0.0,False
CSC(=S)N1CC2(CCCCC2)CO/C1=N\c1cccc2ccccc12,1,1,1,1,9.045757490560675,9.045757490560675,0.0,9.045757490560675,0.0,0.0,9.045757490560675,0.0,False
CSC(=S)N1CC2(CCCCC2)CO/C1=N\c1cccc2nonc12,1,1,1,1,8.167491087293763,8.167491087293763,0.0,8.167491087293763,0.0,0.0,8.167491087293763,0.0,False
CSC(=S)N1CC2(CCCCC2)CO/C1=N\c1ccccc1,1,1,1,1,7.958607314841775,7.958607314841775,0.0,7.958607314841775,0.0,0.0,7.958607314841775,0.0,False
CSC(=S)N1CC2(CCCCC2)CO/C1=N\c1nc(C(C)(C)C)cs1,1,1,1,1,9.0,9.0,0.0,9.0,0.0,0.0,9.0,0.0,False
CSC(=S)N1CC2(CCCCC2)CS/C1=N\c1ccc(C#N)cc1,1,1,1,1,8.638272163982407,8.638272163982407,0.0,8.638272163982407,0.0,0.0,8.638272163982407,0.0,False
CSC(=S)N1CC2(CCCCC2)CS/C1=N\c1ccc(C(C)C)cc1,1,1,1,1,7.638272163982407,7.638272163982407,0.0,7.638272163982407,0.0,0.0,7.638272163982407,0.0,False
CSC(=S)N1CC2(CCCCC2)CS/C1=N\c1ccc(C(F)(F)F)cc1,1,1,1,1,7.7447274948966935,7.7447274948966935,0.0,7.7447274948966935,0.0,0.0,7.7447274948966935,0.0,False
CSC(=S)N1CC2(CCCCC2)CS/C1=N\c1ccc(OC(F)(F)F)cc1,1,1,1,1,8.221848749616356,8.221848749616356,0.0,8.221848749616356,0.0,0.0,8.221848749616356,0.0,False
CSC(=S)N1CC2(CCCCC2)CS/C1=N\c1ccc2c(c1)CCCC2,1,1,1,1,7.619788758288394,7.619788758288394,0.0,7.619788758288394,0.0,0.0,7.619788758288394,0.0,False
CSC(=S)N1CC2(CCCCC2)CS/C1=N\c1cccc(C(C)C)c1,1,1,1,1,8.602059991327963,8.602059991327963,0.0,8.602059991327963,0.0,0.0,8.602059991327963,0.0,False
CSC(=S)N1CC2(CCCCC2)CS/C1=N\c1cccc(C)c1C,1,1,1,1,9.0,9.0,0.0,9.0,0.0,0.0,9.0,0.0,False
CSC(=S)N1CC2(CCCCC2)CS/C1=N\c1cccc2c1CCC2,1,1,1,1,8.301029995663981,8.301029995663981,0.0,8.301029995663981,0.0,0.0,8.301029995663981,0.0,False
CSC(=S)N1CC2(CCCCC2)CS/C1=N\c1cccc2c1CCCC2,1,1,1,1,9.698970004336019,9.698970004336019,0.0,9.698970004336019,0.0,0.0,9.698970004336019,0.0,False
CSC(=S)N1CC2(CCCCC2)CS/C1=N\c1cccc2c1CCCN2C,1,1,1,1,8.958607314841775,8.958607314841775,0.0,8.958607314841775,0.0,0.0,8.958607314841775,0.0,False
CSC(=S)N1CC2(CCCCC2)CS/C1=N\c1cccc2ccccc12,1,1,1,1,8.221848749616356,8.221848749616356,0.0,8.221848749616356,0.0,0.0,8.221848749616356,0.0,False
CSC(=S)N1CC2(CCCCC2)CS/C1=N\c1cccc2ncccc12,1,1,1,1,7.958607314841775,7.958607314841775,0.0,7.958607314841775,0.0,0.0,7.958607314841775,0.0,False
CSC(=S)N1CC2(CCCCC2)CS/C1=N\c1cccc2nonc12,1,1,1,1,9.045757490560675,9.045757490560675,0.0,9.045757490560675,0.0,0.0,9.045757490560675,0.0,False
CSC(=S)N1CC2(CCCCC2)CS/C1=N\c1cccc2nsnc12,1,1,1,1,8.886056647693163,8.886056647693163,0.0,8.886056647693163,0.0,0.0,8.886056647693163,0.0,False
CSC(=S)N1CC2(CCCCC2)CS/C1=N\c1ccccc1C(C)C,1,1,1,1,9.096910013008056,9.096910013008056,0.0,9.096910013008056,0.0,0.0,9.096910013008056,0.0,False
CSC(=S)N1CC2(CCCCC2)CS/C1=N\c1ccccc1C(F)(F)F,1,1,1,1,8.958607314841775,8.958607314841775,0.0,8.958607314841775,0.0,0.0,8.958607314841775,0.0,False
CSC(=S)N1CC2(CCCCC2)CS/C1=N\c1ccccc1OC(F)(F)F,1,1,1,1,7.920818753952375,7.920818753952375,0.0,7.920818753952375,0.0,0.0,7.920818753952375,0.0,False
CSC(=S)N1CCCS/C1=N\c1ccccc1C(C)C,1,1,1,1,5.801068130067791,5.801068130067791,0.0,5.801068130067791,0.0,0.0,5.801068130067791,0.0,False
CSC1=NC(=O)/C(=C/c2cccc(OCc3ccc(Cl)cc3)c2)N1,1,1,1,1,6.228412519118745,6.228412519118745,0.0,6.228412519118745,0.0,0.0,6.228412519118745,0.0,False
CSCCCCn1cc(C(=O)C2C(C)(C)C2(C)C)c2ccccc21,2,1,1,1,9.397940008672037,9.400007822415901,0.002067813743863667,9.39897391554397,0.002067813743863667,0.0,9.39897391554397,0.0,False
CSSC1CCN(c2nc(C(F)(F)c3ccccc3)nc3c2nnn3Cc2ccccc2Cl)C1,1,1,1,1,5.862645888629267,5.862645888629267,0.0,5.862645888629267,0.0,0.0,5.862645888629267,0.0,False
CSSC1CCN(c2nc(C(F)(F)c3ccccc3)nc3c2nnn3Cc2nonc2C)C1,1,1,1,1,5.987584625237567,5.987584625237567,0.0,5.987584625237567,0.0,0.0,5.987584625237567,0.0,False
CSc1c(C(=O)NC23CC4CC(CC(C4)C2)C3)nc(C)n1-c1ccccc1,1,1,1,1,8.0,8.0,0.0,8.0,0.0,0.0,8.0,0.0,False
CSc1c(C(=O)NN2CCCC2)nn(-c2ccc(Cl)cc2Cl)c1-c1ccc(Cl)cc1,1,1,1,1,6.1979107421182675,6.1979107421182675,0.0,6.1979107421182675,0.0,0.0,6.1979107421182675,0.0,False
CSc1c(C(=O)NN2CCCCC2)nc(-c2ccc(Cl)cc2Cl)n1-c1ccc(Cl)cc1,1,1,1,1,5.969805214643249,5.969805214643249,0.0,5.969805214643249,0.0,0.0,5.969805214643249,0.0,False
CSc1c(C(=O)NN2CCCCC2)nn(-c2ccc(Cl)cc2Cl)c1-c1ccc(Cl)cc1,1,1,1,1,6.094743951251549,6.094743951251549,0.0,6.094743951251549,0.0,0.0,6.094743951251549,0.0,False
CSc1c(C(=O)NN2CCCCCC2)nc(-c2ccc(Cl)cc2Cl)n1-c1ccc(Cl)cc1,1,1,1,1,6.488116639021126,6.488116639021126,0.0,6.488116639021126,0.0,0.0,6.488116639021126,0.0,False
CSc1c(C(=O)NN2CCCCCC2)nn(-c2ccc(Cl)cc2Cl)c1-c1ccc(Cl)cc1,1,1,1,1,6.430626090384954,6.430626090384954,0.0,6.430626090384954,0.0,0.0,6.430626090384954,0.0,False
C[C@@H](O)COc1ccc(C(F)(F)F)cc1C(=O)/N=c1\sc(C(C)(C)C)cn1C[C@H]1CCCO1,1,1,1,1,8.958607314841775,8.958607314841775,0.0,8.958607314841775,0.0,0.0,8.958607314841775,0.0,False
C[C@@H]1CCC2=C(C1)Oc1cc(O)ccc1C2(C)C,1,1,1,1,5.376750709602099,5.376750709602099,0.0,5.376750709602099,0.0,0.0,5.376750709602099,0.0,False
C[C@@H]1COc2cccc3c(=O)c(C(=O)NC45CC6CC(CC(C6)C4)C5)cn1c23,1,1,1,1,7.327902142064282,7.327902142064282,0.0,7.327902142064282,0.0,0.0,7.327902142064282,0.0,False
C[C@@H]1COc2cccc3c(=O)c(C(=O)NC4CCCCC4)cn1c23,1,1,1,1,7.619788758288394,7.619788758288394,0.0,7.619788758288394,0.0,0.0,7.619788758288394,0.0,False
C[C@H](/C=C\C/C=C\C/C=C\CCCC(=O)NC1CC1)/C=C\CCCCCN=C=S,1,1,1,1,7.655607726314889,7.655607726314889,0.0,7.655607726314889,0.0,0.0,7.655607726314889,0.0,False
C[C@H](/C=C\C/C=C\C/C=C\CCCC(=O)NC1CC1)/C=C\CCCCCN=[N+]=[N-],1,1,1,1,8.070581074285707,8.070581074285707,0.0,8.070581074285707,0.0,0.0,8.070581074285707,0.0,False
C[C@H](/C=C\C/C=C\C/C=C\CCCC(=O)N[C@H](C)CO)/C=C\CCCOc1ccccc1,1,1,1,1,6.543633966870956,6.543633966870956,0.0,6.543633966870956,0.0,0.0,6.543633966870956,0.0,False
C[C@H](CO)NC(=O)CCC/C=C\C/C=C\C/C=C\C/C=C\CCOC(=O)c1cc(I)ccc1N=[N+]=[N-],1,1,1,1,6.657577319177793,6.657577319177793,0.0,6.657577319177793,0.0,0.0,6.657577319177793,0.0,False
C[C@H](CO)NC(=O)CCC/C=C\C/C=C\C/C=C\C/C=C\CCOC(=O)c1cccc2c1OC(C)(C(C)(C)C)O2,1,1,1,1,5.991399828238082,5.991399828238082,0.0,5.991399828238082,0.0,0.0,5.991399828238082,0.0,False
C[C@H](CO)NC(=O)CCC/C=C\C/C=C\CCOc1cccc(C(C)(C)CCCC#N)c1,1,1,1,1,8.504455662453552,8.504455662453552,0.0,8.504455662453552,0.0,0.0,8.504455662453552,0.0,False
C[C@H](CO)NC(=O)CCC/C=C\C/C=C\CCOc1cccc(C(C)(C)CCCCBr)c1,1,1,1,1,8.127261172527332,8.127261172527332,0.0,8.127261172527332,0.0,0.0,8.127261172527332,0.0,False
C[C@H](CO)NC(=O)CCC/C=C\C/C=C\CCOc1cccc(C(C)(C)CCCCN=[N+]=[N-])c1,1,1,1,1,8.598599459218455,8.598599459218455,0.0,8.598599459218455,0.0,0.0,8.598599459218455,0.0,False
C[C@H](CO)NC(=O)CCC/C=C\C/C=C\CCOc1cccc(C(C)(C)CCCCO)c1,1,1,1,1,7.962573502059376,7.962573502059376,0.0,7.962573502059376,0.0,0.0,7.962573502059376,0.0,False
C[C@H](NC(=O)C(C)(C)Oc1ccc(C(F)(F)F)cn1)[C@@H](Cc1ccc(Cl)cc1)c1cccc(C#N)c1,1,1,1,1,6.537602002101044,6.537602002101044,0.0,6.537602002101044,0.0,0.0,6.537602002101044,0.0,False
C[C@H](NS(=O)(=O)C(F)(F)F)c1ccc(S(=O)(=O)c2ccc(Cl)cc2S(=O)(=O)c2ccccc2F)cc1,1,1,1,1,9.154901959985743,9.154901959985743,0.0,9.154901959985743,0.0,0.0,9.154901959985743,0.0,False
C[C@H](NS(C)(=O)=O)c1ccc(Cc2ccc(C(F)(F)F)cc2S(=O)(=O)c2c(F)cccc2F)cc1,1,1,1,1,8.744727494896694,8.744727494896694,0.0,8.744727494896694,0.0,0.0,8.744727494896694,0.0,False
C[C@H](NS(C)(=O)=O)c1ccc(Cc2ccc(C(F)(F)F)cc2S(=O)(=O)c2cccc(F)c2)cc1,1,1,1,1,8.455931955649724,8.455931955649724,0.0,8.455931955649724,0.0,0.0,8.455931955649724,0.0,False
C[C@H](NS(C)(=O)=O)c1ccc(Cc2ccc(C(F)(F)F)cc2S(=O)(=O)c2ccccc2F)cc1,1,1,1,1,9.0,9.0,0.0,9.0,0.0,0.0,9.0,0.0,False
C[C@H](NS(C)(=O)=O)c1ccc(Cc2ccc(Cl)cc2S(=O)(=O)c2ccc(Cl)cc2)cc1,1,1,1,1,8.173925197299173,8.173925197299173,0.0,8.173925197299173,0.0,0.0,8.173925197299173,0.0,False
C[C@H](NS(C)(=O)=O)c1ccc(Cc2ccc(OC(F)(F)F)cc2S(=O)(=O)c2cccc(C(F)(F)F)c2)cc1,1,1,1,1,7.455931955649724,7.455931955649724,0.0,7.455931955649724,0.0,0.0,7.455931955649724,0.0,False
C[C@H](NS(C)(=O)=O)c1ccc(Cc2ccc(OC(F)(F)F)cc2S(=O)(=O)c2ccccc2F)cc1,1,1,1,1,9.397940008672037,9.397940008672037,0.0,9.397940008672037,0.0,0.0,9.397940008672037,0.0,False
C[C@H](NS(C)(=O)=O)c1ccc(Cc2ccc(OC(F)(F)F)cc2S(=O)(=O)c2ccccc2OC(F)(F)F)cc1,1,1,1,1,7.795880017344075,7.795880017344075,0.0,7.795880017344075,0.0,0.0,7.795880017344075,0.0,False
C[C@H](NS(C)(=O)=O)c1ccc(S(=O)(=O)c2ccc(C(F)(F)F)cc2S(=O)(=O)c2ccc(Cl)cc2)cc1,1,1,1,1,8.096910013008056,8.096910013008056,0.0,8.096910013008056,0.0,0.0,8.096910013008056,0.0,False
C[C@H](NS(C)(=O)=O)c1ccc(S(=O)(=O)c2ccc(C(F)(F)F)cc2S(=O)(=O)c2ccccc2F)cc1,1,1,1,1,9.045757490560675,9.045757490560675,0.0,9.045757490560675,0.0,0.0,9.045757490560675,0.0,False
C[C@H](NS(C)(=O)=O)c1ccc(S(=O)(=O)c2ccc(Cl)cc2C(=O)c2ccc(Cl)cc2)cc1,1,1,1,1,6.71669877129645,6.71669877129645,0.0,6.71669877129645,0.0,0.0,6.71669877129645,0.0,False
C[C@H](NS(C)(=O)=O)c1ccc(S(=O)(=O)c2ccc(Cl)cc2C(C)(O)c2ccc(Cl)cc2)cc1,1,1,1,1,6.638272163982407,6.638272163982407,0.0,6.638272163982407,0.0,0.0,6.638272163982407,0.0,False
C[C@H](NS(C)(=O)=O)c1ccc(S(=O)(=O)c2ccc(Cl)cc2C(C)(O)c2ccccc2F)cc1,1,1,1,1,7.113509274827518,7.113509274827518,0.0,7.113509274827518,0.0,0.0,7.113509274827518,0.0,False
C[C@H](NS(C)(=O)=O)c1ccc(S(=O)(=O)c2ccc(Cl)cc2Cc2ccc(Cl)cc2)cc1,1,1,1,1,6.785156151952302,6.785156151952302,0.0,6.785156151952302,0.0,0.0,6.785156151952302,0.0,False
C[C@H](NS(C)(=O)=O)c1ccc(S(=O)(=O)c2ccc(Cl)cc2Nc2ccc(Cl)cc2)cc1,1,1,1,1,6.555955204081924,6.555955204081924,0.0,6.555955204081924,0.0,0.0,6.555955204081924,0.0,False
C[C@H](NS(C)(=O)=O)c1ccc(S(=O)(=O)c2ccc(Cl)cc2Oc2ccc(Cl)cc2)cc1,1,1,1,1,6.007446482167865,6.007446482167865,0.0,6.007446482167865,0.0,0.0,6.007446482167865,0.0,False
C[C@H](NS(C)(=O)=O)c1ccc(S(=O)(=O)c2ccc(Cl)cc2S(=O)(=O)c2ccc(Cl)cc2)cc1,1,1,1,1,8.0,8.0,0.0,8.0,0.0,0.0,8.0,0.0,False
C[C@H](NS(C)(=O)=O)c1ccc(S(=O)(=O)c2ccc(Cl)cc2S(=O)(=O)c2cccc(Cl)c2)cc1,1,1,1,1,7.638272163982407,7.638272163982407,0.0,7.638272163982407,0.0,0.0,7.638272163982407,0.0,False
C[C@H](NS(C)(=O)=O)c1ccc(S(=O)(=O)c2ccc(Cl)cc2S(=O)(=O)c2ccccc2)cc1,1,1,1,1,8.698970004336019,8.698970004336019,0.0,8.698970004336019,0.0,0.0,8.698970004336019,0.0,False
C[C@H](NS(C)(=O)=O)c1ccc(S(=O)(=O)c2ccc(Cl)cc2S(=O)(=O)c2ccccc2Cl)cc1,1,1,1,1,8.221848749616356,8.221848749616356,0.0,8.221848749616356,0.0,0.0,8.221848749616356,0.0,False
C[C@H](NS(C)(=O)=O)c1ccc(S(=O)(=O)c2ccc(Cl)cc2S(=O)(=O)c2ccccc2F)cc1,2,2,2,1,9.0,9.096910013008056,0.09691001300805624,9.048455006504028,0.0,0.09691001300805624,9.048455006504028,0.0,False
C[C@H](NS(C)(=O)=O)c1ccc(S(=O)(=O)c2ccc(Cl)cc2S(=O)(=O)c2ccccc2OC(F)(F)F)cc1,1,1,1,1,6.892790030352131,6.892790030352131,0.0,6.892790030352131,0.0,0.0,6.892790030352131,0.0,False
C[C@H](NS(C)(=O)=O)c1ccc(S(=O)(=O)c2ccc(O)cc2S(=O)(=O)c2ccc(Cl)cc2)cc1,1,1,1,1,7.886056647693163,7.886056647693163,0.0,7.886056647693163,0.0,0.0,7.886056647693163,0.0,False
C[C@H](NS(C)(=O)=O)c1ccc(S(=O)(=O)c2ccc(OC3CCCC3)cc2S(=O)(=O)c2ccc(Cl)cc2)cc1,1,1,1,1,6.634512015109101,6.634512015109101,0.0,6.634512015109101,0.0,0.0,6.634512015109101,0.0,False
C[C@H](NS(C)(=O)=O)c1ccc(S(=O)(=O)c2ccccc2S(=O)(=O)c2ccc(Cl)cc2)cc1,1,1,1,1,7.236572006437063,7.236572006437063,0.0,7.236572006437063,0.0,0.0,7.236572006437063,0.0,False
C[C@H](NS(C)(=O)=O)c1ccc(S(=O)(=O)c2ccccc2S(=O)(=O)c2ccccc2F)cc1,1,1,1,1,8.045757490560675,8.045757490560675,0.0,8.045757490560675,0.0,0.0,8.045757490560675,0.0,False
C[C@H]1CC(CNS(=O)(=O)C(F)(F)F)CCN1S(=O)(=O)c1ccc(Cl)cc1S(=O)(=O)c1ccccc1F,1,1,1,1,8.096910013008056,8.096910013008056,0.0,8.096910013008056,0.0,0.0,8.096910013008056,0.0,False
C[C@H]1CC[C@@H](NC(=O)c2cc(-c3ccccc3)nn(Cc3ccc(F)cc3)c2=O)CC1,1,1,1,1,8.244125144327509,8.244125144327509,0.0,8.244125144327509,0.0,0.0,8.244125144327509,0.0,False
C[C@H]1CC[C@@H](NC(=O)c2cc3cc(-c4ccco4)cnc3n(Cc3ccc(F)cc3)c2=O)CC1,2,2,2,1,6.0385789059335515,9.568636235841012,3.5300573299074607,7.803607570887282,0.0,3.5300573299074607,7.803607570887282,0.0,True
C[C@H]1CC[C@@H](NC(=O)c2cc3cc(-c4cccs4)cnc3n(Cc3ccc(F)cc3)c2=O)CC1,1,1,1,1,9.017728766960431,9.017728766960431,0.0,9.017728766960431,0.0,0.0,9.017728766960431,0.0,False
C[C@H]1CC[C@@H](NC(=O)c2cc3cc(Br)cnc3n(Cc3ccc(F)cc3)c2=O)CC1,1,1,1,1,9.920818753952375,9.920818753952375,0.0,9.920818753952375,0.0,0.0,9.920818753952375,0.0,False
C[C@H]1CC[C@@H](NC(=O)c2cc3cccnc3n(Cc3ccc(F)cc3)c2=O)CC1,1,1,1,1,9.154901959985743,9.154901959985743,0.0,9.154901959985743,0.0,0.0,9.154901959985743,0.0,False
C[C@H]1CC[C@@H](NC(=O)c2cc3cccnc3n(Cc3ccccc3)c2=O)CC1,1,1,1,1,8.236572006437063,8.236572006437063,0.0,8.236572006437063,0.0,0.0,8.236572006437063,0.0,False
C[C@H]1CC[C@H](NC(=O)c2cc(-c3ccccc3)nn(Cc3ccc(F)cc3)c2=O)CC1,1,1,1,1,7.180456064458131,7.180456064458131,0.0,7.180456064458131,0.0,0.0,7.180456064458131,0.0,False
C[C@H]1CC[C@H](NC(=O)c2cc3cc(-c4ccco4)cnc3n(Cc3ccc(F)cc3)c2=O)CC1,1,1,1,1,7.025949097207123,7.025949097207123,0.0,7.025949097207123,0.0,0.0,7.025949097207123,0.0,False
C[C@H]1CC[C@H](NC(=O)c2cc3cc(-c4cccs4)cnc3n(Cc3ccc(F)cc3)c2=O)CC1,1,1,1,1,7.1830961606243395,7.1830961606243395,0.0,7.1830961606243395,0.0,0.0,7.1830961606243395,0.0,False
C[C@H]1CC[C@H](NC(=O)c2cc3cc(Br)cnc3n(Cc3ccc(F)cc3)c2=O)CC1,1,1,1,1,8.950781977329818,8.950781977329818,0.0,8.950781977329818,0.0,0.0,8.950781977329818,0.0,False
C[C@H]1CC[C@H](NC(=O)c2cc3cccnc3n(Cc3ccc(F)cc3)c2=O)CC1,1,1,1,1,8.045757490560675,8.045757490560675,0.0,8.045757490560675,0.0,0.0,8.045757490560675,0.0,False
C[C@H]1CC[C@H](NC(=O)c2cc3cccnc3n(Cc3ccccc3)c2=O)CC1,1,1,1,1,7.400116927926312,7.400116927926312,0.0,7.400116927926312,0.0,0.0,7.400116927926312,0.0,False
C[C@H]1CN(C(=O)c2cn3c4c(cccc24)OC[C@H]3C2CCCCC2)CCN1C,1,1,1,1,9.400007822415901,9.400007822415901,0.0,9.400007822415901,0.0,0.0,9.400007822415901,0.0,False
C[C@H]1CN(S(=O)(=O)c2ccc(Cl)cc2S(=O)(=O)c2ccccc2F)CC[C@@H]1CNS(=O)(=O)C(F)(F)F,1,1,1,1,8.154901959985743,8.154901959985743,0.0,8.154901959985743,0.0,0.0,8.154901959985743,0.0,False
C[C@H]1COc2cccc3c(=O)c(C(=O)NC45CC6CC(CC(C6)C4)C5)cn1c23,1,1,1,1,7.107905397309519,7.107905397309519,0.0,7.107905397309519,0.0,0.0,7.107905397309519,0.0,False
C[C@H]1COc2cccc3c(=O)c(C(=O)NC4CCCCC4)cn1c23,1,1,1,1,6.7258421507363195,6.7258421507363195,0.0,6.7258421507363195,0.0,0.0,6.7258421507363195,0.0,False
C[C@H]1OC(=O)[C@@H]2C[C@@H]3CCCC[C@H]3[C@H](/C=C/c3ccc(-c4cccnc4)cn3)[C@H]12,1,1,1,1,4.886056647693163,4.886056647693163,0.0,4.886056647693163,0.0,0.0,4.886056647693163,0.0,False
C[C@H]1OC(=O)[C@@H]2C[C@@H]3CCCC[C@H]3[C@H](/C=C/c3ccc(N4CCCC4)cn3)[C@H]12,1,1,1,1,6.3124710387853655,6.3124710387853655,0.0,6.3124710387853655,0.0,0.0,6.3124710387853655,0.0,False
C[S+]([O-])c1c(C(=O)NN2CCCCC2)nn(-c2ccc(Cl)cc2Cl)c1-c1ccc(Cl)cc1,1,1,1,1,6.400116927926312,6.400116927926312,0.0,6.400116927926312,0.0,0.0,6.400116927926312,0.0,False
Cc1c(-c2ccc(F)cc2)cc(C(=O)NC2CCCCCC2)c(=O)n1Cc1ccc(F)cc1,1,1,1,1,7.539102157243452,7.539102157243452,0.0,7.539102157243452,0.0,0.0,7.539102157243452,0.0,False
Cc1c(-c2ccccc2)cc(C(=O)NC2CCCCCC2)c(=O)n1Cc1ccc(F)cc1,1,1,1,1,8.244125144327509,8.244125144327509,0.0,8.244125144327509,0.0,0.0,8.244125144327509,0.0,False
Cc1c(-c2ccccc2)cn(Cc2ccc(F)cc2)c(=O)c1C(=O)NC1CCCCCC1,1,1,1,1,8.161150909262744,8.161150909262744,0.0,8.161150909262744,0.0,0.0,8.161150909262744,0.0,False
Cc1c(Br)cc(C(=O)NC2CCCCCC2)c(=O)n1Cc1ccc(F)cc1,2,2,2,1,8.154901959985743,8.823908740944319,0.6690067809585756,8.48940535046503,0.0,0.6690067809585756,8.48940535046503,0.0,False
Cc1c(Br)cn(CCCc2cn(CCCCCn3c(C)c(Br)cc(C(=O)NC4CCCCCC4)c3=O)nn2)c(=O)c1NC(=O)C1CCCCCC1,1,1,1,1,8.853871964321762,8.853871964321762,0.0,8.853871964321762,0.0,0.0,8.853871964321762,0.0,False
Cc1c(Br)cn(Cc2ccc(F)cc2)c(=O)c1C(=O)NC1CCCCCC1,1,1,1,1,8.455931955649724,8.455931955649724,0.0,8.455931955649724,0.0,0.0,8.455931955649724,0.0,False
Cc1c(Br)cn(Cc2ccc(F)cc2)c(=O)c1NC(=O)C1CCCCCC1,1,1,1,1,7.721246399047171,7.721246399047171,0.0,7.721246399047171,0.0,0.0,7.721246399047171,0.0,False
Cc1c(Br)cnc(OCc2ccc(F)cc2)c1C(=O)NC1CCCCCC1,1,1,1,1,6.217527375833714,6.217527375833714,0.0,6.217527375833714,0.0,0.0,6.217527375833714,0.0,False
Cc1c(C(=O)C2C(C)(C)C2(C)C)c2ccccc2n1CCN1CCOCC1,1,1,1,1,7.5699249444480605,7.5699249444480605,0.0,7.5699249444480605,0.0,0.0,7.5699249444480605,0.0,False
Cc1c(C(=O)N(C)Cc2ccccc2)oc2ccc(S(=O)(=O)N3CC(C)CC(C)C3)cc12,1,1,1,1,5.180456064458131,5.180456064458131,0.0,5.180456064458131,0.0,0.0,5.180456064458131,0.0,False
Cc1c(C(=O)N2CCC(C(N)=O)(c3ccccc3)CC2)nn(-c2ccc(Cl)cc2Cl)c1-c1ccc(Cl)cc1,1,1,1,1,5.259321574772545,5.259321574772545,0.0,5.259321574772545,0.0,0.0,5.259321574772545,0.0,False
Cc1c(C(=O)N2CCC(O)CC2)nc(-c2ccc(Cl)cc2Cl)n1-c1ccc(Cl)cc1,1,1,1,1,5.402414498247795,5.402414498247795,0.0,5.402414498247795,0.0,0.0,5.402414498247795,0.0,False
Cc1c(C(=O)N2CCCCCC2)oc2ccc(S(=O)(=O)N3CC(C)CC(C)C3)cc12,1,1,1,1,5.309803919971486,5.309803919971486,0.0,5.309803919971486,0.0,0.0,5.309803919971486,0.0,False
Cc1c(C(=O)N2CCc3ccccc3C2)nc(-c2ccc(Cl)cc2Cl)n1-c1ccc(Cl)cc1,1,1,1,1,6.157390760389438,6.157390760389438,0.0,6.157390760389438,0.0,0.0,6.157390760389438,0.0,False
Cc1c(C(=O)NC(C)(C)C)nn(-c2ccc(Cl)cc2Cl)c1-n1c(C)ccc1C,1,1,1,1,7.694648630553377,7.694648630553377,0.0,7.694648630553377,0.0,0.0,7.694648630553377,0.0,False
Cc1c(C(=O)NC(C)(C)C)nn(-c2ccc(Cl)cc2Cl)c1-n1cccc1,1,1,1,1,7.835647144215563,7.835647144215563,0.0,7.835647144215563,0.0,0.0,7.835647144215563,0.0,False
Cc1c(C(=O)NC(C)C)nn(-c2ccc(Cl)cc2Cl)c1-n1c(C)ccc1C,1,1,1,1,5.745500261082618,5.745500261082618,0.0,5.745500261082618,0.0,0.0,5.745500261082618,0.0,False
Cc1c(C(=O)NC(C)C)nn(-c2ccc(Cl)cc2Cl)c1-n1cccc1,1,1,1,1,5.946000139306935,5.946000139306935,0.0,5.946000139306935,0.0,0.0,5.946000139306935,0.0,False
Cc1c(C(=O)NC(C)c2ccccc2)nn(-c2ccc(Cl)c(Cl)c2)c1-n1c(C)ccc1C,1,1,1,1,8.244125144327509,8.244125144327509,0.0,8.244125144327509,0.0,0.0,8.244125144327509,0.0,False
Cc1c(C(=O)NC23CC4CC(CC(C4)C2)C3)nn(-c2ccc(Cl)c(Cl)c2)c1-n1c(C)ccc1C,1,1,1,1,7.920818753952375,7.920818753952375,0.0,7.920818753952375,0.0,0.0,7.920818753952375,0.0,False
Cc1c(C(=O)NC23CC4CC(CC(C4)C2)C3)nn(-c2ccc(Cl)c(Cl)c2)c1-n1cccc1,1,1,1,1,7.698970004336019,7.698970004336019,0.0,7.698970004336019,0.0,0.0,7.698970004336019,0.0,False
Cc1c(C(=O)NC23CC4CC(CC(C4)C2)C3)nn(CCCCCO)c1-c1ccccc1,2,2,2,1,10.096910013008056,10.1249387366083,0.028028723600243666,10.110924374808178,0.0,0.028028723600243666,10.110924374808178,0.0,False
Cc1c(C(=O)NC2CC3CCC2C3)nc(-c2ccc(Cl)cc2Cl)n1-c1ccc(Cl)cc1,1,1,1,1,7.267606240177031,7.267606240177031,0.0,7.267606240177031,0.0,0.0,7.267606240177031,0.0,False
Cc1c(C(=O)NC2CCCC2)nc(-c2ccc(Cl)cc2Cl)n1-c1ccc(Cl)cc1,1,1,1,1,6.447331783887806,6.447331783887806,0.0,6.447331783887806,0.0,0.0,6.447331783887806,0.0,False
Cc1c(C(=O)NC2CCCC2)nn(-c2ccc(Cl)c(Cl)c2)c1-n1c(C)ccc1C,1,1,1,1,7.920818753952375,7.920818753952375,0.0,7.920818753952375,0.0,0.0,7.920818753952375,0.0,False
Cc1c(C(=O)NC2CCCC2)nn(-c2ccc(Cl)c(Cl)c2)c1-n1cccc1,1,1,1,1,7.920818753952375,7.920818753952375,0.0,7.920818753952375,0.0,0.0,7.920818753952375,0.0,False
Cc1c(C(=O)NC2CCCC2)nn(-c2ccc(Cl)cc2Cl)c1-n1c(C)ccc1C,1,1,1,1,6.508638306165727,6.508638306165727,0.0,6.508638306165727,0.0,0.0,6.508638306165727,0.0,False
Cc1c(C(=O)NC2CCCC2)nn(-c2ccc(Cl)cc2Cl)c1-n1cccc1,1,1,1,1,6.769551078621726,6.769551078621726,0.0,6.769551078621726,0.0,0.0,6.769551078621726,0.0,False
Cc1c(C(=O)NC2CCCC2)nn(-c2ccc(F)cc2F)c1-n1c(C)ccc1C,1,1,1,1,6.045757490560675,6.045757490560675,0.0,6.045757490560675,0.0,0.0,6.045757490560675,0.0,False
Cc1c(C(=O)NC2CCCC2)nn(-c2ccc(F)cc2F)c1-n1cccc1,1,1,1,1,5.958607314841775,5.958607314841775,0.0,5.958607314841775,0.0,0.0,5.958607314841775,0.0,False
Cc1c(C(=O)NC2CCCC2)oc2ccc(S(=O)(=O)N3CC(C)CC(C)C3)cc12,1,1,1,1,5.130768280269024,5.130768280269024,0.0,5.130768280269024,0.0,0.0,5.130768280269024,0.0,False
Cc1c(C(=O)NC2CCCCC2)nc(-c2ccc(Cl)cc2Cl)n1-c1ccc(Cl)cc1,1,1,1,1,6.795880017344075,6.795880017344075,0.0,6.795880017344075,0.0,0.0,6.795880017344075,0.0,False
Cc1c(C(=O)NC2CCCCC2)nn(-c2c(Cl)cc(Cl)cc2Cl)c1-n1c(C)ccc1C,1,1,1,1,6.4089353929735005,6.4089353929735005,0.0,6.4089353929735005,0.0,0.0,6.4089353929735005,0.0,False
Cc1c(C(=O)NC2CCCCC2)nn(-c2ccc(Cl)c(Cl)c2)c1-n1c(C)ccc1C,1,1,1,1,8.886056647693163,8.886056647693163,0.0,8.886056647693163,0.0,0.0,8.886056647693163,0.0,False
Cc1c(C(=O)NC2CCCCC2)nn(-c2ccc(Cl)c(Cl)c2)c1-n1c(Cl)ccc1Cl,1,1,1,1,8.886056647693163,8.886056647693163,0.0,8.886056647693163,0.0,0.0,8.886056647693163,0.0,False
Cc1c(C(=O)NC2CCCCC2)nn(-c2ccc(Cl)c(Cl)c2)c1-n1cccc1,1,1,1,1,8.769551078621726,8.769551078621726,0.0,8.769551078621726,0.0,0.0,8.769551078621726,0.0,False
Cc1c(C(=O)NC2CCCCC2)nn(-c2ccc(Cl)c(Cl)c2)c1-n1cccc1Cl,1,1,1,1,9.045757490560675,9.045757490560675,0.0,9.045757490560675,0.0,0.0,9.045757490560675,0.0,False
Cc1c(C(=O)NC2CCCCC2)nn(-c2ccc(Cl)cc2Cl)c1-n1c(C)ccc1C,1,1,1,1,7.060480747381382,7.060480747381382,0.0,7.060480747381382,0.0,0.0,7.060480747381382,0.0,False
Cc1c(C(=O)NC2CCCCC2)nn(-c2ccc(Cl)cc2Cl)c1-n1c(Cl)ccc1Cl,1,1,1,1,7.718966632752272,7.718966632752272,0.0,7.718966632752272,0.0,0.0,7.718966632752272,0.0,False
Cc1c(C(=O)NC2CCCCC2)nn(-c2ccc(Cl)cc2Cl)c1-n1cc2c(c1)CCCC2,1,1,1,1,6.4243503852447805,6.4243503852447805,0.0,6.4243503852447805,0.0,0.0,6.4243503852447805,0.0,False
Cc1c(C(=O)NC2CCCCC2)nn(-c2ccc(Cl)cc2Cl)c1-n1cccc1,1,1,1,1,7.1938200260161125,7.1938200260161125,0.0,7.1938200260161125,0.0,0.0,7.1938200260161125,0.0,False
Cc1c(C(=O)NC2CCCCC2)nn(-c2ccc(Cl)cc2Cl)c1-n1cccc1Cl,1,1,1,1,7.73754891026957,7.73754891026957,0.0,7.73754891026957,0.0,0.0,7.73754891026957,0.0,False
Cc1c(C(=O)NC2CCCCC2)nn(-c2ccc(F)cc2F)c1-n1c(C)ccc1C,1,1,1,1,6.2441251443275085,6.2441251443275085,0.0,6.2441251443275085,0.0,0.0,6.2441251443275085,0.0,False
Cc1c(C(=O)NC2CCCCC2)nn(-c2ccc(F)cc2F)c1-n1cccc1,1,1,1,1,7.187086643357144,7.187086643357144,0.0,7.187086643357144,0.0,0.0,7.187086643357144,0.0,False
Cc1c(C(=O)NC2CCCCC2)oc2ccc(S(=O)(=O)N3CC(C)CC(C)C3)cc12,1,1,1,1,4.7594507517174005,4.7594507517174005,0.0,4.7594507517174005,0.0,0.0,4.7594507517174005,0.0,False
Cc1c(C(=O)NC2CCCCCC2)nc(-c2ccc(Cl)cc2Cl)n1-c1ccc(Cl)cc1,1,1,1,1,6.45717457304082,6.45717457304082,0.0,6.45717457304082,0.0,0.0,6.45717457304082,0.0,False
Cc1c(C(=O)NC2CCCCCC2)nn(-c2ccc(Cl)c(Cl)c2)c1-n1c(C)ccc1C,1,1,1,1,8.3767507096021,8.3767507096021,0.0,8.3767507096021,0.0,0.0,8.3767507096021,0.0,False
Cc1c(C(=O)NC2CCCCCC2)nn(-c2ccc(Cl)c(Cl)c2)c1-n1cccc1,1,1,1,1,8.886056647693163,8.886056647693163,0.0,8.886056647693163,0.0,0.0,8.886056647693163,0.0,False
Cc1c(C(=O)NC2CCCCCC2)nn(-c2ccc(Cl)cc2Cl)c1-n1c(C)ccc1C,1,1,1,1,7.096910013008056,7.096910013008056,0.0,7.096910013008056,0.0,0.0,7.096910013008056,0.0,False
Cc1c(C(=O)NC2CCCCCC2)nn(-c2ccc(Cl)cc2Cl)c1-n1cccc1,1,1,1,1,7.698970004336019,7.698970004336019,0.0,7.698970004336019,0.0,0.0,7.698970004336019,0.0,False
Cc1c(C(=O)NC2CCCCCC2)nn(-c2ccc(F)cc2F)c1-n1c(C)ccc1C,1,1,1,1,6.958607314841775,6.958607314841775,0.0,6.958607314841775,0.0,0.0,6.958607314841775,0.0,False
Cc1c(C(=O)NC2CCCCCC2)nn(-c2ccc(F)cc2F)c1-n1cccc1,1,1,1,1,6.698970004336019,6.698970004336019,0.0,6.698970004336019,0.0,0.0,6.698970004336019,0.0,False
Cc1c(C(=O)NC2CCCc3ccccc32)oc2ccc(S(=O)(=O)N3CC(C)CC(C)C3)cc12,1,1,1,1,4.642065152999546,4.642065152999546,0.0,4.642065152999546,0.0,0.0,4.642065152999546,0.0,False
Cc1c(C(=O)NC2CCN(C(=O)C(F)(F)F)CC2)nn(-c2ccc(Cl)cc2Cl)c1-c1ccc(Cl)cc1,1,1,1,1,5.982549270489464,5.982549270489464,0.0,5.982549270489464,0.0,0.0,5.982549270489464,0.0,False
Cc1c(C(=O)NC2CCN(C(=O)C3CCCC3)CC2)nn(-c2ccc(Cl)cc2Cl)c1-c1ccc(Cl)cc1,1,1,1,1,5.602755418989614,5.602755418989614,0.0,5.602755418989614,0.0,0.0,5.602755418989614,0.0,False
Cc1c(C(=O)NC2CCN(C(=O)CC(C)C)CC2)nn(-c2ccc(Cl)cc2Cl)c1-c1ccc(Cl)cc1,1,1,1,1,5.742801573860655,5.742801573860655,0.0,5.742801573860655,0.0,0.0,5.742801573860655,0.0,False
Cc1c(C(=O)NC2CCN(C(=O)OC(C)C)CC2)nn(-c2ccc(Cl)cc2Cl)c1-c1ccc(Cl)cc1,1,1,1,1,5.7146677723561154,5.7146677723561154,0.0,5.7146677723561154,0.0,0.0,5.7146677723561154,0.0,False
Cc1c(C(=O)NC2CCN(C(=O)c3ccccc3)CC2)nn(-c2ccc(Cl)cc2Cl)c1-c1ccc(Cl)cc1,1,1,1,1,5.763210900590707,5.763210900590707,0.0,5.763210900590707,0.0,0.0,5.763210900590707,0.0,False
Cc1c(C(=O)NC2CCN(S(=O)(=O)CC(C)C)CC2)nn(-c2ccc(Cl)cc2Cl)c1-c1ccc(Cl)cc1,1,1,1,1,5.206698646386885,5.206698646386885,0.0,5.206698646386885,0.0,0.0,5.206698646386885,0.0,False
Cc1c(C(=O)NC2CCN(S(=O)(=O)CCC(F)(F)F)CC2)nn(-c2ccc(Cl)cc2Cl)c1-c1ccc(Cl)cc1,1,1,1,1,5.326150022657051,5.326150022657051,0.0,5.326150022657051,0.0,0.0,5.326150022657051,0.0,False
Cc1c(C(=O)NCC2CCC(CNS(C)(=O)=O)CC2)nn(-c2ccc(Cl)cc2Cl)c1-c1ccc(Cl)cc1,1,1,1,1,6.045757490560675,6.045757490560675,0.0,6.045757490560675,0.0,0.0,6.045757490560675,0.0,False
Cc1c(C(=O)NCC2CCC(CNS(N)(=O)=O)CC2)nn(-c2ccc(Cl)cc2Cl)c1-c1ccc(Cl)cc1,1,1,1,1,5.636388020107855,5.636388020107855,0.0,5.636388020107855,0.0,0.0,5.636388020107855,0.0,False
Cc1c(C(=O)NCC2CCCCC2)nn(-c2ccc(Cl)cc2)c1-n1cccc1,1,1,1,1,6.4089353929735005,6.4089353929735005,0.0,6.4089353929735005,0.0,0.0,6.4089353929735005,0.0,False
Cc1c(C(=O)NCCC(C)(C)C)nn(-c2ccc(Cl)cc2Cl)c1-n1c(C)ccc1C,1,1,1,1,6.874518734299405,6.874518734299405,0.0,6.874518734299405,0.0,0.0,6.874518734299405,0.0,False
Cc1c(C(=O)NCCC(C)(C)C)nn(-c2ccc(Cl)cc2Cl)c1-n1cccc1,1,1,1,1,7.280668713016274,7.280668713016274,0.0,7.280668713016274,0.0,0.0,7.280668713016274,0.0,False
Cc1c(C(=O)NCCC(C)(C)C)nn(-c2ccc(F)cc2F)c1-n1c(C)ccc1C,1,1,1,1,6.786747947803603,6.786747947803603,0.0,6.786747947803603,0.0,0.0,6.786747947803603,0.0,False
Cc1c(C(=O)NCCCCCCCCCCCN(C)CCCCCCCCCCCN)nn(-c2ccc(Cl)cc2Cl)c1-c1ccc(Cl)cc1,1,1,1,1,6.370590400897282,6.370590400897282,0.0,6.370590400897282,0.0,0.0,6.370590400897282,0.0,False
Cc1c(C(=O)NCCCCCCCCCCCNCCCCCCCCCCCN)nn(-c2ccc(Cl)cc2Cl)c1-c1ccc(Cl)cc1,1,1,1,1,6.515700160653214,6.515700160653214,0.0,6.515700160653214,0.0,0.0,6.515700160653214,0.0,False
Cc1c(C(=O)NCCCCCCCCCN(C)CCCCCCCCCN)nn(-c2ccc(Cl)cc2Cl)c1-c1ccc(Cl)cc1,1,1,1,1,6.576754126063192,6.576754126063192,0.0,6.576754126063192,0.0,0.0,6.576754126063192,0.0,False
Cc1c(C(=O)NCCCCCCCCCNCCCCCCCCCN)nn(-c2ccc(Cl)cc2Cl)c1-c1ccc(Cl)cc1,1,1,1,1,6.377785977033705,6.377785977033705,0.0,6.377785977033705,0.0,0.0,6.377785977033705,0.0,False
Cc1c(C(=O)NCCCCCCCCNCc2ccccc2)nn(-c2ccc(Cl)cc2Cl)c1-c1ccc(Cl)cc1,1,1,1,1,4.508638306165727,4.508638306165727,0.0,4.508638306165727,0.0,0.0,4.508638306165727,0.0,False
Cc1c(C(=O)NCCCCCCCN(C)CCCCCCCN)nn(-c2ccc(Cl)cc2Cl)c1-c1ccc(Cl)cc1,1,1,1,1,5.713543530253017,5.713543530253017,0.0,5.713543530253017,0.0,0.0,5.713543530253017,0.0,False
Cc1c(C(=O)NCCCCCCCN(C)CCCCCCCNC(=O)c2nn(-c3ccc(Cl)cc3Cl)c(-c3ccc(Cl)cc3)c2C)nn(-c2ccc(Cl)cc2Cl)c1-c1ccc(Cl)cc1,1,1,1,1,6.165579296318468,6.165579296318468,0.0,6.165579296318468,0.0,0.0,6.165579296318468,0.0,False
Cc1c(C(=O)NCCCCCCCNCCCCCCCN)nn(-c2ccc(Cl)cc2Cl)c1-c1ccc(Cl)cc1,1,1,1,1,6.206209615309181,6.206209615309181,0.0,6.206209615309181,0.0,0.0,6.206209615309181,0.0,False
Cc1c(C(=O)NCCCCCCCNCCCCCCCNC(=O)c2nn(-c3ccc(Cl)cc3Cl)c(-c3ccc(Cl)cc3)c2C)nn(-c2ccc(Cl)cc2Cl)c1-c1ccc(Cl)cc1,1,1,1,1,6.257274868695301,6.257274868695301,0.0,6.257274868695301,0.0,0.0,6.257274868695301,0.0,False
Cc1c(C(=O)NCCCCCCCNS(C)(=O)=O)nn(-c2ccc(Cl)cc2Cl)c1-c1ccc(Cl)cc1,1,1,1,1,6.107905397309519,6.107905397309519,0.0,6.107905397309519,0.0,0.0,6.107905397309519,0.0,False
Cc1c(C(=O)NCCCCCCCNS(N)(=O)=O)nn(-c2ccc(Cl)cc2Cl)c1-c1ccc(Cl)cc1,1,1,1,1,5.995678626217357,5.995678626217357,0.0,5.995678626217357,0.0,0.0,5.995678626217357,0.0,False
Cc1c(C(=O)NCCCCCN(C)CCCCCNC(=O)c2nn(-c3ccc(Cl)cc3Cl)c(-c3ccc(Cl)cc3)c2C)nn(-c2ccc(Cl)cc2Cl)c1-c1ccc(Cl)cc1,1,1,1,1,5.984221243610959,5.984221243610959,0.0,5.984221243610959,0.0,0.0,5.984221243610959,0.0,False
Cc1c(C(=O)NCCCCCNCCCCCNC(=O)c2nn(-c3ccc(Cl)cc3Cl)c(-c3ccc(Cl)cc3)c2C)nn(-c2ccc(Cl)cc2Cl)c1-c1ccc(Cl)cc1,1,1,1,1,6.345823458122039,6.345823458122039,0.0,6.345823458122039,0.0,0.0,6.345823458122039,0.0,False
Cc1c(C(=O)NCCCCCO)nn(-c2ccc(Cl)cc2Cl)c1-n1c(C)ccc1C,1,1,1,1,5.494782168468191,5.494782168468191,0.0,5.494782168468191,0.0,0.0,5.494782168468191,0.0,False
Cc1c(C(=O)NCCCCCO)nn(-c2ccc(Cl)cc2Cl)c1-n1cccc1,1,1,1,1,5.629968287290419,5.629968287290419,0.0,5.629968287290419,0.0,0.0,5.629968287290419,0.0,False
Cc1c(C(=O)NCCCCNCc2ccc(CNCCCCNC(=O)c3nn(-c4ccc(Cl)cc4Cl)c(-c4ccc(Cl)cc4)c3C)cc2)nn(-c2ccc(Cl)cc2Cl)c1-c1ccc(Cl)cc1,1,1,1,1,5.619788758288394,5.619788758288394,0.0,5.619788758288394,0.0,0.0,5.619788758288394,0.0,False
Cc1c(C(=O)NCCCCNCc2ccccc2)nn(-c2ccc(Cl)cc2Cl)c1-c1ccc(Cl)cc1,1,1,1,1,4.896196279044043,4.896196279044043,0.0,4.896196279044043,0.0,0.0,4.896196279044043,0.0,False
Cc1c(C(=O)NCCCNCCCNC(=O)c2nn(-c3ccc(Cl)cc3Cl)c(-c3ccc(Cl)cc3)c2C)nn(-c2ccc(Cl)cc2Cl)c1-c1ccc(Cl)cc1,1,1,1,1,6.304518323509802,6.304518323509802,0.0,6.304518323509802,0.0,0.0,6.304518323509802,0.0,False
Cc1c(C(=O)NCCNCCNC(=O)c2nn(-c3ccc(Cl)cc3Cl)c(-c3ccc(Cl)cc3)c2C)nn(-c2ccc(Cl)cc2Cl)c1-c1ccc(Cl)cc1,1,1,1,1,5.891096872332687,5.891096872332687,0.0,5.891096872332687,0.0,0.0,5.891096872332687,0.0,False
Cc1c(C(=O)NCCc2ccc(Cl)c(Cl)c2)nn(-c2ccc(F)cc2F)c1-n1cccc1,1,1,1,1,5.88907375773358,5.88907375773358,0.0,5.88907375773358,0.0,0.0,5.88907375773358,0.0,False
Cc1c(C(=O)NCCc2ccc(Cl)cc2)nn(-c2ccc(Cl)c(Cl)c2)c1-n1cccc1,1,1,1,1,5.920818753952375,5.920818753952375,0.0,5.920818753952375,0.0,0.0,5.920818753952375,0.0,False
Cc1c(C(=O)NCCc2ccc(Cl)cc2Cl)nn(-c2ccc(F)cc2F)c1-n1c(C)ccc1C,1,1,1,1,6.142064735280571,6.142064735280571,0.0,6.142064735280571,0.0,0.0,6.142064735280571,0.0,False
Cc1c(C(=O)NCCc2ccc(Cl)cc2Cl)nn(-c2ccc(F)cc2F)c1-n1cccc1,1,1,1,1,6.175874166083451,6.175874166083451,0.0,6.175874166083451,0.0,0.0,6.175874166083451,0.0,False
Cc1c(C(=O)NCCc2ccccc2)oc2ccc(S(=O)(=O)N3CC(C)CC(C)C3)cc12,1,1,1,1,5.221848749616356,5.221848749616356,0.0,5.221848749616356,0.0,0.0,5.221848749616356,0.0,False
Cc1c(C(=O)NC[C@H]2CC[C@@H](CNS(C)(=O)=O)CC2)nn(-c2ccc(Cl)cc2Cl)c1-c1ccc(Cl)cc1,1,1,1,1,6.017728766960431,6.017728766960431,0.0,6.017728766960431,0.0,0.0,6.017728766960431,0.0,False
Cc1c(C(=O)NC[C@H]2CC[C@@H](CNS(N)(=O)=O)CC2)nn(-c2ccc(Cl)cc2Cl)c1-c1ccc(Cl)cc1,1,1,1,1,5.747146969020107,5.747146969020107,0.0,5.747146969020107,0.0,0.0,5.747146969020107,0.0,False
Cc1c(C(=O)NC[C@H]2C[C@@H]3C[C@H](C2)C3(C)C)ncn1-c1ccccc1,1,1,1,1,6.756961951313706,6.756961951313706,0.0,6.756961951313706,0.0,0.0,6.756961951313706,0.0,False
Cc1c(C(=O)NCc2ccc(C(F)(F)F)cc2)nc(-c2ccc(Cl)cc2Cl)n1-c1ccc(Cl)cc1,1,1,1,1,5.70245833218184,5.70245833218184,0.0,5.70245833218184,0.0,0.0,5.70245833218184,0.0,False
Cc1c(C(=O)NCc2ccc(Cl)c(Cl)c2)nn(-c2ccc(Cl)c(Cl)c2)c1-n1c(C)ccc1C,1,1,1,1,5.863279432843593,5.863279432843593,0.0,5.863279432843593,0.0,0.0,5.863279432843593,0.0,False
Cc1c(C(=O)NCc2ccc(Cl)c(Cl)c2)nn(-c2ccc(Cl)c(Cl)c2)c1-n1c(Cl)ccc1Cl,1,1,1,1,6.791289980093599,6.791289980093599,0.0,6.791289980093599,0.0,0.0,6.791289980093599,0.0,False
Cc1c(C(=O)NCc2ccc(Cl)c(Cl)c2)nn(-c2ccc(Cl)c(Cl)c2)c1-n1cccc1,1,1,1,1,6.823908740944319,6.823908740944319,0.0,6.823908740944319,0.0,0.0,6.823908740944319,0.0,False
Cc1c(C(=O)NCc2ccc(Cl)c(Cl)c2)nn(-c2ccc(Cl)c(Cl)c2)c1-n1cccc1Cl,1,1,1,1,7.268411234813261,7.268411234813261,0.0,7.268411234813261,0.0,0.0,7.268411234813261,0.0,False
Cc1c(C(=O)NCc2ccc(Cl)c(Cl)c2)nn(-c2ccc(Cl)cc2Cl)c1-n1c(C)ccc1C,1,1,1,1,5.404503778174426,5.404503778174426,0.0,5.404503778174426,0.0,0.0,5.404503778174426,0.0,False
Cc1c(C(=O)NCc2ccc(Cl)c(Cl)c2)nn(-c2ccc(Cl)cc2Cl)c1-n1c(Cl)ccc1Cl,1,1,1,1,6.869023308394382,6.869023308394382,0.0,6.869023308394382,0.0,0.0,6.869023308394382,0.0,False
Cc1c(C(=O)NCc2ccc(Cl)c(Cl)c2)nn(-c2ccc(Cl)cc2Cl)c1-n1cc2c(c1)CCCC2,1,1,1,1,7.137272471682025,7.137272471682025,0.0,7.137272471682025,0.0,0.0,7.137272471682025,0.0,False
Cc1c(C(=O)NCc2ccc(Cl)c(Cl)c2)nn(-c2ccc(Cl)cc2Cl)c1-n1cccc1,1,1,1,1,6.292429823902063,6.292429823902063,0.0,6.292429823902063,0.0,0.0,6.292429823902063,0.0,False
Cc1c(C(=O)NCc2ccc(Cl)c(Cl)c2)nn(-c2ccc(Cl)cc2Cl)c1-n1cccc1Cl,1,1,1,1,7.006563769502389,7.006563769502389,0.0,7.006563769502389,0.0,0.0,7.006563769502389,0.0,False
Cc1c(C(=O)NCc2ccc(Cl)c(Cl)c2)nn(-c2ccc(F)cc2F)c1-n1c(C)ccc1C,1,1,1,1,5.404503778174426,5.404503778174426,0.0,5.404503778174426,0.0,0.0,5.404503778174426,0.0,False
Cc1c(C(=O)NCc2ccc(Cl)c(Cl)c2)nn(-c2ccc(F)cc2F)c1-n1cccc1,1,1,1,1,6.4089353929735005,6.4089353929735005,0.0,6.4089353929735005,0.0,0.0,6.4089353929735005,0.0,False
Cc1c(C(=O)NCc2ccc(Cl)cc2)nn(-c2ccc(Cl)c(Cl)c2)c1-n1c(C)ccc1C,1,1,1,1,6.102372908709558,6.102372908709558,0.0,6.102372908709558,0.0,0.0,6.102372908709558,0.0,False
Cc1c(C(=O)NCc2ccc(Cl)cc2)nn(-c2ccc(Cl)c(Cl)c2)c1-n1cccc1,1,1,1,1,7.0,7.0,0.0,7.0,0.0,0.0,7.0,0.0,False
Cc1c(C(=O)NCc2ccc(Cl)cc2)nn(-c2ccc(Cl)cc2Cl)c1-n1cccc1,1,1,1,1,6.026872146400301,6.026872146400301,0.0,6.026872146400301,0.0,0.0,6.026872146400301,0.0,False
Cc1c(C(=O)NCc2ccc(Cl)cc2)nn(-c2ccc(F)cc2F)c1-n1cccc1,1,1,1,1,5.468521082957745,5.468521082957745,0.0,5.468521082957745,0.0,0.0,5.468521082957745,0.0,False
Cc1c(C(=O)NCc2ccc(F)cc2)oc2ccc(S(=O)(=O)N3CC(C)CC(C)C3)cc12,1,1,1,1,5.3979400086720375,5.3979400086720375,0.0,5.3979400086720375,0.0,0.0,5.3979400086720375,0.0,False
Cc1c(C(=O)NCc2ccccc2)oc2ccc(S(=O)(=O)N3CC(C)CC(C)C3)cc12,1,1,1,1,5.180456064458131,5.180456064458131,0.0,5.180456064458131,0.0,0.0,5.180456064458131,0.0,False
Cc1c(C(=O)NCc2ccccc2Cl)oc2ccc(S(=O)(=O)N3CC(C)CC(C)C3)cc12,1,1,1,1,5.318758762624412,5.318758762624412,0.0,5.318758762624412,0.0,0.0,5.318758762624412,0.0,False
Cc1c(C(=O)NN2CC3CCCC3C2)nc(-c2ccc(Cl)cc2Cl)n1-c1ccc(Cl)cc1,1,1,1,1,5.850165303284215,5.850165303284215,0.0,5.850165303284215,0.0,0.0,5.850165303284215,0.0,False
Cc1c(C(=O)NN2CCCC2)nc(-c2ccc(Cl)cc2Cl)n1-c1ccc(Cl)cc1,1,1,1,1,6.111259039317107,6.111259039317107,0.0,6.111259039317107,0.0,0.0,6.111259039317107,0.0,False
Cc1c(C(=O)NN2CCCCC2)nc(-c2ccc(Cl)cc2)n1-c1ccc(Cl)cc1Cl,1,1,1,1,6.681936665037238,6.681936665037238,0.0,6.681936665037238,0.0,0.0,6.681936665037238,0.0,False
Cc1c(C(=O)NN2CCCCC2)nc(-c2ccc(Cl)cc2Cl)n1-c1ccc(Br)cc1,1,1,1,1,6.310691140876379,6.310691140876379,0.0,6.310691140876379,0.0,0.0,6.310691140876379,0.0,False
Cc1c(C(=O)NN2CCCCC2)nc(-c2ccc(Cl)cc2Cl)n1-c1ccc(C(F)(F)F)cc1,1,1,1,1,6.1979107421182675,6.1979107421182675,0.0,6.1979107421182675,0.0,0.0,6.1979107421182675,0.0,False
Cc1c(C(=O)NN2CCCCC2)nc(-c2ccc(Cl)cc2Cl)n1-c1ccc(Cl)cc1,1,1,1,1,6.216096420727265,6.216096420727265,0.0,6.216096420727265,0.0,0.0,6.216096420727265,0.0,False
Cc1c(C(=O)NN2CCCCC2)nc(-c2ccc(Cl)cc2Cl)n1-c1ccc(Cl)cn1,1,1,1,1,6.120330794367947,6.120330794367947,0.0,6.120330794367947,0.0,0.0,6.120330794367947,0.0,False
Cc1c(C(=O)NN2CCCCC2)nc(-c2ccc(Cl)cc2Cl)n1-c1ccc(F)cc1,1,1,1,1,6.116338564846382,6.116338564846382,0.0,6.116338564846382,0.0,0.0,6.116338564846382,0.0,False
Cc1c(C(=O)NN2CCCCC2)nn(-c2c(Cl)cc(Cl)cc2Cl)c1-c1ccc(Cl)cc1Cl,1,1,1,1,5.95506845385084,5.95506845385084,0.0,5.95506845385084,0.0,0.0,5.95506845385084,0.0,False
Cc1c(C(=O)NN2CCCCC2)nn(-c2c(Cl)cc(Cl)cc2Cl)c1-n1c(C)ccc1C,1,1,1,1,5.404503778174426,5.404503778174426,0.0,5.404503778174426,0.0,0.0,5.404503778174426,0.0,False
Cc1c(C(=O)NN2CCCCC2)nn(-c2ccc(Cl)c(Cl)c2)c1-n1c(C)ccc1C,1,1,1,1,7.537602002101044,7.537602002101044,0.0,7.537602002101044,0.0,0.0,7.537602002101044,0.0,False
Cc1c(C(=O)NN2CCCCC2)nn(-c2ccc(Cl)c(Cl)c2)c1-n1cccc1,1,1,1,1,7.698970004336019,7.698970004336019,0.0,7.698970004336019,0.0,0.0,7.698970004336019,0.0,False
Cc1c(C(=O)NN2CCCCC2)nn(-c2ccc(Cl)cc2)c1-n1cccc1,1,1,1,1,5.661543506395395,5.661543506395395,0.0,5.661543506395395,0.0,0.0,5.661543506395395,0.0,False
Cc1c(C(=O)NN2CCCCC2)nn(-c2ccc(Cl)cc2Cl)c1-c1ccc(Cl)cc1,9,9,9,1,5.113509274827518,8.958607314841775,3.845098040014257,6.2564902352715706,0.0,3.845098040014257,6.2564902352715706,0.0,True
Cc1c(C(=O)NN2CCCCC2)nn(-c2ccc(Cl)cc2Cl)c1-c1ccc(Cl)cc1Cl,1,1,1,1,5.981299501333757,5.981299501333757,0.0,5.981299501333757,0.0,0.0,5.981299501333757,0.0,False
Cc1c(C(=O)NN2CCCCC2)nn(-c2ccc(Cl)cc2Cl)c1-c1ccc(I)cc1,1,1,1,1,6.958607314841775,6.958607314841775,0.0,6.958607314841775,0.0,0.0,6.958607314841775,0.0,False
Cc1c(C(=O)NN2CCCCC2)nn(-c2ccc(Cl)cc2Cl)c1-n1c(C)ccc1C,1,1,1,1,6.008773924307505,6.008773924307505,0.0,6.008773924307505,0.0,0.0,6.008773924307505,0.0,False
Cc1c(C(=O)NN2CCCCC2)nn(-c2ccc(Cl)cc2Cl)c1-n1cccc1,1,1,1,1,5.761953896871205,5.761953896871205,0.0,5.761953896871205,0.0,0.0,5.761953896871205,0.0,False
Cc1c(C(=O)NN2CCCCC2)nn(-c2ccc(F)cc2F)c1-n1c(C)ccc1C,1,1,1,1,5.404503778174426,5.404503778174426,0.0,5.404503778174426,0.0,0.0,5.404503778174426,0.0,False
Cc1c(C(=O)NN2CCCCC2)nn(-c2ccc(F)cc2F)c1-n1cccc1,1,1,1,1,5.619788758288394,5.619788758288394,0.0,5.619788758288394,0.0,0.0,5.619788758288394,0.0,False
Cc1c(C(=O)NN2CCCCC2)nn(-c2ccccc2)c1-c1ccccc1,1,1,1,1,4.739451627363021,4.739451627363021,0.0,4.739451627363021,0.0,0.0,4.739451627363021,0.0,False
Cc1c(C(=O)NN2CCCCCC2)nc(-c2ccc(Cl)cc2Cl)n1-c1ccc(Cl)cc1,1,1,1,1,6.296708621881338,6.296708621881338,0.0,6.296708621881338,0.0,0.0,6.296708621881338,0.0,False
Cc1c(C(=O)NN2CCOCC2)nc(-c2ccc(Cl)cc2Cl)n1-c1ccc(Cl)cc1,1,1,1,1,5.481881052856847,5.481881052856847,0.0,5.481881052856847,0.0,0.0,5.481881052856847,0.0,False
Cc1c(C(=O)NN2CCOCC2)nn(-c2ccc(Cl)cc2Cl)c1-c1ccc(I)cc1,1,1,1,1,5.376750709602099,5.376750709602099,0.0,5.376750709602099,0.0,0.0,5.376750709602099,0.0,False
Cc1c(C(=O)NOC(C)(C)C)nc(-c2ccc(Cl)cc2Cl)n1-c1ccc(Cl)cc1,1,1,1,1,6.616184634019569,6.616184634019569,0.0,6.616184634019569,0.0,0.0,6.616184634019569,0.0,False
Cc1c(C(=O)N[C@@H](C)C2CCCCC2)nn(-c2ccc(Cl)c(Cl)c2)c1-n1cccc1,1,1,1,1,8.619788758288394,8.619788758288394,0.0,8.619788758288394,0.0,0.0,8.619788758288394,0.0,False
Cc1c(C(=O)N[C@H](C)C2CCCCC2)nn(-c2ccc(Cl)c(Cl)c2)c1-n1cccc1,1,1,1,1,8.795880017344075,8.795880017344075,0.0,8.795880017344075,0.0,0.0,8.795880017344075,0.0,False
Cc1c(C(=O)N[C@H]2CC[C@H](O)CC2)nc(-c2ccc(Cl)cc2Cl)n1-c1ccc(Cl)cc1,1,1,1,1,5.45979570015794,5.45979570015794,0.0,5.45979570015794,0.0,0.0,5.45979570015794,0.0,False
Cc1c(C(=O)Nc2cc[n+]([O-])cc2)nn(-c2ccc(Cl)cc2Cl)c1-c1ccc(Cl)cc1,1,1,1,1,5.3448615651886175,5.3448615651886175,0.0,5.3448615651886175,0.0,0.0,5.3448615651886175,0.0,False
Cc1c(C(=O)Nc2ccc(Cl)cc2)nn(-c2ccc(Cl)c(Cl)c2)c1-n1cccc1,1,1,1,1,6.102372908709558,6.102372908709558,0.0,6.102372908709558,0.0,0.0,6.102372908709558,0.0,False
Cc1c(C(=O)Nc2ccc(Cl)cc2)nn(-c2ccc(Cl)cc2Cl)c1-n1cccc1,1,1,1,1,7.096910013008056,7.096910013008056,0.0,7.096910013008056,0.0,0.0,7.096910013008056,0.0,False
Cc1c(C(=O)Nc2ccncc2)nn(-c2ccc(Cl)cc2Cl)c1-c1ccc(Cl)cc1,1,1,1,1,5.7594507517174005,5.7594507517174005,0.0,5.7594507517174005,0.0,0.0,5.7594507517174005,0.0,False
Cc1c(C(=O)OC(C)(C)C)nc(-c2ccc(Cl)cc2Cl)n1-c1ccc(Cl)cc1,1,1,1,1,6.088842391260023,6.088842391260023,0.0,6.088842391260023,0.0,0.0,6.088842391260023,0.0,False
Cc1c(C(=O)c2cccc3ccccc23)c2cccc3c2n1[C@H](CN1CCOCC1)CO3,23,22,22,1,7.154901959985743,9.346787486224656,2.191885526238913,8.537602002101044,0.004027489283043195,2.191885526238913,8.523120154133386,-0.014481847967658723,True
Cc1c(C(C)(C)C)s/c(=N\C(=O)c2ccc(Br)cc2)n1CC1CC1,1,1,1,1,8.920818753952375,8.920818753952375,0.0,8.920818753952375,0.0,0.0,8.920818753952375,0.0,False
Cc1c(C(C)(C)C)s/c(=N\C(=O)c2ccc(OC(F)(F)F)cc2)n1CC1CC1,1,1,1,1,8.244125144327509,8.244125144327509,0.0,8.244125144327509,0.0,0.0,8.244125144327509,0.0,False
Cc1c(C(C)(C)C)s/c(=N\S(=O)(=O)c2cccc3ccccc23)n1C1CC1,1,1,1,1,7.795880017344075,7.795880017344075,0.0,7.795880017344075,0.0,0.0,7.795880017344075,0.0,False
Cc1c(CCN2CCOCC2)c2cc(OCC[18F])ccc2n1C(=O)c1cccc(Cl)c1Cl,1,1,1,1,7.568636235841012,7.568636235841012,0.0,7.568636235841012,0.0,0.0,7.568636235841012,0.0,False
Cc1c(CCN2CCOCC2)c2cc(O[11CH3])ccc2n1C(=O)c1cccc(Cl)c1Cl,1,1,1,1,7.455931955649724,7.455931955649724,0.0,7.455931955649724,0.0,0.0,7.455931955649724,0.0,False
Cc1c(CN2CCN(c3ncnc4c3nc(-c3ccccc3Cl)n4-c3ccc(Cl)cc3)CC2)cnn1C,1,1,1,1,6.00436480540245,6.00436480540245,0.0,6.00436480540245,0.0,0.0,6.00436480540245,0.0,False
Cc1c(CN2CCOCC2)cc(NC(=O)C2CCCCC2C)cc1C(F)(F)F,1,1,1,1,7.769551078621726,7.769551078621726,0.0,7.769551078621726,0.0,0.0,7.769551078621726,0.0,False
Cc1c(Cl)cc(C(=O)NC2CCCCCC2)c(=O)n1Cc1ccc(F)cc1,1,1,1,1,8.366531544420413,8.366531544420413,0.0,8.366531544420413,0.0,0.0,8.366531544420413,0.0,False
Cc1c(Cl)ccc2c(=O)c(C(=O)NC34CC5CC(CC(C5)C3)C4)c[nH]c12,1,1,1,1,7.5934598195660445,7.5934598195660445,0.0,7.5934598195660445,0.0,0.0,7.5934598195660445,0.0,False
Cc1c(F)cc(C(=O)NC2CCCCCC2)c(=O)n1Cc1ccc(F)cc1,1,1,1,1,8.244125144327509,8.244125144327509,0.0,8.244125144327509,0.0,0.0,8.244125144327509,0.0,False
Cc1c(O)c(C)c2cc(Cc3ccc(F)cc3)c(=O)oc2c1C,1,1,1,1,6.35261702988538,6.35261702988538,0.0,6.35261702988538,0.0,0.0,6.35261702988538,0.0,False
Cc1c(O)c(C)c2cc(Cc3ccccc3)c(=O)oc2c1C,1,1,1,1,5.465973893943865,5.465973893943865,0.0,5.465973893943865,0.0,0.0,5.465973893943865,0.0,False
Cc1c(O)ccc2c1OC1=C(CC[C@@H](C)C1)C2(C)C,1,1,1,1,6.0,6.0,0.0,6.0,0.0,0.0,6.0,0.0,False
Cc1c2c(n(-c3ccc(Cl)cc3Cl)c1-c1ccc(Cl)cc1)CCN(C1CCCCC1)C2=O,1,1,1,1,5.080921907623926,5.080921907623926,0.0,5.080921907623926,0.0,0.0,5.080921907623926,0.0,False
Cc1c2c(n(-c3ccc(Cl)cc3Cl)c1-c1ccc(Cl)cc1)CCN(N1CCCCC1)C2=O,1,1,1,1,5.886056647693163,5.886056647693163,0.0,5.886056647693163,0.0,0.0,5.886056647693163,0.0,False
Cc1c2c(n(-c3ccccc3Cl)c1-c1ccc(Cl)cc1)CCN(N1CCCCC1)C2=O,1,1,1,1,5.958607314841775,5.958607314841775,0.0,5.958607314841775,0.0,0.0,5.958607314841775,0.0,False
Cc1c2n(c(=O)c3cc(OC(=O)C(C)(C)C)cc(OC(=O)C(C)(C)C)c13)CCCC2,1,1,1,1,8.167491087293763,8.167491087293763,0.0,8.167491087293763,0.0,0.0,8.167491087293763,0.0,False
Cc1cc(-c2cc(C(=O)NC34CC5CC(CC(C5)C3)C4)c(=O)n(Cc3ccc(F)cc3)n2)ccc1Cl,1,1,1,1,8.468521082957745,8.468521082957745,0.0,8.468521082957745,0.0,0.0,8.468521082957745,0.0,False
Cc1cc(-c2cc(C(=O)NC3C4(C)CCC(C4)C3(C)C)nn2Cc2ccc(CNCCCCCCN)cc2)ccc1Cl,1,1,1,1,6.585026652029182,6.585026652029182,0.0,6.585026652029182,0.0,0.0,6.585026652029182,0.0,False
Cc1cc(-c2cc(C(=O)NC3CCCCC3)c(=O)n(Cc3ccc(F)cc3)n2)ccc1Cl,1,1,1,1,8.327902142064282,8.327902142064282,0.0,8.327902142064282,0.0,0.0,8.327902142064282,0.0,False
Cc1cc(-c2cc(C(=O)NC3CCCCCC3)c(=O)n(Cc3ccc(F)cc3)n2)ccc1Cl,1,1,1,1,8.309803919971486,8.309803919971486,0.0,8.309803919971486,0.0,0.0,8.309803919971486,0.0,False
Cc1cc(-c2cc(C(=O)NCCN3CCOCC3)c(=O)n(Cc3ccc(F)cc3)n2)ccc1Cl,1,1,1,1,6.507239610973162,6.507239610973162,0.0,6.507239610973162,0.0,0.0,6.507239610973162,0.0,False
Cc1cc(-c2cc(C(=O)N[C@@H]3C(C)(C)[C@@H]4CC[C@@]3(C)C4)c(=O)n(Cc3ccc(F)cc3)n2)ccc1Cl,1,1,1,1,8.585026652029182,8.585026652029182,0.0,8.585026652029182,0.0,0.0,8.585026652029182,0.0,False
Cc1cc(-c2cc(C(=O)N[C@@H]3C(C)(C)[C@@H]4CC[C@@]3(C)C4)nn2-c2ccccc2)ccc1Cl,1,1,1,1,7.025949097207123,7.025949097207123,0.0,7.025949097207123,0.0,0.0,7.025949097207123,0.0,False
Cc1cc(-c2cc(C(=O)N[C@H]3CC[C@@H](C)CC3)c(=O)n(Cc3ccc(F)cc3)n2)ccc1Cl,1,1,1,1,8.698970004336019,8.698970004336019,0.0,8.698970004336019,0.0,0.0,8.698970004336019,0.0,False
Cc1cc(-c2cc(C(=O)N[C@H]3CC[C@H](C)CC3)c(=O)n(Cc3ccc(F)cc3)n2)ccc1Cl,1,1,1,1,8.045757490560675,8.045757490560675,0.0,8.045757490560675,0.0,0.0,8.045757490560675,0.0,False
Cc1cc(=O)c(C(=O)NC23CC4CC(CC(C4)C2)C3)cn1CC1CCOCC1,1,1,1,1,7.617982957425132,7.617982957425132,0.0,7.617982957425132,0.0,0.0,7.617982957425132,0.0,False
Cc1cc(=O)c(C(=O)NC23CC4CC(CC(C4)C2)C3)cn1CCC1CCOCC1,1,1,1,1,6.708187312532881,6.708187312532881,0.0,6.708187312532881,0.0,0.0,6.708187312532881,0.0,False
Cc1cc(=O)c(C(=O)NC23CC4CC(CC(C4)C2)C3)cn1CCCC(F)(F)F,1,1,1,1,9.55284196865778,9.55284196865778,0.0,9.55284196865778,0.0,0.0,9.55284196865778,0.0,False
Cc1cc(C(=O)NC(C)c2ccccc2)c(C)n1-c1ccccc1,1,1,1,1,6.262457517336326,6.262457517336326,0.0,6.262457517336326,0.0,0.0,6.262457517336326,0.0,False
Cc1cc(C(=O)NC23CC4CC(CC(C4)C2)C3)c(C)n1-c1ccccc1,1,1,1,1,8.119758224104519,8.119758224104519,0.0,8.119758224104519,0.0,0.0,8.119758224104519,0.0,False
Cc1cc(C(=O)NC2CCCCC2)c(C)n1-c1ccccc1,1,1,1,1,6.77518216260496,6.77518216260496,0.0,6.77518216260496,0.0,0.0,6.77518216260496,0.0,False
Cc1cc(C(=O)NCCc2ccccc2)c(C)n1-c1ccccc1,1,1,1,1,6.233460749945486,6.233460749945486,0.0,6.233460749945486,0.0,0.0,6.233460749945486,0.0,False
Cc1cc(C(=O)Nc2ccc3ccccc3c2)c(C)n1-c1ccccc1,1,1,1,1,7.234480456902047,7.234480456902047,0.0,7.234480456902047,0.0,0.0,7.234480456902047,0.0,False
Cc1cc(C(=O)Nc2cccc3ccccc23)c(C)n1-c1ccccc1,1,1,1,1,7.0745847629157534,7.0745847629157534,0.0,7.0745847629157534,0.0,0.0,7.0745847629157534,0.0,False
Cc1cc(C)c(NC(=O)C2CCCCC2C)cc1CN1CCOCC1,1,1,1,1,6.356547323513812,6.356547323513812,0.0,6.356547323513812,0.0,0.0,6.356547323513812,0.0,False
Cc1cc(C)c(OCC(=O)Nc2sc3c(c2C(=O)NC2CCS(=O)(=O)C2)CCCC3)c(C)c1,1,1,1,1,7.236572006437063,7.236572006437063,0.0,7.236572006437063,0.0,0.0,7.236572006437063,0.0,False
Cc1cc(C)cc(-c2ccc(C(C)(C)CCCCCO)cc2O)c1,1,1,1,1,8.443697499232712,8.443697499232712,0.0,8.443697499232712,0.0,0.0,8.443697499232712,0.0,False
Cc1cc(C)cc(-c2ccc(C(C)(C)CCCO)cc2O)c1,1,1,1,1,7.251811972993799,7.251811972993799,0.0,7.251811972993799,0.0,0.0,7.251811972993799,0.0,False
Cc1cc(C)cc(-c2ccc(C(C)(C)CO)cc2O)c1,1,1,1,1,6.221848749616356,6.221848749616356,0.0,6.221848749616356,0.0,0.0,6.221848749616356,0.0,False
Cc1cc(C2=NN(C(=O)NC3C4(C)CCC(C4)C3(C)C)CC2Cc2ccccc2)ccc1Cl,1,1,1,1,6.161780778092375,6.161780778092375,0.0,6.161780778092375,0.0,0.0,6.161780778092375,0.0,False
Cc1cc(C2=NN(C(=O)NC3CCCCC3)CC2C2CCCC2)ccc1Cl,1,1,1,1,5.439017944413765,5.439017944413765,0.0,5.439017944413765,0.0,0.0,5.439017944413765,0.0,False
Cc1cc(Cl)cc(C)c1-c1c(C)c(C(=O)NN2CCCCC2)nn1-c1ccc(Cl)cc1Cl,1,1,1,1,6.120330794367947,6.120330794367947,0.0,6.120330794367947,0.0,0.0,6.120330794367947,0.0,False
Cc1cc(Cl)ccc1-c1c(C)c(C(=O)NN2CCCCC2)nn1-c1c(Cl)cc(Cl)cc1Cl,1,1,1,1,5.749336080536756,5.749336080536756,0.0,5.749336080536756,0.0,0.0,5.749336080536756,0.0,False
Cc1cc(Cl)ccc1-c1c(C)c(C(=O)NN2CCCCC2)nn1-c1ccc(Cl)cc1Cl,1,1,1,1,5.949233688766958,5.949233688766958,0.0,5.949233688766958,0.0,0.0,5.949233688766958,0.0,False
Cc1cc(F)c(NC(=O)C2CCCCC2C)cc1CN1CCOCC1,1,1,1,1,7.431798275933005,7.431798275933005,0.0,7.431798275933005,0.0,0.0,7.431798275933005,0.0,False
Cc1cc(NC(=O)C(C)(C(F)(F)F)C(F)(F)F)cc(CN2CCOCC2)c1C,1,1,1,1,8.568636235841012,8.568636235841012,0.0,8.568636235841012,0.0,0.0,8.568636235841012,0.0,False
Cc1cc(NC(=O)C(C)(C(F)(F)F)C(F)(F)F)cc(S(=O)(=O)N2CCOCC2)c1C,1,1,1,1,8.18045606445813,8.18045606445813,0.0,8.18045606445813,0.0,0.0,8.18045606445813,0.0,False
Cc1cc(NC(=O)C(C)(C)C)cc(S(=O)(=O)N2CCOCC2)c1C,1,1,1,1,7.3979400086720375,7.3979400086720375,0.0,7.3979400086720375,0.0,0.0,7.3979400086720375,0.0,False
Cc1cc(NC(=O)C(C)(C)O)cc(S(=O)(=O)N2CCOCC2)c1C,1,1,1,1,5.681936665037238,5.681936665037238,0.0,5.681936665037238,0.0,0.0,5.681936665037238,0.0,False
Cc1cc(NC(=O)C(C)(C)c2ccccc2)cc(S(=O)(=O)N2CCOCC2)c1C,1,1,1,1,6.920818753952375,6.920818753952375,0.0,6.920818753952375,0.0,0.0,6.920818753952375,0.0,False
Cc1cc(NC(=O)C2C(C)(C)C2(C)C)cc(S(=O)(=O)N2CCOCC2)c1C,1,1,1,1,7.795880017344075,7.795880017344075,0.0,7.795880017344075,0.0,0.0,7.795880017344075,0.0,False
Cc1cc(NC(=O)C2CCCCC2C)cc(CN2CCOCC2)c1C,1,1,1,1,8.065501548756432,8.065501548756432,0.0,8.065501548756432,0.0,0.0,8.065501548756432,0.0,False
Cc1cc(O)c2c(c1)OC(C)(C)C1=C2C[C@H](C)CC1,1,1,1,1,6.180456064458131,6.180456064458131,0.0,6.180456064458131,0.0,0.0,6.180456064458131,0.0,False
Cc1cc([N+](=O)[O-])c2oc(-c3ccc(OCCOCCNC(=O)OC(C)(C)C)cc3)cc(=O)c2c1,1,1,1,1,6.11690664142431,6.11690664142431,0.0,6.11690664142431,0.0,0.0,6.11690664142431,0.0,False
Cc1cc2c3c(c1)c(=O)c(C(=O)NC1CCCCC1)cn3C(c1ccccc1)CO2,1,1,1,1,7.735182176990463,7.735182176990463,0.0,7.735182176990463,0.0,0.0,7.735182176990463,0.0,False
Cc1ccc(-c2cc(C(=O)NC34CC5CC(CC(C5)C3)C4)c(=O)n(C3CCCC3)n2)cc1Cl,1,1,1,1,8.119186407719209,8.119186407719209,0.0,8.119186407719209,0.0,0.0,8.119186407719209,0.0,False
Cc1ccc(-c2cc(C(C)(C)C)[nH]n2)cc1S(=O)(=O)N1CCOCC1,1,1,1,1,6.795880017344075,6.795880017344075,0.0,6.795880017344075,0.0,0.0,6.795880017344075,0.0,False
Cc1ccc(-c2cc(CC(C)(C)C)[nH]n2)cc1S(=O)(=O)N1CCOCC1,1,1,1,1,7.1249387366083,7.1249387366083,0.0,7.1249387366083,0.0,0.0,7.1249387366083,0.0,False
Cc1ccc(-c2cc(CC3CCCCC3)[nH]n2)cc1S(=O)(=O)N1CCOCC1,1,1,1,1,7.060480747381382,7.060480747381382,0.0,7.060480747381382,0.0,0.0,7.060480747381382,0.0,False
Cc1ccc(-c2cc3ncccc3c3cc(C(=O)NC45CC6CC(CC(C6)C4)C5)nn23)cc1,1,1,1,1,7.481486060122112,7.481486060122112,0.0,7.481486060122112,0.0,0.0,7.481486060122112,0.0,False
Cc1ccc(-c2cc3ncccc3c3cc(C(=O)NC4C5CC(C[C@@H]4C)C5(C)C)nn23)cc1,1,1,1,1,6.619788758288394,6.619788758288394,0.0,6.619788758288394,0.0,0.0,6.619788758288394,0.0,False
Cc1ccc(-c2cc3ncccc3c3cc(C(=O)NC4C5CC6CC(C5)CC4C6)nn23)cc1,1,1,1,1,6.876148359032914,6.876148359032914,0.0,6.876148359032914,0.0,0.0,6.876148359032914,0.0,False
Cc1ccc(-c2cc3ncccc3c3cc(C(=O)NC4CCCCC4)nn23)cc1,1,1,1,1,5.671009144550571,5.671009144550571,0.0,5.671009144550571,0.0,0.0,5.671009144550571,0.0,False
Cc1ccc(-c2cc3ncccc3c3cc(C(=O)NC[C@@H]4CCC5CC4C5(C)C)nn23)cc1,1,1,1,1,6.920818753952375,6.920818753952375,0.0,6.920818753952375,0.0,0.0,6.920818753952375,0.0,False
Cc1ccc(-c2cc3ncccc3c3cc(C(=O)N[C@@H]4C[C@H](C)CC[C@H]4C(C)C)nn23)cc1,1,1,1,1,6.552841968657781,6.552841968657781,0.0,6.552841968657781,0.0,0.0,6.552841968657781,0.0,False
Cc1ccc(-c2cc3ncccc3c3cc(C(=O)N[C@H]4C5(C)CCC(C5)C4(C)C)nn23)cc1,1,1,1,1,6.096910013008056,6.096910013008056,0.0,6.096910013008056,0.0,0.0,6.096910013008056,0.0,False
Cc1ccc(-c2cc3ncccc3c3cc(C(=O)N[C@H]4CC5CCC4(C)C5(C)C)nn23)cc1,1,1,1,1,7.275724130399211,7.275724130399211,0.0,7.275724130399211,0.0,0.0,7.275724130399211,0.0,False
Cc1ccc(-c2cnc(C(C)(C)C)[nH]2)cc1S(=O)(=O)N1CCOCC1,1,1,1,1,7.0915149811213505,7.0915149811213505,0.0,7.0915149811213505,0.0,0.0,7.0915149811213505,0.0,False
Cc1ccc(-c2n[nH]c(C(C)(C)C)n2)cc1S(=O)(=O)N1CCOCC1,1,1,1,1,7.0,7.0,0.0,7.0,0.0,0.0,7.0,0.0,False
Cc1ccc(-c2n[nH]c(CC(C)(C)C)n2)cc1S(=O)(=O)N1CCOCC1,1,1,1,1,7.070581074285707,7.070581074285707,0.0,7.070581074285707,0.0,0.0,7.070581074285707,0.0,False
Cc1ccc(-c2n[nH]c(CC3CCCCC3)n2)cc1S(=O)(=O)N1CCOCC1,1,1,1,1,7.568636235841012,7.568636235841012,0.0,7.568636235841012,0.0,0.0,7.568636235841012,0.0,False
Cc1ccc(-c2nc(C(C)(C)C)c[nH]2)cc1S(=O)(=O)N1CCOCC1,1,1,1,1,7.638272163982407,7.638272163982407,0.0,7.638272163982407,0.0,0.0,7.638272163982407,0.0,False
Cc1ccc(-c2nc(C(C)(C)C)cs2)cc1S(=O)(=O)N1CCOCC1,1,1,1,1,8.244125144327509,8.244125144327509,0.0,8.244125144327509,0.0,0.0,8.244125144327509,0.0,False
Cc1ccc(-c2nc(CC(C)(C)C)c[nH]2)cc1S(=O)(=O)N1CCOCC1,1,1,1,1,7.443697499232712,7.443697499232712,0.0,7.443697499232712,0.0,0.0,7.443697499232712,0.0,False
Cc1ccc(-c2nc(CC(C)(C)C)cs2)cc1S(=O)(=O)N1CCOCC1,1,1,1,1,8.2839966563652,8.2839966563652,0.0,8.2839966563652,0.0,0.0,8.2839966563652,0.0,False
Cc1ccc(-c2nc(CC3CCCCC3)cs2)cc1S(=O)(=O)N1CCOCC1,1,1,1,1,7.638272163982407,7.638272163982407,0.0,7.638272163982407,0.0,0.0,7.638272163982407,0.0,False
Cc1ccc(-c2nnn(CC(C)(C)C)n2)cc1S(=O)(=O)N1CCOCC1,1,1,1,1,7.769551078621726,7.769551078621726,0.0,7.769551078621726,0.0,0.0,7.769551078621726,0.0,False
Cc1ccc(-c2nnn(CC3CCCCC3)n2)cc1S(=O)(=O)N1CCOCC1,1,1,1,1,7.086186147616283,7.086186147616283,0.0,7.086186147616283,0.0,0.0,7.086186147616283,0.0,False
Cc1ccc(-c2noc(C(C)(C)C)n2)cc1S(=O)(=O)N1CCOCC1,1,1,1,1,7.1249387366083,7.1249387366083,0.0,7.1249387366083,0.0,0.0,7.1249387366083,0.0,False
Cc1ccc(-c2noc(CC(C)(C)C)n2)cc1S(=O)(=O)N1CCOCC1,1,1,1,1,7.229147988357855,7.229147988357855,0.0,7.229147988357855,0.0,0.0,7.229147988357855,0.0,False
Cc1ccc(-c2noc(CC3CCCCC3)n2)cc1S(=O)(=O)N1CCOCC1,1,1,1,1,6.886056647693163,6.886056647693163,0.0,6.886056647693163,0.0,0.0,6.886056647693163,0.0,False
Cc1ccc(-c2noc(CCC(=O)Nc3ccc4c(c3)c3ccccc3n4CCF)n2)cc1,1,1,1,1,6.423658649794207,6.423658649794207,0.0,6.423658649794207,0.0,0.0,6.423658649794207,0.0,False
Cc1ccc(C(=O)NC(C(C)(C)C)C(C)(C)C)cc1S(=O)(=O)N1CCOCC1,1,1,1,1,7.468521082957745,7.468521082957745,0.0,7.468521082957745,0.0,0.0,7.468521082957745,0.0,False
Cc1ccc(C(=O)NC(C)C(C)(C)C)cc1S(=O)(=O)N1CCOCC1,1,1,1,1,6.7447274948966935,6.7447274948966935,0.0,6.7447274948966935,0.0,0.0,6.7447274948966935,0.0,False
Cc1ccc(C(=O)NC(C)C23CC4CC(CC(C4)C2)C3)cc1S(=O)(=O)N1CCOCC1,1,1,1,1,8.200659450546418,8.200659450546418,0.0,8.200659450546418,0.0,0.0,8.200659450546418,0.0,False
Cc1ccc(C(=O)NC23CC4CC(CC(C4)C2)C3)cc1S(=O)(=O)N1CCOCC1,1,1,1,1,7.721246399047171,7.721246399047171,0.0,7.721246399047171,0.0,0.0,7.721246399047171,0.0,False
Cc1ccc(C(=O)NC2C(C)(C)[C@@H]3CC[C@@]2(C)C3)cc1C(=O)N1CCOCC1,1,1,1,1,5.920818753952375,5.920818753952375,0.0,5.920818753952375,0.0,0.0,5.920818753952375,0.0,False
Cc1ccc(C(=O)NC2C(C)(C)[C@@H]3CC[C@@]2(C)C3)cc1CCC(=O)N1CCOCC1,1,1,1,1,7.080921907623926,7.080921907623926,0.0,7.080921907623926,0.0,0.0,7.080921907623926,0.0,False
Cc1ccc(C(=O)NC2C(C)(C)[C@@H]3CC[C@@]2(C)C3)cc1CCCN1CCOCC1,1,1,1,1,7.207608310501746,7.207608310501746,0.0,7.207608310501746,0.0,0.0,7.207608310501746,0.0,False
Cc1ccc(C(=O)NC2C(C)(C)[C@@H]3CC[C@@]2(C)C3)cc1CCN1CCOCC1,1,1,1,1,7.346787486224656,7.346787486224656,0.0,7.346787486224656,0.0,0.0,7.346787486224656,0.0,False
Cc1ccc(C(=O)NC2C(C)(C)[C@@H]3CC[C@@]2(C)C3)cc1CN1CCOCC1,1,1,1,1,7.721246399047171,7.721246399047171,0.0,7.721246399047171,0.0,0.0,7.721246399047171,0.0,False
Cc1ccc(C(=O)NC2C(C)(C)[C@@H]3CC[C@@]2(C)C3)cc1N1CCOCC1,1,1,1,1,6.522878745280337,6.522878745280337,0.0,6.522878745280337,0.0,0.0,6.522878745280337,0.0,False
Cc1ccc(C(=O)NC2C(C)(C)[C@@H]3CC[C@@]2(C)C3)cc1S(=O)(=O)N1CCOCC1,1,1,1,1,8.4089353929735,8.4089353929735,0.0,8.4089353929735,0.0,0.0,8.4089353929735,0.0,False
Cc1ccc(C(=O)NC2C(C)(C)[C@@H]3CC[C@]2(C)C3)cc1S(=O)(=O)N1CCOCC1,1,1,1,1,8.4089353929735,8.4089353929735,0.0,8.4089353929735,0.0,0.0,8.4089353929735,0.0,False
Cc1ccc(C(=O)NC2C(C)CCCC2C)cc1S(=O)(=O)N1CCOCC1,1,1,1,1,7.036212172654444,7.036212172654444,0.0,7.036212172654444,0.0,0.0,7.036212172654444,0.0,False
Cc1ccc(C(=O)NC2C3(C)CCC(C3)C2(C)C)cc1CC(=O)N1CCOCC1,1,1,1,1,6.154901959985743,6.154901959985743,0.0,6.154901959985743,0.0,0.0,6.154901959985743,0.0,False
Cc1ccc(C(=O)NC2C3CC4CC(C3)CC2C4)cc1S(=O)(=O)N1CCOCC1,1,1,1,1,8.2518119729938,8.2518119729938,0.0,8.2518119729938,0.0,0.0,8.2518119729938,0.0,False
Cc1ccc(C(=O)NC2CCCCCC2)c(=O)n1Cc1ccc(F)cc1,1,1,1,1,8.327902142064282,8.327902142064282,0.0,8.327902142064282,0.0,0.0,8.327902142064282,0.0,False
Cc1ccc(C(=O)NC2CCCCCC2)c(OCc2ccc(F)cc2)n1,1,1,1,1,7.4698003017969175,7.4698003017969175,0.0,7.4698003017969175,0.0,0.0,7.4698003017969175,0.0,False
Cc1ccc(C(=O)NCC(C)(C)C)cc1S(=O)(=O)N1CCOCC1,1,1,1,1,6.4089353929735005,6.4089353929735005,0.0,6.4089353929735005,0.0,0.0,6.4089353929735005,0.0,False
Cc1ccc(C(=O)NCC23CC4CC(CC(C4)C2)C3)cc1S(=O)(=O)N1CCOCC1,1,1,1,1,8.0,8.0,0.0,8.0,0.0,0.0,8.0,0.0,False
Cc1ccc(C(=O)N[C@@H]2C(C)(C)[C@@H]3CC[C@@]2(C)C3)cc1S(=O)(=O)N1CCOCC1,1,1,1,1,8.4089353929735,8.4089353929735,0.0,8.4089353929735,0.0,0.0,8.4089353929735,0.0,False
Cc1ccc(C(=O)N[C@@H]2C(C)(C)[C@H]3CC[C@]2(C)C3)cc1S(=O)(=O)N1CCOCC1,1,1,1,1,8.4089353929735,8.4089353929735,0.0,8.4089353929735,0.0,0.0,8.4089353929735,0.0,False
Cc1ccc(C(=O)N[C@H]2C(C)(C)[C@@H]3CC[C@@]2(C)C3)cc1S(=O)(=O)N1CCOCC1,1,1,1,1,7.318758762624412,7.318758762624412,0.0,7.318758762624412,0.0,0.0,7.318758762624412,0.0,False
Cc1ccc(C(=O)N[C@H]2C(C)(C)[C@H]3CC[C@]2(C)C3)cc1S(=O)(=O)N1CCOCC1,1,1,1,1,7.318758762624412,7.318758762624412,0.0,7.318758762624412,0.0,0.0,7.318758762624412,0.0,False
Cc1ccc(C(=O)N[C@H]2CC3CC[C@@]2(C)C3(C)C)cc1S(=O)(=O)N1CCOCC1,1,1,1,1,8.09151498112135,8.09151498112135,0.0,8.09151498112135,0.0,0.0,8.09151498112135,0.0,False
Cc1ccc(C(=O)Oc2cccc(/C=C3\N=C4SCCCCN4C3=O)c2)cc1,1,1,1,1,5.58838029403677,5.58838029403677,0.0,5.58838029403677,0.0,0.0,5.58838029403677,0.0,False
Cc1ccc(C(=O)Oc2cccc3cccnc23)cc1S(=O)(=O)N1CCCCC1,1,1,1,1,8.397940008672037,8.397940008672037,0.0,8.397940008672037,0.0,0.0,8.397940008672037,0.0,False
Cc1ccc(C(=O)c2cc(O)c(-c3cc(Cl)cc(Cl)c3)c(O)c2)cc1,1,1,1,1,6.589054141312225,6.589054141312225,0.0,6.589054141312225,0.0,0.0,6.589054141312225,0.0,False
Cc1ccc(C(C(=O)NCCC(c2ccccc2)c2ccccc2)c2ccccc2)cc1,1,1,1,1,6.187086643357144,6.187086643357144,0.0,6.187086643357144,0.0,0.0,6.187086643357144,0.0,False
Cc1ccc(C(C)C)c2cc(Cc3ccccc3)c(=O)oc12,1,1,1,1,5.369572124974976,5.369572124974976,0.0,5.369572124974976,0.0,0.0,5.369572124974976,0.0,False
Cc1ccc(C(NC(=O)Cc2ccc(Cl)cc2)NC(=O)Cc2ccc(Cl)cc2)cc1,2,1,1,1,6.335358024443874,6.335358024443874,0.0,6.335358024443874,0.0,0.0,6.335358024443874,0.0,False
Cc1ccc(C(NC(=O)Cc2ccccc2)NC(=O)Cc2ccccc2)cc1,2,1,1,1,6.306273051076353,6.306273051076353,0.0,6.306273051076353,0.0,0.0,6.306273051076353,0.0,False
Cc1ccc(C(c2ccc(Cl)cc2Cl)N2CCN(C(=O)NC3CCCCC3)CC2)cc1,1,1,1,1,6.482804102050025,6.482804102050025,0.0,6.482804102050025,0.0,0.0,6.482804102050025,0.0,False
Cc1ccc(C(c2ccc(Cl)cc2Cl)N2CCN(C(=O)NN3CCCCC3)CC2)cc1,1,1,1,1,6.498940737782249,6.498940737782249,0.0,6.498940737782249,0.0,0.0,6.498940737782249,0.0,False
Cc1ccc(C2COc3cccc4c(=O)c(C(=O)NC56CC7CC(CC(C7)C5)C6)cn2c34)cc1,1,1,1,1,6.3851027839668655,6.3851027839668655,0.0,6.3851027839668655,0.0,0.0,6.3851027839668655,0.0,False
Cc1ccc(C2COc3cccc4c(=O)c(C(=O)NC5CCCCC5)cn2c34)cc1,1,1,1,1,6.329754146925875,6.329754146925875,0.0,6.329754146925875,0.0,0.0,6.329754146925875,0.0,False
Cc1ccc(C2c3cccn3-c3ccccc3N2C(=O)CN(C(=O)C2CCCC2)C2CC2)cc1,1,1,1,1,5.0,5.0,0.0,5.0,0.0,0.0,5.0,0.0,False
Cc1ccc(CC2CN(C(=O)NC3C4(C)CCC(C4)C3(C)C)N=C2c2ccc(Cl)c(C)c2)cc1,1,1,1,1,6.600326278518962,6.600326278518962,0.0,6.600326278518962,0.0,0.0,6.600326278518962,0.0,False
Cc1ccc(CC2CN(C(=O)NC3CCCCC3)N=C2c2ccc(Cl)c(C)c2)cc1,1,1,1,1,6.414539270491499,6.414539270491499,0.0,6.414539270491499,0.0,0.0,6.414539270491499,0.0,False
Cc1ccc(CNC(=O)c2oc3ccc(S(=O)(=O)N4CC(C)CC(C)C4)cc3c2C)cc1,1,1,1,1,4.718966632752273,4.718966632752273,0.0,4.718966632752273,0.0,0.0,4.718966632752273,0.0,False
Cc1ccc(Cn2c(NCCc3c[nH]c4ccccc34)nc3c2c(=O)n(C)c(=O)n3C)cc1,1,1,1,1,6.082494490447454,6.082494490447454,0.0,6.082494490447454,0.0,0.0,6.082494490447454,0.0,False
Cc1ccc(Cn2cc(/C=C/[C@@H]3C(C)(C)[C@@H]4CC[C@@]3(C)C4)cc2-c2ccc(Cl)c(C)c2)cc1,1,1,1,1,5.913640169325252,5.913640169325252,0.0,5.913640169325252,0.0,0.0,5.913640169325252,0.0,False
Cc1ccc(Cn2cc(C(=O)N3CCCCC3)cc2-c2ccc(Cl)c(C)c2)cc1,1,1,1,1,6.97469413473523,6.97469413473523,0.0,6.97469413473523,0.0,0.0,6.97469413473523,0.0,False
Cc1ccc(Cn2cc(C(=O)N3CCN(c4ccccc4Cl)CC3)cc2-c2ccc(Cl)c(C)c2)cc1,1,1,1,1,5.7677664788852665,5.7677664788852665,0.0,5.7677664788852665,0.0,0.0,5.7677664788852665,0.0,False
Cc1ccc(Cn2cc(C(=O)NC3CCCCC3)cc2-c2ccc(Cl)c(C)c2)cc1,1,1,1,1,6.61261017366127,6.61261017366127,0.0,6.61261017366127,0.0,0.0,6.61261017366127,0.0,False
Cc1ccc(Cn2cc(C(=O)NC[C@@H]3CCC4C[C@@H]3C4(C)C)cc2-c2ccc(Cl)c(C)c2)cc1,1,1,1,1,7.141462802430361,7.141462802430361,0.0,7.141462802430361,0.0,0.0,7.141462802430361,0.0,False
Cc1ccc(Cn2cc(C(=O)NN3CCCCCC3)cc2-c2ccc(Cl)c(C)c2)cc1,1,1,1,1,6.2403321553103694,6.2403321553103694,0.0,6.2403321553103694,0.0,0.0,6.2403321553103694,0.0,False
Cc1ccc(Cn2cc(C(=O)N[C@@H](C)C3CCCCC3)cc2-c2ccc(Cl)c(C)c2)cc1,1,1,1,1,6.308034897232639,6.308034897232639,0.0,6.308034897232639,0.0,0.0,6.308034897232639,0.0,False
Cc1ccc(Cn2cc(C(=O)N[C@@H]3C(C)(C)C4CC[C@@]3(C)C4)c3c2-c2ccc(Cl)c(C)c2C3)cc1,1,1,1,1,6.464705879957229,6.464705879957229,0.0,6.464705879957229,0.0,0.0,6.464705879957229,0.0,False
Cc1ccc(Cn2cc(C(=O)N[C@@H]3C(C)(C)C4CC[C@@]3(C)C4)cc2-c2ccc(Cl)c(C)c2)cc1,1,1,1,1,8.244125144327509,8.244125144327509,0.0,8.244125144327509,0.0,0.0,8.244125144327509,0.0,False
Cc1ccc(Cn2cc(C(=O)N[C@@H]3C(C)(C)[C@@H]4CC[C@@]3(C)C4)cc2-c2ccc(Cl)c(C)c2)cc1,1,1,1,1,7.815308569182401,7.815308569182401,0.0,7.815308569182401,0.0,0.0,7.815308569182401,0.0,False
Cc1ccc(Cn2cc(C(=O)N[C@@H]3CC4CC[C@@]3(C)C4(C)C)cc2-c2ccc(Cl)c(C)c2)cc1,1,1,1,1,6.785156151952302,6.785156151952302,0.0,6.785156151952302,0.0,0.0,6.785156151952302,0.0,False
Cc1ccc(Cn2cc(C(=O)N[C@H]3C[C@@H](C)CC[C@@H]3C(C)C)cc2-c2ccc(Cl)c(C)c2)cc1,1,1,1,1,5.958607314841775,5.958607314841775,0.0,5.958607314841775,0.0,0.0,5.958607314841775,0.0,False
Cc1ccc(Cn2cc(CN[C@@H]3C(C)(C)C4CC[C@@]3(C)C4)cc2-c2ccc(Cl)c(C)c2)cc1,1,1,1,1,6.464705879957229,6.464705879957229,0.0,6.464705879957229,0.0,0.0,6.464705879957229,0.0,False
Cc1ccc(Cn2nc(-c3ccc(C)cc3)cc(S(=O)(=O)NC3CCCCCC3)c2=O)cc1,1,1,1,1,5.593800576336687,5.593800576336687,0.0,5.593800576336687,0.0,0.0,5.593800576336687,0.0,False
Cc1ccc(Cn2nc(-c3ccc(Cl)c(C)c3)cc(C(=O)NC3CCCCC3)c2=O)cc1,1,1,1,1,6.619788758288394,6.619788758288394,0.0,6.619788758288394,0.0,0.0,6.619788758288394,0.0,False
Cc1ccc(Cn2nc(/C=C/[C@@H]3C(C)(C)[C@@H]4CC[C@@]3(C)C4)cc2-c2ccc(Cl)c(C)c2)cc1,1,1,1,1,6.278189384787453,6.278189384787453,0.0,6.278189384787453,0.0,0.0,6.278189384787453,0.0,False
Cc1ccc(Cn2nc(C(=O)NC3C4(C)CCC(C4)C3(C)C)cc2-c2ccc(Cl)c(C)c2)cc1,7,7,7,1,7.286509456906058,9.55284196865778,2.266332511751723,8.267606240177031,0.0,2.266332511751723,8.267606240177031,0.0,True
Cc1ccc(Cn2nc(C(=O)NCC3CCC4CC3C4(C)C)c3c2-c2cc(Cl)ccc2CCC3)cc1,1,1,1,1,7.291579099865287,7.291579099865287,0.0,7.291579099865287,0.0,0.0,7.291579099865287,0.0,False
Cc1ccc(Cn2nc(C(=O)NCC3CCC4CC3C4(C)C)c3c2-c2ccc(Cl)cc2CCC3)cc1,1,1,1,1,8.022276394711152,8.022276394711152,0.0,8.022276394711152,0.0,0.0,8.022276394711152,0.0,False
Cc1ccc(Cn2nc(C(=O)N[C@@H]3C(C)(C)[C@@H]4CC[C@@]3(C)C4)cc2-c2ccc(Cl)c(C)c2)cc1,11,10,7,1,6.931814138253838,9.508638306165727,2.576824167911889,8.2518119729938,0.0006585209478586762,2.576824167911889,8.306661358019582,0.05484938502578274,True
Cc1ccc(Cn2nc(C(=O)N[C@@H]3CC4CC[C@@]3(C)C4(C)C)cc2-c2ccc(Cl)c(C)c2)cc1,1,1,1,1,8.142667503568731,8.142667503568731,0.0,8.142667503568731,0.0,0.0,8.142667503568731,0.0,False
Cc1ccc(Cn2nc(C(=O)N[C@@H]3C[C@@H]4CC[C@@]3(C)C4(C)C)cc2-c2ccc(Cl)c(C)c2)cc1,1,1,1,1,7.536107011014092,7.536107011014092,0.0,7.536107011014092,0.0,0.0,7.536107011014092,0.0,False
Cc1ccc(NC(=O)C(C(C)(C)C)C(C)(C)C)cc1S(=O)(=O)N1CCOCC1,1,1,1,1,7.958607314841775,7.958607314841775,0.0,7.958607314841775,0.0,0.0,7.958607314841775,0.0,False
Cc1ccc(NC(=O)C(C)(C(F)(F)F)C(F)(F)F)cc1CN1CCOCC1,1,1,1,1,7.795880017344075,7.795880017344075,0.0,7.795880017344075,0.0,0.0,7.795880017344075,0.0,False
Cc1ccc(NC(=O)C(C)(C(F)(F)F)C(F)(F)F)cc1S(=O)(=O)N1CCOCC1,1,1,1,1,7.638272163982407,7.638272163982407,0.0,7.638272163982407,0.0,0.0,7.638272163982407,0.0,False
Cc1ccc(NC(=O)C(C)(C)C)cc1S(=O)(=O)N1CCOCC1,1,1,1,1,6.267606240177031,6.267606240177031,0.0,6.267606240177031,0.0,0.0,6.267606240177031,0.0,False
Cc1ccc(NC(=O)C2(C)CCCCC2)cc1S(=O)(=O)N1CCOCC1,1,1,1,1,7.455931955649724,7.455931955649724,0.0,7.455931955649724,0.0,0.0,7.455931955649724,0.0,False
Cc1ccc(NC(=O)C2C(C)(C)C2(C)C)cc1S(=O)(=O)N1CCOCC1,1,1,1,1,7.638272163982407,7.638272163982407,0.0,7.638272163982407,0.0,0.0,7.638272163982407,0.0,False
Cc1ccc(NC(=O)C2CCCCC2(C)C)cc1S(=O)(=O)N1CCOCC1,1,1,1,1,7.958607314841775,7.958607314841775,0.0,7.958607314841775,0.0,0.0,7.958607314841775,0.0,False
Cc1ccc(NC(=O)C2CCCCC2)cc1S(=O)(=O)N1CCOCC1,1,1,1,1,6.920818753952375,6.920818753952375,0.0,6.920818753952375,0.0,0.0,6.920818753952375,0.0,False
Cc1ccc(NC(=O)C2CCCCC2C)cc1CN1CCOCC1,1,1,1,1,7.154901959985743,7.154901959985743,0.0,7.154901959985743,0.0,0.0,7.154901959985743,0.0,False
Cc1ccc(NC(=O)C2CCCCC2C)cc1S(=O)(=O)N1CCOCC1,1,1,1,1,7.853871964321762,7.853871964321762,0.0,7.853871964321762,0.0,0.0,7.853871964321762,0.0,False
Cc1ccc(NC(=O)[C@@H]2C(C)(C)[C@@H]3CC[C@@]2(C)C3)cc1S(=O)(=O)N1CCOCC1,1,1,1,1,8.769551078621726,8.769551078621726,0.0,8.769551078621726,0.0,0.0,8.769551078621726,0.0,False
Cc1ccc(NC(=O)[C@@H]2C[C@@]3(C)CC[C@]2(C)O3)cc1S(=O)(=O)N1CCOCC1,1,1,1,1,6.180456064458131,6.180456064458131,0.0,6.180456064458131,0.0,0.0,6.180456064458131,0.0,False
Cc1ccc(NC(=O)[C@H]2C(C)(C)[C@@H]3CC[C@@]2(C)C3)cc1S(=O)(=O)N1CCOCC1,1,1,1,1,8.0268721464003,8.0268721464003,0.0,8.0268721464003,0.0,0.0,8.0268721464003,0.0,False
Cc1ccc(NC(=O)[C@H]2C[C@@]3(C)CC[C@]2(C)O3)cc1S(=O)(=O)N1CCOCC1,1,1,1,1,5.698970004336019,5.698970004336019,0.0,5.698970004336019,0.0,0.0,5.698970004336019,0.0,False
Cc1ccc(NC(=O)c2ccc(Cl)cc2)cc1S(=O)(=O)N1CCOCC1,1,1,1,1,5.537602002101044,5.537602002101044,0.0,5.537602002101044,0.0,0.0,5.537602002101044,0.0,False
Cc1ccc(NC(=O)c2cccc(Cl)c2)cc1S(=O)(=O)N1CCOCC1,1,1,1,1,6.920818753952375,6.920818753952375,0.0,6.920818753952375,0.0,0.0,6.920818753952375,0.0,False
Cc1ccc(NC(=O)c2ccccc2Cl)cc1S(=O)(=O)N1CCOCC1,1,1,1,1,6.769551078621726,6.769551078621726,0.0,6.769551078621726,0.0,0.0,6.769551078621726,0.0,False
Cc1ccc(NC(=O)c2cccn2Cc2ccc(F)cc2)cc1,1,1,1,1,6.568636235841012,6.568636235841012,0.0,6.568636235841012,0.0,0.0,6.568636235841012,0.0,False
Cc1ccc(NC(=O)c2nn(-c3ccc(Cl)cc3Cl)c(-c3ccc(Cl)cc3)c2C)cn1,1,1,1,1,5.396855627379818,5.396855627379818,0.0,5.396855627379818,0.0,0.0,5.396855627379818,0.0,False
Cc1ccc(S(=O)(=O)N(CCc2ccc(Cl)cc2)S(=O)(=O)c2ccc(C)cc2)cc1,1,1,1,1,6.71669877129645,6.71669877129645,0.0,6.71669877129645,0.0,0.0,6.71669877129645,0.0,False
Cc1ccc(S(=O)(=O)N(CCc2ccccc2)Cc2ccccc2)cc1,1,1,1,1,6.1249387366083,6.1249387366083,0.0,6.1249387366083,0.0,0.0,6.1249387366083,0.0,False
Cc1ccc(S(=O)(=O)N(Cc2ccc(N3CCCCC3)cc2)c2ccccc2)cc1,1,1,1,1,6.508638306165727,6.508638306165727,0.0,6.508638306165727,0.0,0.0,6.508638306165727,0.0,False
Cc1ccc(S(=O)(=O)N(Cc2ccccc2)Cc2ccc(C(C)C)cc2)cc1,1,1,1,1,6.638272163982407,6.638272163982407,0.0,6.638272163982407,0.0,0.0,6.638272163982407,0.0,False
Cc1ccc(S(=O)(=O)N(Cc2ccccc2)Cc2ccc(N(C)C)cc2)cc1,1,1,1,1,6.167491087293763,6.167491087293763,0.0,6.167491087293763,0.0,0.0,6.167491087293763,0.0,False
Cc1ccc(S(=O)(=O)N(Cc2ccccc2)Cc2ccc(N(CCCl)CCCl)cc2)cc1,1,1,1,1,6.779891911959945,6.779891911959945,0.0,6.779891911959945,0.0,0.0,6.779891911959945,0.0,False
Cc1ccc(S(=O)(=O)N(Cc2ccccc2)Cc2ccc(N3CCCCC3)cc2)cc1,1,1,1,1,7.356547323513812,7.356547323513812,0.0,7.356547323513812,0.0,0.0,7.356547323513812,0.0,False
Cc1ccc(S(=O)(=O)N(Cc2ccccc2)Cc2ccc(OC(C)C)cc2)cc1,1,1,1,1,6.7594507517174005,6.7594507517174005,0.0,6.7594507517174005,0.0,0.0,6.7594507517174005,0.0,False
Cc1ccc(S(=O)(=O)N[C@H]2CCCOc3c2nn(-c2ccccc2Cl)c3-c2ccc(Cl)cc2)cc1,1,1,1,1,5.782516055786093,5.782516055786093,0.0,5.782516055786093,0.0,0.0,5.782516055786093,0.0,False
Cc1ccc(S(=O)(=O)c2ccc([C@H](C)NS(C)(=O)=O)cc2)c(S(=O)(=O)c2ccccc2F)c1,1,1,1,1,9.301029995663981,9.301029995663981,0.0,9.301029995663981,0.0,0.0,9.301029995663981,0.0,False
Cc1ccc([C@@H](c2ccc(Cl)cc2Cl)N2CCN(C(=O)NC3CCCCC3)CC2)cc1,1,1,1,1,6.644356949779131,6.644356949779131,0.0,6.644356949779131,0.0,0.0,6.644356949779131,0.0,False
Cc1ccc([C@H](c2ccc(Cl)cc2Cl)N2CCN(C(=O)NC3CCCCC3)CC2)cc1,1,1,1,1,6.6154673845057514,6.6154673845057514,0.0,6.6154673845057514,0.0,0.0,6.6154673845057514,0.0,False
Cc1ccc2c(=O)c(C(=O)NC3CCCC3)cn(CCN3CCOCC3)c2n1,1,1,1,1,7.301029995663981,7.301029995663981,0.0,7.301029995663981,0.0,0.0,7.301029995663981,0.0,False
Cc1ccc2c(C(=O)C3C(C)(C)C3(C)C)cn(CC3CCOCC3)c2c1,3,2,2,1,9.698970004336019,9.830031826003108,0.1310618216670889,9.823908740944319,0.006123085058789002,0.1280002791376944,9.762970143904866,-0.0609385970394527,False
Cc1ccc2c(c1)-c1c(O)cc(C34CC5CC(CC(C5)C3)C4)cc1OC2(C)C,1,1,1,1,7.197226274708024,7.197226274708024,0.0,7.197226274708024,0.0,0.0,7.197226274708024,0.0,False
Cc1ccc2c(c1)Cc1c(C(=O)NC3CCCCC3)nn(-c3ccc(Cl)cc3Cl)c1-2,1,1,1,1,8.119987161633228,8.119987161633228,0.0,8.119987161633228,0.0,0.0,8.119987161633228,0.0,False
Cc1ccc2c(c1)Cc1c(C(=O)NN3CCCCC3)nn(-c3ccc(Cl)cc3Cl)c1-2,2,2,2,1,10.397940008672037,10.431798275933005,0.03385826726096752,10.414869142302521,0.0,0.03385826726096752,10.414869142302521,0.0,False
Cc1cccc(-c2c(O)cc(C(=O)c3ccccc3)cc2O)c1,1,1,1,1,6.494850021680094,6.494850021680094,0.0,6.494850021680094,0.0,0.0,6.494850021680094,0.0,False
Cc1cccc(-c2c(O)cc(C(=O)c3cccs3)cc2O)c1,1,1,1,1,6.010995384301463,6.010995384301463,0.0,6.010995384301463,0.0,0.0,6.010995384301463,0.0,False
Cc1cccc(C(=O)c2cc(O)c(-c3cc(Cl)cc(Cl)c3)c(O)c2)c1,1,1,1,1,5.582030357785262,5.582030357785262,0.0,5.582030357785262,0.0,0.0,5.582030357785262,0.0,False
Cc1cccc(Cn2cc(C(=O)N[C@@H]3C(C)(C)C4CC[C@]3(C)C4)c(=O)c3ccc(F)cc32)c1,1,1,1,1,7.501689446210399,7.501689446210399,0.0,7.501689446210399,0.0,0.0,7.501689446210399,0.0,False
Cc1cccc(Cn2cc(C(=O)N[C@@H]3C(C)(C)C4CC[C@]3(C)C4)c(=O)c3ccc(Sc4ccccc4)cc32)c1,1,1,1,1,6.856672870007953,6.856672870007953,0.0,6.856672870007953,0.0,0.0,6.856672870007953,0.0,False
Cc1cccc2c1CCN2C(=O)C12CC3CC(CC(C3)C1)C2,1,1,1,1,6.769551078621726,6.769551078621726,0.0,6.769551078621726,0.0,0.0,6.769551078621726,0.0,False
Cc1cccc2c1N(C(=O)C13CC4CC(CC(C4)C1)C3)CC2,1,1,1,1,6.221848749616356,6.221848749616356,0.0,6.221848749616356,0.0,0.0,6.221848749616356,0.0,False
Cc1ccccc1CN1CCN(c2ncnc3c2nc(-c2ccccc2Cl)n3-c2ccc(Cl)cc2)CC1,1,1,1,1,5.337242168318426,5.337242168318426,0.0,5.337242168318426,0.0,0.0,5.337242168318426,0.0,False
Cc1ccccc1Cc1cc2c(C)c(O)c(C)c(C)c2oc1=O,1,1,1,1,5.806875401645538,5.806875401645538,0.0,5.806875401645538,0.0,0.0,5.806875401645538,0.0,False
Cc1ccn(Cc2ccc(F)cc2)c(=O)c1C(=O)NC1CCCCCC1,1,1,1,1,8.229147988357855,8.229147988357855,0.0,8.229147988357855,0.0,0.0,8.229147988357855,0.0,False
Cc1ccnc(OCc2ccc(F)cc2)c1C(=O)NC1CCCCCC1,1,1,1,1,7.334419008982047,7.334419008982047,0.0,7.334419008982047,0.0,0.0,7.334419008982047,0.0,False
Cc1cnc(NC(=O)C(C)(C)C)cc1CN1CCOCC1,1,1,1,1,7.0915149811213505,7.0915149811213505,0.0,7.0915149811213505,0.0,0.0,7.0915149811213505,0.0,False
Cc1cnc(NC(=O)C2(C)CCCCC2C)cc1CN1CCOCC1,1,1,1,1,8.721246399047171,8.721246399047171,0.0,8.721246399047171,0.0,0.0,8.721246399047171,0.0,False
Cc1nc(-c2ccccc2)c(-c2ccccc2)n1CCCCCCNC(=O)Oc1ccccc1F,1,1,1,1,4.552841968657781,4.552841968657781,0.0,4.552841968657781,0.0,0.0,4.552841968657781,0.0,False
Cc1nc(C(=O)NC23CC4CC(CC(C4)C2)C3)c(Br)n1-c1ccccc1,1,1,1,1,8.075720713938118,8.075720713938118,0.0,8.075720713938118,0.0,0.0,8.075720713938118,0.0,False
Cc1nc(C(=O)NC23CC4CC(CC(C4)C2)C3)c(C)n1-c1ccccc1,1,1,1,1,8.568636235841012,8.568636235841012,0.0,8.568636235841012,0.0,0.0,8.568636235841012,0.0,False
Cc1nc(C(=O)NC23CC4CC(CC(C4)C2)C3)c(C)n1C1CCCCC1,1,1,1,1,7.698970004336019,7.698970004336019,0.0,7.698970004336019,0.0,0.0,7.698970004336019,0.0,False
Cc1nc(C(=O)NC23CC4CC(CC(C4)C2)C3)c(Cl)n1-c1ccccc1,1,1,1,1,7.623423042943488,7.623423042943488,0.0,7.623423042943488,0.0,0.0,7.623423042943488,0.0,False
Cc1nc(C(=O)NC23CC4CC(CC2C4)C3)c(C)n1-c1ccccc1,1,1,1,1,8.013228265733755,8.013228265733755,0.0,8.013228265733755,0.0,0.0,8.013228265733755,0.0,False
Cc1nc(C(=O)NC2C3CC4CC(C3)C2C4)c(C)n1-c1ccccc1,1,1,1,1,8.013228265733755,8.013228265733755,0.0,8.013228265733755,0.0,0.0,8.013228265733755,0.0,False
Cc1nc(C(=O)NC2C3CC4CC(C3)CC2C4)c(C)n1-c1ccccc1,1,1,1,1,7.860120913598763,7.860120913598763,0.0,7.860120913598763,0.0,0.0,7.860120913598763,0.0,False
Cc1nc(C(=O)NC[C@H]2C[C@@H]3C[C@H](C2)C3(C)C)c(C)n1-c1ccccc1,1,1,1,1,7.698970004336019,7.698970004336019,0.0,7.698970004336019,0.0,0.0,7.698970004336019,0.0,False
Cc1nc(C(=O)NCc2ccccc2C(F)(F)F)c(C)n1-c1ccccc1,1,1,1,1,8.455931955649724,8.455931955649724,0.0,8.455931955649724,0.0,0.0,8.455931955649724,0.0,False
Cc1nc(C(=O)Nc2ccccc2C(F)(F)F)c(C)n1-c1ccccc1,1,1,1,1,8.455931955649724,8.455931955649724,0.0,8.455931955649724,0.0,0.0,8.455931955649724,0.0,False
Cc1nc(CN2CCN(c3ncnc4c3nc(-c3ccccc3Cl)n4-c3ccc(Cl)cc3)CC2)no1,1,1,1,1,5.443697499232712,5.443697499232712,0.0,5.443697499232712,0.0,0.0,5.443697499232712,0.0,False
Cc1nc(N2CCN(C)CC2)c2nc(-c3ccccc3Cl)n(C3CCOCC3)c2n1,2,2,2,1,7.3979400086720375,7.431798275933005,0.03385826726096752,7.414869142302521,0.0,0.03385826726096752,7.414869142302521,0.0,False
Cc1nc(N2CCN(C)CC2)c2nc(-c3ccccc3Cl)n([C@@H]3CCOC3)c2n1,1,1,1,1,7.698970004336019,7.698970004336019,0.0,7.698970004336019,0.0,0.0,7.698970004336019,0.0,False
Cc1nc(N2CCN(C)CC2)c2nc(-c3ccccc3Cl)n([C@H]3CCOC3)c2n1,1,1,1,1,7.318758762624412,7.318758762624412,0.0,7.318758762624412,0.0,0.0,7.318758762624412,0.0,False
Cc1nc(N2CCN(C)CC2)c2nc(-c3ccccc3Cl)oc2n1,1,1,1,1,7.560667306169737,7.560667306169737,0.0,7.560667306169737,0.0,0.0,7.560667306169737,0.0,False
Cc1nc(OCCCCCn2cc(CCCn3cc(Br)c(C)c(NC(=O)C4CCCCCC4)c3=O)nn2)c(C(=O)NC2CCCCCC2)cc1Br,1,1,1,1,8.721246399047171,8.721246399047171,0.0,8.721246399047171,0.0,0.0,8.721246399047171,0.0,False
Cc1nc(OCc2ccc(F)cc2)c(C(=O)NC2CCCCCC2)cc1-c1ccc(F)cc1,1,1,1,1,6.274905478918531,6.274905478918531,0.0,6.274905478918531,0.0,0.0,6.274905478918531,0.0,False
Cc1nc(OCc2ccc(F)cc2)c(C(=O)NC2CCCCCC2)cc1Br,1,1,1,1,8.823908740944319,8.823908740944319,0.0,8.823908740944319,0.0,0.0,8.823908740944319,0.0,False
Cc1ncsc1CCn1cc(C(=O)C2C(C)(C)C2(C)C)c2ccccc21,2,1,1,1,7.739928612014925,7.7447274948966935,0.004798882881768662,7.742328053455809,0.004798882881768662,0.0,7.742328053455809,0.0,False
Cc1nn(C)c2c1c(=O)c(C(=O)NC1CCCCC1)cn2Cc1ccccc1,1,1,1,1,6.0195421077239,6.0195421077239,0.0,6.0195421077239,0.0,0.0,6.0195421077239,0.0,False
Cc1noc([C@@H](NC(=O)n2c(=O)n(CCN3CCOCC3)c3ccccc32)C(C)(C)C)n1,1,1,1,1,7.823908740944319,7.823908740944319,0.0,7.823908740944319,0.0,0.0,7.823908740944319,0.0,False
Cc1nonc1Cn1nnc2c(N3CCC(N=C=S)C3)nc(C(C)(C)C)nc21,1,1,1,1,6.370590400897282,6.370590400897282,0.0,6.370590400897282,0.0,0.0,6.370590400897282,0.0,False
Cc1nonc1Cn1nnc2c(N3CCC(N=C=S)C3)nc(C(F)(F)c3ccccc3)nc21,1,1,1,1,5.835647144215563,5.835647144215563,0.0,5.835647144215563,0.0,0.0,5.835647144215563,0.0,False
Cc1nonc1Cn1nnc2c(N3CCC(N=[N+]=[N-])C3)nc(C(C)(C)C)nc21,1,1,1,1,6.863279432843593,6.863279432843593,0.0,6.863279432843593,0.0,0.0,6.863279432843593,0.0,False
Cc1nonc1Cn1nnc2c(N3CCC(N=[N+]=[N-])C3)nc(C(F)(F)c3ccccc3)nc21,1,1,1,1,5.884722408604098,5.884722408604098,0.0,5.884722408604098,0.0,0.0,5.884722408604098,0.0,False
Cc1nonc1Cn1nnc2c(N3CCC4(C3)N=N4)nc(C(C)(C)C)nc21,1,1,1,1,7.79317412396815,7.79317412396815,0.0,7.79317412396815,0.0,0.0,7.79317412396815,0.0,False
Cc1nonc1Cn1nnc2c(N3CCC4(C3)N=N4)nc(C(F)(F)c3ccccc3)nc21,1,1,1,1,7.341988603342887,7.341988603342887,0.0,7.341988603342887,0.0,0.0,7.341988603342887,0.0,False
Cc1nonc1Cn1nnc2c(N3CC[C@@H](S)C3)nc(C(C)(C)C)nc21,1,1,1,1,6.1938200260161125,6.1938200260161125,0.0,6.1938200260161125,0.0,0.0,6.1938200260161125,0.0,False
Cc1nonc1Cn1nnc2c(N3CC[C@H](S)C3)nc(C(C)(C)C)nc21,1,1,1,1,6.815308569182401,6.815308569182401,0.0,6.815308569182401,0.0,0.0,6.815308569182401,0.0,False
Cc1s/c(=N\C(=O)C2C(C)(C)C2(C)C)n(CCCC[18F])c1C,1,1,1,1,9.397940008672037,9.397940008672037,0.0,9.397940008672037,0.0,0.0,9.397940008672037,0.0,False
Cc1s/c(=N\C(=O)C2C(C)(C)C2(C)C)n(CCO[11CH3])c1C,1,1,1,1,9.193820026016112,9.193820026016112,0.0,9.193820026016112,0.0,0.0,9.193820026016112,0.0,False
Cc1s/c(=N\C(=O)c2cc(C(F)(F)F)ccc2OC[C@@H]2CCCN2C)n(CC2CC2)c1C,1,1,1,1,7.522878745280337,7.522878745280337,0.0,7.522878745280337,0.0,0.0,7.522878745280337,0.0,False
Clc1ccc(-n2c(-c3ccccc3Cl)nc3c(N4CCC(Nc5ccccn5)CC4)ncnc32)cc1,1,1,1,1,5.508638306165727,5.508638306165727,0.0,5.508638306165727,0.0,0.0,5.508638306165727,0.0,False
Clc1ccc(-n2c(-c3ccccc3Cl)nc3c(N4CCC(c5nc6ccccc6[nH]5)CC4)ncnc32)cc1,1,1,1,1,6.080921907623926,6.080921907623926,0.0,6.080921907623926,0.0,0.0,6.080921907623926,0.0,False
Clc1ccc(-n2c(-c3ccccc3Cl)nc3c(N4CCN(C5CCCCC5)CC4)ncnc32)cc1,1,1,1,1,6.958607314841775,6.958607314841775,0.0,6.958607314841775,0.0,0.0,6.958607314841775,0.0,False
Clc1ccc(-n2c(-c3ccccc3Cl)nc3c(N4CCN(CCc5ccccc5)CC4)ncnc32)cc1,1,1,1,1,5.6777807052660805,5.6777807052660805,0.0,5.6777807052660805,0.0,0.0,5.6777807052660805,0.0,False
Clc1ccc(-n2c(-c3ccccc3Cl)nc3c(N4CCN(CCc5ccncc5)CC4)ncnc32)cc1,1,1,1,1,6.200659450546418,6.200659450546418,0.0,6.200659450546418,0.0,0.0,6.200659450546418,0.0,False
Clc1ccc(-n2c(-c3ccccc3Cl)nc3c(N4CCN(Cc5ccccc5)CC4)ncnc32)cc1,1,1,1,1,6.366531544420413,6.366531544420413,0.0,6.366531544420413,0.0,0.0,6.366531544420413,0.0,False
Clc1ccc(-n2c(-c3ccccc3Cl)nc3c(N4CCN(Cc5ccncc5)CC4)ncnc32)cc1,1,1,1,1,5.769551078621726,5.769551078621726,0.0,5.769551078621726,0.0,0.0,5.769551078621726,0.0,False
Clc1ccc(-n2c(-c3ccccc3Cl)nc3c(N4CCN(c5ccccn5)CC4)ncnc32)cc1,1,1,1,1,5.853871964321762,5.853871964321762,0.0,5.853871964321762,0.0,0.0,5.853871964321762,0.0,False
Clc1ccc(Nc2ccc(CN3CCO[C@@H](c4ccccc4)C3)cn2)c(Cl)c1,1,1,1,1,5.576754126063192,5.576754126063192,0.0,5.576754126063192,0.0,0.0,5.576754126063192,0.0,False
Clc1cccc(-c2ccc(CN3CCO[C@@H](c4ccccc4)C3)cc2)c1Cl,2,2,1,1,6.505845405981557,6.982966660701219,0.4771212547196626,6.744406033341388,0.0,0.4771212547196626,6.744406033341388,0.0,False
Cn1c(=O)c2c(nc(NCCc3c[nH]c4ccccc34)n2Cc2ccc(Cl)cc2)n(C)c1=O,1,1,1,1,6.317854923626168,6.317854923626168,0.0,6.317854923626168,0.0,0.0,6.317854923626168,0.0,False
Cn1c(=O)c2c(nc(NCCc3c[nH]c4ccccc34)n2Cc2cccc(Br)c2)n(C)c1=O,1,1,1,1,6.46344155742847,6.46344155742847,0.0,6.46344155742847,0.0,0.0,6.46344155742847,0.0,False
Cn1c(=O)c2c(nc(NCCc3c[nH]c4ccccc34)n2Cc2cccc(Cl)c2)n(C)c1=O,1,1,1,1,6.047691990337874,6.047691990337874,0.0,6.047691990337874,0.0,0.0,6.047691990337874,0.0,False
Cn1c(=O)c2c(nc(NCCc3c[nH]c4ccccc34)n2Cc2ccccc2Br)n(C)c1=O,1,1,1,1,5.772113295386326,5.772113295386326,0.0,5.772113295386326,0.0,0.0,5.772113295386326,0.0,False
Cn1c(C(C)(C)C)c/c(=N/C(=O)c2cc(C(F)(F)F)ccc2ONC(C)(C)C)n1CC1CC1,1,1,1,1,7.267606240177031,7.267606240177031,0.0,7.267606240177031,0.0,0.0,7.267606240177031,0.0,False
Cn1c(C(C)(C)C)c/c(=N/C(=O)c2cc(C(F)(F)F)ccc2ONC(C)(C)C)n1CC1CCC1,1,1,1,1,7.568636235841012,7.568636235841012,0.0,7.568636235841012,0.0,0.0,7.568636235841012,0.0,False
Cn1c(C(C)(C)C)c/c(=N/C(=O)c2cc(C(F)(F)F)ccc2ONC(C)(C)C)n1CCC(F)(F)F,1,1,1,1,7.167491087293763,7.167491087293763,0.0,7.167491087293763,0.0,0.0,7.167491087293763,0.0,False
Cn1c(C(C)(C)C)c/c(=N/C(=O)c2cc(C(F)(F)F)ccc2ONC(C)(C)C)n1C[C@H]1CCCO1,1,1,1,1,7.619788758288394,7.619788758288394,0.0,7.619788758288394,0.0,0.0,7.619788758288394,0.0,False
Cn1c(C(C)(C)C)c/c(=N\C(=O)c2cc(C#N)ccc2ONC(C)(C)C)n1C[C@H]1CCCO1,1,1,1,1,6.679853713888946,6.679853713888946,0.0,6.679853713888946,0.0,0.0,6.679853713888946,0.0,False
Cn1c(C(C)(C)C)c/c(=N\C(=O)c2cc(C(F)(F)F)ccc2OCC(C)(C)O)n1C[C@H]1CCCO1,1,1,1,1,8.229147988357855,8.229147988357855,0.0,8.229147988357855,0.0,0.0,8.229147988357855,0.0,False
Cn1c(C(C)(C)C)c/c(=N\C(=O)c2cc(Cl)ccc2ONC(C)(C)C)n1C[C@H]1CCCO1,1,1,1,1,7.2839966563652006,7.2839966563652006,0.0,7.2839966563652006,0.0,0.0,7.2839966563652006,0.0,False
Cn1cc(C(=O)N[C@@H]2C(C)(C)C3CC[C@]2(C)C3)c(=O)c2ccc(F)cc21,1,1,1,1,7.027334407733889,7.027334407733889,0.0,7.027334407733889,0.0,0.0,7.027334407733889,0.0,False
Cn1cc(C(=O)N[C@@H]2C(C)(C)C3CC[C@]2(C)C3)c(=O)c2ccc(Sc3ccccc3)cc21,1,1,1,1,7.795880017344075,7.795880017344075,0.0,7.795880017344075,0.0,0.0,7.795880017344075,0.0,False
Cn1cc(C(=O)c2cc(O)c3c(c2)OC(C)(C)[C@@H]2CC[C@@H](O)C[C@@H]32)c2ccccc21,1,1,1,1,5.52201102374911,5.52201102374911,0.0,5.52201102374911,0.0,0.0,5.52201102374911,0.0,False
Cn1cc(CC(=O)NC23CC4CC(CC(C4)C2)C3)c2cc(-c3ccccc3)ccc21,1,1,1,1,7.008773924307505,7.008773924307505,0.0,7.008773924307505,0.0,0.0,7.008773924307505,0.0,False
Cn1cc2c(n1)c(O)c(C(=O)NC13CC4CC(CC(C4)C1)C3)c(=O)n2CCCCF,1,1,1,1,8.67778070526608,8.67778070526608,0.0,8.67778070526608,0.0,0.0,8.67778070526608,0.0,False
Cn1cc2c(n1)c(O)c(C(=O)NC13CC4CC(CC(C4)C1)C3)c(=O)n2CCCCO,1,1,1,1,7.844663962534938,7.844663962534938,0.0,7.844663962534938,0.0,0.0,7.844663962534938,0.0,False
Cn1cc2c(n1)c(O)c(C(=O)NC13CC4CC(CC(O)(C4)C1)C3)c(=O)n2CCCCF,1,1,1,1,8.207608310501746,8.207608310501746,0.0,8.207608310501746,0.0,0.0,8.207608310501746,0.0,False
Cn1ccnc1CCn1cc(C(=O)C2C(C)(C)C2(C)C)c2ccccc21,2,1,1,1,6.795880017344075,6.810004660035681,0.014124642691606404,6.802942338689878,0.014124642691606404,0.0,6.802942338689878,0.0,False
Cn1ccnc1COc1ccc(C(F)(F)F)cc1C(=O)/N=c1\sc(C(C)(C)C)cn1C[C@H]1CCCO1,1,1,1,1,7.275724130399211,7.275724130399211,0.0,7.275724130399211,0.0,0.0,7.275724130399211,0.0,False
Cn1cncc1COc1ccc(C(F)(F)F)cc1C(=O)/N=c1\sc(C(C)(C)C)cn1C[C@H]1CCCO1,1,1,1,1,6.939302159646388,6.939302159646388,0.0,6.939302159646388,0.0,0.0,6.939302159646388,0.0,False
Cn1nc(OCCc2ccccc2)c2cc([N+](=O)[O-])ccc21,1,1,1,1,5.920818753952375,5.920818753952375,0.0,5.920818753952375,0.0,0.0,5.920818753952375,0.0,False
Cn1nc(OCc2ccc3ccccc3c2)c2cc([N+](=O)[O-])ccc21,1,1,1,1,5.455931955649724,5.455931955649724,0.0,5.455931955649724,0.0,0.0,5.455931955649724,0.0,False
Cn1nc(OCc2ccc3ccccc3c2)c2ccccc21,1,1,1,1,4.995678626217358,4.995678626217358,0.0,4.995678626217358,0.0,0.0,4.995678626217358,0.0,False
Cn1nc(OCc2cccc3ccccc23)c2cc([N+](=O)[O-])ccc21,1,1,1,1,6.6020599913279625,6.6020599913279625,0.0,6.6020599913279625,0.0,0.0,6.6020599913279625,0.0,False
Cn1nnc([C@@H](NC(=O)n2c(=O)n(CCN3CCOCC3)c3ccccc32)C(C)(C)C)n1,1,1,1,1,8.301029995663981,8.301029995663981,0.0,8.301029995663981,0.0,0.0,8.301029995663981,0.0,False
FC(F)(F)c1cccc(-c2c[nH]c(-c3cccc(CN4CCOCC4)c3)n2)c1,1,1,1,1,7.376750709602099,7.376750709602099,0.0,7.376750709602099,0.0,0.0,7.376750709602099,0.0,False
FC(F)(F)c1ccccc1Cn1nnc2c(N3CCC4(C3)N=N4)nc(C(F)(F)c3ccccc3)nc21,1,1,1,1,9.096910013008056,9.096910013008056,0.0,9.096910013008056,0.0,0.0,9.096910013008056,0.0,False
FC(F)(c1ccccc1)c1nc(N2CCC(N=C=S)C2)c2nnn(Cc3ccccc3Cl)c2n1,1,1,1,1,5.906928693623937,5.906928693623937,0.0,5.906928693623937,0.0,0.0,5.906928693623937,0.0,False
FC(F)(c1ccccc1)c1nc(N2CCC3(C2)N=N3)c2nnn(Cc3ccccc3Cl)c2n1,1,1,1,1,8.00436480540245,8.00436480540245,0.0,8.00436480540245,0.0,0.0,8.00436480540245,0.0,False
FC1(F)CCN(c2nc(C(F)(F)c3ccccc3)nc3c2nnn3Cc2ccccc2CCSSc2ccccn2)C1,1,1,1,1,6.581698708680255,6.581698708680255,0.0,6.581698708680255,0.0,0.0,6.581698708680255,0.0,False
Fc1ccc(N2CCN(c3ncnc4c3nc(-c3ccccc3Cl)n4-c3ccc(Cl)cc3)CC2)cc1,1,1,1,1,5.292429823902063,5.292429823902063,0.0,5.292429823902063,0.0,0.0,5.292429823902063,0.0,False
Fc1ccccc1CN1CCN(c2ncnc3c2nc(-c2ccccc2Cl)n3-c2ccc(Cl)cc2)CC1,1,1,1,1,5.638272163982407,5.638272163982407,0.0,5.638272163982407,0.0,0.0,5.638272163982407,0.0,False
Fc1ccccc1CSc1nnc2c3ccccc3n(Cc3ccccc3)c2n1,1,1,1,1,6.667561540084394,6.667561540084394,0.0,6.667561540084394,0.0,0.0,6.667561540084394,0.0,False
N#C/C(=C\c1cn(CCN2CCCCC2)c2ccccc12)S(=O)(=O)c1ccccc1,2,1,1,1,8.119987161633228,8.1249387366083,0.004951574975072148,8.122462949120763,0.004951574975072148,0.0,8.122462949120763,0.0,False
N#C/C(=C\c1cn(CCN2CCOCC2)c2ccccc12)S(=O)(=O)c1ccccc1,2,1,1,1,7.99012436628784,7.991399828238082,0.001275461950242196,7.9907620972629605,0.001275461950242196,0.0,7.9907620972629605,0.0,False
N#CC(c1ccccc1)N1CCN(c2ncnc3c2nc(-c2ccccc2Cl)n3-c2ccc(Cl)cc2)CC1,1,1,1,1,6.337242168318426,6.337242168318426,0.0,6.337242168318426,0.0,0.0,6.337242168318426,0.0,False
N#CC1(C(=O)NC2CCCOc3c2nn(-c2ccccc2Cl)c3-c2ccc(Cl)cc2)CC1,1,1,1,1,4.673664139071248,4.673664139071248,0.0,4.673664139071248,0.0,0.0,4.673664139071248,0.0,False
N#CC1(CNS(=O)(=O)C(F)(F)F)CCN(S(=O)(=O)c2ccc(Cl)cc2S(=O)(=O)c2ccccc2F)CC1,1,1,1,1,7.425968732272281,7.425968732272281,0.0,7.425968732272281,0.0,0.0,7.425968732272281,0.0,False
N#CCn1nnc(Cc2ccc(-c3ccccc3)cc2)n1,1,1,1,1,5.207608310501746,5.207608310501746,0.0,5.207608310501746,0.0,0.0,5.207608310501746,0.0,False
N#Cc1c(C(=O)NCc2ccc(Cl)c(Cl)c2)nn(-c2ccccc2)c1-n1cccc1,1,1,1,1,5.404503778174426,5.404503778174426,0.0,5.404503778174426,0.0,0.0,5.404503778174426,0.0,False
N#Cc1c(C(=O)NN2CCCCC2)nc(-c2ccc(Cl)cc2Cl)n1-c1ccc(Cl)cc1,1,1,1,1,5.798602875679549,5.798602875679549,0.0,5.798602875679549,0.0,0.0,5.798602875679549,0.0,False
N#Cc1c(C(F)(F)F)ccc2c1Oc1c(cccc1OS(=O)(=O)CCCC(F)(F)F)C2,1,1,1,1,5.935542010773082,5.935542010773082,0.0,5.935542010773082,0.0,0.0,5.935542010773082,0.0,False
N#Cc1c(C(F)(F)F)ccc2c1oc1c(OS(=O)(=O)CCCC(F)(F)F)cccc12,1,1,1,1,6.596879478824182,6.596879478824182,0.0,6.596879478824182,0.0,0.0,6.596879478824182,0.0,False
N#Cc1c(C(F)(F)F)ccc2c1oc1cc(OS(=O)(=O)CCCC(F)(F)F)ccc12,1,1,1,1,6.498940737782249,6.498940737782249,0.0,6.498940737782249,0.0,0.0,6.498940737782249,0.0,False
N#Cc1c(C(F)(F)F)ccc2c1oc1ccc(OS(=O)(=O)CCCC(F)(F)F)cc12,1,1,1,1,5.482804102050025,5.482804102050025,0.0,5.482804102050025,0.0,0.0,5.482804102050025,0.0,False
N#Cc1c(C(F)(F)F)ccc2c1oc1cccc(OS(=O)(=O)CCCC(F)(F)F)c12,1,1,1,1,5.7435227937583235,5.7435227937583235,0.0,5.7435227937583235,0.0,0.0,5.7435227937583235,0.0,False
N#Cc1c(Oc2cccc(OS(=O)(=O)CCCC(F)(F)F)c2)cccc1C(F)(F)F,2,2,1,1,7.341988603342887,7.341988603342887,0.0,7.341988603342887,0.0,0.0,7.341988603342887,0.0,False
N#Cc1cc(-c2c(O)cc(C(=O)c3ccccc3)cc2O)ccc1F,1,1,1,1,5.735418270761922,5.735418270761922,0.0,5.735418270761922,0.0,0.0,5.735418270761922,0.0,False
N#Cc1cc(F)ccc1-c1nnc(CCC(=O)Nc2ccc3c(c2)c2ccccc2n3CCF)o1,1,1,1,1,6.6595558851598815,6.6595558851598815,0.0,6.6595558851598815,0.0,0.0,6.6595558851598815,0.0,False
N#Cc1cc(F)ccc1-c1noc(CCC(=O)Nc2ccc3c(c2)c2ccccc2n3CCF)n1,1,1,1,1,6.066512712151295,6.066512712151295,0.0,6.066512712151295,0.0,0.0,6.066512712151295,0.0,False
N#Cc1cc(F)ccc1-c1noc(CCC(=O)Nc2ccc3c(c2)c2ccccc2n3CCO)n1,1,1,1,1,6.313363730737707,6.313363730737707,0.0,6.313363730737707,0.0,0.0,6.313363730737707,0.0,False
N#Cc1ccc(C(=O)NC[C@@H]2CC[C@@H](c3ccc(Cl)cc3Cl)N(c3ccc(Cl)cc3)C2)cc1,1,1,1,1,5.8517059025652545,5.8517059025652545,0.0,5.8517059025652545,0.0,0.0,5.8517059025652545,0.0,False
N#Cc1ccc(Cn2c3c(cc(C(=O)NC4(C(=O)O)CCCCC4)c2=O)CCCCCC3)cc1,1,1,1,1,6.84163750790475,6.84163750790475,0.0,6.84163750790475,0.0,0.0,6.84163750790475,0.0,False
N#Cc1ccc(Cn2cc(/C=C3/C(=O)C4CCN3CC4)c3ccccc32)cc1,1,1,1,1,6.943095148663527,6.943095148663527,0.0,6.943095148663527,0.0,0.0,6.943095148663527,0.0,False
N#Cc1ccccc1CSc1nnc2c(n1)[nH]c1cccc(Br)c12,1,1,1,1,7.647817481888637,7.647817481888637,0.0,7.647817481888637,0.0,0.0,7.647817481888637,0.0,False
N#Cc1ccccc1CSc1nnc2c(n1)[nH]c1ccccc12,1,1,1,1,6.449771646944906,6.449771646944906,0.0,6.449771646944906,0.0,0.0,6.449771646944906,0.0,False
N#Cc1ccccc1CSc1nnc2c3ccccc3n(C(=O)C3CCCC3)c2n1,1,1,1,1,6.494850021680094,6.494850021680094,0.0,6.494850021680094,0.0,0.0,6.494850021680094,0.0,False
N#Cc1ccccc1CSc1nnc2c3ccccc3n(C(=O)C3CCCCC3)c2n1,1,1,1,1,7.522878745280337,7.522878745280337,0.0,7.522878745280337,0.0,0.0,7.522878745280337,0.0,False
N#Cc1ccccc1CSc1nnc2c3ccccc3n(C(=O)c3ccc(OC(F)(F)F)cc3)c2n1,1,1,1,1,6.42021640338319,6.42021640338319,0.0,6.42021640338319,0.0,0.0,6.42021640338319,0.0,False
N#Cc1ccccc1CSc1nnc2c3ccccc3n(C(=O)c3ccccc3)c2n1,1,1,1,1,6.522878745280337,6.522878745280337,0.0,6.522878745280337,0.0,0.0,6.522878745280337,0.0,False
N#Cc1ccccc1CSc1nnc2c3ccccc3n(C(=O)c3ccco3)c2n1,1,1,1,1,6.309803919971486,6.309803919971486,0.0,6.309803919971486,0.0,0.0,6.309803919971486,0.0,False
N#Cc1ccccc1CSc1nnc2c3ccccc3n(C(=O)c3ccno3)c2n1,1,1,1,1,6.346787486224656,6.346787486224656,0.0,6.346787486224656,0.0,0.0,6.346787486224656,0.0,False
N#Cc1ccccc1CSc1nnc2c3ccccc3n(Cc3ccccc3)c2n1,1,1,1,1,7.958607314841775,7.958607314841775,0.0,7.958607314841775,0.0,0.0,7.958607314841775,0.0,False
N#Cc1ccccc1CSc1nnc2c3ccccc3n(Cc3ccccc3[N+](=O)[O-])c2n1,1,1,1,1,6.537602002101044,6.537602002101044,0.0,6.537602002101044,0.0,0.0,6.537602002101044,0.0,False
N/C(=N/C(=N/S(=O)(=O)N1CCCCC1)N1CC(c2ccccc2)C(c2ccc(Cl)cc2)=N1)c1ccc(Cl)cc1,1,1,1,1,7.769551078621726,7.769551078621726,0.0,7.769551078621726,0.0,0.0,7.769551078621726,0.0,False
N/C(=N/C(=N/S(=O)(=O)N1CCCCC1)N1CC(c2ccccc2)C(c2ccc(Cl)cc2)=N1)c1ccc(F)cc1,1,1,1,1,7.443697499232712,7.443697499232712,0.0,7.443697499232712,0.0,0.0,7.443697499232712,0.0,False
N/C(=N\C(=N\S(=O)(=O)N1CCC(C(F)(F)F)CC1)N1CC(c2ccccc2)C(c2ccc(Cl)cc2)=N1)c1ccc(Cl)cc1,1,1,1,1,7.698970004336019,7.698970004336019,0.0,7.698970004336019,0.0,0.0,7.698970004336019,0.0,False
N/C(=N\C(=N\S(=O)(=O)N1CCC(C(F)(F)F)CC1)N1CC(c2ccccc2)C(c2ccc(Cl)cc2)=N1)c1ccc(F)cc1,1,1,1,1,7.853871964321762,7.853871964321762,0.0,7.853871964321762,0.0,0.0,7.853871964321762,0.0,False
N/C(=N\C(=N\S(=O)(=O)N1CCC(F)(F)CC1)N1CC(c2ccccc2)C(c2ccc(Cl)cc2)=N1)c1ccc(F)cc1,1,1,1,1,7.552841968657781,7.552841968657781,0.0,7.552841968657781,0.0,0.0,7.552841968657781,0.0,False
NC(=O)C1(c2ccccc2)CCN(c2ncnc3c2nc(-c2ccccc2Cl)n3-c2ccc(Cl)cc2)CC1,1,1,1,1,5.259084923518717,5.259084923518717,0.0,5.259084923518717,0.0,0.0,5.259084923518717,0.0,False
NC(=O)CN1CCN(Cc2nc(-c3cn(CC4CCOCC4)c4c(Cl)cccc34)no2)CC1,1,1,1,1,7.299988937677888,7.299988937677888,0.0,7.299988937677888,0.0,0.0,7.299988937677888,0.0,False
NC1(c2ccccc2)CCN(c2ncnc3c2nc(-c2ccccc2Cl)n3-c2ccc(Cl)cc2)CC1,1,1,1,1,5.780677491580663,5.780677491580663,0.0,5.780677491580663,0.0,0.0,5.780677491580663,0.0,False
NCC1(CNS(=O)(=O)C(F)(F)F)CCN(S(=O)(=O)c2ccc(Cl)cc2S(=O)(=O)c2ccccc2F)CC1,1,1,1,1,6.693574972449312,6.693574972449312,0.0,6.693574972449312,0.0,0.0,6.693574972449312,0.0,False
NCCOCCOc1ccc(-c2cc(=O)c3ccccc3o2)cc1,1,1,1,1,7.698970004336019,7.698970004336019,0.0,7.698970004336019,0.0,0.0,7.698970004336019,0.0,False
NCCSSCCc1ccccc1Cn1nnc2c(N3CCC(F)(F)C3)nc(C(F)(F)c3ccccc3)nc21,1,1,1,1,6.752026733638194,6.752026733638194,0.0,6.752026733638194,0.0,0.0,6.752026733638194,0.0,False
Nc1ccc(C(C(=O)NCCC(c2ccccc2)c2ccccc2)c2ccccc2)cc1,1,1,1,1,5.920818753952375,5.920818753952375,0.0,5.920818753952375,0.0,0.0,5.920818753952375,0.0,False
Nc1ccc(C(NC(=O)Cc2ccccc2)NC(=O)Cc2ccccc2)cc1,2,1,1,1,4.901355928131701,4.901356274182943,3.460512418840267e-07,4.901356101157322,3.460512418840267e-07,0.0,4.901356101157322,0.0,False
Nc1ccc2c(=O)cc(C(=O)NC3CCCCC3)n(Cc3ccccc3)c2n1,1,1,1,1,5.102372908709558,5.102372908709558,0.0,5.102372908709558,0.0,0.0,5.102372908709558,0.0,False
Nc1ccc2c(c1)c(OCc1ccc3ccccc3c1)nn2CCN1CCCCC1,1,1,1,1,5.698970004336019,5.698970004336019,0.0,5.698970004336019,0.0,0.0,5.698970004336019,0.0,False
Nc1ccc2c(c1)c(OCc1cccc3ccccc13)nn2CCN1CCCC1,1,1,1,1,5.301029995663981,5.301029995663981,0.0,5.301029995663981,0.0,0.0,5.301029995663981,0.0,False
Nc1ccc2c(c1)c(OCc1ccccc1)nn2Cc1ccccc1,1,1,1,1,5.795880017344075,5.795880017344075,0.0,5.795880017344075,0.0,0.0,5.795880017344075,0.0,False
O/N=C1/C(=C/c2cn(Cc3ccc(Cl)cc3)c3ccccc23)N2CCC1CC2,1,1,1,1,6.97061622231479,6.97061622231479,0.0,6.97061622231479,0.0,0.0,6.97061622231479,0.0,False
O/N=C1/C(=C/c2cn(Cc3ccccc3)c3ccccc23)N2CCC1CC2,1,1,1,1,7.163675884293248,7.163675884293248,0.0,7.163675884293248,0.0,0.0,7.163675884293248,0.0,False
O=C(/C=C/C=C/c1ccc2ccccc2c1)NC1CC1,1,1,1,1,6.0915149811213505,6.0915149811213505,0.0,6.0915149811213505,0.0,0.0,6.0915149811213505,0.0,False
O=C(/C=C/C=C/c1ccc2ccccc2c1)NCCO,1,1,1,1,5.896196279044043,5.896196279044043,0.0,5.896196279044043,0.0,0.0,5.896196279044043,0.0,False
O=C(/C=C/c1ccc2ccccc2c1)CCC(=O)NCCO,1,1,1,1,5.987162775294828,5.987162775294828,0.0,5.987162775294828,0.0,0.0,5.987162775294828,0.0,False
O=C(/C=C/c1ccc2ccccc2c1)CCCC(=O)NC1CC1,1,1,1,1,5.690369832574101,5.690369832574101,0.0,5.690369832574101,0.0,0.0,5.690369832574101,0.0,False
O=C(/C=C/c1ccc2ccccc2c1)CCCC(=O)NCCO,1,1,1,1,5.987162775294828,5.987162775294828,0.0,5.987162775294828,0.0,0.0,5.987162775294828,0.0,False
O=C(C1C2CC3CC(C2)CC1C3)N1CCc2ccccc21,1,1,1,1,6.494850021680094,6.494850021680094,0.0,6.494850021680094,0.0,0.0,6.494850021680094,0.0,False
O=C(C1CCC1)N1CCN(C(c2ccccc2)c2ccc(Cl)cc2Cl)CC1,1,1,1,1,5.674484336636851,5.674484336636851,0.0,5.674484336636851,0.0,0.0,5.674484336636851,0.0,False
O=C(C1CCCC1)N1CCN(C(c2ccccc2)c2ccc(Cl)cc2Cl)CC1,1,1,1,1,5.311135431945209,5.311135431945209,0.0,5.311135431945209,0.0,0.0,5.311135431945209,0.0,False
O=C(C1CCCCC1)N1CCN(C(c2ccccc2)c2ccc(Cl)cc2Cl)CC1,1,1,1,1,5.533428927613645,5.533428927613645,0.0,5.533428927613645,0.0,0.0,5.533428927613645,0.0,False
O=C(C1CCCCC1)N1CCN(C(c2ccccc2)c2ccccc2)CC1,1,1,1,1,5.515700160653214,5.515700160653214,0.0,5.515700160653214,0.0,0.0,5.515700160653214,0.0,False
O=C(C1CCSCC1)N1CCN(c2ncnc3c2nc(-c2ccccc2Cl)n3-c2ccc(Cl)cc2)CC1,1,1,1,1,6.275724130399211,6.275724130399211,0.0,6.275724130399211,0.0,0.0,6.275724130399211,0.0,False
O=C(C1COc2ccccc2O1)N1CCN(c2ncnc3c2nc(-c2ccccc2Cl)n3-c2ccc(Cl)cc2)CC1,1,1,1,1,6.214670164989233,6.214670164989233,0.0,6.214670164989233,0.0,0.0,6.214670164989233,0.0,False
O=C(CC1CCCC1)NC1CCN(c2ncnc3c2nc(-c2ccccc2Cl)n3-c2ccc(Cl)cc2)CC1,1,1,1,1,6.244887733604928,6.244887733604928,0.0,6.244887733604928,0.0,0.0,6.244887733604928,0.0,False
O=C(CC1CCCCC1)NC1CCN(c2ncnc3c2nc(-c2ccccc2Cl)n3-c2ccc(Cl)cc2)CC1,1,1,1,1,5.627087997029893,5.627087997029893,0.0,5.627087997029893,0.0,0.0,5.627087997029893,0.0,False
O=C(CC1CCCCC1)c1nn(-c2ccc(Cl)cc2Cl)c2c1CCCc1cc(Cl)ccc1-2,1,1,1,1,6.488116639021126,6.488116639021126,0.0,6.488116639021126,0.0,0.0,6.488116639021126,0.0,False
O=C(CC1CCOC1)N1CCN(c2ncnc3c2nc(-c2ccccc2Cl)n3-c2ccc(Cl)cc2)CC1,1,1,1,1,5.522878745280337,5.522878745280337,0.0,5.522878745280337,0.0,0.0,5.522878745280337,0.0,False
O=C(CCC(=O)NCCO)CCc1ccc(-c2ccccc2)cc1,1,1,1,1,5.647817481888637,5.647817481888637,0.0,5.647817481888637,0.0,0.0,5.647817481888637,0.0,False
O=C(CCCCCCCCCCCCCCCOc1cccc(O)c1)Nc1ccc(O)cc1,1,1,1,1,5.0,5.0,0.0,5.0,0.0,0.0,5.0,0.0,False
O=C(CCCCCCCCCCOc1cc(O)cc(O)c1)NC1CC1,1,1,1,1,5.0,5.0,0.0,5.0,0.0,0.0,5.0,0.0,False
O=C(CCCCCCCCCCOc1cc(O)cc(O)c1)NCC1CC1,1,1,1,1,5.0,5.0,0.0,5.0,0.0,0.0,5.0,0.0,False
O=C(CCCCCCCCCCOc1cc(O)cc(O)c1)NCCO,1,1,1,1,5.0,5.0,0.0,5.0,0.0,0.0,5.0,0.0,False
O=C(CCCCCCCCCCOc1cccc(O)c1)NC1CC1,1,1,1,1,5.267606240177031,5.267606240177031,0.0,5.267606240177031,0.0,0.0,5.267606240177031,0.0,False
O=C(CCCOc1ccc(Cl)cc1Cl)NN/C=C1\C=CC=CC1=O,1,1,1,1,8.443697499232712,8.443697499232712,0.0,8.443697499232712,0.0,0.0,8.443697499232712,0.0,False
O=C(CCCc1nc(-c2ccc(Cl)cc2)no1)Nc1ccc2c(c1)c1ccccc1n2CCO,1,1,1,1,6.2335871528876,6.2335871528876,0.0,6.2335871528876,0.0,0.0,6.2335871528876,0.0,False
O=C(CCCc1nc(-c2ccc(F)cc2Br)no1)Nc1ccc2c(c1)c1ccccc1n2CCF,1,1,1,1,6.252588192113577,6.252588192113577,0.0,6.252588192113577,0.0,0.0,6.252588192113577,0.0,False
O=C(CCc1nc(-c2ccc(Br)cc2F)no1)Nc1ccc2c(c1)c1ccccc1n2CCF,1,1,1,1,6.3223930472795065,6.3223930472795065,0.0,6.3223930472795065,0.0,0.0,6.3223930472795065,0.0,False
O=C(CCc1nc(-c2ccc(Cl)cc2)no1)Nc1ccc2c(c1)c1ccccc1n2CCF,1,1,1,1,6.536107011014092,6.536107011014092,0.0,6.536107011014092,0.0,0.0,6.536107011014092,0.0,False
O=C(CCc1nc(-c2ccc(Cl)cc2)no1)Nc1ccc2c(c1)c1ccccc1n2CCO,1,1,1,1,6.00436480540245,6.00436480540245,0.0,6.00436480540245,0.0,0.0,6.00436480540245,0.0,False
O=C(CCc1nc(-c2ccc(F)cc2)no1)Nc1ccc2c(c1)c1ccccc1n2CCCO,1,1,1,1,6.709965388637482,6.709965388637482,0.0,6.709965388637482,0.0,0.0,6.709965388637482,0.0,False
O=C(CCc1nc(-c2ccc(F)cc2)no1)Nc1ccc2c(c1)c1ccccc1n2CCF,1,1,1,1,7.3872161432802645,7.3872161432802645,0.0,7.3872161432802645,0.0,0.0,7.3872161432802645,0.0,False
O=C(CCc1nc(-c2ccc(F)cc2)no1)Nc1ccc2c(c1)c1ccccc1n2CCO,1,1,1,1,5.958607314841775,5.958607314841775,0.0,5.958607314841775,0.0,0.0,5.958607314841775,0.0,False
O=C(CCc1nc(-c2ccc(F)cc2Br)no1)Nc1ccc2c(c1)c1ccccc1n2CCCCO,1,1,1,1,7.017728766960431,7.017728766960431,0.0,7.017728766960431,0.0,0.0,7.017728766960431,0.0,False
O=C(CCc1nc(-c2ccc(F)cc2Br)no1)Nc1ccc2c(c1)c1ccccc1n2CCCF,1,1,1,1,5.7447274948966935,5.7447274948966935,0.0,5.7447274948966935,0.0,0.0,5.7447274948966935,0.0,False
O=C(CCc1nc(-c2ccc(F)cc2Br)no1)Nc1ccc2c(c1)c1ccccc1n2CCCO,1,1,1,1,7.481486060122112,7.481486060122112,0.0,7.481486060122112,0.0,0.0,7.481486060122112,0.0,False
O=C(CCc1nc(-c2ccc(F)cc2Br)no1)Nc1ccc2c(c1)c1ccccc1n2CCF,1,1,1,1,8.236572006437063,8.236572006437063,0.0,8.236572006437063,0.0,0.0,8.236572006437063,0.0,False
O=C(CCc1nc(-c2ccc(F)cc2Br)no1)Nc1ccc2c(c1)c1ccccc1n2CCO,1,1,1,1,6.435333935747911,6.435333935747911,0.0,6.435333935747911,0.0,0.0,6.435333935747911,0.0,False
O=C(CCc1nnc(-c2ccc(Br)cc2F)o1)Nc1ccc2c(c1)c1ccccc1n2CCF,1,1,1,1,6.497572880015568,6.497572880015568,0.0,6.497572880015568,0.0,0.0,6.497572880015568,0.0,False
O=C(CCc1nnc(-c2ccc(F)cc2Br)o1)Nc1ccc2c(c1)c1ccccc1n2CCF,1,1,1,1,7.6020599913279625,7.6020599913279625,0.0,7.6020599913279625,0.0,0.0,7.6020599913279625,0.0,False
O=C(CN1CCCCC1)N1CCN(c2ncnc3c2nc(-c2ccccc2Cl)n3-c2ccc(Cl)cc2)CC1,1,1,1,1,5.301029995663981,5.301029995663981,0.0,5.301029995663981,0.0,0.0,5.301029995663981,0.0,False
O=C(Cc1c[nH]c2ccc(-c3ccccc3)cc12)NC12CC3CC(CC(C3)C1)C2,1,1,1,1,7.149966742310231,7.149966742310231,0.0,7.149966742310231,0.0,0.0,7.149966742310231,0.0,False
O=C(Cc1ccc(Br)cc1)NCCC(c1ccccc1)c1ccccc1,1,1,1,1,5.886056647693163,5.886056647693163,0.0,5.886056647693163,0.0,0.0,5.886056647693163,0.0,False
O=C(Cc1ccc(Cl)cc1)NC(NC(=O)Cc1ccc(Cl)cc1)c1ccc(C(F)(F)F)cc1,2,1,1,1,6.995678626217357,6.995678626217357,0.0,6.995678626217357,0.0,0.0,6.995678626217357,0.0,False
O=C(Cc1ccc(Cl)cc1)NC(NC(=O)Cc1ccc(Cl)cc1)c1ccc(Cl)cc1,2,1,1,1,6.8124792791635365,6.8124792791635365,0.0,6.8124792791635365,0.0,0.0,6.8124792791635365,0.0,False
O=C(Cc1ccc(Cl)cc1)NC(NC(=O)Cc1ccc(Cl)cc1)c1ccccc1C(F)(F)F,2,1,1,1,6.801342913045577,6.801342913045577,0.0,6.801342913045577,0.0,0.0,6.801342913045577,0.0,False
O=C(Cc1ccc(Cl)cc1)NC(NC(=O)Cc1ccc(Cl)cc1)c1ccccc1F,2,1,1,1,4.964569861544224,4.964570261815452,4.002712277184628e-07,4.964570061679838,4.002712277184628e-07,0.0,4.964570061679838,0.0,False
O=C(Cc1ccc(Cl)cc1)NCCC(c1ccccc1)c1ccccc1,1,1,1,1,5.619788758288394,5.619788758288394,0.0,5.619788758288394,0.0,0.0,5.619788758288394,0.0,False
O=C(Cc1ccccc1)NC(/C=C/c1ccccc1)NC(=O)Cc1ccccc1,2,1,1,1,5.245422343955269,5.245422343955269,0.0,5.245422343955269,0.0,0.0,5.245422343955269,0.0,False
O=C(Cc1ccccc1)NC(CCc1ccccc1)NC(=O)Cc1ccccc1,2,1,1,1,5.030630688266473,5.03063115429793,4.6603145698043136e-07,5.030630921282201,4.6603145698043136e-07,0.0,5.030630921282201,0.0,False
O=C(Cc1ccccc1)NC(NC(=O)Cc1ccccc1)c1ccc(Br)cc1,2,1,1,1,5.652474840001311,5.652474840001311,0.0,5.652474840001311,0.0,0.0,5.652474840001311,0.0,False
O=C(Cc1ccccc1)NC(NC(=O)Cc1ccccc1)c1ccc(C(F)(F)F)cc1,2,1,1,1,6.2247537402597635,6.2247537402597635,0.0,6.2247537402597635,0.0,0.0,6.2247537402597635,0.0,False
O=C(Cc1ccccc1)NC(NC(=O)Cc1ccccc1)c1ccc(Cl)cc1,2,1,1,1,5.5113083016830595,5.5113083016830595,0.0,5.5113083016830595,0.0,0.0,5.5113083016830595,0.0,False
O=C(Cc1ccccc1)NC(NC(=O)Cc1ccccc1)c1ccc(F)cc1,2,1,1,1,4.962573502059376,4.9625739004948635,3.984354872699214e-07,4.96257370127712,3.984354872699214e-07,0.0,4.96257370127712,0.0,False
O=C(Cc1ccccc1)NC(NC(=O)Cc1ccccc1)c1ccc(N(Cc2ccccc2)Cc2ccccc2)cc1,2,1,1,1,6.692503962086787,6.692503962086787,0.0,6.692503962086787,0.0,0.0,6.692503962086787,0.0,False
O=C(Cc1ccccc1)NC(NC(=O)Cc1ccccc1)c1ccc(N2CCCC2)cc1,2,1,1,1,7.1487416512809245,7.1487416512809245,0.0,7.1487416512809245,0.0,0.0,7.1487416512809245,0.0,False
O=C(Cc1ccccc1)NC(NC(=O)Cc1ccccc1)c1ccc(N2CCCCC2)cc1,2,1,1,1,6.22548303427145,6.22548303427145,0.0,6.22548303427145,0.0,0.0,6.22548303427145,0.0,False
O=C(Cc1ccccc1)NC(NC(=O)Cc1ccccc1)c1cccc(F)c1,2,1,1,1,4.897223042342833,4.8972233851165585,3.427737258476782e-07,4.897223213729696,3.427737258476782e-07,0.0,4.897223213729696,0.0,False
O=C(Cc1ccccc1)NC(NC(=O)Cc1ccccc1)c1ccccc1,2,1,1,1,5.0030507515046185,5.0030511888608125,4.3735619392748504e-07,5.0030509701827155,4.3735619392748504e-07,0.0,5.0030509701827155,0.0,False
O=C(Cc1ccccc1)NC(NC(=O)Cc1ccccc1)c1ccccc1C(F)(F)F,2,1,1,1,4.928854709548917,4.928855078220111,3.686711940176224e-07,4.928854893884514,3.686711940176224e-07,0.0,4.928854893884514,0.0,False
O=C(Cc1ccccc1)NC(NC(=O)Cc1ccccc1)c1ccccc1F,2,1,1,1,4.451855993789923,4.451856362565154,3.6877523079681396e-07,4.451856178177539,3.6877523079681396e-07,0.0,4.451856178177539,0.0,False
O=C(Cc1cn(Cc2ccccc2)c2ccc(-c3ccccc3)cc12)NC12CC3CC(CC(C3)C1)C2,1,1,1,1,6.723538195826755,6.723538195826755,0.0,6.723538195826755,0.0,0.0,6.723538195826755,0.0,False
O=C(N/N=C1\C(=O)N(CCC2CCCCC2)c2ccccc21)c1ccccc1,1,1,1,1,7.230622673923861,7.230622673923861,0.0,7.230622673923861,0.0,0.0,7.230622673923861,0.0,False
O=C(N/N=C1\C(=O)N(Cc2ccccc2)c2ccccc21)c1ccccc1,1,1,1,1,7.732828271596986,7.732828271596986,0.0,7.732828271596986,0.0,0.0,7.732828271596986,0.0,False
O=C(N1CCCCC1)N1CC(O[C@@H](c2ccc(Cl)cc2)c2cccnc2Cl)C1,1,1,1,1,5.1432711096171175,5.1432711096171175,0.0,5.1432711096171175,0.0,0.0,5.1432711096171175,0.0,False
O=C(N1CCCCC1)N1CC(O[C@H](c2ccc(Cl)cc2)c2cccnc2Cl)C1,1,1,1,1,4.962573502059376,4.962573502059376,0.0,4.962573502059376,0.0,0.0,4.962573502059376,0.0,False
O=C(N1CCCCC1)N1CCN(C(c2ccccc2)c2ccc(Cl)cc2Cl)CC1,1,1,1,1,6.005682847330363,6.005682847330363,0.0,6.005682847330363,0.0,0.0,6.005682847330363,0.0,False
O=C(N1CCCc2ccccc21)C12CC3CC(CC(C3)C1)C2,1,1,1,1,6.102372908709558,6.102372908709558,0.0,6.102372908709558,0.0,0.0,6.102372908709558,0.0,False
O=C(N1CCN(C(c2ccccc2)c2ccc(Cl)cc2Cl)CC1)C12CC3CC(CC(C3)C1)C2,1,1,1,1,7.6020599913279625,7.6020599913279625,0.0,7.6020599913279625,0.0,0.0,7.6020599913279625,0.0,False
O=C(N1CCN(c2ncnc3c2nc(-c2ccccc2Cl)n3-c2ccc(Cl)cc2)CC1)C(F)(F)F,1,1,1,1,6.886056647693163,6.886056647693163,0.0,6.886056647693163,0.0,0.0,6.886056647693163,0.0,False
O=C(N1CCOCC1)N1CCN(C(c2ccccc2)c2ccc(Cl)cc2Cl)CC1,1,1,1,1,6.209011524911184,6.209011524911184,0.0,6.209011524911184,0.0,0.0,6.209011524911184,0.0,False
O=C(N1CCc2cc(F)ccc21)C12CC3CC(CC(C3)C1)C2,1,1,1,1,6.698970004336019,6.698970004336019,0.0,6.698970004336019,0.0,0.0,6.698970004336019,0.0,False
O=C(N1CCc2ccc(C(F)(F)F)cc21)C12CC3CC(CC(C3)C1)C2,1,1,1,1,5.6020599913279625,5.6020599913279625,0.0,5.6020599913279625,0.0,0.0,5.6020599913279625,0.0,False
O=C(N1CCc2ccccc21)C12CC3CC(CC(C3)C1)C2,1,1,1,1,6.337242168318426,6.337242168318426,0.0,6.337242168318426,0.0,0.0,6.337242168318426,0.0,False
O=C(N1CCc2ccccc21)C12CC3CC(CC1C3)C2,1,1,1,1,6.301029995663981,6.301029995663981,0.0,6.301029995663981,0.0,0.0,6.301029995663981,0.0,False
O=C(N1Cc2ccccc2C1)C12CC3CC(CC(C3)C1)C2,1,1,1,1,6.301029995663981,6.301029995663981,0.0,6.301029995663981,0.0,0.0,6.301029995663981,0.0,False
O=C(NC1(C(=O)O)CCCC1)c1cc2c(n(CC3CCCCC3)c1=O)CCCCCC2,1,1,1,1,7.251811972993799,7.251811972993799,0.0,7.251811972993799,0.0,0.0,7.251811972993799,0.0,False
O=C(NC1(C(=O)O)CCCCC1)c1cc2c(n(CC3CCCCC3)c1=O)CCCCCC2,1,1,1,1,8.173925197299173,8.173925197299173,0.0,8.173925197299173,0.0,0.0,8.173925197299173,0.0,False
O=C(NC1(C(=O)O)CCCCC1)c1cc2c(n(CC3CCCO3)c1=O)CCCCCC2,1,1,1,1,6.607303046740334,6.607303046740334,0.0,6.607303046740334,0.0,0.0,6.607303046740334,0.0,False
O=C(NC1(C(=O)O)CCCCC1)c1cc2c(n(Cc3ccc(F)cc3)c1=O)CCCCCC2,1,1,1,1,7.795880017344075,7.795880017344075,0.0,7.795880017344075,0.0,0.0,7.795880017344075,0.0,False
O=C(NC1(C(=O)O)CCCCCCC1)c1cc2c(n(CC3CCCCC3)c1=O)CCCCCC2,1,1,1,1,8.207608310501746,8.207608310501746,0.0,8.207608310501746,0.0,0.0,8.207608310501746,0.0,False
O=C(NC1(C(F)(F)F)CCCC1)N1CCN(c2ncnc3c2nc(-c2ccccc2Cl)n3-c2ccc(Cl)cc2)CC1,1,1,1,1,5.886056647693163,5.886056647693163,0.0,5.886056647693163,0.0,0.0,5.886056647693163,0.0,False
O=C(NC1(c2ccccc2)CC1)c1nn(-c2ccc(F)cc2F)c2c1C[C@@H]1C[C@H]21,2,2,2,1,6.684029654543082,7.010550182333308,0.3265205277902261,6.847289918438195,0.0,0.3265205277902261,6.847289918438195,0.0,False
O=C(NC1(c2ccccn2)CCC1)c1nn(CC2CCOCC2)c2c1C[C@H]1C[C@@H]21,2,2,2,1,6.245651664288982,7.231361898752386,0.9857102344634043,6.738506781520684,0.0,0.9857102344634043,6.738506781520684,0.0,False
O=C(NC12CC3CC(CC(C3)C1)C2)N1Cc2ccccc2C1,1,1,1,1,6.568636235841012,6.568636235841012,0.0,6.568636235841012,0.0,0.0,6.568636235841012,0.0,False
O=C(NC12CC3CC(CC(C3)C1)C2)c1c[nH]c2c(-c3ccccc3)cccc2c1=O,1,1,1,1,6.657577319177793,6.657577319177793,0.0,6.657577319177793,0.0,0.0,6.657577319177793,0.0,False
O=C(NC12CC3CC(CC(C3)C1)C2)c1cc(-c2ccccc2)nn(C2CCCC2)c1=O,1,1,1,1,8.356547323513812,8.356547323513812,0.0,8.356547323513812,0.0,0.0,8.356547323513812,0.0,False
O=C(NC12CC3CC(CC(C3)C1)C2)c1ccc(O)cc1,1,1,1,1,5.97469413473523,5.97469413473523,0.0,5.97469413473523,0.0,0.0,5.97469413473523,0.0,False
O=C(NC12CC3CC(CC(C3)C1)C2)c1ccc(OCc2ccccc2)cc1,1,1,1,1,5.414539270491499,5.414539270491499,0.0,5.414539270491499,0.0,0.0,5.414539270491499,0.0,False
O=C(NC12CC3CC(CC(C3)C1)C2)c1cccc(OCc2ccccc2)c1,1,1,1,1,6.504455662453552,6.504455662453552,0.0,6.504455662453552,0.0,0.0,6.504455662453552,0.0,False
O=C(NC12CC3CC(CC(C3)C1)C2)c1ccccc1OCC1CCCCC1,1,1,1,1,7.696803942579511,7.696803942579511,0.0,7.696803942579511,0.0,0.0,7.696803942579511,0.0,False
O=C(NC12CC3CC(CC(C3)C1)C2)c1ccccc1OCc1ccccc1,1,1,1,1,7.8297382846050425,7.8297382846050425,0.0,7.8297382846050425,0.0,0.0,7.8297382846050425,0.0,False
O=C(NC12CC3CC(CC(C3)C1)C2)c1cccn1Cc1ccc(F)cc1,1,1,1,1,8.0,8.0,0.0,8.0,0.0,0.0,8.0,0.0,False
O=C(NC12CC3CC(CC(C3)C1)C2)c1cn(CCN2CCOCC2)c2ccccc2c1=O,1,1,1,1,6.818156412055227,6.818156412055227,0.0,6.818156412055227,0.0,0.0,6.818156412055227,0.0,False
O=C(NC12CC3CC(CC(C3)C1)C2)c1cn2c3c(cccc3c1=O)OCC2C1CC1,1,1,1,1,8.049635145623878,8.049635145623878,0.0,8.049635145623878,0.0,0.0,8.049635145623878,0.0,False
O=C(NC12CC3CC(CC(C3)C1)C2)c1cn2c3c(cccc3c1=O)OCC2c1ccccc1,1,1,1,1,7.847711655616943,7.847711655616943,0.0,7.847711655616943,0.0,0.0,7.847711655616943,0.0,False
O=C(NC12CC3CC(CC(C3)C1)C2)c1cn2c3c(cccc3c1=O)OC[C@H]2Cc1ccccc1,1,1,1,1,8.429457060118102,8.429457060118102,0.0,8.429457060118102,0.0,0.0,8.429457060118102,0.0,False
O=C(NC12CC3CC(CC(C3)C1)C2)c1nc(Cl)n(-c2ccccc2)c1Cl,1,1,1,1,7.301029995663981,7.301029995663981,0.0,7.301029995663981,0.0,0.0,7.301029995663981,0.0,False
O=C(NC12CC3CC(CC(C3)C1)C2)c1nn(-c2ccc(Cl)cc2Cl)c2c1Cc1cc(C3CC3)ccc1-2,1,1,1,1,8.397940008672037,8.397940008672037,0.0,8.397940008672037,0.0,0.0,8.397940008672037,0.0,False
O=C(NC12CC3CC(CC(C3)C1)C2)c1nn(CCN2CCOCC2)c2ccccc12,1,1,1,1,9.823908740944319,9.823908740944319,0.0,9.823908740944319,0.0,0.0,9.823908740944319,0.0,False
O=C(NC1CC1)c1cnn(-c2ccc(Cl)cc2Cl)c1-c1ccc(Cl)cc1,1,1,1,1,4.6777807052660805,4.6777807052660805,0.0,4.6777807052660805,0.0,0.0,4.6777807052660805,0.0,False
O=C(NC1CCC1)[C@@H]1CC[C@@H](c2ccc(Cl)cc2Cl)N(c2ccc(Cl)cc2)C1,1,1,1,1,5.858863909879261,5.858863909879261,0.0,5.858863909879261,0.0,0.0,5.858863909879261,0.0,False
O=C(NC1CCCC1)N1CCN(c2ncnc3c2nc(-c2ccccc2Cl)n3-c2ccc(Cl)cc2)CC1,1,1,1,1,6.130768280269024,6.130768280269024,0.0,6.130768280269024,0.0,0.0,6.130768280269024,0.0,False
O=C(NC1CCCC1)c1cn2c3c(cccc3c1=O)OCC2c1ccccc1,1,1,1,1,7.008773924307505,7.008773924307505,0.0,7.008773924307505,0.0,0.0,7.008773924307505,0.0,False
O=C(NC1CCCCC1)N1CC(Cc2ccccc2)C(c2ccccc2)=N1,1,1,1,1,6.297569463554474,6.297569463554474,0.0,6.297569463554474,0.0,0.0,6.297569463554474,0.0,False
O=C(NC1CCCCC1)N1CCN(C(c2ccc(C(F)(F)F)cc2)c2ccc(Cl)cc2Cl)CC1,1,1,1,1,6.562249437179612,6.562249437179612,0.0,6.562249437179612,0.0,0.0,6.562249437179612,0.0,False
O=C(NC1CCCCC1)N1CCN(C(c2ccc(Cl)cc2)c2ccc(Cl)cc2Cl)CC1,1,1,1,1,7.585026652029182,7.585026652029182,0.0,7.585026652029182,0.0,0.0,7.585026652029182,0.0,False
O=C(NC1CCCCC1)N1CCN(C(c2ccc(F)cc2)c2ccc(Cl)cc2Cl)CC1,1,1,1,1,6.798602875679549,6.798602875679549,0.0,6.798602875679549,0.0,0.0,6.798602875679549,0.0,False
O=C(NC1CCCCC1)N1CCN(C(c2ccc(Oc3ccccc3)cc2)c2ccc(Cl)cc2Cl)CC1,1,1,1,1,7.2839966563652006,7.2839966563652006,0.0,7.2839966563652006,0.0,0.0,7.2839966563652006,0.0,False
O=C(NC1CCCCC1)N1CCN(C(c2cccc(Cl)c2)c2ccc(Cl)cc2Cl)CC1,1,1,1,1,6.39040559077478,6.39040559077478,0.0,6.39040559077478,0.0,0.0,6.39040559077478,0.0,False
O=C(NC1CCCCC1)N1CCN(C(c2ccccc2)c2c(Cl)cccc2Cl)CC1,1,1,1,1,6.080398976215889,6.080398976215889,0.0,6.080398976215889,0.0,0.0,6.080398976215889,0.0,False
O=C(NC1CCCCC1)N1CCN(C(c2ccccc2)c2cc(Cl)ccc2Cl)CC1,1,1,1,1,6.046240308266771,6.046240308266771,0.0,6.046240308266771,0.0,0.0,6.046240308266771,0.0,False
O=C(NC1CCCCC1)N1CCN(C(c2ccccc2)c2ccc(Br)cc2F)CC1,1,1,1,1,6.492144128304169,6.492144128304169,0.0,6.492144128304169,0.0,0.0,6.492144128304169,0.0,False
O=C(NC1CCCCC1)N1CCN(C(c2ccccc2)c2ccc(Cl)c(Cl)c2)CC1,1,1,1,1,6.448550002027124,6.448550002027124,0.0,6.448550002027124,0.0,0.0,6.448550002027124,0.0,False
O=C(NC1CCCCC1)N1CCN(C(c2ccccc2)c2ccc(Cl)cc2Cl)CC1,1,1,1,1,6.364516253185088,6.364516253185088,0.0,6.364516253185088,0.0,0.0,6.364516253185088,0.0,False
O=C(NC1CCCCC1)N1CCN(C(c2ccccc2)c2ccc(Cl)cc2F)CC1,1,1,1,1,6.279014255846261,6.279014255846261,0.0,6.279014255846261,0.0,0.0,6.279014255846261,0.0,False
O=C(NC1CCCCC1)N1CCN(C(c2ccccc2)c2ccc(F)cc2Cl)CC1,1,1,1,1,5.886056647693163,5.886056647693163,0.0,5.886056647693163,0.0,0.0,5.886056647693163,0.0,False
O=C(NC1CCCCC1)N1CCN(C(c2ccccc2)c2ccccc2)CC1,1,1,1,1,5.618523909724971,5.618523909724971,0.0,5.618523909724971,0.0,0.0,5.618523909724971,0.0,False
O=C(NC1CCCCC1)N1CCN(c2ncnc3c2nc(-c2ccccc2Cl)n3-c2ccc(Cl)cc2)CC1,1,1,1,1,6.207608310501746,6.207608310501746,0.0,6.207608310501746,0.0,0.0,6.207608310501746,0.0,False
O=C(NC1CCCCC1)[C@@H]1CC[C@@H](c2ccc(Cl)cc2Cl)N(c2ccc(Cl)cc2)C1,1,1,1,1,6.434152181326482,6.434152181326482,0.0,6.434152181326482,0.0,0.0,6.434152181326482,0.0,False
O=C(NC1CCCCC1)c1c(O)c2cccnc2n(CCN2CCOCC2)c1=O,1,1,1,1,8.619788758288394,8.619788758288394,0.0,8.619788758288394,0.0,0.0,8.619788758288394,0.0,False
O=C(NC1CCCCC1)c1c(O)c2cccnc2n(Cc2ccccc2)c1=O,1,1,1,1,7.102372908709558,7.102372908709558,0.0,7.102372908709558,0.0,0.0,7.102372908709558,0.0,False
O=C(NC1CCCCC1)c1cc(-c2ccccc2)nn(Cc2ccc(F)cc2)c1=O,1,1,1,1,7.356547323513812,7.356547323513812,0.0,7.356547323513812,0.0,0.0,7.356547323513812,0.0,False
O=C(NC1CCCCC1)c1cc(-n2cccc2)n(-c2ccc(Cl)cc2)n1,1,1,1,1,5.756961951313706,5.756961951313706,0.0,5.756961951313706,0.0,0.0,5.756961951313706,0.0,False
O=C(NC1CCCCC1)c1cc2ccccc2n(CCN2CCOCC2)c1=O,1,1,1,1,8.045757490560675,8.045757490560675,0.0,8.045757490560675,0.0,0.0,8.045757490560675,0.0,False
O=C(NC1CCCCC1)c1cc2ccccc2n(Cc2ccc(F)cc2)c1=O,1,1,1,1,8.537602002101044,8.537602002101044,0.0,8.537602002101044,0.0,0.0,8.537602002101044,0.0,False
O=C(NC1CCCCC1)c1cc2ccccc2n(Cc2ccccc2)c1=O,1,1,1,1,7.795880017344075,7.795880017344075,0.0,7.795880017344075,0.0,0.0,7.795880017344075,0.0,False
O=C(NC1CCCCC1)c1cc2ccccc2nc1OCc1ccc(F)cc1,1,1,1,1,6.886056647693163,6.886056647693163,0.0,6.886056647693163,0.0,0.0,6.886056647693163,0.0,False
O=C(NC1CCCCC1)c1cc2cccnc2n(CCN2CCOCC2)c1=O,1,1,1,1,8.102372908709558,8.102372908709558,0.0,8.102372908709558,0.0,0.0,8.102372908709558,0.0,False
O=C(NC1CCCCC1)c1cc2cccnc2n(Cc2ccc(F)cc2)c1=O,1,1,1,1,8.657577319177793,8.657577319177793,0.0,8.657577319177793,0.0,0.0,8.657577319177793,0.0,False
O=C(NC1CCCCC1)c1cc2cccnc2n(Cc2ccccc2)c1=O,1,1,1,1,7.508638306165727,7.508638306165727,0.0,7.508638306165727,0.0,0.0,7.508638306165727,0.0,False
O=C(NC1CCCCC1)c1cccn(CCN2CCOCC2)c1=O,1,1,1,1,5.102372908709558,5.102372908709558,0.0,5.102372908709558,0.0,0.0,5.102372908709558,0.0,False
O=C(NC1CCCCC1)c1cccn(Cc2ccc(F)cc2)c1=O,1,1,1,1,7.698970004336019,7.698970004336019,0.0,7.698970004336019,0.0,0.0,7.698970004336019,0.0,False
O=C(NC1CCCCC1)c1cccn(Cc2ccccc2)c1=O,1,1,1,1,6.698970004336019,6.698970004336019,0.0,6.698970004336019,0.0,0.0,6.698970004336019,0.0,False
O=C(NC1CCCCC1)c1cccnc1OCc1ccc(F)cc1,1,1,1,1,6.6020599913279625,6.6020599913279625,0.0,6.6020599913279625,0.0,0.0,6.6020599913279625,0.0,False
O=C(NC1CCCCC1)c1cccnc1OCc1ccccc1,1,1,1,1,6.03810452633215,6.03810452633215,0.0,6.03810452633215,0.0,0.0,6.03810452633215,0.0,False
O=C(NC1CCCCC1)c1cn(-c2ccc(Cl)cc2)c(-c2ccc(Cl)cc2Cl)n1,1,1,1,1,6.619788758288394,6.619788758288394,0.0,6.619788758288394,0.0,0.0,6.619788758288394,0.0,False
O=C(NC1CCCCC1)c1cn(-c2ccc(Cl)cc2)c(-c2ccccc2Cl)n1,1,1,1,1,5.638272163982407,5.638272163982407,0.0,5.638272163982407,0.0,0.0,5.638272163982407,0.0,False
O=C(NC1CCCCC1)c1cn2c3c(cccc3c1=O)OCC2C1CC1,1,1,1,1,7.815308569182401,7.815308569182401,0.0,7.815308569182401,0.0,0.0,7.815308569182401,0.0,False
O=C(NC1CCCCC1)c1cn2c3c(cccc3c1=O)OCC2c1ccccc1,1,1,1,1,8.598599459218455,8.598599459218455,0.0,8.598599459218455,0.0,0.0,8.598599459218455,0.0,False
O=C(NC1CCCCC1)c1nn(-c2ccc(Cl)cc2Cl)c2c1CCCc1cc(Cl)ccc1-2,1,1,1,1,7.747146969020107,7.747146969020107,0.0,7.747146969020107,0.0,0.0,7.747146969020107,0.0,False
O=C(NC1CCCCC1)n1c(=O)n(CCN2CCOCC2)c2ccccc21,1,1,1,1,7.221848749616356,7.221848749616356,0.0,7.221848749616356,0.0,0.0,7.221848749616356,0.0,False
O=C(NC1CCCCC1O)c1cn(-c2ccc(Cl)cc2)c(-c2ccc(Cl)cc2Cl)n1,1,1,1,1,5.958607314841775,5.958607314841775,0.0,5.958607314841775,0.0,0.0,5.958607314841775,0.0,False
O=C(NC1CCCCCC1)c1c(-c2ccccc2)c(Br)cn(Cc2ccc(F)cc2)c1=O,1,1,1,1,6.359518563029578,6.359518563029578,0.0,6.359518563029578,0.0,0.0,6.359518563029578,0.0,False
O=C(NC1CCCCCC1)c1c(-c2ccccc2)ccn(Cc2ccc(F)cc2)c1=O,1,1,1,1,6.7281583934635005,6.7281583934635005,0.0,6.7281583934635005,0.0,0.0,6.7281583934635005,0.0,False
O=C(NC1CCCCCC1)c1c(O)c2cccnc2n(CCN2CCOCC2)c1=O,1,1,1,1,8.744727494896694,8.744727494896694,0.0,8.744727494896694,0.0,0.0,8.744727494896694,0.0,False
O=C(NC1CCCCCC1)c1cc(-c2ccc(F)cc2)cn(CCN2CCOCC2)c1=O,1,1,1,1,7.200659450546418,7.200659450546418,0.0,7.200659450546418,0.0,0.0,7.200659450546418,0.0,False
O=C(NC1CCCCCC1)c1cc(-c2ccc(F)cc2)cn(Cc2ccc(F)cc2)c1=O,1,1,1,1,8.55284196865778,8.55284196865778,0.0,8.55284196865778,0.0,0.0,8.55284196865778,0.0,False
O=C(NC1CCCCCC1)c1cc(-c2ccccc2)cn(Cc2ccc(F)cc2)c1=O,1,1,1,1,8.920818753952375,8.920818753952375,0.0,8.920818753952375,0.0,0.0,8.920818753952375,0.0,False
O=C(NC1CCCCCC1)c1cc(-c2ccccc2)nn(C2CCCC2)c1=O,1,1,1,1,7.886056647693163,7.886056647693163,0.0,7.886056647693163,0.0,0.0,7.886056647693163,0.0,False
O=C(NC1CCCCCC1)c1cc(-c2ccccc2)nn(Cc2ccc(F)cc2)c1=O,1,1,1,1,7.795880017344075,7.795880017344075,0.0,7.795880017344075,0.0,0.0,7.795880017344075,0.0,False
O=C(NC1CCCCCC1)c1cc(/C=C/c2ccccc2)cn(Cc2ccc(F)cc2)c1=O,1,1,1,1,8.102372908709558,8.102372908709558,0.0,8.102372908709558,0.0,0.0,8.102372908709558,0.0,False
O=C(NC1CCCCCC1)c1cc(Br)cn(CCN2CCOCC2)c1=O,1,1,1,1,7.187086643357144,7.187086643357144,0.0,7.187086643357144,0.0,0.0,7.187086643357144,0.0,False
O=C(NC1CCCCCC1)c1cc(Br)cn(Cc2ccc(F)cc2)c1=O,1,1,1,1,8.657577319177793,8.657577319177793,0.0,8.657577319177793,0.0,0.0,8.657577319177793,0.0,False
O=C(NC1CCCCCC1)c1cc2ccccc2n(CCN2CCOCC2)c1=O,1,1,1,1,8.698970004336019,8.698970004336019,0.0,8.698970004336019,0.0,0.0,8.698970004336019,0.0,False
O=C(NC1CCCCCC1)c1cc2ccccc2n(Cc2ccc(F)cc2)c1=O,1,1,1,1,9.602059991327963,9.602059991327963,0.0,9.602059991327963,0.0,0.0,9.602059991327963,0.0,False
O=C(NC1CCCCCC1)c1cc2cccnc2n(CCN2CCOCC2)c1=O,1,1,1,1,8.522878745280337,8.522878745280337,0.0,8.522878745280337,0.0,0.0,8.522878745280337,0.0,False
O=C(NC1CCCCCC1)c1cc2cccnc2n(Cc2ccc(F)cc2)c1=O,1,1,1,1,9.154901959985743,9.154901959985743,0.0,9.154901959985743,0.0,0.0,9.154901959985743,0.0,False
O=C(NC1CCCCCC1)c1cc2cccnc2n(Cc2ccccc2)c1=O,1,1,1,1,7.657577319177793,7.657577319177793,0.0,7.657577319177793,0.0,0.0,7.657577319177793,0.0,False
O=C(NC1CCCCCC1)c1cccn(CCN2CCOCC2)c1=O,1,1,1,1,6.102372908709558,6.102372908709558,0.0,6.102372908709558,0.0,0.0,6.102372908709558,0.0,False
O=C(NC1CCCCCC1)c1cccn(Cc2ccc(Cl)cc2)c1=O,1,1,1,1,8.3767507096021,8.3767507096021,0.0,8.3767507096021,0.0,0.0,8.3767507096021,0.0,False
O=C(NC1CCCCCC1)c1cccn(Cc2ccc(F)cc2)c1=O,1,1,1,1,8.10790539730952,8.10790539730952,0.0,8.10790539730952,0.0,0.0,8.10790539730952,0.0,False
O=C(NC1CCCCCC1)c1cccn(Cc2ccc(I)cc2)c1=O,1,1,1,1,6.7281583934635005,6.7281583934635005,0.0,6.7281583934635005,0.0,0.0,6.7281583934635005,0.0,False
O=C(NC1CCCCCC1)c1cccn(Cc2cccc(I)c2)c1=O,1,1,1,1,6.401209493236885,6.401209493236885,0.0,6.401209493236885,0.0,0.0,6.401209493236885,0.0,False
O=C(NC1CCCCCC1)c1cccn(Cc2ccccc2)c1=O,1,1,1,1,8.096910013008056,8.096910013008056,0.0,8.096910013008056,0.0,0.0,8.096910013008056,0.0,False
O=C(NC1CCCCCC1)c1cccnc1OCc1ccc(F)cc1,1,1,1,1,7.6020599913279625,7.6020599913279625,0.0,7.6020599913279625,0.0,0.0,7.6020599913279625,0.0,False
O=C(NC1CCCCCC1)c1cccnc1OCc1ccccc1,1,1,1,1,6.317854923626168,6.317854923626168,0.0,6.317854923626168,0.0,0.0,6.317854923626168,0.0,False
O=C(NC1CCCCCC1)c1cn(CCN2CCOCC2)c2ccccc2c1=O,1,1,1,1,7.552841968657781,7.552841968657781,0.0,7.552841968657781,0.0,0.0,7.552841968657781,0.0,False
O=C(NC1CCCCCC1)c1cn(Cc2ccccc2)c2ccccc2c1=O,1,1,1,1,8.193820026016112,8.193820026016112,0.0,8.193820026016112,0.0,0.0,8.193820026016112,0.0,False
O=C(NC1CCCCCC1)c1cn2c3c(cccc3c1=O)OCC2C1CC1,1,1,1,1,8.505845405981557,8.505845405981557,0.0,8.505845405981557,0.0,0.0,8.505845405981557,0.0,False
O=C(NC1CCCCCC1)c1cn2c3c(cccc3c1=O)OCC2c1ccccc1,1,1,1,1,9.09151498112135,9.09151498112135,0.0,9.09151498112135,0.0,0.0,9.09151498112135,0.0,False
O=C(NC1CCCOc2c1nn(-c1ccccc1Cl)c2-c1ccc(Cl)cc1)C1CCCCC1,1,1,1,1,6.020907099361674,6.020907099361674,0.0,6.020907099361674,0.0,0.0,6.020907099361674,0.0,False
O=C(NC1CCCOc2c1nn(-c1ccccc1Cl)c2-c1ccc(Cl)cc1)C1CCOCC1,1,1,1,1,4.818156412055227,4.818156412055227,0.0,4.818156412055227,0.0,0.0,4.818156412055227,0.0,False
O=C(NC1CCCOc2c1nn(-c1ccccc1Cl)c2-c1ccc(Cl)cc1)c1ccno1,1,1,1,1,4.91721462968355,4.91721462968355,0.0,4.91721462968355,0.0,0.0,4.91721462968355,0.0,False
O=C(NC1CCCOc2c1nn(-c1ccccc1Cl)c2-c1ccc(Cl)cc1)c1ccon1,1,1,1,1,4.772113295386326,4.772113295386326,0.0,4.772113295386326,0.0,0.0,4.772113295386326,0.0,False
O=C(NC1CCCc2ccccc21)c1nc2ccccc2s1,1,1,1,1,5.97469413473523,5.97469413473523,0.0,5.97469413473523,0.0,0.0,5.97469413473523,0.0,False
O=C(NC1CCN(c2ncnc3c2nc(-c2ccccc2Cl)n3-c2ccc(C(F)(F)F)nc2)CC1)c1ccccc1,1,1,1,1,6.130768280269024,6.130768280269024,0.0,6.130768280269024,0.0,0.0,6.130768280269024,0.0,False
O=C(NC1CCN(c2ncnc3c2nc(-c2ccccc2Cl)n3-c2ccc(Cl)cc2)CC1)C1CCCC1,1,1,1,1,7.220403508742176,7.220403508742176,0.0,7.220403508742176,0.0,0.0,7.220403508742176,0.0,False
O=C(NC1CCN(c2ncnc3c2nc(-c2ccccc2Cl)n3-c2ccc(Cl)cc2)CC1)C1CCCCC1,1,1,1,1,6.078313524516398,6.078313524516398,0.0,6.078313524516398,0.0,0.0,6.078313524516398,0.0,False
O=C(NC1CCN(c2ncnc3c2nc(-c2ccccc2Cl)n3-c2ccc(Cl)cc2)CC1)C1CCSCC1,1,1,1,1,5.721246399047171,5.721246399047171,0.0,5.721246399047171,0.0,0.0,5.721246399047171,0.0,False
O=C(NC1CCN(c2ncnc3c2nc(-c2ccccc2Cl)n3-c2ccc(Cl)cc2)CC1)OC1CCC1,1,1,1,1,5.978810700930062,5.978810700930062,0.0,5.978810700930062,0.0,0.0,5.978810700930062,0.0,False
O=C(NC1CCN(c2ncnc3c2nc(-c2ccccc2Cl)n3-c2ccc(Cl)cc2)CC1)OCc1ccccc1,1,1,1,1,6.1487416512809245,6.1487416512809245,0.0,6.1487416512809245,0.0,0.0,6.1487416512809245,0.0,False
O=C(NC1CCN(c2ncnc3c2nc(-c2ccccc2Cl)n3-c2ccc(Cl)cc2)CC1)Oc1ccccc1,1,1,1,1,4.972691172964454,4.972691172964454,0.0,4.972691172964454,0.0,0.0,4.972691172964454,0.0,False
O=C(NC1CCN(c2ncnc3c2nc(-c2ccccc2Cl)n3-c2ccc(Cl)cc2)CC1)c1ccc(F)c(F)c1,1,1,1,1,5.229147988357855,5.229147988357855,0.0,5.229147988357855,0.0,0.0,5.229147988357855,0.0,False
O=C(NC1CCN(c2ncnc3c2nc(-c2ccccc2Cl)n3-c2ccc(Cl)cc2)CC1)c1ccc(F)cc1,1,1,1,1,5.0,5.0,0.0,5.0,0.0,0.0,5.0,0.0,False
O=C(NC1CCN(c2ncnc3c2nc(-c2ccccc2Cl)n3-c2ccc(Cl)cc2)CC1)c1ccccc1F,1,1,1,1,5.221848749616356,5.221848749616356,0.0,5.221848749616356,0.0,0.0,5.221848749616356,0.0,False
O=C(NC1CCOc2ccccc21)n1c(=O)n(CCN2CCOCC2)c2ccccc21,1,1,1,1,7.130768280269024,7.130768280269024,0.0,7.130768280269024,0.0,0.0,7.130768280269024,0.0,False
O=C(NC1c2ccccc2CCC1O)n1c(=O)n(CCN2CCOCC2)c2ccccc21,1,1,1,1,7.292429823902063,7.292429823902063,0.0,7.292429823902063,0.0,0.0,7.292429823902063,0.0,False
O=C(NCC12CC3CC(CC(C3)C1)C2)c1nn(-c2ccc(Cl)cc2Cl)c2c1CCCc1cc(Cl)ccc1-2,1,1,1,1,7.876148359032914,7.876148359032914,0.0,7.876148359032914,0.0,0.0,7.876148359032914,0.0,False
O=C(NCC1CCCCC1)N1CCN(c2ncnc3c2nc(-c2ccccc2Cl)n3-c2ccc(Cl)cc2)CC1,1,1,1,1,6.130768280269024,6.130768280269024,0.0,6.130768280269024,0.0,0.0,6.130768280269024,0.0,False
O=C(NCC1CCCCC1)c1nn(-c2ccc(Cl)cc2Cl)c2c1CCCc1cc(Cl)ccc1-2,1,1,1,1,7.497572880015567,7.497572880015567,0.0,7.497572880015567,0.0,0.0,7.497572880015567,0.0,False
O=C(NCCC(c1ccccc1)c1ccccc1)C(Cl)(c1ccccc1)c1ccccc1,1,1,1,1,5.853871964321762,5.853871964321762,0.0,5.853871964321762,0.0,0.0,5.853871964321762,0.0,False
O=C(NCCC(c1ccccc1)c1ccccc1)C(O)(c1ccccc1)c1ccccc1,1,1,1,1,5.638272163982407,5.638272163982407,0.0,5.638272163982407,0.0,0.0,5.638272163982407,0.0,False
O=C(NCCC(c1ccccc1)c1ccccc1)C(c1ccccc1)c1ccc(O)cc1,1,1,1,1,5.958607314841775,5.958607314841775,0.0,5.958607314841775,0.0,0.0,5.958607314841775,0.0,False
O=C(NCCC(c1ccccc1)c1ccccc1)C(c1ccccc1)c1ccc([N+](=O)[O-])cc1,1,1,1,1,6.102372908709558,6.102372908709558,0.0,6.102372908709558,0.0,0.0,6.102372908709558,0.0,False
O=C(NCCC(c1ccccc1)c1ccccc1)C(c1ccccc1)c1ccccc1,1,1,1,1,5.102372908709558,5.102372908709558,0.0,5.102372908709558,0.0,0.0,5.102372908709558,0.0,False
O=C(NCCCc1ccccc1)C(c1ccccc1)c1ccc(Br)cc1,1,1,1,1,5.7447274948966935,5.7447274948966935,0.0,5.7447274948966935,0.0,0.0,5.7447274948966935,0.0,False
O=C(NCCCc1ccccc1)C(c1ccccc1)c1ccc(Cl)cc1,1,1,1,1,5.619788758288394,5.619788758288394,0.0,5.619788758288394,0.0,0.0,5.619788758288394,0.0,False
O=C(NCCO)C1CCN(Cc2nc(-c3cn(CC4CCOCC4)c4c(Cl)cccc34)no2)CC1,1,1,1,1,7.700057099977233,7.700057099977233,0.0,7.700057099977233,0.0,0.0,7.700057099977233,0.0,False
O=C(NCCO)[C@H]1CCCN(Cc2nc(-c3cn(CC4CCS(=O)(=O)CC4)c4c(Cl)cccc34)ns2)C1,1,1,1,1,7.700057099977233,7.700057099977233,0.0,7.700057099977233,0.0,0.0,7.700057099977233,0.0,False
O=C(NCCc1ccc(F)cc1)c1cc2cccnc2n(Cc2ccccc2)c1=O,1,1,1,1,7.156144577376839,7.156144577376839,0.0,7.156144577376839,0.0,0.0,7.156144577376839,0.0,False
O=C(NC[C@H]1CCCO1)c1nn(-c2ccc(Cl)cc2Cl)c2c1CCCc1cc(Cl)ccc1-2,1,1,1,1,7.283162276700476,7.283162276700476,0.0,7.283162276700476,0.0,0.0,7.283162276700476,0.0,False
O=C(NCc1ccc(Cl)cc1)[C@@H]1CC[C@@H](c2ccc(Cl)cc2Cl)N(c2ccc(Cl)cc2)C1,1,1,1,1,5.733768303310107,5.733768303310107,0.0,5.733768303310107,0.0,0.0,5.733768303310107,0.0,False
O=C(NCc1cccc(Cl)c1)c1ccc2c(c1)N=C(N1CCC(F)(F)CC1)c1ccccc1S2,1,1,1,1,5.899998417198648,5.899998417198648,0.0,5.899998417198648,0.0,0.0,5.899998417198648,0.0,False
O=C(NCc1ccccc1)c1cc2c(n(CCCN3CCOCC3)c1=O)CCCCCC2,1,1,1,1,6.679853713888946,6.679853713888946,0.0,6.679853713888946,0.0,0.0,6.679853713888946,0.0,False
O=C(NCc1ccccc1)c1ccc(Br)c(S(=O)(=O)N2CCCCC2)c1,1,1,1,1,6.443697499232712,6.443697499232712,0.0,6.443697499232712,0.0,0.0,6.443697499232712,0.0,False
O=C(NCc1ccccc1)c1ccc(Br)c(S(=O)(=O)N2CCOCC2)c1,1,1,1,1,6.096910013008056,6.096910013008056,0.0,6.096910013008056,0.0,0.0,6.096910013008056,0.0,False
O=C(NCc1ccccc1)c1cccn1Cc1ccc(F)cc1,1,1,1,1,6.151195298948196,6.151195298948196,0.0,6.151195298948196,0.0,0.0,6.151195298948196,0.0,False
O=C(NCc1cccnc1)c1ccc(Br)c(S(=O)(=O)N2CCCCC2)c1,1,1,1,1,6.494850021680094,6.494850021680094,0.0,6.494850021680094,0.0,0.0,6.494850021680094,0.0,False
O=C(NCc1ccco1)c1cccn1Cc1ccc(-c2ccccc2)cc1,1,1,1,1,6.638272163982407,6.638272163982407,0.0,6.638272163982407,0.0,0.0,6.638272163982407,0.0,False
O=C(NN1CCCC1)c1nn(-c2ccc(Cl)cc2Cl)c2c1CCCc1cc(Cl)ccc1-2,1,1,1,1,6.739928612014925,6.739928612014925,0.0,6.739928612014925,0.0,0.0,6.739928612014925,0.0,False
O=C(NN1CCCC1)c1nn(-c2ccc(Cl)cc2Cl)c2c1Cc1cc(C3CC3)ccc1-2,1,1,1,1,6.818156412055227,6.818156412055227,0.0,6.818156412055227,0.0,0.0,6.818156412055227,0.0,False
O=C(NN1CCCC1)c1nn(-c2ccc(Cl)cc2Cl)c2c1Cc1cc(C3CCCCC3)ccc1-2,1,1,1,1,6.288192770958808,6.288192770958808,0.0,6.288192770958808,0.0,0.0,6.288192770958808,0.0,False
O=C(NN1CCCCC1)N1CCN(C(c2ccccc2)c2ccc(Cl)cc2Cl)CC1,1,1,1,1,5.981715691573469,5.981715691573469,0.0,5.981715691573469,0.0,0.0,5.981715691573469,0.0,False
O=C(NN1CCCCC1)c1cc(-c2ccccc2)n(-c2ccccc2)n1,1,1,1,1,4.554863031286696,4.554863031286696,0.0,4.554863031286696,0.0,0.0,4.554863031286696,0.0,False
O=C(NN1CCCCC1)c1cn(-c2ccc(Cl)cc2)c(-c2ccc(Cl)cc2Cl)n1,1,1,1,1,6.266000713461613,6.266000713461613,0.0,6.266000713461613,0.0,0.0,6.266000713461613,0.0,False
O=C(NN1CCCCC1)c1cn(-c2ccc(Cl)cc2Cl)c(-c2ccc(C#Cc3ccc(C(F)(F)F)cc3)s2)c1CNS(=O)(=O)N1CCCC1,1,1,1,1,7.6777807052660805,7.6777807052660805,0.0,7.6777807052660805,0.0,0.0,7.6777807052660805,0.0,False
O=C(NN1CCCCC1)c1cnn(-c2ccc(Cl)cc2Cl)c1-c1ccc(I)cc1,1,1,1,1,5.721246399047171,5.721246399047171,0.0,5.721246399047171,0.0,0.0,5.721246399047171,0.0,False
O=C(NN1CCCCC1)c1nc(-c2ccc(Cl)cc2)c(-c2ccc(Cl)cc2Cl)s1,1,1,1,1,5.330869152626668,5.330869152626668,0.0,5.330869152626668,0.0,0.0,5.330869152626668,0.0,False
O=C(NN1CCCCC1)c1nc(-c2ccc(Cl)cc2Cl)c(-c2ccc(Cl)cc2)s1,1,1,1,1,5.2335127937603065,5.2335127937603065,0.0,5.2335127937603065,0.0,0.0,5.2335127937603065,0.0,False
O=C(NN1CCCCC1)c1nc(-c2ccc(Cl)cc2Cl)n(-c2ccc(Cl)cc2)c1Br,1,1,1,1,6.127261172527332,6.127261172527332,0.0,6.127261172527332,0.0,0.0,6.127261172527332,0.0,False
O=C(NN1CCCCC1)c1nc(-c2ccc(Cl)cc2Cl)n(-c2ccc(Cl)cc2)c1CF,1,1,1,1,6.042871802323187,6.042871802323187,0.0,6.042871802323187,0.0,0.0,6.042871802323187,0.0,False
O=C(NN1CCCCC1)c1nc(-c2ccc(Cl)cc2Cl)n(-c2ccc(Cl)cc2)c1CO,1,1,1,1,5.124707174628992,5.124707174628992,0.0,5.124707174628992,0.0,0.0,5.124707174628992,0.0,False
O=C(NN1CCCCC1)c1nc(-c2ccc(Cl)cc2Cl)n(-c2ccc(Cl)cc2)c1Cl,1,1,1,1,6.08460016478773,6.08460016478773,0.0,6.08460016478773,0.0,0.0,6.08460016478773,0.0,False
O=C(NN1CCCCC1)c1nc(-c2ccc(Cl)cc2Cl)n(-c2ccc(Cl)cc2)c1I,1,1,1,1,5.742081549685942,5.742081549685942,0.0,5.742081549685942,0.0,0.0,5.742081549685942,0.0,False
O=C(NN1CCCCC1)c1nc(-c2ccc(Cl)cc2Cl)n(-c2ccc(Cl)cc2)n1,1,1,1,1,5.448306084872775,5.448306084872775,0.0,5.448306084872775,0.0,0.0,5.448306084872775,0.0,False
O=C(NN1CCCCC1)c1nn(-c2ccc(Cl)cc2Cl)c2c1CCCCc1cc(Cl)ccc1-2,1,1,1,1,6.308034897232639,6.308034897232639,0.0,6.308034897232639,0.0,0.0,6.308034897232639,0.0,False
O=C(NN1CCCCC1)c1nn(-c2ccc(Cl)cc2Cl)c2c1CCCc1cc(Cl)ccc1-2,2,1,1,1,7.0695604052333,7.2541448048262716,0.18458439959297124,7.161852605029786,0.18458439959297124,0.0,7.161852605029786,0.0,False
O=C(NN1CCCCC1)c1nn(-c2ccc(Cl)cc2Cl)c2c1Cc1cc(C3CC3)ccc1-2,1,1,1,1,7.158452834743446,7.158452834743446,0.0,7.158452834743446,0.0,0.0,7.158452834743446,0.0,False
O=C(NN1CCCCC1)c1nn(-c2ccc(Cl)cc2Cl)c2c1Cc1cc(C3CCCCC3)ccc1-2,1,1,1,1,6.293282217663242,6.293282217663242,0.0,6.293282217663242,0.0,0.0,6.293282217663242,0.0,False
O=C(NN1CCCCC1)c1nn(-c2ccc(Cl)cc2Cl)c2c1ccc1cc(C3CC3)ccc12,1,1,1,1,6.0835460514500745,6.0835460514500745,0.0,6.0835460514500745,0.0,0.0,6.0835460514500745,0.0,False
O=C(NN1CCCCCC1)c1nn(-c2ccc(Cl)cc2Cl)c2c1CCCc1cc(Cl)ccc1-2,1,1,1,1,7.55129368009492,7.55129368009492,0.0,7.55129368009492,0.0,0.0,7.55129368009492,0.0,False
O=C(NN1CCOCC1)c1nn(-c2ccc(Cl)cc2Cl)c2c1Cc1cc(C3CC3)ccc1-2,1,1,1,1,6.703334809738469,6.703334809738469,0.0,6.703334809738469,0.0,0.0,6.703334809738469,0.0,False
O=C(N[C@@H](C(=O)O)c1ccccc1)c1cc2c(n(CC3CCCCC3)c1=O)CCCCCC2,1,1,1,1,8.522878745280337,8.522878745280337,0.0,8.522878745280337,0.0,0.0,8.522878745280337,0.0,False
O=C(N[C@@H](Cc1ccccc1)C(=O)O)c1cc2c(n(CC3CCCCC3)c1=O)CCCCCC2,1,1,1,1,7.481486060122112,7.481486060122112,0.0,7.481486060122112,0.0,0.0,7.481486060122112,0.0,False
O=C(N[C@@H]1CCCC[C@H]1O)c1cc(-c2ccc(Cl)cc2)c(OCC2CC2)cn1,1,1,1,1,5.816445466381138,5.816445466381138,0.0,5.816445466381138,0.0,0.0,5.816445466381138,0.0,False
O=C(N[C@@H]1CCCC[C@H]1O)c1ccc(OCC2CC2)c(-c2ccc(Cl)cc2)n1,1,1,1,1,6.06398920428479,6.06398920428479,0.0,6.06398920428479,0.0,0.0,6.06398920428479,0.0,False
O=C(N[C@@H]1CCCC[C@H]1O)c1cnc(OCC2CC2)c(-c2cc(C(F)(F)F)ccc2Cl)c1,1,1,1,1,5.681936665037238,5.681936665037238,0.0,5.681936665037238,0.0,0.0,5.681936665037238,0.0,False
O=C(N[C@@H]1CCCC[C@H]1O)c1cnc(OCC2CC2)c(-c2ccc(Cl)c(Cl)c2)c1,1,1,1,1,5.899629454882437,5.899629454882437,0.0,5.899629454882437,0.0,0.0,5.899629454882437,0.0,False
O=C(N[C@@H]1CCCC[C@H]1O)c1cnc(OCC2CC2)c(-c2ccc(Cl)cc2)n1,1,1,1,1,6.096367483915762,6.096367483915762,0.0,6.096367483915762,0.0,0.0,6.096367483915762,0.0,False
O=C(N[C@@H]1CCCc2ccccc21)N1Cc2ccccc2N(CCN2CCOCC2)C1=O,1,1,1,1,8.045757490560675,8.045757490560675,0.0,8.045757490560675,0.0,0.0,8.045757490560675,0.0,False
O=C(N[C@@H]1CCCc2ccccc21)n1c(=O)n(CCN2CCOCC2)c2ccccc21,1,1,1,1,8.154901959985743,8.154901959985743,0.0,8.154901959985743,0.0,0.0,8.154901959985743,0.0,False
O=C(N[C@@H]1c2ccccc2C[C@@H]1O)c1cn(-c2ccc(Cl)cc2)c(-c2ccccc2Cl)n1,1,1,1,1,5.292429823902063,5.292429823902063,0.0,5.292429823902063,0.0,0.0,5.292429823902063,0.0,False
O=C(N[C@H](C(=O)O)C1CCCCC1)c1cc2c(n(CC3CCCCC3)c1=O)CCCCCC2,1,1,1,1,6.954677021213342,6.954677021213342,0.0,6.954677021213342,0.0,0.0,6.954677021213342,0.0,False
O=C(N[C@H](C(=O)O)c1ccccc1)c1cc2c(n(CC3CCCCC3)c1=O)CCCCCC2,1,1,1,1,8.920818753952375,8.920818753952375,0.0,8.920818753952375,0.0,0.0,8.920818753952375,0.0,False
O=C(N[C@H]1CCCC[C@@H]1O)c1cn(-c2ccc(Cl)cc2)c(-c2ccccc2Cl)n1,1,1,1,1,5.275724130399211,5.275724130399211,0.0,5.275724130399211,0.0,0.0,5.275724130399211,0.0,False
O=C(N[C@H]1CCCC[C@@H]1O)c1cnc(OCC2CC2)c(-c2ccc(Cl)cc2)c1,1,1,1,1,5.578889870206566,5.578889870206566,0.0,5.578889870206566,0.0,0.0,5.578889870206566,0.0,False
O=C(N[C@H]1CCCC[C@@H]1O)n1c(=O)n(CCN2CCOCC2)c2ccccc21,1,1,1,1,6.315154638355588,6.315154638355588,0.0,6.315154638355588,0.0,0.0,6.315154638355588,0.0,False
O=C(N[C@H]1CCC[C@@H]1O)c1cn(-c2ccc(Cl)cc2)c(-c2ccccc2Cl)n1,1,1,1,1,5.200659450546418,5.200659450546418,0.0,5.200659450546418,0.0,0.0,5.200659450546418,0.0,False
O=C(N[C@H]1c2ccccc2C[C@H]1O)c1cn(-c2ccc(Cl)cc2)c(-c2ccccc2Cl)n1,1,1,1,1,5.920818753952375,5.920818753952375,0.0,5.920818753952375,0.0,0.0,5.920818753952375,0.0,False
O=C(Nc1ccc(Cl)cc1)Nc1cccc(-c2cccc(N3CCCC3)c2)c1,1,1,1,1,4.302770657240282,4.302770657240282,0.0,4.302770657240282,0.0,0.0,4.302770657240282,0.0,False
O=C(Nc1ccc(Cl)cc1)Nc1cccc(Nc2cccc(N3CCCC3)n2)c1,1,1,1,1,4.279014255846261,4.279014255846261,0.0,4.279014255846261,0.0,0.0,4.279014255846261,0.0,False
O=C(Nc1ccc(F)c(F)c1)N1CCN(c2ncnc3c2nc(-c2ccccc2Cl)n3-c2ccc(Cl)cc2)CC1,1,1,1,1,5.376750709602099,5.376750709602099,0.0,5.376750709602099,0.0,0.0,5.376750709602099,0.0,False
O=C(Nc1ccc(F)cc1)N1CCN(c2ncnc3c2nc(-c2ccccc2Cl)n3-c2ccc(Cl)cc2)CC1,1,1,1,1,5.698970004336019,5.698970004336019,0.0,5.698970004336019,0.0,0.0,5.698970004336019,0.0,False
O=C(Nc1ccc(F)cc1F)N1CCN(c2ncnc3c2nc(-c2ccccc2Cl)n3-c2ccc(Cl)cc2)CC1,1,1,1,1,5.494850021680094,5.494850021680094,0.0,5.494850021680094,0.0,0.0,5.494850021680094,0.0,False
O=C(Nc1cccc(-c2ccccc2)c1)c1cccn1Cc1ccc(F)cc1,1,1,1,1,6.853871964321762,6.853871964321762,0.0,6.853871964321762,0.0,0.0,6.853871964321762,0.0,False
O=C(Nc1cccc(CO)c1)c1cccn1Cc1ccc(F)cc1,1,1,1,1,6.6020599913279625,6.6020599913279625,0.0,6.6020599913279625,0.0,0.0,6.6020599913279625,0.0,False
O=C(Nc1cccc2ccccc12)N1Cc2ccccc2N(CCN2CCOCC2)C1=O,1,1,1,1,7.3872161432802645,7.3872161432802645,0.0,7.3872161432802645,0.0,0.0,7.3872161432802645,0.0,False
O=C(Nc1cccc2ccccc12)c1cccn1Cc1ccc(F)cc1,1,1,1,1,7.221848749616356,7.221848749616356,0.0,7.221848749616356,0.0,0.0,7.221848749616356,0.0,False
O=C(Nc1cccc2ccccc12)n1c(=O)n(CCN2CCOCC2)c2ccccc21,1,1,1,1,8.096910013008056,8.096910013008056,0.0,8.096910013008056,0.0,0.0,8.096910013008056,0.0,False
O=C(Nc1ccccc1)N1CCN(c2ncnc3c2nc(-c2ccccc2Cl)n3-c2ccc(Cl)cc2)CC1,1,1,1,1,5.619788758288394,5.619788758288394,0.0,5.619788758288394,0.0,0.0,5.619788758288394,0.0,False
O=C(Nc1ccccc1F)N1CCN(c2ncnc3c2nc(-c2ccccc2Cl)n3-c2ccc(Cl)cc2)CC1,1,1,1,1,5.886056647693163,5.886056647693163,0.0,5.886056647693163,0.0,0.0,5.886056647693163,0.0,False
O=C(Nc1ccccc1Oc1ccccc1)c1ccc(S(=O)(=O)N2CCc3ccccc32)cc1,1,1,1,1,5.0,5.0,0.0,5.0,0.0,0.0,5.0,0.0,False
O=C(Nc1ccccn1)N1CCN(c2ncnc3c2nc(-c2ccccc2Cl)n3-c2ccc(Cl)cc2)CC1,1,1,1,1,5.1487416512809245,5.1487416512809245,0.0,5.1487416512809245,0.0,0.0,5.1487416512809245,0.0,False
O=C(Nc1cccnn1)N1CCC(=Cc2cccc(Oc3ccc(C(F)(F)F)cn3)c2)CC1,1,1,1,1,5.292429823902063,5.292429823902063,0.0,5.292429823902063,0.0,0.0,5.292429823902063,0.0,False
O=C(Nc1sc2c(c1C(=O)N1CC(F)(F)C1)CCOC2)c1c(F)cccc1C(F)(F)F,1,1,1,1,6.35261702988538,6.35261702988538,0.0,6.35261702988538,0.0,0.0,6.35261702988538,0.0,False
O=C(Nc1sc2c(c1C(=O)N1CC(F)(F)C1)CCOC2)c1ccccc1C(F)(F)F,1,1,1,1,7.088842391260023,7.088842391260023,0.0,7.088842391260023,0.0,0.0,7.088842391260023,0.0,False
O=C(Nc1sc2c(c1C(=O)N1CC(F)(F)C1)CCOC2)c1ccccc1OC(F)(F)F,1,1,1,1,6.619788758288394,6.619788758288394,0.0,6.619788758288394,0.0,0.0,6.619788758288394,0.0,False
O=C(Nc1sc2c(c1C(=O)N1CCCCC1)CCOC2)c1ccccc1C(F)(F)F,1,1,1,1,6.617982957425132,6.617982957425132,0.0,6.617982957425132,0.0,0.0,6.617982957425132,0.0,False
O=C(Nc1sc2c(c1C(=O)N1CCCCC1)CCOC2)c1ccccc1OC(F)(F)F,1,1,1,1,6.459670525209127,6.459670525209127,0.0,6.459670525209127,0.0,0.0,6.459670525209127,0.0,False
O=C(O)CCc1csc(NC(=O)c2cc3c(n(CC4CCCCC4)c2=O)CCCCCC3)n1,1,1,1,1,7.7447274948966935,7.7447274948966935,0.0,7.7447274948966935,0.0,0.0,7.7447274948966935,0.0,False
O=C(O)CNC(=O)c1cc2c(n(CC3CCCCC3)c1=O)CCCCCC2,1,1,1,1,6.752026733638194,6.752026733638194,0.0,6.752026733638194,0.0,0.0,6.752026733638194,0.0,False
O=C(O)Cc1ccc(NC(=O)c2cc3c(n(CC4CCCCC4)c2=O)CCCCCC3)cc1,1,1,1,1,7.130768280269024,7.130768280269024,0.0,7.130768280269024,0.0,0.0,7.130768280269024,0.0,False
O=C(O)Cc1cccc(NC(=O)c2cc3c(n(CC4CCCCC4)c2=O)CCCCCC3)c1,1,1,1,1,6.920818753952375,6.920818753952375,0.0,6.920818753952375,0.0,0.0,6.920818753952375,0.0,False
O=C(O)Cc1ccccc1NC(=O)c1cc2c(n(CC3CCCCC3)c1=O)CCCCCC2,1,1,1,1,7.337242168318426,7.337242168318426,0.0,7.337242168318426,0.0,0.0,7.337242168318426,0.0,False
O=C(O)Cc1cnc(NC(=O)c2cc3c(n(CC4CCCCC4)c2=O)CCCCCC3)s1,1,1,1,1,8.337242168318426,8.337242168318426,0.0,8.337242168318426,0.0,0.0,8.337242168318426,0.0,False
O=C(O)Cc1csc(NC(=O)c2cc3c(n(CC4CCCCC4)c2=O)CCCCCC3)n1,1,1,1,1,7.657577319177793,7.657577319177793,0.0,7.657577319177793,0.0,0.0,7.657577319177793,0.0,False
O=C(O)c1ccc(CNC(=O)c2cc3c(n(CC4CCCCC4)c2=O)CCCCCC3)cc1,1,1,1,1,6.0347982989740885,6.0347982989740885,0.0,6.0347982989740885,0.0,0.0,6.0347982989740885,0.0,False
O=C(O)c1ccc(NC(=O)c2cc3c(n(CC4CCCCC4)c2=O)CCCCCC3)cc1,1,1,1,1,6.97061622231479,6.97061622231479,0.0,6.97061622231479,0.0,0.0,6.97061622231479,0.0,False
O=C(O)c1cccc(NC(=O)c2cc3c(n(CC4CCCCC4)c2=O)CCCCCC3)c1,1,1,1,1,6.211831628858832,6.211831628858832,0.0,6.211831628858832,0.0,0.0,6.211831628858832,0.0,False
O=C(O)c1ccccc1NC(=O)c1cc2c(n(CC3CCCCC3)c1=O)CCCCCC2,1,1,1,1,6.7423214251308154,6.7423214251308154,0.0,6.7423214251308154,0.0,0.0,6.7423214251308154,0.0,False
O=C(O)c1cnc(NC(=O)c2cc3c(n(CC4CCCCC4)c2=O)CCCCCC3)s1,1,1,1,1,6.053056729302174,6.053056729302174,0.0,6.053056729302174,0.0,0.0,6.053056729302174,0.0,False
O=C(OC1CCC1)N1CCN(c2ncnc3c2nc(-c2ccccc2Cl)n3-c2ccc(Cl)cc2)CC1,1,1,1,1,5.468521082957745,5.468521082957745,0.0,5.468521082957745,0.0,0.0,5.468521082957745,0.0,False
O=C(OCC1CCC1)N1CCN(c2ncnc3c2nc(-c2ccccc2Cl)n3-c2ccc(Cl)cc2)CC1,1,1,1,1,5.337242168318426,5.337242168318426,0.0,5.337242168318426,0.0,0.0,5.337242168318426,0.0,False
O=C(OCCCn1c2ccccc2c2cc(C(=O)N3CCCCC3)ccc21)N1CCS(=O)(=O)CC1,1,1,1,1,7.136677139879544,7.136677139879544,0.0,7.136677139879544,0.0,0.0,7.136677139879544,0.0,False
O=C(O[C@@H]1Cc2c(O)cc(O)cc2O[C@@H]1c1cc(O)c(O)c(O)c1)c1cc(O)c(O)c(O)c1,1,1,1,1,4.368556230986828,4.368556230986828,0.0,4.368556230986828,0.0,0.0,4.368556230986828,0.0,False
O=C(O[C@@H]1Cc2c(O)cc(O)cc2O[C@@H]1c1ccc(O)c(O)c1)c1cc(O)c(O)c(O)c1,1,1,1,1,4.0195421077238995,4.0195421077238995,0.0,4.0195421077238995,0.0,0.0,4.0195421077238995,0.0,False
O=C(c1c(NC(=O)C23CC4CC(CC2C4)C3)sc2c1CCOC2)N1CC(F)(F)C1,1,1,1,1,8.250031916490597,8.250031916490597,0.0,8.250031916490597,0.0,0.0,8.250031916490597,0.0,False
O=C(c1c(NC(=O)C23CC4CC(CC2C4)C3)sc2c1CCOC2)N1CCOCC1,1,1,1,1,7.0400051616715835,7.0400051616715835,0.0,7.0400051616715835,0.0,0.0,7.0400051616715835,0.0,False
O=C(c1cc(O)c(-c2cc(C(F)(F)F)cc(C(F)(F)F)c2)c(O)c1)c1cccs1,1,1,1,1,6.7281583934635005,6.7281583934635005,0.0,6.7281583934635005,0.0,0.0,6.7281583934635005,0.0,False
O=C(c1cc(O)c(-c2cc(Cl)cc(Cl)c2)c(O)c1)C1CCCCC1,1,1,1,1,5.798876102792621,5.798876102792621,0.0,5.798876102792621,0.0,0.0,5.798876102792621,0.0,False
O=C(c1cc(O)c(-c2cc(Cl)ccc2Cl)c(O)c1)c1cccs1,1,1,1,1,6.349692476868063,6.349692476868063,0.0,6.349692476868063,0.0,0.0,6.349692476868063,0.0,False
O=C(c1cc(O)c(-c2cccc(C(F)(F)F)c2)c(O)c1)c1cccs1,1,1,1,1,6.8124792791635365,6.8124792791635365,0.0,6.8124792791635365,0.0,0.0,6.8124792791635365,0.0,False
O=C(c1cc(O)c(-c2cccc(CO)c2)c(O)c1)c1cccs1,1,1,1,1,5.076600533841283,5.076600533841283,0.0,5.076600533841283,0.0,0.0,5.076600533841283,0.0,False
O=C(c1cc2ccccc2s1)c1cccc2ccccc12,1,1,1,1,6.0,6.0,0.0,6.0,0.0,0.0,6.0,0.0,False
O=C(c1ccc(Cl)cc1)c1cc(O)c(-c2cc(Cl)cc(Cl)c2)c(O)c1,1,1,1,1,6.918292729902651,6.918292729902651,0.0,6.918292729902651,0.0,0.0,6.918292729902651,0.0,False
O=C(c1ccc2c(c1)c1ccccc1n2CC1CCOCC1)N1CCCCC1,1,1,1,1,7.698970004336019,7.698970004336019,0.0,7.698970004336019,0.0,0.0,7.698970004336019,0.0,False
O=C(c1ccc2c(c1)c1ccccc1n2CCCCl)N1CCCCC1,1,1,1,1,7.055517327849831,7.055517327849831,0.0,7.055517327849831,0.0,0.0,7.055517327849831,0.0,False
O=C(c1ccc2c(c1)c1ccccc1n2CCCN1CCCCC1)N1CCCCC1,1,1,1,1,5.663740447985807,5.663740447985807,0.0,5.663740447985807,0.0,0.0,5.663740447985807,0.0,False
O=C(c1ccc2c(c1)c1ccccc1n2CCCN1CCS(=O)(=O)CC1)N1CCCCC1,1,1,1,1,6.603800652904264,6.603800652904264,0.0,6.603800652904264,0.0,0.0,6.603800652904264,0.0,False
O=C(c1ccc2c(c1)c1ccccc1n2CCCl)N1CCCCC1,1,1,1,1,6.284832642151542,6.284832642151542,0.0,6.284832642151542,0.0,0.0,6.284832642151542,0.0,False
O=C(c1ccc2c(c1)c1ccccc1n2Cc1ccccn1)N1CCCCC1,1,1,1,1,6.667561540084394,6.667561540084394,0.0,6.667561540084394,0.0,0.0,6.667561540084394,0.0,False
O=C(c1ccc2c(c1)c1ccccc1n2Cc1cccnc1)N1CCCCC1,1,1,1,1,6.221848749616356,6.221848749616356,0.0,6.221848749616356,0.0,0.0,6.221848749616356,0.0,False
O=C(c1ccc2c(c1)c1ccccc1n2Cc1ccncc1)N1CCCCC1,1,1,1,1,7.040958607678906,7.040958607678906,0.0,7.040958607678906,0.0,0.0,7.040958607678906,0.0,False
O=C(c1ccc2ccccc2c1)c1cn2c3c(cccc13)OCC2CN1CCOCC1,1,1,1,1,8.481486060122112,8.481486060122112,0.0,8.481486060122112,0.0,0.0,8.481486060122112,0.0,False
O=C(c1cccc2ccccc12)c1cn(CC2CCOCC2)c2ccc(O)cc12,1,1,1,1,6.560036064079095,6.560036064079095,0.0,6.560036064079095,0.0,0.0,6.560036064079095,0.0,False
O=C(c1cccc2ccccc12)c1cn(CCN2CCOCC2)c2ccc(O)cc12,1,1,1,1,6.772113295386326,6.772113295386326,0.0,6.772113295386326,0.0,0.0,6.772113295386326,0.0,False
O=C(c1cccc2ccccc12)c1csc2ccccc12,1,1,1,1,6.698970004336019,6.698970004336019,0.0,6.698970004336019,0.0,0.0,6.698970004336019,0.0,False
O=C(c1cccc2ccccc12)n1c(C2CCC2)nc2ccccc21,1,1,1,1,5.853871964321762,5.853871964321762,0.0,5.853871964321762,0.0,0.0,5.853871964321762,0.0,False
O=C(c1cccc2ccccc12)n1c(C2CCCC2)nc2ccccc21,1,1,1,1,6.154901959985743,6.154901959985743,0.0,6.154901959985743,0.0,0.0,6.154901959985743,0.0,False
O=C(c1cccc2ccccc12)n1c(C2CCCCC2)nc2ccccc21,1,1,1,1,6.3979400086720375,6.3979400086720375,0.0,6.3979400086720375,0.0,0.0,6.3979400086720375,0.0,False
O=C(c1ccccc1)c1cc(O)c(-c2cc(C(F)(F)F)cc(C(F)(F)F)c2)c(O)c1,1,1,1,1,6.667561540084394,6.667561540084394,0.0,6.667561540084394,0.0,0.0,6.667561540084394,0.0,False
O=C(c1ccccc1)c1cc(O)c(-c2cc(Cl)cc(Cl)c2)c(O)c1,2,2,2,1,6.916139199133427,8.531652669587842,1.615513470454415,7.723895934360635,0.0,1.615513470454415,7.723895934360635,0.0,True
O=C(c1ccccc1)c1cc(O)c(-c2cc(Cl)ccc2Cl)c(O)c1,1,1,1,1,6.632644078973981,6.632644078973981,0.0,6.632644078973981,0.0,0.0,6.632644078973981,0.0,False
O=C(c1ccccc1)c1cc(O)c(-c2cc(F)cc(F)c2)c(O)c1,1,1,1,1,5.786747947803603,5.786747947803603,0.0,5.786747947803603,0.0,0.0,5.786747947803603,0.0,False
O=C(c1ccccc1)c1cc(O)c(-c2ccc3c(c2)OCCO3)c(O)c1,1,1,1,1,5.324221658325914,5.324221658325914,0.0,5.324221658325914,0.0,0.0,5.324221658325914,0.0,False
O=C(c1ccccc1)c1cc(O)c(-c2cccc(C(F)(F)F)c2)c(O)c1,1,1,1,1,6.690369832574101,6.690369832574101,0.0,6.690369832574101,0.0,0.0,6.690369832574101,0.0,False
O=C(c1ccccc1)c1cc(O)c(-c2cccc(CO)c2)c(O)c1,1,1,1,1,5.603103550857476,5.603103550857476,0.0,5.603103550857476,0.0,0.0,5.603103550857476,0.0,False
O=C(c1ccccc1)c1cc(O)c(-c2ccoc2)c(O)c1,1,1,1,1,5.876801924968001,5.876801924968001,0.0,5.876801924968001,0.0,0.0,5.876801924968001,0.0,False
O=C(c1ccccc1)n1c2ccccc2c2nnc(SCc3ccccc3[N+](=O)[O-])nc21,1,1,1,1,6.628932137728263,6.628932137728263,0.0,6.628932137728263,0.0,0.0,6.628932137728263,0.0,False
O=C(c1ccccc1Cl)c1cccn1CC12CC3CC(CC(C3)C1)C2,1,1,1,1,6.173925197299173,6.173925197299173,0.0,6.173925197299173,0.0,0.0,6.173925197299173,0.0,False
O=C(c1cn(CC2CCOCC2)c2ccccc12)C12CC3CC(CC(C3)O1)C2,2,1,1,1,8.229147988357855,8.230032198670557,0.0008842103127015832,8.229590093514206,0.0008842103127015832,0.0,8.229590093514206,0.0,False
O=C(c1cn(CC2CCOCC2)c2ccccc12)C12CC3CC(CC1C3)C2,2,1,1,1,8.669992299127241,8.67778070526608,0.0077884061388395764,8.67388650219666,0.0077884061388395764,0.0,8.67388650219666,0.0,False
O=C(c1cn(CC2CCOCC2)c2ccccc12)C1CCCC1,2,1,1,1,7.958607314841775,7.96018944585165,0.0015821310098749208,7.9593983803467125,0.0015821310098749208,0.0,7.9593983803467125,0.0,False
O=C(c1cn(CC2CCOCC2)c2ccccc12)[C@@H]1CC12CCCCC2,2,1,1,1,8.585026652029182,8.590066876668706,0.005040224639524027,8.587546764348943,0.005040224639524027,0.0,8.587546764348943,0.0,False
O=C(c1cn(CCC2CCCCC2)c2ccccc2c1=O)c1cccc2ccccc12,1,1,1,1,5.777283528852417,5.777283528852417,0.0,5.777283528852417,0.0,0.0,5.777283528852417,0.0,False
O=C(c1cn(CCN2CCOCC2)c2ccc(O)cc12)C1CCCCC1,1,1,1,1,6.048031415507089,6.048031415507089,0.0,6.048031415507089,0.0,0.0,6.048031415507089,0.0,False
O=C(c1cn(CCN2CCOCC2)c2ccccc12)C12CC3CC(CC1C3)C2,2,1,1,1,7.638272163982407,7.649945906420969,0.011673742438562229,7.644109035201688,0.011673742438562229,0.0,7.644109035201688,0.0,False
O=C(c1cn(CCN2CCOCC2)c2ccccc12)C1CCCCC1,2,1,1,1,6.859995049380551,6.860120913598763,0.00012586421821225713,6.860057981489657,0.00012586421821225713,0.0,6.860057981489657,0.0,False
O=C(c1cn(CCN2CCOCC2)c2ccccc12)C1CCCCCC1,2,1,1,1,7.950007143079858,7.958607314841775,0.008600171761917075,7.9543072289608165,0.008600171761917075,0.0,7.9543072289608165,0.0,False
O=C(c1cn(CCN2CCOCC2)c2ccccc12)[C@@H]1CC12CCCCC2,2,1,1,1,7.455931955649724,7.460046158343603,0.0041142026938789655,7.457989056996664,0.0041142026938789655,0.0,7.457989056996664,0.0,False
O=C(c1cn(Cc2ccc(Br)cc2)c2ccccc2c1=O)c1cccc2ccccc12,1,1,1,1,6.015022873584506,6.015022873584506,0.0,6.015022873584506,0.0,0.0,6.015022873584506,0.0,False
O=C(c1cn(Cc2ccc(Cl)cc2)c2ccccc2c1=O)c1cccc2ccccc12,1,1,1,1,5.950781977329818,5.950781977329818,0.0,5.950781977329818,0.0,0.0,5.950781977329818,0.0,False
O=C(c1cn(Cc2ccc(F)cc2)c2ccccc2c1=O)c1cccc2ccccc12,1,1,1,1,6.647817481888637,6.647817481888637,0.0,6.647817481888637,0.0,0.0,6.647817481888637,0.0,False
O=C(c1cn(Cc2ccccc2)c2ccccc2c1=O)c1cccc2ccccc12,1,1,1,1,6.1830961606243395,6.1830961606243395,0.0,6.1830961606243395,0.0,0.0,6.1830961606243395,0.0,False
O=C(c1cn2c3c(cccc13)OC[C@H]2C1CCCCC1)N1CCN2CCCC[C@H]2C1,1,1,1,1,9.400007822415901,9.400007822415901,0.0,9.400007822415901,0.0,0.0,9.400007822415901,0.0,False
O=C(c1nn(-c2ccc(Cl)cc2Cl)c2c1Cc1cc(C3CC3)ccc1-2)N1CCCCC1,1,1,1,1,6.3829996588791005,6.3829996588791005,0.0,6.3829996588791005,0.0,0.0,6.3829996588791005,0.0,False
O=C1/C(=C/c2ccc(-c3ccccc3)cc2)N=C2SCCCCN12,1,1,1,1,5.265200170411153,5.265200170411153,0.0,5.265200170411153,0.0,0.0,5.265200170411153,0.0,False
O=C1/C(=C/c2cccc(OCc3ccc(Cl)cc3)c2)N=C2SCCCCN12,1,1,1,1,5.3819519032879075,5.3819519032879075,0.0,5.3819519032879075,0.0,0.0,5.3819519032879075,0.0,False
O=C1/C(=C/c2cccc(OCc3ccc(Cl)cc3)c2)N=C2SCCCN12,1,1,1,1,5.39469495385889,5.39469495385889,0.0,5.39469495385889,0.0,0.0,5.39469495385889,0.0,False
O=C1/C(=C/c2cccc(OCc3ccc(Cl)cc3Cl)c2)N=C2SCCCCN12,1,1,1,1,5.782516055786093,5.782516055786093,0.0,5.782516055786093,0.0,0.0,5.782516055786093,0.0,False
O=C1/C(=C/c2cccc(OCc3ccc(Cl)cc3Cl)c2)N=C2SCCCN12,1,1,1,1,6.022276394711152,6.022276394711152,0.0,6.022276394711152,0.0,0.0,6.022276394711152,0.0,False
O=C1/C(=C/c2cccc(OCc3ccc(F)cc3)c2)N=C2SCCCCN12,1,1,1,1,5.806875401645538,5.806875401645538,0.0,5.806875401645538,0.0,0.0,5.806875401645538,0.0,False
O=C1/C(=C/c2cccc(OCc3ccccc3)c2)N=C2SCCCCN12,1,1,1,1,5.7423214251308154,5.7423214251308154,0.0,5.7423214251308154,0.0,0.0,5.7423214251308154,0.0,False
O=C1/C(=C/c2cccc(OCc3ccccc3)c2)N=C2SCCCN12,1,1,1,1,5.954677021213342,5.954677021213342,0.0,5.954677021213342,0.0,0.0,5.954677021213342,0.0,False
O=C1/C(=C/c2cccc(OCc3ccccc3Cl)c2)N=C2SCCCCN12,1,1,1,1,6.008773924307505,6.008773924307505,0.0,6.008773924307505,0.0,0.0,6.008773924307505,0.0,False
O=C1/C(=C/c2cn(Cc3ccc(Br)cc3)c3ncccc23)N2CCC1CC2,1,1,1,1,6.204119982655925,6.204119982655925,0.0,6.204119982655925,0.0,0.0,6.204119982655925,0.0,False
O=C1/C(=C/c2cn(Cc3ccc(Cl)cc3)c3ccccc23)N2CCC1CC2,1,1,1,1,7.692503962086787,7.692503962086787,0.0,7.692503962086787,0.0,0.0,7.692503962086787,0.0,False
O=C1/C(=C/c2cn(Cc3ccc(Cl)cc3)c3ncccc23)N2CCC1CC2,1,1,1,1,6.939302159646388,6.939302159646388,0.0,6.939302159646388,0.0,0.0,6.939302159646388,0.0,False
O=C1/C(=C/c2cn(Cc3ccc(F)cc3)c3ccccc23)N2CCC1CC2,1,1,1,1,8.876148359032914,8.876148359032914,0.0,8.876148359032914,0.0,0.0,8.876148359032914,0.0,False
O=C1/C(=C/c2cn(Cc3ccc(F)cc3)c3ncccc23)N2CCC1CC2,1,1,1,1,7.625251653989896,7.625251653989896,0.0,7.625251653989896,0.0,0.0,7.625251653989896,0.0,False
O=C1/C(=C/c2cn(Cc3ccccc3)c3ccccc23)N2CCC1CC2,1,1,1,1,7.931814138253838,7.931814138253838,0.0,7.931814138253838,0.0,0.0,7.931814138253838,0.0,False
O=C1/C(=C/c2cn(Cc3ccccc3)c3ncccc23)N2CCC1CC2,1,1,1,1,6.958607314841775,6.958607314841775,0.0,6.958607314841775,0.0,0.0,6.958607314841775,0.0,False
O=C1/C(=C/c2cn(Cc3ccccc3Br)c3ccccc23)N2CCC1CC2,1,1,1,1,6.47755576649368,6.47755576649368,0.0,6.47755576649368,0.0,0.0,6.47755576649368,0.0,False
O=C1CCCN1C1CCCOc2c1nn(-c1ccccc1Cl)c2-c1ccc(Cl)cc1,1,1,1,1,4.121478204498794,4.121478204498794,0.0,4.121478204498794,0.0,0.0,4.121478204498794,0.0,False
O=C1[C@@H](Cc2ccc(F)c(F)c2)CC[C@H](c2ccc(Cl)cc2)N1c1ccc(Cl)cc1,1,1,1,1,6.241088107602026,6.241088107602026,0.0,6.241088107602026,0.0,0.0,6.241088107602026,0.0,False
O=S(=O)(C1CC1)N1CCN(c2ncnc3c2nc(-c2ccccc2Cl)n3-c2ccc(Cl)cc2)CC1,1,1,1,1,5.638272163982407,5.638272163982407,0.0,5.638272163982407,0.0,0.0,5.638272163982407,0.0,False
O=S(=O)(CC1CCCCC1)N1CCN(c2ncnc3c2nc(-c2ccccc2Cl)n3-c2ccc(Cl)cc2)CC1,1,1,1,1,7.040958607678906,7.040958607678906,0.0,7.040958607678906,0.0,0.0,7.040958607678906,0.0,False
O=S(=O)(CC1CCOCC1)N1CCN(c2ncnc3c2nc(-c2ccccc2Cl)n3-c2ccc(Cl)cc2)CC1,1,1,1,1,5.522878745280337,5.522878745280337,0.0,5.522878745280337,0.0,0.0,5.522878745280337,0.0,False
O=S(=O)(CCC(F)(F)F)N1CCN(c2ncnc3c2nc(-c2ccccc2Cl)n3-c2ccc(Cl)cc2)CC1,1,1,1,1,6.301029995663981,6.301029995663981,0.0,6.301029995663981,0.0,0.0,6.301029995663981,0.0,False
O=S(=O)(CCC(F)(F)F)NC1CCN(c2ncnc3c2nc(-c2ccccc2Cl)n3-c2ccc(Cl)cc2)CC1,1,1,1,1,6.376750709602099,6.376750709602099,0.0,6.376750709602099,0.0,0.0,6.376750709602099,0.0,False
O=S(=O)(CCCC(F)(F)F)Oc1cccc(Oc2cccc3c2C[C@H](CO)C3)c1,1,1,1,1,8.369979148886591,8.369979148886591,0.0,8.369979148886591,0.0,0.0,8.369979148886591,0.0,False
O=S(=O)(F)c1ccccc1Cn1nnc2c(N3CCC(F)(F)C3)nc(C(F)(F)c3ccccc3)nc21,1,1,1,1,6.200659450546418,6.200659450546418,0.0,6.200659450546418,0.0,0.0,6.200659450546418,0.0,False
O=S(=O)(F)c1ccccc1Cn1nnc2c(N3CC[C@H](O)C3)nc(C(F)(F)c3ccccc3)nc21,1,1,1,1,5.948076083953893,5.948076083953893,0.0,5.948076083953893,0.0,0.0,5.948076083953893,0.0,False
O=S(=O)(NC1CCCCC1)NC1CCN(c2ncnc3c2nc(-c2ccccc2Cl)n3-c2ccc(Cl)cc2)CC1,1,1,1,1,6.481486060122112,6.481486060122112,0.0,6.481486060122112,0.0,0.0,6.481486060122112,0.0,False
O=S(=O)(NC1CCCCC1)[C@@H]1CC[C@@H](c2ccc(Cl)cc2Cl)N(c2ccc(Cl)cc2)C1,1,1,1,1,6.434152181326482,6.434152181326482,0.0,6.434152181326482,0.0,0.0,6.434152181326482,0.0,False
O=S(=O)(NC1CCN(c2ncnc3c2nc(-c2ccccc2Cl)n3-c2ccc(C(F)(F)F)nc2)CC1)c1ccccc1F,1,1,1,1,6.3979400086720375,6.3979400086720375,0.0,6.3979400086720375,0.0,0.0,6.3979400086720375,0.0,False
O=S(=O)(NC1CCN(c2ncnc3c2nc(-c2ccccc2Cl)n3-c2ccc(Cl)cc2)CC1)C(F)(F)F,1,1,1,1,5.346690987061521,5.346690987061521,0.0,5.346690987061521,0.0,0.0,5.346690987061521,0.0,False
O=S(=O)(NC1CCN(c2ncnc3c2nc(-c2ccccc2Cl)n3-c2ccc(Cl)cc2)CC1)c1ccc(F)cc1,1,1,1,1,5.045757490560675,5.045757490560675,0.0,5.045757490560675,0.0,0.0,5.045757490560675,0.0,False
O=S(=O)(NC1CCN(c2ncnc3c2nc(-c2ccccc2Cl)n3-c2ccc(Cl)cc2)CC1)c1ccccc1,1,1,1,1,5.2317319835484515,5.2317319835484515,0.0,5.2317319835484515,0.0,0.0,5.2317319835484515,0.0,False
O=S(=O)(NC1CCN(c2ncnc3c2nc(-c2ccccc2Cl)n3-c2ccc(Cl)cc2)CC1)c1ccccc1F,1,1,1,1,5.070581074285707,5.070581074285707,0.0,5.070581074285707,0.0,0.0,5.070581074285707,0.0,False
O=S(=O)(NC1CCN(c2ncnc3c2nc(-c2ccccc2Cl)n3-c2ccc(OC(F)F)nc2)CC1)c1ccc(F)c(F)c1,1,1,1,1,6.065501548756432,6.065501548756432,0.0,6.065501548756432,0.0,0.0,6.065501548756432,0.0,False
O=S(=O)(NC1CCN(c2ncnc3c2nc(-c2ccccc2Cl)n3-c2ccc(OC(F)F)nc2)CC1)c1ccccc1F,1,1,1,1,6.721246399047171,6.721246399047171,0.0,6.721246399047171,0.0,0.0,6.721246399047171,0.0,False
O=S(=O)(NCCCCNS(=O)(=O)C(F)(F)F)c1ccc(Cl)cc1S(=O)(=O)c1ccccc1F,1,1,1,1,6.7447274948966935,6.7447274948966935,0.0,6.7447274948966935,0.0,0.0,6.7447274948966935,0.0,False
O=S(=O)(N[C@H]1CCCOc2c1nn(-c1ccccc1Cl)c2-c1ccc(Cl)cc1)c1ccc(Cl)cc1,1,1,1,1,5.714442690992226,5.714442690992226,0.0,5.714442690992226,0.0,0.0,5.714442690992226,0.0,False
O=S(=O)(N[C@H]1CC[C@@H](NS(=O)(=O)C(F)(F)F)CC1)c1ccc(Cl)cc1S(=O)(=O)c1ccccc1F,1,1,1,1,5.889410289700751,5.889410289700751,0.0,5.889410289700751,0.0,0.0,5.889410289700751,0.0,False
O=S(=O)(N[C@H]1CC[C@H](CNS(=O)(=O)C(F)(F)F)CC1)c1ccc(Cl)cc1S(=O)(=O)c1ccccc1F,1,1,1,1,7.366531544420413,7.366531544420413,0.0,7.366531544420413,0.0,0.0,7.366531544420413,0.0,False
O=S(=O)(N[C@H]1CC[C@H](NS(=O)(=O)C(F)(F)F)CC1)c1ccc(Cl)cc1S(=O)(=O)c1ccccc1F,1,1,1,1,6.630784142589857,6.630784142589857,0.0,6.630784142589857,0.0,0.0,6.630784142589857,0.0,False
O=S(=O)([C@@H]1CC[C@@H](c2ccc(Cl)cc2Cl)N(c2ccc(Cl)cc2)C1)N1CCCCC1,1,1,1,1,5.733768303310107,5.733768303310107,0.0,5.733768303310107,0.0,0.0,5.733768303310107,0.0,False
O=S(=O)(c1ccc(Cl)cc1)N(Cc1ccc(N2CCCCC2)cc1)c1ccccc1,1,1,1,1,6.853871964321762,6.853871964321762,0.0,6.853871964321762,0.0,0.0,6.853871964321762,0.0,False
O=S(=O)(c1ccc(Cl)cc1)N1CCC(N[C@H]2CCCOc3c2nn(-c2ccccc2Cl)c3-c2ccc(Cl)cc2)CC1,1,1,1,1,6.896196279044043,6.896196279044043,0.0,6.896196279044043,0.0,0.0,6.896196279044043,0.0,False
O=S(=O)(c1ccccc1F)c1cc(Cl)ccc1S(=O)(=O)N1CC(CCNS(=O)(=O)C(F)(F)F)C1,1,1,1,1,7.036212172654444,7.036212172654444,0.0,7.036212172654444,0.0,0.0,7.036212172654444,0.0,False
O=S(=O)(c1ccccc1F)c1cc(Cl)ccc1S(=O)(=O)N1CCC(CNS(=O)(=O)C(F)(F)F)(c2ccccc2)CC1,1,1,1,1,6.455931955649724,6.455931955649724,0.0,6.455931955649724,0.0,0.0,6.455931955649724,0.0,False
O=S(=O)(c1ccccc1F)c1cc(Cl)ccc1S(=O)(=O)N1CCC(CNS(=O)(=O)C(F)(F)F)CC1,1,1,1,1,8.259637310505756,8.259637310505756,0.0,8.259637310505756,0.0,0.0,8.259637310505756,0.0,False
O=S(=O)(c1ccccc1F)c1cc(Cl)ccc1S(=O)(=O)N1CCC(CO)(CNS(=O)(=O)C(F)(F)F)CC1,1,1,1,1,8.522878745280337,8.522878745280337,0.0,8.522878745280337,0.0,0.0,8.522878745280337,0.0,False
O=S(=O)(c1ccccc1F)c1cc(Cl)ccc1S(=O)(=O)N1CCC(F)(CNS(=O)(=O)C(F)(F)F)CC1,1,1,1,1,8.119186407719209,8.119186407719209,0.0,8.119186407719209,0.0,0.0,8.119186407719209,0.0,False
O=S(=O)(c1ccccc1F)c1cc(Cl)ccc1S(=O)(=O)N1CCC(NS(=O)(=O)C(F)(F)F)C1,1,1,1,1,5.530177984021837,5.530177984021837,0.0,5.530177984021837,0.0,0.0,5.530177984021837,0.0,False
O=S(=O)(c1ccccc1F)c1cc(Cl)ccc1S(=O)(=O)N1CCC2(CC1)CC2NS(=O)(=O)C(F)(F)F,1,1,1,1,8.769551078621726,8.769551078621726,0.0,8.769551078621726,0.0,0.0,8.769551078621726,0.0,False
O=S(=O)(c1ccccc1F)c1cc(Cl)ccc1S(=O)(=O)N1CCC2(CC1)CCN(S(=O)(=O)C(F)(F)F)C2,1,1,1,1,6.1249387366083,6.1249387366083,0.0,6.1249387366083,0.0,0.0,6.1249387366083,0.0,False
O=S(=O)(c1ccccc1F)c1cc(Cl)ccc1S(=O)(=O)N1C[C@@H]2[C@H](C1)[C@H]2NS(=O)(=O)C(F)(F)F,1,1,1,1,8.823908740944319,8.823908740944319,0.0,8.823908740944319,0.0,0.0,8.823908740944319,0.0,False
O=S(=O)(c1ccccc1F)c1ccc(C(F)(F)F)cc1S(=O)(=O)N1CCC2(CC1)CC2NS(=O)(=O)C(F)(F)F,1,1,1,1,8.698970004336019,8.698970004336019,0.0,8.698970004336019,0.0,0.0,8.698970004336019,0.0,False
O=S(=O)(c1ccccc1F)c1ccc(OC(F)(F)F)cc1S(=O)(=O)N1CCC2(CC1)CC2NS(=O)(=O)C(F)(F)F,1,1,1,1,8.522878745280337,8.522878745280337,0.0,8.522878745280337,0.0,0.0,8.522878745280337,0.0,False
O=S(=O)(c1ccccn1)c1ccc(C(F)(F)F)cc1S(=O)(=O)N1CCC2(CC1)CC2NS(=O)(=O)C(F)(F)F,1,1,1,1,8.301029995663981,8.301029995663981,0.0,8.301029995663981,0.0,0.0,8.301029995663981,0.0,False
O=S(=O)(c1ccccn1)c1ccc(Cl)cc1S(=O)(=O)N1CCC2(CC1)CC2NS(=O)(=O)C(F)(F)F,1,1,1,1,8.795880017344075,8.795880017344075,0.0,8.795880017344075,0.0,0.0,8.795880017344075,0.0,False
O=S(=O)(c1ccccn1)c1ccc(OC(F)(F)F)cc1S(=O)(=O)N1CCC2(CC1)CC2NS(=O)(=O)C(F)(F)F,1,1,1,1,9.045757490560675,9.045757490560675,0.0,9.045757490560675,0.0,0.0,9.045757490560675,0.0,False
O=S(=O)(c1ccccn1)c1ccccc1S(=O)(=O)N1CCC2(CC1)CC2NS(=O)(=O)C(F)(F)F,1,1,1,1,7.958607314841775,7.958607314841775,0.0,7.958607314841775,0.0,0.0,7.958607314841775,0.0,False
O=S1(=O)CCN(/C(=N\S(=O)(=O)c2ccc(Cl)cc2)N2CC(c3ccccc3)C(c3ccc(Cl)cc3)=N2)CC1,1,1,1,1,6.243363891754152,6.243363891754152,0.0,6.243363891754152,0.0,0.0,6.243363891754152,0.0,False
O=[N+]([O-])c1ccc2[nH]nc(OCc3ccc4ccccc4c3)c2c1,1,1,1,1,5.301029995663981,5.301029995663981,0.0,5.301029995663981,0.0,0.0,5.301029995663981,0.0,False
O=[N+]([O-])c1ccc2[nH]nc(OCc3cccc4ccccc34)c2c1,1,1,1,1,6.045757490560675,6.045757490560675,0.0,6.045757490560675,0.0,0.0,6.045757490560675,0.0,False
O=[N+]([O-])c1ccc2c(c1)c(OCC1CCCCC1)nn2Cc1ccccc1,1,1,1,1,7.045757490560675,7.045757490560675,0.0,7.045757490560675,0.0,0.0,7.045757490560675,0.0,False
O=[N+]([O-])c1ccc2c(c1)c(OCc1ccc3ccccc3c1)nn2CCN1CCCCC1,1,1,1,1,6.301029995663981,6.301029995663981,0.0,6.301029995663981,0.0,0.0,6.301029995663981,0.0,False
O=[N+]([O-])c1ccc2c(c1)c(OCc1ccc3ccccc3c1)nn2CCN1CCOCC1,1,1,1,1,6.301029995663981,6.301029995663981,0.0,6.301029995663981,0.0,0.0,6.301029995663981,0.0,False
O=[N+]([O-])c1ccc2c(c1)c(OCc1ccc3ccccc3c1)nn2Cc1ccccc1,1,1,1,1,6.3979400086720375,6.3979400086720375,0.0,6.3979400086720375,0.0,0.0,6.3979400086720375,0.0,False
O=[N+]([O-])c1ccc2c(c1)c(OCc1cccc3ccccc13)nn2CCN1CCCC1,1,1,1,1,6.886056647693163,6.886056647693163,0.0,6.886056647693163,0.0,0.0,6.886056647693163,0.0,False
O=[N+]([O-])c1ccc2c(c1)c(OCc1cccc3ccccc13)nn2Cc1cccc2ccccc12,1,1,1,1,6.619788758288394,6.619788758288394,0.0,6.619788758288394,0.0,0.0,6.619788758288394,0.0,False
O=[N+]([O-])c1ccc2c(c1)c(OCc1ccccc1)nn2Cc1ccccc1,1,1,1,1,6.3979400086720375,6.3979400086720375,0.0,6.3979400086720375,0.0,0.0,6.3979400086720375,0.0,False
O=[N+]([O-])c1ccccc1CSc1nnc2c(n1)[nH]c1ccccc12,1,1,1,1,6.809668301829708,6.809668301829708,0.0,6.809668301829708,0.0,0.0,6.809668301829708,0.0,False
O=c1c2cn(CCN3CCOCC3)c3ccccc3c-2nn1-c1ccccc1,1,1,1,1,5.642065152999546,5.642065152999546,0.0,5.642065152999546,0.0,0.0,5.642065152999546,0.0,False
O=c1c2cn(Cc3ccccc3)c3cc(Cl)ccc3c-2nn1C1CCCCC1,1,1,1,1,5.785156151952302,5.785156151952302,0.0,5.785156151952302,0.0,0.0,5.785156151952302,0.0,False
O=c1c2cn(Cc3ccccc3)c3ccccc3c-2nn1C1CCCCC1,1,1,1,1,6.102372908709558,6.102372908709558,0.0,6.102372908709558,0.0,0.0,6.102372908709558,0.0,False
OC(CC1CCCCC1)c1nn(-c2ccc(Cl)cc2Cl)c2c1CCCc1cc(Cl)ccc1-2,1,1,1,1,7.619788758288394,7.619788758288394,0.0,7.619788758288394,0.0,0.0,7.619788758288394,0.0,False
OC1/C(=C/c2cn(Cc3ccc(Cl)cc3)c3ccccc23)N2CCC1CC2,1,1,1,1,6.94692155651658,6.94692155651658,0.0,6.94692155651658,0.0,0.0,6.94692155651658,0.0,False
OC1/C(=C/c2cn(Cc3ccccc3)c3ccccc23)N2CCC1CC2,1,1,1,1,7.257274868695301,7.257274868695301,0.0,7.257274868695301,0.0,0.0,7.257274868695301,0.0,False
OCCSSCCc1ccccc1Cn1nnc2c(N3CCC(F)(F)C3)nc(C(F)(F)c3ccccc3)nc21,1,1,1,1,6.860120913598763,6.860120913598763,0.0,6.860120913598763,0.0,0.0,6.860120913598763,0.0,False
S=C(NC1CCCCC1)N1CCN(C(c2ccccc2)c2ccc(Cl)cc2Cl)CC1,1,1,1,1,6.171984935776023,6.171984935776023,0.0,6.171984935776023,0.0,0.0,6.171984935776023,0.0,False
S=C(NC1CCCCC1)N1CCN(C(c2ccccc2)c2ccccc2)CC1,1,1,1,1,5.729088360589519,5.729088360589519,0.0,5.729088360589519,0.0,0.0,5.729088360589519,0.0,False
[11CH3]OC(=O)c1c(NC(=O)C23CC4CC(CC(O)(C4)C2)C3)sc2c1CCCC2,1,1,1,1,8.481486060122112,8.481486060122112,0.0,8.481486060122112,0.0,0.0,8.481486060122112,0.0,False
[N-]=[N+]=NC1CCN(c2nc(C(F)(F)c3ccccc3)nc3c2nnn3Cc2ccccc2Cl)C1,1,1,1,1,6.137272471682025,6.137272471682025,0.0,6.137272471682025,0.0,0.0,6.137272471682025,0.0,False
c1ccc(COc2nn(Cc3ccccc3)c3ccccc23)cc1,1,1,1,1,5.454692883534176,5.454692883534176,0.0,5.454692883534176,0.0,0.0,5.454692883534176,0.0,False
c1ccc2c(COc3n[nH]c4ccccc34)cccc2c1,1,1,1,1,6.356547323513812,6.356547323513812,0.0,6.356547323513812,0.0,0.0,6.356547323513812,0.0,False
c1ccc2c(COc3nn(CCN4CCCC4)c4ccccc34)cccc2c1,1,1,1,1,6.3979400086720375,6.3979400086720375,0.0,6.3979400086720375,0.0,0.0,6.3979400086720375,0.0,False
c1ccc2c(COc3nn(CCN4CCCCC4)c4ccccc34)cccc2c1,1,1,1,1,6.619788758288394,6.619788758288394,0.0,6.619788758288394,0.0,0.0,6.619788758288394,0.0,False
c1ccc2c(c1)c(OCC1CCCCC1)nn2CC1CCCCC1,1,1,1,1,5.886056647693163,5.886056647693163,0.0,5.886056647693163,0.0,0.0,5.886056647693163,0.0,False
c1ccc2cc(COc3n[nH]c4ccccc34)ccc2c1,1,1,1,1,5.154901959985743,5.154901959985743,0.0,5.154901959985743,0.0,0.0,5.154901959985743,0.0,False
c1ccc2cc(COc3nn(CCN4CCCCC4)c4ccccc34)ccc2c1,1,1,1,1,5.698970004336019,5.698970004336019,0.0,5.698970004336019,0.0,0.0,5.698970004336019,0.0,False
